fwd_pkt_count,fwd_pkt_len_mean,fwd_pkt_len_std,fwd_pkt_len_p50,fwd_pkt_len_p75,fwd_pkt_len_max,fwd_payload_median,fwd_iat_mean,fwd_iat_std,fwd_iat_median,fwd_iat_cov,bwd_pkt_count,bwd_pkt_len_mean,bwd_pkt_len_std,bwd_pkt_len_p50,bwd_pkt_len_p75,bwd_pkt_len_max,bwd_payload_median,bwd_iat_mean,bwd_iat_std,bwd_iat_median,bwd_iat_cov,bytes_ratio_fwd,pkt_ratio_fwd,tcp_syn_ratio,tcp_ack_ratio,tcp_fin_ratio,tcp_rst_ratio,tcp_psh_ratio,tcp_urg_ratio,tcp_retrans_ratio,burst_count,mean_burst_gap,udp_ratio,actual_packets_in_flow,agg_mode,agg_value,label
77,12234.58442,13232.34014,11734.0,16114.0,58454.0,11680.0,0.41649,2.65238,0.00222,6.36848,73.0,193.58904,348.84882,54.0,54.0,1146.0,0.0,0.43957,2.71871,0.00378,6.18487,0.98522,0.51333,0.0,1.0,0.0,0.0,0.20667,0.0,0.42,4,10.30317,0.0,150,packet,150,Netflix
77,13223.61039,10241.67782,11734.0,20494.0,43854.0,11680.0,0.12189,0.54504,0.00134,4.47166,73.0,55.15068,3.53329,54.0,54.0,66.0,0.0,0.12851,0.55887,0.00142,4.34889,0.99606,0.51333,0.0,1.0,0.00667,0.00667,0.00667,0.0,0.51333,10,0.98692,0.0,150,packet,150,Netflix
75,97.04,210.86523,54.0,54.0,1142.0,0.0,0.26853,1.55264,0.00174,5.78205,75.0,11398.41333,8684.66779,11734.0,17574.0,39474.0,11680.0,0.14851,1.18552,0.00132,7.98258,0.00844,0.5,0.0,1.0,0.0,0.0,0.04667,0.0,0.47333,4,6.53419,0.0,150,packet,150,Netflix
77,9269.06494,4282.59316,10274.0,10274.0,24874.0,10220.0,0.00135,0.00077,0.00116,0.56825,73.0,54.0,0.0,54.0,54.0,54.0,0.0,0.00141,0.00077,0.00121,0.54774,0.99451,0.51333,0.0,1.0,0.0,0.0,0.0,0.0,0.48,1,0.0,0.0,150,packet,150,Netflix
74,54.0,0.0,54.0,54.0,54.0,0.0,0.00367,0.00897,0.00151,2.44328,76.0,18976.36842,16286.21017,10274.0,26334.0,64294.0,10220.0,0.00364,0.00868,0.00154,2.38566,0.00276,0.49333,0.0,1.0,0.0,0.0,0.0,0.0,0.48667,1,0.0,0.0,150,packet,150,Netflix
74,127.77027,274.04495,54.0,54.0,1149.0,0.0,0.01139,0.04823,0.00206,4.23613,76.0,21340.23684,17961.95884,19764.0,29619.0,64294.0,19710.0,0.01114,0.04946,0.00177,4.43967,0.0058,0.49333,0.0,1.0,0.0,0.0,0.1,0.0,0.45333,2,0.41279,0.0,150,packet,150,Netflix
72,115.19444,305.42446,54.0,54.0,2196.0,0.0,0.01029,0.02573,0.00267,2.50068,78.0,19648.89744,16360.05036,17574.0,29254.0,64294.0,17520.0,0.00932,0.02816,0.00198,3.02246,0.00538,0.48,0.01333,0.99333,0.0,0.0,0.05333,0.0,0.45333,2,0.14999,0.0,150,packet,150,Netflix
74,98.37838,215.89473,54.0,54.0,1151.0,0.0,0.00335,0.00414,0.00196,1.23392,76.0,20299.93421,13965.94197,20494.0,25239.0,64294.0,20440.0,0.00311,0.00496,0.0015,1.5921,0.0047,0.49333,0.0,1.0,0.0,0.0,0.06,0.0,0.46667,1,0.0,0.0,150,packet,150,Netflix
74,27117.77027,22756.99188,24874.0,48234.0,64294.0,24820.0,0.01538,0.04516,0.00203,2.93694,76.0,155.46053,315.83034,54.0,54.0,1149.0,0.0,0.01496,0.03708,0.00244,2.47848,0.99415,0.49333,0.0,1.0,0.0,0.0,0.12667,0.0,0.48,4,0.18,0.0,150,packet,150,Netflix
77,24348.27273,17190.17905,24874.0,27794.0,64294.0,24820.0,0.00299,0.00461,0.00188,1.541,73.0,69.05479,127.74417,54.0,54.0,1153.0,0.0,0.00311,0.00419,0.00196,1.34401,0.99732,0.51333,0.0,1.0,0.0,0.0,0.02667,0.0,0.47333,1,0.0,0.0,150,packet,150,Netflix
74,113.2973,248.05877,54.0,54.0,1153.0,0.0,0.00468,0.00516,0.00289,1.10217,76.0,23473.19737,18248.31943,24874.0,32539.0,64294.0,24820.0,0.00434,0.00563,0.00247,1.29959,0.00468,0.49333,0.0,1.0,0.0,0.0,0.07333,0.0,0.46,1,0.0,0.0,150,packet,150,Netflix
68,70.16176,132.28975,54.0,54.0,1153.0,0.0,0.00894,0.01637,0.00223,1.83225,82.0,24015.18293,19207.60039,22684.0,39474.0,64294.0,22630.0,0.00816,0.01506,0.00216,1.84615,0.00242,0.45333,0.0,1.0,0.0,0.0,0.04,0.0,0.41333,1,0.0,0.0,150,packet,150,Netflix
76,12286.80263,11688.39481,7354.0,15019.0,55534.0,7300.0,0.00416,0.00604,0.00213,1.45158,74.0,68.85135,126.89,54.0,54.0,1153.0,0.0,0.00425,0.00632,0.00234,1.48767,0.99457,0.50667,0.0,1.0,0.0,0.0,0.02,0.0,0.48,1,0.0,0.0,150,packet,150,Netflix
74,83.71622,178.29747,54.0,54.0,1155.0,0.0,0.00258,0.00257,0.00202,0.99596,76.0,11808.97368,9231.39128,13194.0,16114.0,46774.0,13140.0,0.00253,0.00317,0.00163,1.25082,0.00686,0.49333,0.0,1.0,0.0,0.0,0.04,0.0,0.47333,1,0.0,0.0,150,packet,150,Netflix
77,16014.51948,11545.2407,14654.0,19034.0,58454.0,14600.0,0.00215,0.00323,0.00138,1.50327,73.0,84.0411,178.99096,54.0,54.0,1153.0,0.0,0.00225,0.00259,0.00145,1.15131,0.99505,0.51333,0.0,1.0,0.0,0.0,0.04,0.0,0.46667,1,0.0,0.0,150,packet,150,Netflix
67,86.70149,186.42817,54.0,54.0,1153.0,0.0,0.00775,0.01369,0.00177,1.76708,83.0,27183.3494,17957.72805,23414.0,38014.0,64294.0,23360.0,0.00617,0.01187,0.00155,1.92289,0.00257,0.44667,0.0,1.0,0.0,0.0,0.05333,0.0,0.42,1,0.0,0.0,150,packet,150,Netflix
74,97.58108,212.04251,54.0,54.0,1153.0,0.0,0.00999,0.05207,0.00217,5.21364,76.0,11023.57895,7357.49146,10274.0,14654.0,42394.0,10220.0,0.0096,0.05791,0.00208,6.03203,0.00855,0.49333,0.0,1.0,0.0,0.0,0.03333,0.0,0.46667,2,0.44728,0.0,150,packet,150,Netflix
72,84.04167,177.76502,54.0,54.0,1157.0,0.0,0.0064,0.0198,0.00159,3.09275,78.0,11072.84615,8444.51389,11734.0,15749.0,40934.0,11680.0,0.00573,0.02453,0.00135,4.28369,0.00696,0.48,0.0,1.0,0.0,0.0,0.02667,0.0,0.46,2,0.15244,0.0,150,packet,150,Netflix
73,54.0,0.0,54.0,54.0,54.0,0.0,0.0018,0.00156,0.00118,0.86617,77.0,11222.05195,7922.90138,10274.0,17574.0,40934.0,10220.0,0.00171,0.00145,0.00114,0.84474,0.00454,0.48667,0.0,1.0,0.0,0.0,0.0,0.0,0.48,1,0.0,0.0,150,packet,150,Netflix
80,22241.2625,17316.03948,19034.0,32174.0,64294.0,18980.0,0.01071,0.01765,0.00177,1.64741,70.0,85.4,183.09189,54.0,54.0,1153.0,0.0,0.01227,0.02294,0.00179,1.86991,0.99665,0.53333,0.0,1.0,0.0,0.0,0.04667,0.0,0.44,1,0.0,0.0,150,packet,150,Netflix
77,16435.2987,9929.47159,16114.0,21954.0,43854.0,16060.0,0.00369,0.01032,0.00112,2.79257,73.0,84.0137,178.82819,54.0,54.0,1153.0,0.0,0.0039,0.01009,0.00113,2.5877,0.99518,0.51333,0.0,1.0,0.0,0.0,0.04,0.0,0.46,1,0.0,0.0,150,packet,150,Netflix
80,20416.2,10944.49611,23414.0,29254.0,43854.0,23360.0,0.0036,0.00674,0.00128,1.87212,70.0,100.9,221.64181,54.0,54.0,1153.0,0.0,0.00392,0.00689,0.00139,1.75922,0.99569,0.53333,0.0,1.0,0.0,0.0,0.06667,0.0,0.44,1,0.0,0.0,150,packet,150,Netflix
70,69.7,130.41399,54.0,54.0,1153.0,0.0,0.00626,0.01502,0.00179,2.40177,80.0,28851.525,18069.05519,27794.0,35094.0,64294.0,27740.0,0.00616,0.01523,0.00186,2.47257,0.00211,0.46667,0.0,1.0,0.0,0.0,0.02667,0.0,0.44667,2,0.10721,0.0,150,packet,150,Netflix
68,54.70588,2.82353,54.0,54.0,66.0,0.0,0.03256,0.08365,0.00333,2.56887,82.0,20359.04878,16577.16625,19034.0,33634.0,64294.0,18980.0,0.03466,0.10187,0.00313,2.93927,0.00222,0.45333,0.0,1.0,0.0,0.0,0.02,0.0,0.44667,6,0.38435,0.0,150,packet,150,Netflix
87,9362.75862,12696.70122,1514.0,12464.0,58454.0,1460.0,0.01419,0.0978,0.0,6.8896,63.0,71.44444,137.35769,54.0,54.0,1153.0,0.0,0.01969,0.11263,0.00094,5.72022,0.9945,0.58,0.0,1.0,0.0,0.0,0.02,0.0,0.4,3,0.53261,0.0,150,packet,150,Netflix
71,145.53521,301.31285,54.0,54.0,1152.0,0.0,0.05064,0.32614,0.00221,6.44028,79.0,16097.92405,16304.52178,11734.0,27064.0,64294.0,11680.0,0.04532,0.31168,0.00146,6.87789,0.00806,0.47333,0.0,1.0,0.0,0.0,0.1,0.0,0.42667,3,1.48112,0.0,150,packet,150,Netflix
68,101.39706,220.64699,54.0,54.0,1151.0,0.0,0.03291,0.21849,0.00166,6.63868,82.0,14887.23171,15133.54389,5164.0,27429.0,58454.0,5110.0,0.02703,0.20682,0.00127,7.65051,0.00562,0.45333,0.0,1.0,0.0,0.0,0.04667,0.0,0.42667,2,1.80322,0.0,150,packet,150,Netflix
74,68.87838,127.12092,54.0,54.0,1155.0,0.0,0.00308,0.00377,0.00185,1.22486,76.0,17666.81579,12306.84534,14654.0,23414.0,56994.0,14600.0,0.00279,0.00323,0.00183,1.16062,0.00378,0.49333,0.0,1.0,0.0,0.0,0.02,0.0,0.48,1,0.0,0.0,150,packet,150,Netflix
76,15891.67105,12206.35589,13194.0,22319.0,64294.0,13140.0,0.03125,0.21701,0.0016,6.94371,74.0,83.35135,175.13589,54.0,54.0,1151.0,0.0,0.03185,0.21756,0.00171,6.83007,0.99492,0.50667,0.0,1.0,0.0,0.0,0.04667,0.0,0.48667,3,1.03058,0.0,150,packet,150,Netflix
72,54.0,0.0,54.0,54.0,54.0,0.0,0.00283,0.00412,0.00214,1.45792,78.0,22238.23077,20440.35435,20494.0,35094.0,64294.0,20440.0,0.00301,0.00526,0.00206,1.74374,0.00224,0.48,0.0,1.0,0.0,0.0,0.00667,0.0,0.47333,1,0.0,0.0,150,packet,150,Netflix
79,17310.41772,13661.16829,16114.0,21954.0,58454.0,16060.0,0.04093,0.32974,0.00216,8.05701,71.0,69.57746,128.9039,54.0,54.0,1148.0,0.0,0.04535,0.34564,0.00223,7.62236,0.9964,0.52667,0.0,1.0,0.0,0.0,0.04,0.0,0.47333,2,2.91595,0.0,150,packet,150,Netflix
76,10927.15789,6448.90244,10274.0,13194.0,32174.0,10220.0,0.00334,0.00353,0.00194,1.05652,74.0,54.0,0.0,54.0,54.0,54.0,0.0,0.00342,0.00358,0.0021,1.04741,0.99521,0.50667,0.0,1.0,0.0,0.0,0.0,0.0,0.48667,1,0.0,0.0,150,packet,150,Netflix
79,11623.11392,11057.63946,10274.0,14654.0,64294.0,10220.0,0.00279,0.00395,0.00136,1.41578,71.0,54.0,0.0,54.0,54.0,54.0,0.0,0.00294,0.00396,0.00156,1.34401,0.99584,0.52667,0.0,1.0,0.0,0.0,0.0,0.0,0.46667,1,0.0,0.0,150,packet,150,Netflix
72,131.45833,328.3549,54.0,54.0,2196.0,0.0,0.52249,2.33484,0.00464,4.46869,78.0,21270.94872,21846.3813,13194.0,34364.0,64294.0,13140.0,0.48158,2.354,0.00307,4.88805,0.00567,0.48,0.01333,0.99333,0.01333,0.00667,0.06667,0.0,0.49333,11,3.66469,0.0,150,packet,150,Netflix
68,70.16176,132.28975,54.0,54.0,1153.0,0.0,0.00209,0.00226,0.00144,1.07925,82.0,12898.73171,10308.98105,11734.0,21589.0,48234.0,11680.0,0.00156,0.0015,0.00122,0.96432,0.00449,0.45333,0.0,1.0,0.0,0.0,0.01333,0.0,0.44,1,0.0,0.0,150,packet,150,Netflix
72,54.0,0.0,54.0,54.0,54.0,0.0,0.00197,0.00305,0.00151,1.54883,78.0,13610.87179,10078.41037,11734.0,17574.0,38014.0,11680.0,0.0018,0.00266,0.00139,1.47428,0.00365,0.48,0.0,1.0,0.0,0.0,0.00667,0.0,0.47333,1,0.0,0.0,150,packet,150,Netflix
74,98.85135,276.45789,54.0,54.0,2196.0,0.0,0.05545,0.43516,0.00156,7.84729,76.0,14251.85526,10243.5825,14654.0,17939.0,58454.0,14600.0,0.05376,0.43633,0.0015,8.11602,0.00671,0.49333,0.01333,0.99333,0.0,0.0,0.04,0.0,0.47333,2,3.74717,0.0,150,packet,150,Netflix
85,14435.36471,10499.28025,16114.0,19034.0,64294.0,16060.0,0.00172,0.00168,0.00129,0.97754,65.0,54.0,0.0,54.0,54.0,54.0,0.0,0.00216,0.00164,0.00153,0.76099,0.99715,0.56667,0.0,1.0,0.0,0.0,0.00667,0.0,0.42667,1,0.0,0.0,150,packet,150,Netflix
77,22360.46753,15358.6139,23414.0,29254.0,64294.0,23360.0,0.05603,0.41368,0.0029,7.38297,73.0,99.16438,218.16552,54.0,54.0,1157.0,0.0,0.05909,0.42169,0.00306,7.13641,0.99581,0.51333,0.0,1.0,0.0,0.0,0.06,0.0,0.46,3,1.95587,0.0,150,packet,150,Netflix
68,85.76471,182.49763,54.0,54.0,1151.0,0.0,0.01013,0.06068,0.00145,5.99232,82.0,11407.79268,10540.88901,8814.0,21954.0,43854.0,8760.0,0.00824,0.06163,0.0012,7.4793,0.0062,0.45333,0.0,1.0,0.0,0.0,0.02667,0.0,0.43333,2,0.4996,0.0,150,packet,150,Netflix
83,14905.03614,11900.21678,14654.0,23414.0,54074.0,14600.0,0.00348,0.00885,0.00143,2.53935,67.0,54.0,0.0,54.0,54.0,54.0,0.0,0.0043,0.0115,0.00164,2.67784,0.99708,0.55333,0.0,1.0,0.0,0.0,0.00667,0.0,0.44,1,0.0,0.0,150,packet,150,Netflix
80,16322.4875,15756.69744,10274.0,27794.0,64294.0,10220.0,0.0389,0.31992,0.00114,8.22349,70.0,84.81429,179.70383,54.0,54.0,1151.0,0.0,0.04447,0.34018,0.00153,7.65025,0.99547,0.53333,0.0,1.0,0.0,0.0,0.03333,0.0,0.44667,2,2.84941,0.0,150,packet,150,Netflix
92,11520.11957,15570.14154,1514.0,19034.0,58454.0,1460.0,0.01111,0.0672,0.00011,6.04678,58.0,109.93103,239.50695,54.0,54.0,1146.0,0.0,0.0177,0.08186,0.00155,4.62435,0.99402,0.61333,0.0,1.0,0.0,0.0,0.04,0.0,0.36,3,0.37355,0.0,150,packet,150,Netflix
74,127.32432,320.13891,54.0,54.0,2164.0,0.0,0.00917,0.03124,0.00236,3.40684,76.0,18595.59211,14066.27793,19034.0,26334.0,58454.0,18980.0,0.00874,0.03334,0.00228,3.81542,0.00662,0.49333,0.0,1.0,0.0,0.0,0.08,0.0,0.47333,3,0.19163,0.0,150,packet,150,Netflix
75,54.0,0.0,54.0,54.0,54.0,0.0,0.00318,0.00421,0.00223,1.32228,75.0,23813.22667,17322.91687,20494.0,33634.0,64294.0,20440.0,0.00317,0.00424,0.00225,1.33731,0.00226,0.5,0.0,1.0,0.0,0.0,0.00667,0.0,0.49333,1,0.0,0.0,150,packet,150,Netflix
73,83.61644,176.48545,54.0,54.0,1153.0,0.0,0.00715,0.02444,0.00139,3.42033,77.0,14970.24675,8780.58375,13194.0,21954.0,35094.0,13140.0,0.00658,0.02909,0.00126,4.42214,0.00527,0.48667,0.0,1.0,0.0,0.0,0.02667,0.0,0.46667,2,0.18342,0.0,150,packet,150,Netflix
78,14536.61538,10827.79184,14654.0,21954.0,58454.0,14600.0,0.00259,0.00389,0.00124,1.50368,72.0,70.15278,128.72836,54.0,54.0,1153.0,0.0,0.0028,0.00399,0.00128,1.42745,0.99557,0.52,0.0,1.0,0.0,0.0,0.03333,0.0,0.47333,1,0.0,0.0,150,packet,150,Netflix
75,10846.24,7238.22441,11734.0,11734.0,46774.0,11680.0,0.00996,0.04969,0.00112,4.98682,75.0,97.18667,210.78904,54.0,54.0,1155.0,0.0,0.00996,0.04651,0.00115,4.66739,0.99112,0.5,0.0,1.0,0.0,0.0,0.05333,0.0,0.48,2,0.38952,0.0,150,packet,150,Netflix
77,13093.05195,4556.32904,14654.0,16114.0,24874.0,14600.0,0.00131,0.00077,0.0012,0.59201,73.0,54.0,0.0,54.0,54.0,54.0,0.0,0.00138,0.00079,0.00122,0.57176,0.99611,0.51333,0.0,1.0,0.0,0.0,0.00667,0.0,0.48,1,0.0,0.0,150,packet,150,Netflix
75,170.57333,337.35932,54.0,54.0,1153.0,0.0,0.14392,0.52078,0.00222,3.61861,75.0,16738.30667,13357.65882,17574.0,24874.0,48234.0,17520.0,0.14378,1.0428,0.00159,7.25279,0.01009,0.5,0.0,1.0,0.01333,0.00667,0.08,0.0,0.48667,9,1.30524,0.0,150,packet,150,Netflix
73,84.0411,178.99096,54.0,54.0,1153.0,0.0,0.01531,0.10087,0.00144,6.5883,77.0,15737.97403,10628.49614,17574.0,23414.0,42394.0,17520.0,0.01409,0.10002,0.00135,7.09966,0.00504,0.48667,0.0,1.0,0.0,0.0,0.03333,0.0,0.46667,2,0.86391,0.0,150,packet,150,Netflix
77,14429.62338,11491.05704,11734.0,23414.0,51154.0,11680.0,0.01677,0.11607,0.00134,6.92292,73.0,99.41096,215.09551,54.0,54.0,1153.0,0.0,0.01769,0.1174,0.00147,6.63681,0.99351,0.51333,0.0,1.0,0.0,0.0,0.06,0.0,0.46,2,1.00525,0.0,150,packet,150,Netflix
77,182.80519,354.05242,54.0,54.0,1157.0,0.0,0.18122,0.63633,0.00213,3.51137,73.0,14630.41096,8789.06865,14654.0,20494.0,39474.0,14600.0,0.19127,1.35994,0.002,7.11017,0.01301,0.51333,0.0,1.0,0.01333,0.0,0.09333,0.0,0.5,10,1.49714,0.0,150,packet,150,Netflix
73,84.0137,178.82742,54.0,54.0,1151.0,0.0,0.03535,0.2784,0.00155,7.87613,77.0,11708.87013,7361.19669,10274.0,16114.0,36554.0,10220.0,0.03331,0.27293,0.00145,8.19257,0.00676,0.48667,0.0,1.0,0.0,0.0,0.02667,0.0,0.46667,2,2.38105,0.0,150,packet,150,Netflix
75,119.4,244.59365,54.0,70.0,1153.0,0.0,0.16892,1.38616,0.00164,8.20611,75.0,16141.13333,13390.88395,16114.0,25604.0,58454.0,16060.0,0.16874,1.38788,0.00148,8.2251,0.00734,0.5,0.0,1.0,0.0,0.0,0.07333,0.0,0.46667,3,6.09379,0.0,150,packet,150,Netflix
77,5457.8961,3490.58256,4434.0,8814.0,17574.0,4380.0,0.0013,0.00095,0.00108,0.73001,73.0,63.42466,14.46575,54.0,74.0,90.0,0.0,0.00136,0.00102,0.00109,0.74969,0.9891,0.51333,0.0,1.0,0.0,0.0,0.0,0.0,0.48,1,0.0,0.0,150,packet,150,Netflix
73,158.06849,362.44925,54.0,54.0,2196.0,0.0,0.03979,0.16508,0.0016,4.1487,77.0,13532.28571,12204.96151,8814.0,24874.0,40934.0,8760.0,0.03752,0.16642,0.00135,4.43529,0.01095,0.48667,0.01333,0.99333,0.0,0.0,0.1,0.0,0.44,5,0.62811,0.0,150,packet,150,Netflix
75,184.74667,354.08286,54.0,54.0,1151.0,0.0,0.07813,0.32095,0.00322,4.10799,75.0,15906.96,13665.80483,17574.0,21954.0,59914.0,17520.0,0.00643,0.02671,0.00247,4.15288,0.01148,0.5,0.0,1.0,0.0,0.0,0.09333,0.0,0.47333,8,0.77993,0.0,150,packet,150,Netflix
73,99.12329,217.14303,54.0,54.0,1151.0,0.0,0.0932,0.70051,0.0024,7.51647,77.0,14726.0,10560.08693,13194.0,21954.0,58454.0,13140.0,0.08807,0.68432,0.0022,7.76982,0.00634,0.48667,0.0,1.0,0.0,0.0,0.06,0.0,0.46667,3,3.17614,0.0,150,packet,150,Netflix
74,127.2973,271.68288,54.0,54.0,1157.0,0.0,0.04716,0.28938,0.00142,6.13575,76.0,15298.30263,11964.97206,13194.0,26334.0,43854.0,13140.0,0.0456,0.28801,0.00128,6.3161,0.00804,0.49333,0.0,1.0,0.0,0.0,0.08667,0.0,0.46,5,0.76738,0.0,150,packet,150,Netflix
77,16323.20779,13928.35189,16114.0,17574.0,64294.0,16060.0,0.05009,0.39281,0.00128,7.84237,73.0,84.0137,178.82819,54.0,54.0,1153.0,0.0,0.05284,0.40145,0.00133,7.59701,0.99514,0.51333,0.0,1.0,0.0,0.0,0.04,0.0,0.46667,3,1.81864,0.0,150,packet,150,Netflix
73,128.23288,319.98363,54.0,54.0,2132.0,0.0,0.04164,0.24321,0.00137,5.84053,77.0,13149.01299,9625.9122,13194.0,16114.0,45314.0,13140.0,0.03927,0.23861,0.00125,6.07599,0.00916,0.48667,0.01333,0.99333,0.0,0.0,0.06667,0.0,0.46,3,1.35416,0.0,150,packet,150,Netflix
76,16391.60526,11959.46019,14654.0,23414.0,58454.0,14600.0,0.00305,0.00574,0.00179,1.88387,74.0,54.0,0.0,54.0,54.0,54.0,0.0,0.00313,0.00582,0.00183,1.86164,0.9968,0.50667,0.0,1.0,0.0,0.0,0.00667,0.0,0.48667,1,0.0,0.0,150,packet,150,Netflix
76,10941.47368,4296.7243,11734.0,14654.0,24874.0,11680.0,0.00118,0.00069,0.00109,0.57866,74.0,54.0,0.0,54.0,54.0,54.0,0.0,0.00122,0.00068,0.0011,0.56072,0.99522,0.50667,0.0,1.0,0.0,0.0,0.00667,0.0,0.48667,1,0.0,0.0,150,packet,150,Netflix
77,19017.02597,16882.62756,16114.0,24874.0,64294.0,16060.0,0.01725,0.11691,0.00209,6.77838,73.0,69.43836,128.18533,54.0,54.0,1157.0,0.0,0.01821,0.11243,0.00232,6.17491,0.99655,0.51333,0.0,1.0,0.0,0.0,0.04,0.0,0.48667,2,0.96086,0.0,150,packet,150,Netflix
73,69.05479,127.74417,54.0,54.0,1153.0,0.0,0.00707,0.02116,0.00141,2.99093,77.0,14796.37662,10612.3216,13194.0,23414.0,58454.0,13140.0,0.00649,0.02054,0.00128,3.16529,0.00441,0.48667,0.0,1.0,0.0,0.0,0.01333,0.0,0.47333,2,0.12611,0.0,150,packet,150,Netflix
76,13417.43421,11792.12604,13194.0,14654.0,64294.0,13140.0,0.01691,0.13186,0.00108,7.79866,74.0,68.78378,126.3127,54.0,54.0,1148.0,0.0,0.01737,0.12652,0.0011,7.28235,0.99503,0.50667,0.0,1.0,0.0,0.0,0.02667,0.0,0.48,2,1.08982,0.0,150,packet,150,Netflix
81,16855.67901,16387.54722,11734.0,27794.0,64294.0,11680.0,0.00198,0.00274,0.00128,1.37867,69.0,54.0,0.0,54.0,54.0,54.0,0.0,0.00231,0.00284,0.00145,1.22848,0.99728,0.54,0.0,1.0,0.0,0.0,0.00667,0.0,0.45333,1,0.0,0.0,150,packet,150,Netflix
77,153.51948,314.70867,54.0,54.0,1153.0,0.0,0.06607,0.31222,0.00223,4.72583,73.0,26932.89041,17472.25133,24874.0,35094.0,64294.0,24820.0,0.00355,0.00564,0.00201,1.58706,0.00598,0.51333,0.0,1.0,0.0,0.0,0.07333,0.0,0.49333,6,0.95049,0.0,150,packet,150,Netflix
73,20579.52055,18307.89211,17574.0,30714.0,64294.0,17520.0,0.26889,0.80322,0.00429,2.98719,77.0,194.09091,359.43239,54.0,54.0,1151.0,0.0,0.25465,0.66698,0.00652,2.61924,0.99015,0.48667,0.0,1.0,0.0,0.0,0.15333,0.0,0.51333,17,1.17823,0.0,150,packet,150,Netflix
73,84.0411,178.99096,54.0,54.0,1153.0,0.0,0.08329,0.47142,0.00255,5.65971,77.0,23629.53247,20423.23179,20494.0,36554.0,64294.0,20440.0,0.07883,0.46944,0.00155,5.95541,0.00336,0.48667,0.0,1.0,0.0,0.0,0.04,0.0,0.46667,3,2.80276,0.0,150,packet,150,Netflix
73,54.0,0.0,54.0,54.0,54.0,0.0,0.00302,0.00304,0.00208,1.00566,77.0,22747.0,16501.21557,20494.0,29254.0,64294.0,20440.0,0.00286,0.00304,0.00203,1.06493,0.00225,0.48667,0.0,1.0,0.0,0.0,0.01333,0.0,0.48,1,0.0,0.0,150,packet,150,Netflix
75,54.0,0.0,54.0,54.0,54.0,0.0,0.00376,0.0055,0.00168,1.46266,75.0,29780.58667,17138.36989,27794.0,38014.0,64294.0,27740.0,0.00374,0.00542,0.00163,1.45117,0.00181,0.5,0.0,1.0,0.0,0.0,0.02,0.0,0.49333,1,0.0,0.0,150,packet,150,Netflix
80,28392.75,21628.03509,27794.0,42394.0,64294.0,27740.0,0.07021,0.42186,0.00114,6.00816,70.0,85.32857,182.67541,54.0,54.0,1151.0,0.0,0.07968,0.44745,0.00127,5.6154,0.99738,0.53333,0.0,1.0,0.0,0.0,0.04667,0.0,0.44667,3,2.57282,0.0,150,packet,150,Netflix
75,83.24,176.6546,54.0,54.0,1153.0,0.0,0.36258,2.17269,0.00173,5.99234,75.0,22162.62667,14765.322,21954.0,29254.0,64294.0,21900.0,0.3626,2.17953,0.00158,6.01092,0.00374,0.5,0.0,1.0,0.0,0.0,0.04667,0.0,0.48,3,13.30414,0.0,150,packet,150,Netflix
70,85.32857,182.67588,54.0,54.0,1153.0,0.0,0.08193,0.47024,0.00146,5.7393,80.0,24348.675,15905.349,24874.0,29254.0,64294.0,24820.0,0.07152,0.44526,0.00137,6.22536,0.00306,0.46667,0.0,1.0,0.0,0.0,0.04667,0.0,0.44667,3,2.6417,0.0,150,packet,150,Netflix
71,69.38028,128.68067,54.0,54.0,1146.0,0.0,0.05931,0.44737,0.00179,7.54331,79.0,26746.81013,16556.90027,26334.0,37284.0,64294.0,26280.0,0.05329,0.42609,0.00174,7.99491,0.00233,0.47333,0.0,1.0,0.0,0.0,0.00667,0.0,0.46,2,3.77308,0.0,150,packet,150,Netflix
76,25231.92105,14075.6885,24874.0,29619.0,64294.0,24820.0,0.02411,0.19177,0.00146,7.9526,74.0,68.85135,126.89,54.0,54.0,1153.0,0.0,0.02477,0.19238,0.00145,7.76574,0.99735,0.50667,0.0,1.0,0.0,0.0,0.02667,0.0,0.48,2,1.65705,0.0,150,packet,150,Netflix
83,24448.20482,21261.45308,23414.0,32174.0,64294.0,23360.0,0.10545,0.54122,0.00164,5.13258,67.0,104.16418,226.53032,54.0,54.0,1157.0,0.0,0.13096,0.59652,0.00226,4.55485,0.99657,0.55333,0.0,1.0,0.0,0.0,0.06667,0.0,0.42667,4,2.73208,0.0,150,packet,150,Netflix
74,54.0,0.0,54.0,54.0,54.0,0.0,0.00301,0.00436,0.00144,1.44649,76.0,23578.40789,18148.65964,20494.0,32174.0,64294.0,20440.0,0.00291,0.00387,0.00148,1.32827,0.00223,0.49333,0.0,1.0,0.0,0.0,0.00667,0.0,0.48667,1,0.0,0.0,150,packet,150,Netflix
82,10991.02439,8766.67221,12464.0,16114.0,51154.0,12410.0,0.0011,0.00105,0.00098,0.9486,68.0,54.0,0.0,54.0,54.0,54.0,0.0,0.00133,0.00106,0.00118,0.79681,0.99594,0.54667,0.0,1.0,0.0,0.0,0.00667,0.0,0.44667,1,0.0,0.0,150,packet,150,Netflix
78,20041.11538,16556.46318,16844.0,27429.0,64294.0,16790.0,0.0827,0.47758,0.00115,5.77501,72.0,99.65278,218.94445,54.0,54.0,1155.0,0.0,0.08966,0.49305,0.00127,5.49888,0.99543,0.52,0.0,1.0,0.0,0.0,0.06,0.0,0.45333,5,1.54341,0.0,150,packet,150,Netflix
76,4222.68421,7092.27551,1514.0,2974.0,49694.0,1460.0,0.00168,0.00177,0.00193,1.05186,74.0,84.48649,12.52375,90.0,90.0,90.0,0.0,0.0017,0.00176,0.00188,1.03482,0.98089,0.50667,0.0,1.0,0.0,0.0,0.0,0.0,0.48667,1,0.0,0.0,150,packet,150,Netflix
74,58.37838,10.94791,54.0,54.0,90.0,0.0,0.00313,0.0042,0.00163,1.34237,76.0,14269.78947,12056.62182,11734.0,20494.0,64294.0,11680.0,0.00302,0.00418,0.00145,1.38356,0.00397,0.49333,0.0,1.0,0.0,0.0,0.0,0.0,0.48667,1,0.0,0.0,150,packet,150,Netflix
77,13458.14286,8094.11038,13194.0,17574.0,43854.0,13140.0,0.00251,0.00287,0.00138,1.14523,73.0,54.0,0.0,54.0,54.0,54.0,0.0,0.00265,0.00291,0.00144,1.09794,0.99621,0.51333,0.0,1.0,0.0,0.0,0.0,0.0,0.48,1,0.0,0.0,150,packet,150,Netflix
76,9184.21053,6479.58398,8814.0,11734.0,29254.0,8760.0,0.00231,0.00208,0.00186,0.9044,74.0,56.97297,6.13579,54.0,54.0,74.0,0.0,0.00237,0.00208,0.002,0.879,0.994,0.50667,0.0,1.0,0.0,0.0,0.00667,0.0,0.48667,1,0.0,0.0,150,packet,150,Netflix
80,9452.75,12458.95033,7354.0,8814.0,64294.0,7300.0,0.00334,0.00473,0.00122,1.4181,70.0,54.0,0.0,54.0,54.0,54.0,0.0,0.00361,0.00474,0.00152,1.31335,0.99503,0.53333,0.0,1.0,0.0,0.0,0.0,0.0,0.46,1,0.0,0.0,150,packet,150,Netflix
74,5381.02703,4537.83784,4434.0,5894.0,26334.0,4380.0,0.00331,0.00471,0.00115,1.42495,76.0,67.31579,15.47001,54.0,82.0,90.0,0.0,0.00319,0.00469,0.00113,1.47245,0.98732,0.49333,0.0,1.0,0.0,0.0,0.0,0.0,0.5,1,0.0,0.0,150,packet,150,Netflix
74,61.08108,10.07104,54.0,66.0,90.0,0.0,0.00517,0.0063,0.00263,1.21716,76.0,5529.0,4743.52204,4434.0,7354.0,27794.0,4380.0,0.00509,0.00609,0.00265,1.19641,0.01064,0.49333,0.0,1.0,0.0,0.0,0.0,0.0,0.48667,1,0.0,0.0,150,packet,150,Netflix
72,58.83333,8.66506,54.0,66.0,82.0,0.0,0.00519,0.0067,0.00214,1.2906,78.0,4527.58974,2828.14516,2974.0,7354.0,11734.0,2920.0,0.00477,0.00608,0.0021,1.27421,0.01185,0.48,0.0,1.0,0.0,0.0,0.0,0.0,0.47333,1,0.0,0.0,150,packet,150,Netflix
71,75.66197,128.46657,54.0,66.0,1148.0,0.0,0.02122,0.09962,0.0048,4.69442,79.0,4441.11392,3545.20294,2974.0,5894.0,16114.0,2920.0,0.01902,0.09777,0.00308,5.13937,0.01508,0.47333,0.0,1.0,0.0,0.0,0.02,0.0,0.46,2,0.84461,0.0,150,packet,150,Netflix
72,89.79167,179.91888,54.0,66.0,1157.0,0.0,0.09084,0.48479,0.0039,5.3368,78.0,6215.60256,5178.07106,7354.0,7354.0,33634.0,7300.0,0.08375,0.47473,0.00338,5.66843,0.01316,0.48,0.0,1.0,0.0,0.0,0.04,0.0,0.46,3,2.90164,0.0,150,packet,150,Netflix
79,5727.67089,3072.96508,5894.0,7354.0,16114.0,5840.0,0.00644,0.00769,0.00299,1.19287,71.0,55.69014,4.17434,54.0,54.0,66.0,0.0,0.00716,0.00796,0.00316,1.11174,0.99134,0.52667,0.0,1.0,0.0,0.0,0.0,0.0,0.46667,1,0.0,0.0,150,packet,150,Netflix
74,68.7973,126.31118,54.0,54.0,1148.0,0.0,0.84876,5.49056,0.00114,6.46893,76.0,19047.59211,16758.52159,13194.0,26334.0,64294.0,13140.0,0.82611,5.42013,0.0011,6.56102,0.0035,0.49333,0.0,1.0,0.0,0.0,0.04667,0.0,0.48667,4,20.56986,0.0,150,packet,150,Netflix
73,60.52055,7.14643,54.0,66.0,74.0,0.0,0.01156,0.01189,0.00308,1.02846,77.0,3808.28571,2549.81916,2974.0,4434.0,10274.0,2920.0,0.01085,0.01156,0.00307,1.06595,0.01484,0.48667,0.0,1.0,0.0,0.0,0.0,0.0,0.48,1,0.0,0.0,150,packet,150,Netflix
76,5144.78947,3268.89558,4434.0,7354.0,13194.0,4380.0,0.01133,0.01184,0.00329,1.04485,74.0,57.67568,5.72361,54.0,66.0,74.0,0.0,0.01164,0.01194,0.00326,1.02613,0.9892,0.50667,0.0,1.0,0.0,0.0,0.0,0.0,0.48667,1,0.0,0.0,150,packet,150,Netflix
76,5701.89474,3360.68928,5894.0,7354.0,16114.0,5840.0,0.01059,0.01101,0.00407,1.03929,74.0,58.05405,6.22091,54.0,66.0,74.0,0.0,0.01059,0.01113,0.0038,1.05115,0.99018,0.50667,0.0,1.0,0.0,0.0,0.0,0.0,0.48667,1,0.0,0.0,150,packet,150,Netflix
73,57.83562,7.11359,54.0,54.0,82.0,0.0,0.00809,0.00856,0.00368,1.05834,77.0,7828.02597,9059.64712,4434.0,7354.0,36554.0,4380.0,0.00751,0.00853,0.00294,1.13503,0.00696,0.48667,0.0,1.0,0.0,0.0,0.0,0.0,0.48,1,0.0,0.0,150,packet,150,Netflix
77,5059.71429,2961.68758,4434.0,7354.0,21954.0,4380.0,0.00364,0.00302,0.00297,0.83047,73.0,54.82192,4.18524,54.0,54.0,82.0,0.0,0.00384,0.00316,0.00313,0.82225,0.98983,0.51333,0.0,1.0,0.0,0.0,0.0,0.0,0.48,1,0.0,0.0,150,packet,150,Netflix
75,6964.66667,5531.75399,5894.0,7354.0,27794.0,5840.0,0.00648,0.00656,0.00317,1.01172,75.0,60.34667,10.69516,54.0,66.0,82.0,0.0,0.00648,0.00658,0.00313,1.01496,0.99141,0.5,0.0,1.0,0.0,0.0,0.0,0.0,0.49333,1,0.0,0.0,150,packet,150,Netflix
76,6624.0,5223.99172,7354.0,7354.0,35094.0,7300.0,0.00449,0.00448,0.00312,0.99666,74.0,54.81081,3.01203,54.0,54.0,66.0,0.0,0.00461,0.00451,0.00358,0.97732,0.99201,0.50667,0.0,1.0,0.0,0.0,0.0,0.0,0.48667,1,0.0,0.0,150,packet,150,Netflix
76,9313.47368,5842.65348,8814.0,13194.0,33634.0,8760.0,0.00378,0.00511,0.0021,1.35171,74.0,54.0,0.0,54.0,54.0,54.0,0.0,0.00388,0.00521,0.00211,1.34282,0.99439,0.50667,0.0,1.0,0.0,0.0,0.0,0.0,0.48667,1,0.0,0.0,150,packet,150,Netflix
76,16589.89474,19936.27347,5894.0,28159.0,64294.0,5840.0,0.50485,3.72802,0.00149,7.38445,74.0,97.22973,176.14495,54.0,90.0,1151.0,0.0,0.51868,3.78707,0.00126,7.30138,0.99433,0.50667,0.0,1.0,0.0,0.0,0.04,0.0,0.46667,3,18.72421,0.0,150,packet,150,Netflix
79,22046.40506,14526.52268,21954.0,27794.0,64294.0,21900.0,0.00331,0.00417,0.00228,1.25924,71.0,54.0,0.0,54.0,54.0,54.0,0.0,0.00368,0.00474,0.00238,1.2903,0.9978,0.52667,0.0,1.0,0.0,0.0,0.0,0.0,0.46667,1,0.0,0.0,150,packet,150,Netflix
70,85.27143,182.34269,54.0,54.0,1151.0,0.0,0.05433,0.30029,0.00125,5.52715,80.0,18288.45,15362.64694,16844.0,27794.0,64294.0,16790.0,0.04746,0.28821,0.00115,6.07261,0.00406,0.46667,0.0,1.0,0.0,0.0,0.04,0.0,0.44667,3,1.75963,0.0,150,packet,150,Netflix
74,54.0,0.0,54.0,54.0,54.0,0.0,0.00303,0.00355,0.00244,1.17288,76.0,28628.18421,16604.62573,29254.0,32174.0,64294.0,29200.0,0.00291,0.00334,0.00231,1.14713,0.00183,0.49333,0.0,1.0,0.0,0.0,0.00667,0.0,0.48667,1,0.0,0.0,150,packet,150,Netflix
80,20386.1,20543.67342,11734.0,31079.0,64294.0,11680.0,0.14901,0.68644,0.00155,4.60682,70.0,120.24286,253.44802,54.0,63.0,1155.0,0.0,0.17058,0.72732,0.00235,4.26369,0.99487,0.53333,0.0,1.0,0.0,0.0,0.08667,0.0,0.43333,5,2.85788,0.0,150,packet,150,Netflix
78,16846.02564,17165.41656,10274.0,23049.0,64294.0,10220.0,0.22965,1.80171,0.00256,7.84549,72.0,99.77778,219.54468,54.0,54.0,1157.0,0.0,0.24903,1.87301,0.00316,7.52116,0.99456,0.52,0.0,1.0,0.0,0.0,0.04667,0.0,0.45333,3,8.61139,0.0,150,packet,150,Netflix
76,15221.06579,14902.9212,10274.0,24874.0,56994.0,10220.0,0.12463,0.60958,0.00164,4.89109,74.0,108.52703,214.85974,54.0,90.0,1155.0,0.0,0.12804,0.60939,0.0019,4.75924,0.99311,0.50667,0.0,1.0,0.0,0.0,0.05333,0.0,0.46667,5,2.24719,0.0,150,packet,150,Netflix
75,89.08,124.79837,90.0,90.0,1153.0,0.0,0.12755,1.04935,0.00115,8.2271,75.0,7944.57333,10732.03043,1514.0,10274.0,45314.0,1460.0,0.12756,1.06731,0.0012,8.367,0.01109,0.5,0.0,1.0,0.0,0.0,0.01333,0.0,0.48667,3,4.60952,0.0,150,packet,150,Netflix
75,7451.33333,11940.70164,2974.0,7354.0,55534.0,2920.0,0.00544,0.00866,0.002,1.59302,75.0,72.45333,15.33127,74.0,90.0,90.0,0.0,0.00543,0.00865,0.00193,1.59108,0.99037,0.5,0.0,1.0,0.0,0.0,0.0,0.0,0.49333,1,0.0,0.0,150,packet,150,Netflix
78,4377.84615,3780.14524,2974.0,6989.0,26334.0,2920.0,0.00716,0.00872,0.00325,1.21711,72.0,62.22222,10.2608,54.0,66.0,90.0,0.0,0.00775,0.00905,0.00328,1.16744,0.98705,0.52,0.0,1.0,0.0,0.0,0.0,0.0,0.47333,1,0.0,0.0,150,packet,150,Netflix
81,9048.32099,7706.6886,5894.0,14654.0,29254.0,5840.0,0.00682,0.00993,0.00125,1.45615,69.0,54.0,0.0,54.0,54.0,54.0,0.0,0.00802,0.01032,0.0021,1.28645,0.99494,0.54,0.0,1.0,0.0,0.0,0.0,0.0,0.45333,1,0.0,0.0,150,packet,150,Netflix
73,54.0,0.0,54.0,54.0,54.0,0.0,0.00594,0.00485,0.00432,0.81639,77.0,8245.16883,4647.73705,7354.0,10274.0,20494.0,7300.0,0.00545,0.00473,0.00393,0.86731,0.00617,0.48667,0.0,1.0,0.0,0.0,0.0,0.0,0.48,1,0.0,0.0,150,packet,150,Netflix
76,7085.05263,4572.42812,7354.0,8814.0,21954.0,7300.0,0.00363,0.00329,0.00289,0.90582,74.0,58.10811,8.82191,54.0,54.0,82.0,0.0,0.00361,0.00325,0.00296,0.90007,0.99208,0.50667,0.0,1.0,0.0,0.0,0.0,0.0,0.48667,1,0.0,0.0,150,packet,150,Netflix
74,68.87838,127.12092,54.0,54.0,1155.0,0.0,0.01404,0.06665,0.00287,4.74626,76.0,14036.48684,11212.81813,11004.0,18304.0,61374.0,10950.0,0.01365,0.07369,0.00264,5.39989,0.00476,0.49333,0.0,1.0,0.0,0.0,0.02,0.0,0.48,2,0.57577,0.0,150,packet,150,Netflix
73,57.94521,7.84768,54.0,54.0,82.0,0.0,0.00555,0.0075,0.00196,1.35206,77.0,12587.24675,10287.09322,11734.0,16114.0,46774.0,11680.0,0.00504,0.00725,0.0015,1.43975,0.00435,0.48667,0.0,1.0,0.0,0.0,0.0,0.0,0.48,1,0.0,0.0,150,packet,150,Netflix
71,57.83099,8.8413,54.0,54.0,82.0,0.0,0.00373,0.00483,0.00177,1.29586,79.0,7243.11392,5013.50056,5894.0,10274.0,24874.0,5840.0,0.00334,0.00454,0.00141,1.35703,0.00712,0.47333,0.0,1.0,0.0,0.0,0.0,0.0,0.46667,1,0.0,0.0,150,packet,150,Netflix
73,89.9726,178.04247,54.0,66.0,1150.0,0.0,0.084,0.47462,0.00315,5.65025,77.0,7797.28571,9990.77443,5894.0,8814.0,49694.0,5840.0,0.07943,0.47602,0.00247,5.9933,0.01082,0.48667,0.0,1.0,0.0,0.0,0.04,0.0,0.46667,3,2.72574,0.0,150,packet,150,Netflix
74,83.71622,178.29823,54.0,54.0,1157.0,0.0,0.25285,1.49208,0.00169,5.90099,76.0,20721.11842,14236.31452,20494.0,30714.0,64294.0,20440.0,0.24611,1.47817,0.00166,6.00601,0.00392,0.49333,0.0,1.0,0.0,0.0,0.04,0.0,0.47333,3,9.06346,0.0,150,packet,150,Netflix
74,82.21622,12.68141,90.0,90.0,90.0,0.0,0.00166,0.00317,0.00101,1.91172,76.0,3415.84211,6043.0771,1514.0,2974.0,48234.0,1460.0,0.00163,0.00317,0.00106,1.95118,0.0229,0.49333,0.0,1.0,0.0,0.0,0.0,0.0,0.48667,1,0.0,0.0,150,packet,150,Netflix
73,55.9726,5.13375,54.0,54.0,74.0,0.0,0.00249,0.00193,0.00234,0.77401,77.0,7240.23377,6011.75581,5894.0,8814.0,32174.0,5840.0,0.00237,0.00184,0.0022,0.7753,0.00728,0.48667,0.0,1.0,0.0,0.0,0.0,0.0,0.48,1,0.0,0.0,150,packet,150,Netflix
73,69.52055,127.47582,54.0,54.0,1151.0,0.0,0.03963,0.30265,0.00192,7.63757,77.0,10792.58442,10523.60611,7354.0,11734.0,48234.0,7300.0,0.03791,0.2994,0.0014,7.89858,0.00607,0.48667,0.0,1.0,0.0,0.0,0.02,0.0,0.47333,2,2.58936,0.0,150,packet,150,Netflix
75,5699.33333,5076.28561,2974.0,8814.0,21954.0,2920.0,0.00319,0.005,0.00116,1.56618,75.0,64.13333,14.39012,54.0,74.0,90.0,0.0,0.00319,0.00507,0.00116,1.58877,0.98887,0.5,0.0,1.0,0.0,0.0,0.0,0.0,0.49333,1,0.0,0.0,150,packet,150,Netflix
77,5988.42857,4490.3659,5894.0,7354.0,23414.0,5840.0,0.0095,0.02062,0.00393,2.17108,73.0,73.47945,126.80868,54.0,66.0,1148.0,0.0,0.00973,0.01868,0.00457,1.91892,0.9885,0.51333,0.0,1.0,0.0,0.0,0.02,0.0,0.47333,2,0.15289,0.0,150,packet,150,Netflix
74,87.66216,177.12343,54.0,66.0,1153.0,0.0,0.06415,0.42791,0.00325,6.67011,76.0,6800.67105,6165.89902,5894.0,8814.0,24874.0,5840.0,0.06242,0.43131,0.00316,6.91013,0.0124,0.49333,0.0,1.0,0.0,0.0,0.03333,0.0,0.47333,3,2.04135,0.0,150,packet,150,Netflix
77,5457.8961,4169.96314,4434.0,7354.0,20494.0,4380.0,0.00854,0.00889,0.00339,1.04082,73.0,59.58904,8.70181,54.0,66.0,82.0,0.0,0.00902,0.009,0.00484,0.99841,0.98976,0.51333,0.0,1.0,0.0,0.0,0.0,0.0,0.48,1,0.0,0.0,150,packet,150,Netflix
77,6235.2987,2753.07495,7354.0,7354.0,16114.0,7300.0,0.00616,0.00706,0.00259,1.14722,73.0,54.9863,3.29588,54.0,54.0,66.0,0.0,0.0065,0.00717,0.00289,1.10346,0.99171,0.51333,0.0,1.0,0.0,0.0,0.0,0.0,0.48,1,0.0,0.0,150,packet,150,Netflix
78,4883.23077,2788.91155,4434.0,7354.0,14654.0,4380.0,0.00379,0.00404,0.00242,1.06696,72.0,57.83333,8.67788,54.0,54.0,82.0,0.0,0.00408,0.00423,0.00286,1.03566,0.98919,0.52,0.0,1.0,0.0,0.0,0.0,0.0,0.47333,1,0.0,0.0,150,packet,150,Netflix
77,7828.02597,5950.08158,5894.0,10274.0,33634.0,5840.0,0.00385,0.00484,0.00218,1.25789,73.0,54.0,0.0,54.0,54.0,54.0,0.0,0.00406,0.00502,0.00222,1.23538,0.9935,0.51333,0.0,1.0,0.0,0.0,0.0,0.0,0.48,1,0.0,0.0,150,packet,150,Netflix
79,4249.18987,3076.29765,2974.0,7354.0,14654.0,2920.0,0.00518,0.00687,0.00279,1.32609,71.0,65.26761,12.47528,66.0,74.0,90.0,0.0,0.00576,0.00741,0.00282,1.28571,0.98638,0.52667,0.0,1.0,0.0,0.0,0.0,0.0,0.46667,1,0.0,0.0,150,packet,150,Netflix
73,54.32877,1.95886,54.0,54.0,66.0,0.0,0.00762,0.00864,0.00323,1.1338,77.0,9420.75325,6231.46403,8814.0,11734.0,30714.0,8760.0,0.00721,0.00831,0.00314,1.15315,0.00544,0.48667,0.0,1.0,0.0,0.0,0.0,0.0,0.48,1,0.0,0.0,150,packet,150,Netflix
76,6585.57895,4715.93967,7354.0,7354.0,24874.0,7300.0,0.00845,0.00961,0.00367,1.1378,74.0,58.81081,7.05131,54.0,66.0,74.0,0.0,0.00837,0.00978,0.00354,1.16815,0.99138,0.50667,0.0,1.0,0.0,0.0,0.0,0.0,0.48667,1,0.0,0.0,150,packet,150,Netflix
75,11948.66667,9420.53428,8814.0,16114.0,38014.0,8760.0,0.04517,0.31501,0.003,6.97447,75.0,72.54667,125.96394,54.0,54.0,1153.0,0.0,0.04517,0.31308,0.00299,6.93187,0.99397,0.5,0.0,1.0,0.0,0.0,0.02,0.0,0.48667,2,2.71914,0.0,150,packet,150,Netflix
77,4585.68831,3603.8945,2974.0,7354.0,21954.0,2920.0,0.00486,0.00648,0.00214,1.33263,73.0,64.13699,14.24763,54.0,74.0,90.0,0.0,0.00513,0.00674,0.00222,1.31232,0.98691,0.51333,0.0,1.0,0.0,0.0,0.0,0.0,0.48,1,0.0,0.0,150,packet,150,Netflix
76,8773.88158,8403.59701,5894.0,11734.0,35094.0,5840.0,0.21289,1.39776,0.0013,6.56577,74.0,88.32432,176.84656,54.0,66.0,1148.0,0.0,0.21872,1.41089,0.0021,6.45068,0.99029,0.50667,0.0,1.0,0.0,0.0,0.04667,0.0,0.48,3,7.58757,0.0,150,packet,150,Netflix
79,5912.48101,4968.74665,4434.0,7354.0,24874.0,4380.0,0.00636,0.00612,0.00374,0.96317,71.0,56.19718,4.64097,54.0,54.0,66.0,0.0,0.00709,0.00615,0.00463,0.86819,0.99153,0.52667,0.0,1.0,0.0,0.0,0.0,0.0,0.46667,1,0.0,0.0,150,packet,150,Netflix
75,56.61333,5.93272,54.0,54.0,74.0,0.0,0.0062,0.00697,0.00308,1.12355,75.0,6166.53333,3994.4158,5894.0,7354.0,27794.0,5840.0,0.00606,0.00685,0.00301,1.13166,0.0091,0.5,0.0,1.0,0.0,0.0,0.0,0.0,0.49333,1,0.0,0.0,150,packet,150,Netflix
76,6816.10526,3736.1387,7354.0,7354.0,26334.0,7300.0,0.00252,0.00261,0.00128,1.0373,74.0,54.0,0.0,54.0,54.0,54.0,0.0,0.00258,0.00262,0.00128,1.01247,0.99235,0.50667,0.0,1.0,0.0,0.0,0.0,0.0,0.48667,1,0.0,0.0,150,packet,150,Netflix
72,54.0,0.0,54.0,54.0,54.0,0.0,0.00221,0.00226,0.00115,1.02333,78.0,8158.87179,6090.35571,7354.0,9909.0,33634.0,7300.0,0.00203,0.00215,0.00108,1.06063,0.00607,0.48,0.0,1.0,0.0,0.0,0.0,0.0,0.47333,1,0.0,0.0,150,packet,150,Netflix
73,54.0,0.0,54.0,54.0,54.0,0.0,0.00206,0.00215,0.00126,1.04614,77.0,6936.85714,5191.86348,7354.0,7354.0,30714.0,7300.0,0.00194,0.00206,0.00119,1.06048,0.00733,0.48667,0.0,1.0,0.0,0.0,0.0,0.0,0.48,1,0.0,0.0,150,packet,150,Netflix
78,8102.71795,6652.64442,7354.0,7354.0,39474.0,7300.0,0.00288,0.00341,0.00152,1.18185,72.0,55.61111,5.06227,54.0,54.0,74.0,0.0,0.00302,0.00349,0.00209,1.15612,0.9937,0.52,0.0,1.0,0.0,0.0,0.0,0.0,0.47333,1,0.0,0.0,150,packet,150,Netflix
74,54.0,0.0,54.0,54.0,54.0,0.0,0.00234,0.00135,0.0027,0.57668,76.0,8775.57895,5703.81199,7354.0,10639.0,27794.0,7300.0,0.00226,0.0014,0.00243,0.61976,0.00596,0.49333,0.0,1.0,0.0,0.0,0.0,0.0,0.48667,1,0.0,0.0,150,packet,150,Netflix
77,10209.15584,9027.0007,7354.0,10274.0,58454.0,7300.0,0.07731,0.47095,0.00133,6.09195,73.0,84.06849,179.1539,54.0,54.0,1153.0,0.0,0.08134,0.47973,0.00171,5.89765,0.99225,0.51333,0.0,1.0,0.0,0.0,0.04,0.0,0.47333,3,2.82387,0.0,150,packet,150,Netflix
74,54.0,0.0,54.0,54.0,54.0,0.0,0.00378,0.00398,0.00204,1.0534,76.0,23432.92105,16573.479,20494.0,27794.0,64294.0,20440.0,0.00356,0.00392,0.00161,1.10053,0.00224,0.49333,0.0,1.0,0.0,0.0,0.0,0.0,0.48667,1,0.0,0.0,150,packet,150,Netflix
77,21050.42857,14641.88646,19034.0,24874.0,64294.0,18980.0,0.77582,5.34383,0.00154,6.88801,73.0,69.08219,127.85884,54.0,54.0,1154.0,0.0,0.81892,5.48712,0.00171,6.70045,0.9969,0.51333,0.0,1.0,0.0,0.0,0.01333,0.0,0.47333,3,29.36886,0.0,150,packet,150,Netflix
78,18997.17949,10853.78341,20494.0,24509.0,64294.0,20440.0,0.00276,0.00703,0.00132,2.54262,72.0,54.0,0.0,54.0,54.0,54.0,0.0,0.00299,0.00729,0.0014,2.43775,0.99738,0.52,0.0,1.0,0.0,0.0,0.01333,0.0,0.47333,1,0.0,0.0,150,packet,150,Netflix
73,84.0274,178.90894,54.0,54.0,1151.0,0.0,0.07666,0.47789,0.00129,6.23381,77.0,25035.03896,20871.47173,20494.0,40934.0,64294.0,20440.0,0.07265,0.46786,0.00127,6.43961,0.00317,0.48667,0.0,1.0,0.0,0.0,0.04,0.0,0.46667,3,2.63763,0.0,150,packet,150,Netflix
75,27737.76,18467.60748,26334.0,35094.0,64294.0,26280.0,0.02026,0.14974,0.00207,7.38952,75.0,68.8,127.31441,54.0,54.0,1164.0,0.0,0.02026,0.14785,0.00239,7.29714,0.99753,0.5,0.0,1.0,0.0,0.0,0.03333,0.0,0.48667,2,1.28316,0.0,150,packet,150,Netflix
79,24929.65823,19543.50709,27794.0,32904.0,64294.0,27740.0,0.08455,0.51781,0.00129,6.12451,71.0,85.07042,181.48172,54.0,54.0,1153.0,0.0,0.09421,0.54311,0.00154,5.76478,0.99694,0.52667,0.0,1.0,0.0,0.0,0.04667,0.0,0.45333,4,2.12686,0.0,150,packet,150,Netflix
79,20174.89873,16282.01639,17574.0,28524.0,64294.0,17520.0,0.08794,0.52207,0.00142,5.9365,71.0,85.0,182.08472,54.0,54.0,1158.0,0.0,0.09614,0.54657,0.00149,5.68493,0.99623,0.52667,0.0,1.0,0.0,0.0,0.05333,0.0,0.45333,4,2.20383,0.0,150,packet,150,Netflix
72,54.0,0.0,54.0,54.0,54.0,0.0,0.00153,0.00102,0.00113,0.66324,78.0,14841.60256,10206.97016,16114.0,19034.0,55534.0,16060.0,0.00142,0.00099,0.00112,0.69504,0.00335,0.48,0.0,1.0,0.0,0.0,0.00667,0.0,0.47333,1,0.0,0.0,150,packet,150,Netflix
74,83.64865,177.89189,54.0,54.0,1151.0,0.0,0.06907,0.47964,0.00133,6.94403,76.0,19028.35526,14829.22474,17574.0,23779.0,64294.0,17520.0,0.06717,0.47565,0.00126,7.08091,0.00426,0.49333,0.0,1.0,0.0,0.0,0.04,0.0,0.47333,3,2.44327,0.0,150,packet,150,Netflix
77,26926.01299,19734.21401,26334.0,39474.0,64294.0,26280.0,0.22044,1.50554,0.00124,6.82972,73.0,84.19178,179.8883,54.0,54.0,1156.0,0.0,0.23269,1.53096,0.00126,6.57947,0.99704,0.51333,0.0,1.0,0.0,0.0,0.03333,0.0,0.46667,4,5.51169,0.0,150,packet,150,Netflix
85,22756.38824,21383.01186,16114.0,38014.0,64294.0,16060.0,0.12532,0.73196,0.00157,5.84075,65.0,104.86154,231.2199,54.0,54.0,1158.0,0.0,0.16448,0.83193,0.00224,5.05788,0.99649,0.56667,0.0,1.0,0.0,0.0,0.06,0.0,0.40667,4,3.39824,0.0,150,packet,150,Netflix
80,22775.2625,19455.99867,17574.0,33999.0,64294.0,17520.0,0.28578,2.03268,0.00222,7.11286,70.0,101.07143,222.45143,54.0,54.0,1154.0,0.0,0.32678,2.1696,0.00294,6.63925,0.99613,0.53333,0.0,1.0,0.0,0.0,0.05333,0.0,0.44,4,7.40631,0.0,150,packet,150,Netflix
78,22657.16667,16894.02334,18304.0,34729.0,64294.0,18250.0,0.01701,0.11486,0.00135,6.75091,72.0,84.63889,180.2537,54.0,54.0,1153.0,0.0,0.07369,0.47468,0.00146,6.44184,0.99656,0.52,0.0,1.0,0.0,0.0,0.04,0.0,0.47333,3,2.46012,0.0,150,packet,150,Netflix
76,22550.97368,13398.95896,23414.0,29254.0,64294.0,23360.0,0.0559,0.39441,0.0013,7.05614,74.0,83.71622,178.29777,54.0,54.0,1156.0,0.0,0.05737,0.39743,0.00132,6.92742,0.9964,0.50667,0.0,1.0,0.0,0.0,0.04,0.0,0.47333,3,2.02356,0.0,150,packet,150,Netflix
76,25830.84211,19715.30165,27064.0,32174.0,64294.0,27010.0,0.08964,0.46251,0.00158,5.15944,74.0,98.55405,216.74915,54.0,54.0,1156.0,0.0,0.0921,0.46538,0.0016,5.05311,0.9963,0.50667,0.0,1.0,0.0,0.0,0.06,0.0,0.46667,4,2.17999,0.0,150,packet,150,Netflix
73,99.09589,217.83424,54.0,54.0,1154.0,0.0,0.35307,2.40597,0.0022,6.81438,77.0,23456.50649,17502.05823,21954.0,33634.0,64294.0,21900.0,0.33429,2.34553,0.00198,7.01641,0.00399,0.48667,0.0,1.0,0.0,0.0,0.06,0.0,0.46667,4,8.38449,0.0,150,packet,150,Netflix
75,68.66667,126.16744,54.0,54.0,1154.0,0.0,0.02678,0.20518,0.00191,7.66259,75.0,26485.25333,17816.21922,26334.0,30714.0,64294.0,26280.0,0.02669,0.20711,0.00179,7.75949,0.00259,0.5,0.0,1.0,0.0,0.0,0.03333,0.0,0.48667,2,1.7796,0.0,150,packet,150,Netflix
78,25832.71795,20911.01075,24874.0,36189.0,64294.0,24820.0,0.22423,1.50777,0.0014,6.72425,72.0,99.84722,219.87633,54.0,54.0,1158.0,0.0,0.24319,1.56053,0.00146,6.417,0.99644,0.52,0.0,1.0,0.0,0.0,0.06667,0.0,0.45333,4,5.67372,0.0,150,packet,150,Netflix
70,69.64286,129.93933,54.0,54.0,1149.0,0.0,0.05645,0.44173,0.00154,7.82539,80.0,25273.925,17469.73607,23414.0,31444.0,64294.0,23360.0,0.04924,0.41487,0.00138,8.42592,0.00241,0.46667,0.0,1.0,0.0,0.0,0.03333,0.0,0.45333,2,3.69748,0.0,150,packet,150,Netflix
74,128.47297,276.01455,54.0,54.0,1160.0,0.0,0.22229,1.38129,0.00288,6.21388,76.0,28620.82895,21266.62611,26334.0,52614.0,64294.0,26280.0,0.21592,1.36691,0.00249,6.33074,0.00435,0.49333,0.0,1.0,0.0,0.0,0.08667,0.0,0.45333,4,5.25178,0.0,150,packet,150,Netflix
78,28302.46154,21106.88207,26334.0,45679.0,64294.0,26280.0,0.74769,5.12955,0.00186,6.8605,72.0,115.13889,252.02217,54.0,54.0,1158.0,0.0,0.81089,5.33531,0.00197,6.57956,0.99626,0.52,0.0,1.0,0.0,0.0,0.07333,0.0,0.44667,6,11.45199,0.0,150,packet,150,Netflix
72,130.36111,279.52978,54.0,54.0,1160.0,0.0,0.21897,0.80931,0.0016,3.69605,78.0,33564.69231,23654.61435,40204.0,53709.0,64294.0,40150.0,0.14778,0.64039,0.00137,4.33323,0.00357,0.48,0.0,1.0,0.0,0.0,0.08667,0.0,0.44,6,3.04755,0.0,150,packet,150,Netflix
74,83.66216,177.97345,54.0,54.0,1154.0,0.0,0.04757,0.326,0.0012,6.85251,76.0,29250.36842,18767.84215,35824.0,41299.0,64294.0,35770.0,0.04627,0.324,0.0012,7.00311,0.00278,0.49333,0.0,1.0,0.0,0.0,0.05333,0.0,0.47333,3,1.65593,0.0,150,packet,150,Netflix
76,23708.03947,20146.26388,20494.0,36919.0,64294.0,20440.0,0.06841,0.29474,0.00107,4.30835,74.0,120.10811,247.26485,54.0,66.0,1156.0,0.0,0.07029,0.29464,0.00121,4.1918,0.99509,0.50667,0.0,1.0,0.0,0.0,0.07333,0.0,0.46667,5,1.22588,0.0,150,packet,150,Netflix
75,9049.52,11509.09499,2974.0,13194.0,48234.0,2920.0,0.0287,0.23157,0.0011,8.06855,75.0,90.21333,124.79127,90.0,90.0,1154.0,0.0,0.0287,0.22957,0.00111,7.99977,0.99013,0.5,0.0,1.0,0.0,0.0,0.01333,0.0,0.48667,2,1.99006,0.0,150,packet,150,Netflix
77,22693.81818,15397.12516,24874.0,26334.0,64294.0,24820.0,0.03671,0.22586,0.00144,6.15297,73.0,84.09589,179.3179,54.0,54.0,1156.0,0.0,0.03875,0.22423,0.0016,5.78708,0.9965,0.51333,0.0,1.0,0.0,0.0,0.04667,0.0,0.46667,3,1.27658,0.0,150,packet,150,Netflix
77,25025.71429,19185.15819,26334.0,35094.0,64294.0,26280.0,0.08815,0.5211,0.00143,5.91162,73.0,84.26027,179.29573,54.0,54.0,1156.0,0.0,0.09304,0.5323,0.00154,5.72093,0.99682,0.51333,0.0,1.0,0.0,0.0,0.05333,0.0,0.47333,3,3.21936,0.0,150,packet,150,Netflix
77,27028.48052,19698.664,26334.0,36554.0,64294.0,26280.0,0.08497,0.50246,0.00115,5.91355,73.0,99.12329,217.967,54.0,54.0,1156.0,0.0,0.08969,0.51289,0.00116,5.71865,0.99654,0.51333,0.0,1.0,0.0,0.0,0.06,0.0,0.46,4,2.0775,0.0,150,packet,150,Netflix
77,26271.55844,17830.33986,26334.0,39474.0,64294.0,26280.0,0.45071,3.62259,0.00184,8.03757,73.0,84.21918,180.05222,54.0,54.0,1160.0,0.0,0.47575,3.71222,0.00181,7.80294,0.99697,0.51333,0.0,1.0,0.0,0.0,0.04,0.0,0.46667,3,16.98485,0.0,150,packet,150,Netflix
79,26080.07595,18123.36376,26334.0,33634.0,64294.0,26280.0,0.1245,0.64408,0.00178,5.17342,71.0,100.29577,220.41206,54.0,54.0,1151.0,0.0,0.13857,0.6751,0.00191,4.87198,0.99656,0.52667,0.0,1.0,0.0,0.0,0.06667,0.0,0.44667,4,3.14833,0.0,150,packet,150,Netflix
76,28450.31579,18523.12366,27794.0,33634.0,64294.0,27740.0,0.25059,1.38131,0.00147,5.51234,74.0,114.16216,248.12246,54.0,54.0,1154.0,0.0,0.25745,1.39539,0.00148,5.42,0.99611,0.50667,0.0,1.0,0.0,0.0,0.07333,0.0,0.46,5,4.61648,0.0,150,packet,150,Netflix
71,88.92958,181.62454,54.0,54.0,1154.0,0.0,0.12901,0.8848,0.00148,6.85816,79.0,20020.21519,20200.4227,14654.0,35824.0,64294.0,14600.0,0.098,0.8288,0.00124,8.45674,0.00398,0.47333,0.0,1.0,0.0,0.0,0.04,0.0,0.46,3,4.36476,0.0,150,packet,150,Netflix
75,24283.04,16480.24617,23414.0,30714.0,64294.0,23360.0,0.09639,0.519,0.00155,5.38446,75.0,97.86667,214.90242,54.0,54.0,1154.0,0.0,0.09633,0.51549,0.0018,5.35112,0.99599,0.5,0.0,1.0,0.0,0.0,0.06,0.0,0.47333,4,2.28899,0.0,150,packet,150,Netflix
78,27917.94872,21092.14655,24874.0,45314.0,64294.0,24820.0,0.83406,5.30377,0.00136,6.359,72.0,99.83333,219.7405,54.0,54.0,1156.0,0.0,0.90454,5.51506,0.00132,6.09709,0.99671,0.52,0.0,1.0,0.0,0.0,0.06667,0.0,0.45333,5,15.98682,0.0,150,packet,150,Netflix
71,131.38028,281.1373,54.0,54.0,1156.0,0.0,0.29707,1.62809,0.00195,5.48055,79.0,24984.06329,20071.99318,24874.0,40934.0,64294.0,24820.0,0.26092,1.55526,0.0017,5.96056,0.0047,0.47333,0.0,1.0,0.0,0.0,0.08,0.0,0.44,6,4.08205,0.0,150,packet,150,Netflix
72,9483.16667,10138.38193,5894.0,13924.0,64294.0,5840.0,0.0026,0.00352,0.00268,1.35041,78.0,71.58974,16.74349,74.0,90.0,90.0,0.0,0.0024,0.00348,0.00173,1.45301,0.99189,0.48,0.0,1.0,0.0,0.0,0.0,0.0,0.51333,1,0.0,0.0,150,packet,150,Netflix
76,18629.84211,20604.96816,10274.0,29619.0,64294.0,10220.0,0.37661,1.89926,0.00306,5.043,74.0,105.94595,215.74108,54.0,74.0,1154.0,0.0,0.38692,1.92017,0.00317,4.96276,0.99449,0.50667,0.0,1.0,0.0,0.0,0.04667,0.0,0.46667,4,9.27673,0.0,150,packet,150,Netflix
74,58.81081,10.72466,54.0,54.0,90.0,0.0,0.00285,0.00272,0.00253,0.95408,76.0,7526.89474,5177.97634,5894.0,10274.0,24874.0,5840.0,0.00272,0.00266,0.00213,0.97525,0.00755,0.49333,0.0,1.0,0.0,0.0,0.0,0.0,0.48667,1,0.0,0.0,150,packet,150,Netflix
73,56.19178,7.03934,54.0,54.0,90.0,0.0,0.00431,0.00959,0.00239,2.22705,77.0,6842.05195,5137.77683,4434.0,7354.0,21954.0,4380.0,0.00405,0.00937,0.00232,2.31065,0.00773,0.48667,0.0,1.0,0.0,0.0,0.0,0.0,0.48,1,0.0,0.0,150,packet,150,Netflix
74,89.64865,177.24867,54.0,66.0,1153.0,0.0,0.09102,0.52356,0.00294,5.75244,76.0,8670.75,8660.45344,7354.0,10274.0,39474.0,7300.0,0.08859,0.51946,0.00284,5.86392,0.00997,0.49333,0.0,1.0,0.0,0.0,0.04667,0.0,0.48,3,3.11767,0.0,150,packet,150,Netflix
73,69.09589,128.09288,54.0,54.0,1156.0,0.0,0.00617,0.0145,0.00352,2.35115,77.0,17139.48052,11570.27446,16114.0,19034.0,56994.0,16060.0,0.00583,0.01588,0.00323,2.72495,0.00381,0.48667,0.0,1.0,0.0,0.0,0.02,0.0,0.47333,2,0.12398,0.0,150,packet,150,Netflix
76,19475.84211,12258.82976,19034.0,24874.0,58454.0,18980.0,0.00316,0.00302,0.00228,0.95621,74.0,54.0,0.0,54.0,54.0,54.0,0.0,0.00321,0.00311,0.00214,0.97069,0.99731,0.50667,0.0,1.0,0.0,0.0,0.0,0.0,0.48667,1,0.0,0.0,150,packet,150,Netflix
74,113.51351,248.25011,54.0,54.0,1154.0,0.0,0.11635,0.5336,0.00174,4.58632,76.0,22472.71053,18893.65563,18304.0,31444.0,64294.0,18250.0,0.11324,0.53257,0.0013,4.70304,0.00489,0.49333,0.0,1.0,0.0,0.0,0.08,0.0,0.46667,5,2.02903,0.0,150,packet,150,Netflix
77,20655.64935,14177.2837,21954.0,29254.0,59914.0,21900.0,0.00225,0.00133,0.00281,0.59188,73.0,54.0,0.0,54.0,54.0,54.0,0.0,0.00237,0.00128,0.00283,0.5382,0.99753,0.51333,0.0,1.0,0.0,0.0,0.01333,0.0,0.48,1,0.0,0.0,150,packet,150,Netflix
75,97.94667,215.29433,54.0,54.0,1156.0,0.0,0.11314,0.56421,0.00157,4.98683,75.0,25390.78667,16940.23476,26334.0,32174.0,64294.0,26280.0,0.07723,0.48717,0.00142,6.30772,0.00384,0.5,0.0,1.0,0.0,0.0,0.06667,0.0,0.47333,4,2.68949,0.0,150,packet,150,Netflix
78,8972.48718,9536.11536,4434.0,14654.0,42394.0,4380.0,0.32012,2.73663,0.00318,8.54888,72.0,69.97222,128.91707,54.0,54.0,1156.0,0.0,0.34716,2.84128,0.00442,8.18435,0.99285,0.52,0.0,1.0,0.0,0.0,0.02,0.0,0.46667,2,24.11884,0.0,150,packet,150,Netflix
74,83.74324,178.45963,54.0,54.0,1156.0,0.0,0.03435,0.23924,0.00227,6.96533,76.0,16614.84211,10510.55028,20494.0,21954.0,52614.0,20440.0,0.03336,0.23823,0.00175,7.14206,0.00488,0.49333,0.0,1.0,0.0,0.0,0.03333,0.0,0.47333,3,1.09361,0.0,150,packet,150,Netflix
75,68.69333,126.39683,54.0,54.0,1156.0,0.0,0.03983,0.30984,0.00241,7.77974,75.0,19861.72,15618.15616,19034.0,21954.0,64294.0,18980.0,0.03981,0.31148,0.00241,7.82437,0.00345,0.5,0.0,1.0,0.0,0.0,0.02,0.0,0.48667,2,2.68692,0.0,150,packet,150,Netflix
76,23242.55263,16777.74059,20494.0,33634.0,64294.0,20440.0,0.11278,0.62033,0.00224,5.5003,74.0,98.40541,216.02558,54.0,54.0,1152.0,0.0,0.11583,0.62553,0.00259,5.40018,0.99589,0.50667,0.0,1.0,0.0,0.0,0.06,0.0,0.46667,4,2.72373,0.0,150,packet,150,Netflix
72,54.0,0.0,54.0,54.0,54.0,0.0,0.00253,0.00216,0.00205,0.85065,78.0,20524.08974,15562.34077,21224.0,24874.0,64294.0,21170.0,0.00231,0.00219,0.0019,0.94683,0.00242,0.48,0.0,1.0,0.0,0.0,0.00667,0.0,0.47333,1,0.0,0.0,150,packet,150,Netflix
74,26468.41892,20781.74867,24144.0,39109.0,64294.0,24090.0,0.14626,0.6402,0.0014,4.37705,76.0,111.89474,244.92451,54.0,54.0,1156.0,0.0,0.14234,0.6241,0.0016,4.38452,0.99568,0.49333,0.0,1.0,0.0,0.0,0.08667,0.0,0.48,5,2.57181,0.0,150,packet,150,Netflix
75,54.0,0.0,54.0,54.0,54.0,0.0,0.00178,0.00163,0.00122,0.91363,75.0,20066.52,8290.67567,23414.0,24874.0,45314.0,23360.0,0.00169,0.00152,0.00121,0.89734,0.00268,0.5,0.0,1.0,0.0,0.0,0.00667,0.0,0.49333,1,0.0,0.0,150,packet,150,Netflix
75,27036.92,19744.95576,24874.0,35094.0,64294.0,24820.0,0.90976,5.46889,0.0013,6.01135,75.0,97.93333,215.16129,54.0,54.0,1156.0,0.0,0.70656,5.21185,0.00132,7.3764,0.99639,0.5,0.0,1.0,0.0,0.0,0.08,0.0,0.47333,6,13.4267,0.0,150,packet,150,Netflix
76,21946.55263,15275.73351,21954.0,28159.0,64294.0,21900.0,0.06932,0.34213,0.00122,4.9355,74.0,98.37838,215.89422,54.0,54.0,1152.0,0.0,0.07121,0.3414,0.00127,4.79416,0.99565,0.50667,0.0,1.0,0.0,0.0,0.06667,0.0,0.46667,4,1.65985,0.0,150,packet,150,Netflix
75,97.86667,214.90267,54.0,54.0,1154.0,0.0,0.10841,0.59679,0.00173,5.50485,75.0,29844.72,21572.82288,26334.0,48964.0,64294.0,26280.0,0.1084,0.60254,0.00163,5.55842,0.00327,0.5,0.0,1.0,0.0,0.0,0.07333,0.0,0.47333,4,2.58483,0.0,150,packet,150,Netflix
76,29674.61842,20467.2566,29254.0,46774.0,64294.0,29200.0,0.55179,2.53869,0.00166,4.60082,74.0,113.55405,248.42048,54.0,54.0,1156.0,0.0,0.56657,2.56821,0.00186,4.53288,0.99629,0.50667,0.0,1.0,0.0,0.0,0.08667,0.0,0.46,5,10.26825,0.0,150,packet,150,Netflix
74,98.5,216.48664,54.0,54.0,1156.0,0.0,0.12482,0.76449,0.00147,6.12493,76.0,28703.65789,18147.36193,27794.0,38379.0,64294.0,27740.0,0.08284,0.6845,0.00137,8.2625,0.00333,0.49333,0.0,1.0,0.0,0.0,0.04,0.0,0.46667,3,4.41886,0.0,150,packet,150,Netflix
79,17411.93671,17506.44877,11734.0,29254.0,58454.0,11680.0,0.16032,0.84272,0.00216,5.25635,71.0,132.35211,280.58988,54.0,54.0,1157.0,0.0,0.17857,0.88453,0.00278,4.95338,0.99321,0.52667,0.0,1.0,0.0,0.0,0.12,0.0,0.45333,5,3.02447,0.0,150,packet,150,Netflix
78,17476.4359,13221.13691,16844.0,25969.0,52614.0,16790.0,0.09523,0.55956,0.00169,5.87602,72.0,99.83333,218.9811,54.0,54.0,1156.0,0.0,0.10327,0.57903,0.00167,5.60686,0.99475,0.52,0.0,1.0,0.0,0.0,0.06667,0.0,0.45333,4,2.35176,0.0,150,packet,150,Netflix
81,16067.11111,14112.33537,13194.0,27794.0,58454.0,13140.0,0.01259,0.08404,0.00113,6.67702,69.0,70.04348,130.85055,54.0,54.0,1149.0,0.0,0.01481,0.08892,0.00131,6.00556,0.9963,0.54,0.0,1.0,0.0,0.0,0.03333,0.0,0.44667,2,0.7397,0.0,150,packet,150,Netflix
73,69.0411,127.62793,54.0,54.0,1152.0,0.0,0.00235,0.00264,0.00131,1.12356,77.0,24022.01299,15501.42011,26334.0,29254.0,64294.0,26280.0,0.00201,0.00174,0.00127,0.86538,0.00272,0.48667,0.0,1.0,0.0,0.0,0.02,0.0,0.47333,1,0.0,0.0,150,packet,150,Netflix
78,26528.98718,17305.71362,27794.0,32174.0,64294.0,27740.0,0.02047,0.14647,0.00202,7.15417,72.0,69.40278,128.36966,54.0,54.0,1151.0,0.0,0.02221,0.15045,0.00218,6.77516,0.99759,0.52,0.0,1.0,0.0,0.0,0.04,0.0,0.46667,2,1.27933,0.0,150,packet,150,Netflix
79,30106.16456,20966.34095,30714.0,45314.0,64294.0,30660.0,0.29355,1.6102,0.0014,5.48532,71.0,100.53521,221.55201,54.0,54.0,1156.0,0.0,0.32699,1.69377,0.00143,5.17992,0.99701,0.52667,0.0,1.0,0.0,0.0,0.05333,0.0,0.44667,4,7.54073,0.0,150,packet,150,Netflix
73,129.27397,277.59783,54.0,54.0,1158.0,0.0,0.10828,0.46282,0.00192,4.27445,77.0,30105.5974,22723.39714,29254.0,54074.0,64294.0,29200.0,0.10251,0.45763,0.00152,4.46425,0.00405,0.48667,0.0,1.0,0.0,0.0,0.08667,0.0,0.45333,5,1.86559,0.0,150,packet,150,Netflix
76,30307.06579,22531.97621,24874.0,51519.0,64294.0,24820.0,0.0949,0.44372,0.00152,4.67555,74.0,98.63514,216.32518,54.0,54.0,1152.0,0.0,0.0975,0.44287,0.00174,4.54211,0.99684,0.50667,0.0,1.0,0.0,0.0,0.06667,0.0,0.46667,4,2.23448,0.0,150,packet,150,Netflix
55,2012.41818,2716.98037,55.0,2575.0,11306.0,1.0,19.75674,25.37097,5.56722,1.28417,95.0,333.84211,505.51367,58.0,598.0,1518.0,0.0,11.34962,21.57065,0.00138,1.90056,0.77728,0.36667,0.0,1.0,0.0,0.0,0.24667,0.0,0.6,32,34.36839,0.0,150,packet,150,Netflix
74,35390.52703,24729.75756,34364.0,64294.0,64294.0,34310.0,0.09642,0.39728,0.00091,4.12019,76.0,126.23684,272.21087,54.0,54.0,1156.0,0.0,0.09385,0.38527,0.00101,4.10524,0.99635,0.49333,0.0,1.0,0.0,0.0,0.09333,0.0,0.46667,5,1.65166,0.0,150,packet,150,Netflix
76,29862.82895,24201.90436,21224.0,52614.0,64294.0,21170.0,0.2602,1.31026,0.00161,5.03552,74.0,98.68919,216.5881,54.0,54.0,1154.0,0.0,0.26733,1.32224,0.00215,4.94614,0.99679,0.50667,0.0,1.0,0.0,0.0,0.06,0.0,0.47333,4,6.35559,0.0,150,packet,150,Netflix
75,31654.81333,20848.76908,35094.0,48964.0,64294.0,35040.0,0.10596,0.55325,0.00149,5.22107,75.0,97.81333,214.64101,54.0,54.0,1152.0,0.0,0.10505,0.54996,0.00145,5.23542,0.99692,0.5,0.0,1.0,0.0,0.0,0.06667,0.0,0.47333,4,2.52471,0.0,150,packet,150,Netflix
80,20868.2125,19031.37154,19034.0,31444.0,64294.0,18980.0,0.74913,4.11417,0.00247,5.49193,70.0,133.64286,283.04609,54.0,54.0,1158.0,0.0,0.85757,4.38417,0.00415,5.11231,0.99443,0.53333,0.0,1.0,0.0,0.0,0.1,0.0,0.43333,6,11.71066,0.0,150,packet,150,Netflix
79,30128.10127,21239.45543,27794.0,47504.0,64294.0,27740.0,0.09952,0.44026,0.00134,4.42384,71.0,116.0,253.01723,54.0,54.0,1154.0,0.0,0.10975,0.45984,0.00137,4.18999,0.99655,0.52667,0.0,1.0,0.0,0.0,0.09333,0.0,0.44667,5,1.83749,0.0,150,packet,150,Netflix
75,31273.72,20213.03163,32174.0,43124.0,64294.0,32120.0,0.03952,0.32294,0.00104,8.17116,75.0,68.72,126.62623,54.0,54.0,1158.0,0.0,0.03952,0.3211,0.00098,8.12525,0.99781,0.5,0.0,1.0,0.0,0.0,0.03333,0.0,0.48667,2,2.78289,0.0,150,packet,150,Netflix
78,30499.83333,20826.83065,31444.0,47139.0,64294.0,31390.0,0.0555,0.31745,0.00129,5.71943,72.0,99.75,219.41012,54.0,54.0,1156.0,0.0,0.0602,0.32727,0.0013,5.43607,0.99699,0.52,0.0,1.0,0.0,0.0,0.06,0.0,0.45333,4,1.35575,0.0,150,packet,150,Netflix
73,99.32877,218.13594,54.0,54.0,1156.0,0.0,0.10501,0.51354,0.00138,4.89039,77.0,34299.79221,23737.53694,36554.0,55534.0,64294.0,36500.0,0.09947,0.50386,0.00153,5.06565,0.00274,0.48667,0.0,1.0,0.0,0.0,0.07333,0.0,0.46,4,2.41237,0.0,150,packet,150,Netflix
69,101.84058,224.32143,54.0,54.0,1156.0,0.0,1.16359,6.08455,0.00155,5.22911,81.0,33488.88889,22836.29851,35094.0,58454.0,64294.0,35040.0,0.98904,5.63533,0.00177,5.6978,0.00258,0.46,0.0,1.0,0.0,0.0,0.05333,0.0,0.43333,5,19.65282,0.0,150,packet,150,Netflix
73,114.41096,250.90624,54.0,54.0,1160.0,0.0,0.37673,1.60786,0.00343,4.26796,77.0,27136.98701,18318.38801,24874.0,40934.0,64294.0,24820.0,0.35682,1.57287,0.00309,4.40807,0.00398,0.48667,0.0,1.0,0.0,0.0,0.04667,0.0,0.45333,5,6.68246,0.0,150,packet,150,Netflix
82,39000.45122,25913.35461,51154.0,64294.0,64294.0,51100.0,0.12131,0.82174,0.00094,6.77363,68.0,102.5,225.7555,54.0,54.0,1155.0,0.0,0.14665,0.891,0.00096,6.07585,0.99783,0.54667,0.0,1.0,0.0,0.0,0.06,0.0,0.42667,4,3.14823,0.0,150,packet,150,Netflix
78,27199.25641,20770.69434,24874.0,38014.0,64294.0,24820.0,0.11225,0.53298,0.00151,4.74831,72.0,115.33333,251.43737,54.0,54.0,1156.0,0.0,0.12173,0.54993,0.00202,4.51755,0.9961,0.52,0.0,1.0,0.0,0.0,0.09333,0.0,0.45333,5,2.04826,0.0,150,packet,150,Netflix
79,24396.78481,17094.63942,24874.0,32904.0,64294.0,24820.0,0.08252,0.4989,0.00134,6.04584,71.0,85.08451,181.56462,54.0,54.0,1154.0,0.0,0.09188,0.51629,0.00147,5.61939,0.99688,0.52667,0.0,1.0,0.0,0.0,0.05333,0.0,0.46,3,3.01142,0.0,150,packet,150,Netflix
77,26588.18182,17604.67684,24874.0,36554.0,64294.0,24820.0,0.11802,0.76228,0.00123,6.45872,73.0,99.23288,218.4957,54.0,54.0,1156.0,0.0,0.12457,0.7802,0.00128,6.26303,0.99647,0.51333,0.0,1.0,0.0,0.0,0.06,0.0,0.46,4,2.93262,0.0,150,packet,150,Netflix
76,28033.03947,16186.05872,27794.0,36554.0,64294.0,27740.0,0.05429,0.3146,0.00203,5.79526,74.0,83.75676,178.54062,54.0,54.0,1156.0,0.0,0.05576,0.31608,0.00202,5.66826,0.9971,0.50667,0.0,1.0,0.0,0.0,0.03333,0.0,0.47333,3,1.93669,0.0,150,packet,150,Netflix
72,99.80556,219.67632,54.0,54.0,1156.0,0.0,0.04812,0.35461,0.00102,7.36866,78.0,39459.47436,23965.18616,48234.0,62469.0,64294.0,48180.0,0.04343,0.34271,0.00109,7.89143,0.00233,0.48,0.0,1.0,0.0,0.0,0.05333,0.0,0.45333,2,3.01316,0.0,150,packet,150,Netflix
90,473.77778,1260.67934,55.0,188.75,8791.0,1.0,12.75203,15.86579,0.17165,1.24418,60.0,93.61667,21.19284,108.0,109.0,112.0,50.0,18.98031,16.25581,20.90041,0.85646,0.8836,0.6,0.0,1.0,0.0,0.0,0.57333,0.0,0.34667,46,25.13071,0.0,150,packet,150,Netflix
71,131.71831,281.70823,54.0,54.0,1159.0,0.0,0.21395,0.99765,0.0028,4.66294,79.0,32235.21519,23605.76062,30714.0,57724.0,64294.0,30660.0,0.19198,0.95396,0.00213,4.96894,0.00366,0.47333,0.0,1.0,0.0,0.0,0.08667,0.0,0.43333,5,3.57187,0.0,150,packet,150,Netflix
75,98.21333,215.78819,54.0,54.0,1156.0,0.0,0.20477,1.01529,0.00141,4.95831,75.0,31048.44,22872.21453,27794.0,51884.0,64294.0,27740.0,0.20475,1.02578,0.00152,5.00995,0.00315,0.5,0.0,1.0,0.0,0.0,0.06,0.0,0.47333,4,4.89195,0.0,150,packet,150,Netflix
75,36169.4,26021.71276,43854.0,64294.0,64294.0,43800.0,0.25465,1.25555,0.0015,4.93048,75.0,127.77333,274.12063,54.0,54.0,1156.0,0.0,0.25463,1.25224,0.00128,4.91787,0.99648,0.5,0.0,1.0,0.0,0.0,0.10667,0.0,0.46,6,3.68537,0.0,150,packet,150,Netflix
76,26839.73684,22703.31559,21224.0,49694.0,64294.0,21170.0,0.14489,0.65031,0.0014,4.48827,74.0,131.17568,275.78097,54.0,54.0,1158.0,0.0,0.14886,0.64945,0.0021,4.36273,0.99526,0.50667,0.0,1.0,0.0,0.0,0.09333,0.0,0.45333,6,2.09107,0.0,150,packet,150,Netflix
77,18643.16883,11853.48422,17574.0,21954.0,64294.0,17520.0,0.00426,0.00875,0.00217,2.05264,73.0,69.94521,127.97344,54.0,54.0,1154.0,0.0,0.00449,0.00913,0.00219,2.03533,0.99646,0.51333,0.0,1.0,0.0,0.0,0.02667,0.0,0.47333,1,0.0,0.0,150,packet,150,Netflix
79,20900.58228,14090.14512,19034.0,24874.0,64294.0,18980.0,0.00378,0.00616,0.00188,1.62909,71.0,54.0,0.0,54.0,54.0,54.0,0.0,0.00421,0.00695,0.002,1.6513,0.99768,0.52667,0.0,1.0,0.0,0.0,0.0,0.0,0.46667,1,0.0,0.0,150,packet,150,Netflix
81,23214.54321,17029.91131,20494.0,36554.0,64294.0,20440.0,0.14673,1.26375,0.00192,8.61275,69.0,69.94203,131.46134,54.0,54.0,1154.0,0.0,0.17262,1.36735,0.00192,7.92096,0.99744,0.54,0.0,1.0,0.0,0.0,0.03333,0.0,0.44667,2,11.36437,0.0,150,packet,150,Netflix
79,21950.50633,16269.47437,23414.0,29254.0,64294.0,23360.0,0.07517,0.44933,0.00148,5.97763,71.0,85.16901,182.06143,54.0,54.0,1158.0,0.0,0.08376,0.47085,0.00155,5.62144,0.99652,0.52667,0.0,1.0,0.0,0.0,0.06,0.0,0.46,3,2.78184,0.0,150,packet,150,Netflix
74,54.0,0.0,54.0,54.0,54.0,0.0,0.0022,0.00221,0.00133,1.00137,76.0,26929.06579,13813.45659,27794.0,32174.0,64294.0,27740.0,0.00205,0.00198,0.00129,0.96727,0.00195,0.49333,0.0,1.0,0.0,0.0,0.01333,0.0,0.48667,1,0.0,0.0,150,packet,150,Netflix
80,27861.6375,17906.49512,26334.0,35459.0,64294.0,26280.0,0.05439,0.44019,0.00136,8.09275,70.0,85.37143,182.92537,54.0,54.0,1153.0,0.0,0.06227,0.46848,0.00164,7.52383,0.99733,0.53333,0.0,1.0,0.0,0.0,0.04,0.0,0.44667,3,2.03002,0.0,150,packet,150,Netflix
74,84.06757,178.41618,54.0,54.0,1156.0,0.0,0.07114,0.47486,0.00135,6.67516,76.0,20607.56579,18488.12487,17574.0,28159.0,64294.0,17520.0,0.06943,0.47097,0.00132,6.78352,0.00396,0.49333,0.0,1.0,0.0,0.0,0.04667,0.0,0.47333,3,2.49395,0.0,150,packet,150,Netflix
74,25523.32432,19999.55829,24144.0,33634.0,64294.0,24090.0,0.12021,0.54103,0.00159,4.50083,76.0,112.13158,245.92887,54.0,54.0,1160.0,0.0,0.11699,0.52886,0.00172,4.52052,0.99551,0.49333,0.0,1.0,0.0,0.0,0.08667,0.0,0.47333,5,2.08916,0.0,150,packet,150,Netflix
79,22344.79747,16173.91953,20494.0,35094.0,58454.0,20440.0,0.47991,2.81225,0.00187,5.85995,71.0,146.98592,306.05447,54.0,54.0,1156.0,0.0,0.53473,2.96096,0.00221,5.53731,0.99412,0.52667,0.0,1.0,0.0,0.0,0.10667,0.0,0.42667,7,6.18777,0.0,150,packet,150,Netflix
72,84.61111,181.09778,54.0,54.0,1156.0,0.0,0.03599,0.21881,0.00233,6.07947,78.0,26996.07692,20373.79578,24874.0,43489.0,64294.0,24820.0,0.03316,0.21727,0.00146,6.55136,0.00288,0.48,0.0,1.0,0.0,0.0,0.04,0.0,0.46,3,1.15223,0.0,150,packet,150,Netflix
76,68.40789,124.77603,54.0,54.0,1149.0,0.0,0.02006,0.14279,0.00156,7.1179,74.0,27385.93243,15885.87348,27794.0,31809.0,64294.0,27740.0,0.02058,0.15428,0.00146,7.49534,0.00256,0.50667,0.0,1.0,0.0,0.0,0.03333,0.0,0.49333,2,1.24667,0.0,150,packet,150,Netflix
72,115.11111,251.24405,54.0,54.0,1152.0,0.0,0.06856,0.32952,0.00132,4.80625,78.0,31479.0641,22728.80462,29254.0,55534.0,64294.0,29200.0,0.06313,0.32021,0.00127,5.07219,0.00336,0.48,0.0,1.0,0.0,0.0,0.08,0.0,0.45333,4,1.49334,0.0,150,packet,150,Netflix
77,30172.87013,21374.8229,30714.0,49694.0,64294.0,30660.0,0.93288,5.33268,0.00228,5.71635,73.0,114.26027,250.21958,54.0,54.0,1154.0,0.0,0.98538,5.47083,0.00228,5.55202,0.99642,0.51333,0.0,1.0,0.0,0.0,0.08,0.0,0.45333,6,14.09861,0.0,150,packet,150,Netflix
72,115.11111,251.96757,54.0,54.0,1154.0,0.0,0.87592,4.19109,0.00124,4.78481,78.0,37439.5641,22758.02817,37284.0,64294.0,64294.0,37230.0,0.80764,4.03458,0.0014,4.99554,0.00283,0.48,0.0,1.0,0.0,0.0,0.06,0.0,0.44667,5,15.45567,0.0,150,packet,150,Netflix
78,25170.5,20529.45835,24874.0,37284.0,64294.0,24820.0,0.14696,0.64274,0.00142,4.37361,72.0,115.27778,251.93254,54.0,54.0,1160.0,0.0,0.15936,0.66389,0.00162,4.16609,0.99579,0.52,0.0,1.0,0.0,0.0,0.08667,0.0,0.45333,5,2.75463,0.0,150,packet,150,Netflix
82,24595.59756,21824.90818,19764.0,43854.0,64294.0,19710.0,0.14966,0.87032,0.00117,5.8151,68.0,102.44118,225.48147,54.0,54.0,1153.0,0.0,0.18094,0.951,0.0013,5.25597,0.99656,0.54667,0.0,1.0,0.0,0.0,0.06667,0.0,0.42667,4,3.95332,0.0,150,packet,150,Netflix
72,145.61111,303.84049,54.0,54.0,1156.0,0.0,0.24156,0.90517,0.00161,3.74714,78.0,27335.32051,21336.92503,24144.0,43489.0,64294.0,24090.0,0.22258,0.87542,0.00143,3.933,0.00489,0.48,0.0,1.0,0.0,0.0,0.1,0.0,0.43333,6,3.35627,0.0,150,packet,150,Netflix
72,145.68056,303.47038,54.0,54.0,1154.0,0.0,0.22039,0.79276,0.00086,3.59713,78.0,25288.48718,24557.08799,19034.0,44949.0,64294.0,18980.0,0.20333,0.77311,0.0,3.80219,0.00529,0.48,0.0,1.0,0.0,0.0,0.10667,0.0,0.44,7,2.54176,0.0,150,packet,150,Netflix
77,30894.68831,24972.83554,24874.0,58454.0,64294.0,24820.0,0.23059,1.00687,0.00228,4.36652,73.0,159.47945,323.33015,54.0,54.0,1156.0,0.0,0.2434,1.02834,0.00282,4.22494,0.99513,0.51333,0.0,1.0,0.0,0.0,0.11333,0.0,0.44,7,2.85294,0.0,150,packet,150,Netflix
75,97.93333,215.22864,54.0,54.0,1154.0,0.0,0.09849,0.49619,0.00141,5.03788,75.0,29290.10667,19186.57498,26334.0,41664.0,64294.0,26280.0,0.09848,0.50138,0.00145,5.09103,0.00333,0.5,0.0,1.0,0.0,0.0,0.06,0.0,0.47333,4,2.34412,0.0,150,packet,150,Netflix
74,143.18919,299.66507,54.0,54.0,1154.0,0.0,0.41586,1.90249,0.00182,4.57483,76.0,35373.39474,23045.68494,38014.0,58454.0,64294.0,37960.0,0.40458,1.88559,0.00165,4.66061,0.00393,0.49333,0.0,1.0,0.0,0.0,0.08667,0.0,0.44667,5,7.46037,0.0,150,packet,150,Netflix
78,32795.38462,21479.92252,35094.0,47139.0,64294.0,35040.0,0.06004,0.36591,0.00127,6.09424,72.0,84.51389,180.52354,54.0,54.0,1156.0,0.0,0.06512,0.37797,0.00132,5.80466,0.99763,0.52,0.0,1.0,0.0,0.0,0.05333,0.0,0.46,3,2.20118,0.0,150,packet,150,Netflix
74,83.63514,177.81098,54.0,54.0,1152.0,0.0,0.05839,0.38296,0.00135,6.55854,76.0,26965.92105,17653.41137,25604.0,36554.0,64294.0,25550.0,0.05681,0.38031,0.00133,6.69398,0.00301,0.49333,0.0,1.0,0.0,0.0,0.05333,0.0,0.47333,3,2.04524,0.0,150,packet,150,Netflix
77,31995.44156,18034.38864,30714.0,40934.0,64294.0,30660.0,0.06173,0.42944,0.00121,6.9563,73.0,84.09589,179.3179,54.0,54.0,1156.0,0.0,0.06515,0.43874,0.0012,6.7339,0.99751,0.51333,0.0,1.0,0.0,0.0,0.05333,0.0,0.46667,3,2.23954,0.0,150,packet,150,Netflix
73,129.46575,277.65693,54.0,54.0,1156.0,0.0,0.50068,2.8522,0.00242,5.69668,77.0,35273.4026,23524.63326,40934.0,58454.0,64294.0,40880.0,0.47428,2.78117,0.0017,5.86394,0.00347,0.48667,0.0,1.0,0.0,0.0,0.08667,0.0,0.45333,6,7.13445,0.0,150,packet,150,Netflix
76,112.02632,245.48239,54.0,54.0,1158.0,0.0,0.1647,0.82502,0.00192,5.00908,74.0,35893.66216,23571.82156,37284.0,58454.0,64294.0,37230.0,0.16916,0.83958,0.00156,4.96332,0.0032,0.50667,0.0,1.0,0.0,0.0,0.08667,0.0,0.47333,4,3.98696,0.0,150,packet,150,Netflix
77,31907.90909,22043.98449,29254.0,55534.0,64294.0,29200.0,0.0926,0.47233,0.00133,5.10077,73.0,99.19178,218.29744,54.0,54.0,1156.0,0.0,0.09774,0.48146,0.00135,4.92606,0.99706,0.51333,0.0,1.0,0.0,0.0,0.06,0.0,0.46,4,2.26788,0.0,150,packet,150,Netflix
76,37580.89474,23993.18966,40934.0,64294.0,64294.0,40880.0,1.08743,5.36668,0.00115,4.93521,74.0,158.06757,321.36429,54.0,54.0,1155.0,0.0,1.11721,5.4335,0.00116,4.86345,0.99592,0.50667,0.0,1.0,0.0,0.0,0.10667,0.0,0.44,8,11.59936,0.0,150,packet,150,Netflix
73,144.35616,301.34454,54.0,54.0,1154.0,0.0,0.21718,0.84436,0.00168,3.8879,77.0,32850.18182,22079.28864,38014.0,52614.0,64294.0,37960.0,0.20572,0.82563,0.00181,4.01328,0.00415,0.48667,0.0,1.0,0.0,0.0,0.12,0.0,0.44667,7,2.54259,0.0,150,packet,150,Netflix
73,36930.93151,25920.20957,42394.0,64294.0,64294.0,42340.0,0.31617,1.39763,0.00166,4.42052,77.0,153.87013,315.81728,54.0,54.0,1155.0,0.0,0.29936,1.35834,0.0016,4.53745,0.99562,0.48667,0.0,1.0,0.0,0.0,0.14,0.0,0.46,7,3.71233,0.0,150,packet,150,Netflix
79,30669.87342,22396.01871,27794.0,52614.0,64294.0,27740.0,0.72912,3.09075,0.0016,4.23902,71.0,162.6338,327.91506,54.0,54.0,1159.0,0.0,0.81238,3.24923,0.00181,3.99967,0.99526,0.52667,0.0,1.0,0.0,0.0,0.12667,0.0,0.42667,8,8.06165,0.0,150,packet,150,Netflix
72,84.48611,180.35875,54.0,54.0,1154.0,0.0,0.17199,1.0708,0.00134,6.22586,78.0,28805.60256,19873.30611,27794.0,48234.0,64294.0,27740.0,0.15857,1.03371,0.00127,6.51891,0.0027,0.48,0.0,1.0,0.0,0.0,0.03333,0.0,0.46,4,3.97741,0.0,150,packet,150,Netflix
76,27556.01316,18533.55487,29984.0,36919.0,64294.0,29930.0,0.03812,0.21657,0.00122,5.68153,74.0,98.90541,216.82289,54.0,54.0,1156.0,0.0,0.03916,0.21654,0.00137,5.52911,0.99652,0.50667,0.0,1.0,0.0,0.0,0.07333,0.0,0.47333,3,1.32261,0.0,150,packet,150,Netflix
77,26821.36364,18023.65871,27794.0,36554.0,64294.0,27740.0,0.05998,0.35622,0.0011,5.93895,73.0,99.13699,218.0325,54.0,54.0,1154.0,0.0,0.06329,0.35827,0.0012,5.66098,0.99651,0.51333,0.0,1.0,0.0,0.0,0.06667,0.0,0.46,4,1.4504,0.0,150,packet,150,Netflix
76,82.90789,175.83988,54.0,54.0,1153.0,0.0,0.03649,0.22328,0.00116,6.11906,74.0,28689.14865,19095.27883,26334.0,42029.0,64294.0,26280.0,0.03748,0.23095,0.00126,6.16181,0.00296,0.50667,0.0,1.0,0.0,0.0,0.04667,0.0,0.48667,3,1.26737,0.0,150,packet,150,Netflix
76,25769.86842,14541.52121,27064.0,35459.0,64294.0,27010.0,0.0357,0.2367,0.00116,6.63104,74.0,83.68919,178.13531,54.0,54.0,1154.0,0.0,0.03735,0.23739,0.0012,6.35629,0.99685,0.50667,0.0,1.0,0.0,0.0,0.05333,0.0,0.47333,3,1.27319,0.0,150,packet,150,Netflix
76,37096.59211,24741.88649,32174.0,64294.0,64294.0,32120.0,0.09769,0.42329,0.001,4.33324,74.0,113.59459,248.58969,54.0,54.0,1158.0,0.0,0.10032,0.41632,0.00111,4.15007,0.99703,0.50667,0.0,1.0,0.0,0.0,0.08,0.0,0.46,5,1.7425,0.0,150,packet,150,Netflix
77,39095.49351,26720.84516,51154.0,64294.0,64294.0,51100.0,0.64891,3.98692,4e-05,6.14407,73.0,144.30137,301.75671,54.0,54.0,1155.0,0.0,0.68494,4.08961,0.00071,5.97072,0.99651,0.51333,0.0,1.0,0.0,0.0,0.12667,0.0,0.44,7,8.15593,0.0,150,packet,150,Netflix
15,71.46667,1.2037,71.0,71.0,75.0,29.0,1.0043,1.58486,0.25403,1.57808,17.0,69.29412,9.93369,66.0,66.0,108.0,24.0,0.98719,1.5035,0.25312,1.52301,0.47644,0.46875,0.0,0.0,0.0,0.0,0.0,0.0,0.0,15,1.09346,1.0,32,packet,150,Netflix
3,54.33333,0.4714,54.0,54.5,55.0,0.0,2.71321,2.71308,2.71321,0.99995,2.0,60.0,6.0,60.0,63.0,66.0,0.0,5.42578,0.0,5.42578,0.0,0.57597,0.6,0.0,1.0,0.2,0.2,0.0,0.0,0.2,2,5.41081,0.0,5,packet,150,Netflix
3,54.33333,0.4714,54.0,54.5,55.0,0.0,2.71291,2.71283,2.71291,0.99997,2.0,60.0,6.0,60.0,63.0,66.0,0.0,5.42578,0.0,5.42578,0.0,0.57597,0.6,0.0,1.0,0.2,0.2,0.0,0.0,0.2,2,5.4104,0.0,5,packet,150,Netflix
3,54.33333,0.4714,54.0,54.5,55.0,0.0,2.71345,2.71337,2.71345,0.99997,2.0,60.0,6.0,60.0,63.0,66.0,0.0,5.42578,0.0,5.42578,0.0,0.57597,0.6,0.0,1.0,0.2,0.2,0.0,0.0,0.2,2,5.4115,0.0,5,packet,150,Netflix
3,54.33333,0.4714,54.0,54.5,55.0,0.0,2.71164,2.7116,2.71164,0.99999,2.0,60.0,6.0,60.0,63.0,66.0,0.0,5.42453,0.0,5.42453,0.0,0.57597,0.6,0.0,1.0,0.2,0.2,0.0,0.0,0.2,2,5.41051,0.0,5,packet,150,Netflix
3,54.33333,0.4714,54.0,54.5,55.0,0.0,2.50132,2.50127,2.50132,0.99998,2.0,64.0,6.0,64.0,67.0,70.0,0.0,4.99959,0.0,4.99959,0.0,0.56014,0.6,0.0,1.0,0.2,0.2,0.0,0.0,0.2,2,4.96679,0.0,5,packet,150,Netflix
3,54.33333,0.4714,54.0,54.5,55.0,0.0,2.5014,2.50127,2.5014,0.99995,2.0,64.0,6.0,64.0,67.0,70.0,0.0,5.00139,0.0,5.00139,0.0,0.56014,0.6,0.0,1.0,0.2,0.2,0.0,0.0,0.2,2,4.96701,0.0,5,packet,150,Netflix
3,54.33333,0.4714,54.0,54.5,55.0,0.0,2.50108,2.50103,2.50108,0.99998,2.0,64.0,6.0,64.0,67.0,70.0,0.0,4.99959,0.0,4.99959,0.0,0.56014,0.6,0.0,1.0,0.2,0.2,0.0,0.0,0.2,2,4.96649,0.0,5,packet,150,Netflix
3,54.33333,0.4714,54.0,54.5,55.0,0.0,2.48012,2.48005,2.48012,0.99997,2.0,64.0,6.0,64.0,67.0,70.0,0.0,4.95885,0.0,4.95885,0.0,0.56014,0.6,0.0,1.0,0.2,0.2,0.0,0.0,0.2,2,4.92496,0.0,5,packet,150,Netflix
30,71.3,0.9363,71.0,71.0,75.0,29.0,0.96429,1.38453,0.25302,1.4358,32.0,112.78125,248.18337,66.0,68.0,1494.0,24.0,0.96432,1.35931,0.25274,1.40961,0.37213,0.48387,0.0,0.0,0.0,0.0,0.0,0.0,0.0,29,1.03161,1.0,62,packet,150,Netflix
15,121.53333,106.61761,55.0,168.5,472.0,1.0,9.99386,14.55313,0.69247,1.45621,11.0,89.27273,20.21741,105.0,106.5,109.0,47.0,13.98214,15.58389,9.13404,1.11456,0.64991,0.57692,0.0,1.0,0.0,0.0,0.53846,0.0,0.34615,8,19.88533,0.0,26,packet,150,Netflix
2,54.0,0.0,54.0,54.0,54.0,0.0,0.00012,0.0,0.00012,0.0,1.0,54.0,0.0,54.0,54.0,54.0,0.0,0.0,0.0,0.0,0.0,0.66667,0.66667,0.0,1.0,0.33333,0.33333,0.0,0.0,0.0,1,0.0,0.0,3,packet,150,Netflix
42,250.38095,309.03498,55.0,739.0,739.0,1.0,26.76884,29.43253,17.47451,1.09951,45.0,561.44444,591.7523,70.0,639.0,1518.0,0.0,24.94268,27.09152,13.06787,1.08615,0.2939,0.48276,0.0,1.0,0.02299,0.0,0.26437,0.0,0.48276,31,36.53935,0.0,87,packet,150,Netflix
2,54.0,0.0,54.0,54.0,54.0,0.0,0.0461,0.0,0.0461,0.0,1.0,58.0,0.0,58.0,58.0,58.0,0.0,0.0,0.0,0.0,0.0,0.6506,0.66667,0.0,1.0,0.66667,0.0,0.0,0.0,0.0,1,0.0,0.0,3,packet,150,Netflix
27,614.2963,759.69891,89.0,1514.0,2674.0,35.0,0.80312,2.04452,0.00135,2.54572,18.0,2867.0,3360.11633,2085.0,5168.0,13198.0,2027.0,1.22868,4.87831,0.00124,3.97038,0.24323,0.6,0.0,1.0,0.0,0.02222,0.6,0.0,0.46667,10,2.29905,0.0,45,packet,150,Netflix
65,10336.33846,12471.59755,2974.0,17574.0,45314.0,2920.0,0.53492,1.25433,0.00433,2.34488,70.0,211.6,345.15737,54.0,66.0,1148.0,0.0,0.49611,1.06527,0.00776,2.14722,0.97843,0.48148,0.0,1.0,0.01481,0.00741,0.25185,0.0,0.59259,24,1.47095,0.0,135,packet,150,Netflix
58,28626.41379,21403.98056,24874.0,47504.0,64294.0,24820.0,0.1557,0.60128,0.00517,3.86171,53.0,55.35849,3.80216,54.0,54.0,66.0,0.0,0.17069,0.62427,0.0058,3.6574,0.99824,0.52252,0.0,1.0,0.00901,0.00901,0.00901,0.0,0.5045,8,1.19998,0.0,111,packet,150,Netflix
12,1218.16667,351.00946,1324.0,1324.0,1324.0,1270.0,2.97904,1.51999,3.99223,0.51023,15.0,350.8,472.28737,66.0,600.0,1134.0,0.0,2.26144,1.66977,2.48365,0.73837,0.73531,0.44444,0.0,1.0,0.0,0.03704,0.55556,0.0,0.88889,16,2.18438,0.0,27,packet,150,Netflix
38,80.60526,64.8608,70.0,70.0,473.0,0.0,35.66638,20.10901,45.05127,0.56381,32.0,60.03125,10.55487,55.0,55.0,82.0,1.0,42.5665,13.75787,45.05325,0.32321,0.61457,0.54286,0.0,1.0,0.0,0.0,0.18571,0.0,0.7,32,42.52085,0.0,70,packet,150,Netflix
5,54.6,0.4899,55.0,55.0,55.0,1.0,28.69359,18.53813,34.85955,0.64607,5.0,65.2,5.87878,70.0,70.0,70.0,0.0,28.69296,18.52323,34.83595,0.64557,0.45576,0.5,0.0,1.0,0.2,0.0,0.0,0.0,0.6,4,38.21152,0.0,10,packet,150,Netflix
3,55.0,0.0,55.0,55.0,55.0,1.0,45.04982,0.00249,45.04982,6e-05,3.0,70.0,0.0,70.0,70.0,70.0,0.0,45.04975,0.00243,45.04975,5e-05,0.44,0.5,0.0,1.0,0.0,0.0,0.0,0.0,0.66667,3,45.00317,0.0,6,packet,150,Netflix
6,54.5,0.5,54.5,55.0,55.0,0.5,23.00642,20.09419,24.62864,0.87342,5.0,65.2,5.87878,70.0,70.0,70.0,0.0,28.75755,18.40798,34.8125,0.64011,0.50077,0.54545,0.0,1.0,0.27273,0.0,0.0,0.0,0.63636,5,28.72422,0.0,11,packet,150,Netflix
5,54.6,0.4899,55.0,55.0,55.0,1.0,28.49848,18.67283,34.37943,0.65522,5.0,65.2,5.87878,70.0,70.0,70.0,0.0,28.49938,18.63541,34.27332,0.65389,0.45576,0.5,0.0,1.0,0.2,0.0,0.0,0.0,0.6,8,16.31078,0.0,10,packet,150,Netflix
1,55.0,0.0,55.0,55.0,55.0,1.0,0.0,0.0,0.0,0.0,2.0,60.0,6.0,60.0,63.0,66.0,0.0,33.04092,0.0,33.04092,0.0,0.31429,0.33333,0.0,1.0,0.0,0.33333,0.0,0.0,0.33333,2,33.04092,0.0,3,packet,150,Netflix
4,54.5,0.5,54.5,55.0,55.0,0.5,25.89447,18.97594,32.59092,0.73282,3.0,66.0,5.65685,70.0,70.0,70.0,0.0,38.82039,6.23172,38.82039,0.16053,0.52404,0.57143,0.0,1.0,0.28571,0.0,0.0,0.0,0.42857,3,38.77874,0.0,7,packet,150,Netflix
4,54.5,0.5,54.5,55.0,55.0,0.5,25.87965,18.9678,32.55094,0.73292,3.0,66.0,5.65685,70.0,70.0,70.0,0.0,38.79824,6.24668,38.79824,0.161,0.52404,0.57143,0.0,1.0,0.28571,0.0,0.0,0.0,0.42857,3,38.75551,0.0,7,packet,150,Netflix
11,3728.18182,5705.8984,1514.0,1514.0,16460.0,1460.0,1.91746,2.02747,0.9112,1.05737,3.0,58.0,2.82843,60.0,60.0,60.0,6.0,10.23223,4.7709,10.23223,0.46626,0.99578,0.78571,0.0,1.0,0.0,0.07143,0.64286,0.0,0.5,10,3.79745,0.0,14,packet,150,Netflix
31,71.6129,1.65933,71.0,71.0,77.0,29.0,0.93294,1.29652,0.24952,1.38971,33.0,112.93939,244.26103,68.0,70.0,1494.0,26.0,0.92487,1.26969,0.26031,1.37283,0.3733,0.48438,0.0,0.0,0.0,0.0,0.0,0.0,0.0,28,1.06148,1.0,64,packet,150,Netflix
9,8870.0,18052.36775,1514.0,1514.0,58454.0,1460.0,1.08888,1.23616,0.56677,1.13526,10.0,495.6,531.06745,66.0,1146.0,1146.0,0.0,0.9658,1.04761,0.32629,1.0847,0.94155,0.47368,0.0,1.0,0.10526,0.05263,0.26316,0.0,0.63158,9,1.0823,0.0,19,packet,150,Netflix
36,9507.75,15061.70498,1514.0,14654.0,58454.0,1460.0,0.33501,1.53065,0.0,4.56901,27.0,334.0,473.28638,54.0,594.0,1134.0,0.0,0.4507,0.847,0.00704,1.87931,0.97433,0.57143,0.0,1.0,0.03175,0.01587,0.14286,0.0,0.4127,9,1.44869,0.0,63,packet,150,Netflix
16,108.0625,209.1251,54.0,54.0,918.0,0.0,4.37696,11.53098,0.00258,2.63447,16.0,9941.375,12041.1881,1024.0,24874.0,32174.0,970.0,4.37705,11.53407,0.00108,2.63512,0.01075,0.5,0.0,1.0,0.0625,0.03125,0.125,0.0,0.4375,4,21.86417,0.0,32,packet,150,Netflix
7,54.14286,0.34993,54.0,54.0,55.0,0.0,2.75994,5.49019,0.03009,1.98925,6.0,60.0,9.16515,54.0,63.0,78.0,0.0,3.31222,5.85262,0.06033,1.76698,0.51286,0.53846,0.0,1.0,0.15385,0.07692,0.07692,0.0,0.46154,3,8.24139,0.0,13,packet,150,Netflix
6,54.16667,0.37268,54.0,54.0,55.0,0.0,3.30879,5.85605,0.01613,1.76984,6.0,60.0,9.16515,54.0,63.0,78.0,0.0,3.30974,5.85,0.01605,1.76751,0.47445,0.5,0.0,1.0,0.16667,0.08333,0.08333,0.0,0.41667,3,8.25752,0.0,12,packet,150,Netflix
11,64.54545,22.04278,55.0,55.0,125.0,1.0,34.71737,33.0642,34.9132,0.95238,12.0,71.91667,16.32206,70.0,70.0,114.0,0.0,31.56103,33.07033,24.77286,1.04782,0.45137,0.47826,0.0,1.0,0.08696,0.0,0.17391,0.0,0.6087,8,49.54886,0.0,23,packet,150,Netflix
13,109.23077,120.60626,55.0,89.0,478.0,1.0,28.91295,49.31884,3.44162,1.70577,15.0,87.93333,54.98299,70.0,79.5,266.0,0.0,24.78236,46.76232,0.07736,1.88692,0.51844,0.46429,0.0,1.0,0.07143,0.0,0.28571,0.0,0.53571,7,57.75668,0.0,28,packet,150,Netflix
15,145.2,161.18652,54.0,163.5,627.0,0.0,4.53201,8.73986,0.16203,1.92847,15.0,271.13333,381.57671,85.0,369.0,1514.0,31.0,4.52935,8.74186,0.13754,1.93005,0.34876,0.5,0.0,1.0,0.06667,0.0,0.43333,0.0,0.36667,8,9.04185,0.0,30,packet,150,Netflix
52,19308.59615,17970.65999,12464.0,30714.0,64294.0,12410.0,0.16858,0.61234,0.00277,3.63221,50.0,120.88,258.68441,54.0,54.0,1146.0,0.0,0.17544,0.62315,0.00439,3.55186,0.99402,0.5098,0.0,1.0,0.0098,0.0098,0.09804,0.0,0.4902,8,1.16645,0.0,102,packet,150,Netflix
37,23194.94595,20309.82457,24874.0,33634.0,64294.0,24820.0,0.23882,0.76867,0.0042,3.21861,35.0,143.8,292.76727,54.0,54.0,1149.0,0.0,0.25271,0.78161,0.01022,3.09286,0.99417,0.51389,0.0,1.0,0.01389,0.01389,0.11111,0.0,0.43056,5,1.99075,0.0,72,packet,150,Netflix
34,272.23529,428.60561,54.0,54.0,1114.0,0.0,0.80297,2.16652,0.00138,2.69813,28.0,19225.57143,18946.539,15384.0,24874.0,64294.0,15330.0,0.98197,4.9986,0.0012,5.09036,0.0169,0.54839,0.0,1.0,0.0,0.01613,0.14516,0.0,0.51613,9,3.30671,0.0,62,packet,150,Netflix
28,71.5,1.23924,71.0,71.0,75.0,29.0,0.90706,1.42842,0.24189,1.57478,28.0,118.25,264.77182,66.0,68.25,1494.0,24.0,0.90701,1.42499,0.24753,1.57109,0.37681,0.5,0.0,0.0,0.0,0.0,0.0,0.0,0.0,24,1.02714,1.0,56,packet,150,Netflix
17,27636.29412,22236.95201,20494.0,58454.0,58454.0,20440.0,0.6345,1.06213,0.07122,1.67395,17.0,55.41176,3.86628,54.0,54.0,66.0,0.0,0.63449,1.05936,0.07141,1.66962,0.998,0.5,0.0,1.0,0.02941,0.02941,0.02941,0.0,0.47059,8,1.41505,0.0,34,packet,150,Netflix
5,54.2,0.4,54.0,54.0,55.0,0.0,3.83463,6.47483,0.1453,1.68852,4.0,63.0,9.94987,60.0,69.0,78.0,0.0,5.11356,6.98734,0.29236,1.36643,0.51816,0.55556,0.0,1.0,0.22222,0.11111,0.11111,0.0,0.33333,3,7.63567,0.0,9,packet,150,Netflix
7,992.57143,383.17018,1149.0,1149.0,1149.0,1095.0,1.33467,1.12556,0.91064,0.84332,1.0,60.0,0.0,60.0,60.0,60.0,6.0,0.0,0.0,0.0,0.0,0.99144,0.875,0.0,1.0,0.125,0.0,0.75,0.0,0.625,7,1.33467,0.0,8,packet,150,Netflix
42,220.52381,373.28881,54.0,54.0,1149.0,0.0,0.28591,0.8849,0.00272,3.09505,43.0,11662.06977,9746.81739,10274.0,19034.0,38014.0,10220.0,0.27879,1.25665,0.00125,4.50749,0.01813,0.49412,0.0,1.0,0.02353,0.01176,0.15294,0.0,0.44706,7,1.91096,0.0,85,packet,150,Netflix
29,281.48276,517.53485,54.0,66.0,2164.0,0.0,0.38924,0.80172,0.01568,2.05969,32.0,13213.09375,16574.13622,5164.0,19034.0,55534.0,5110.0,0.35128,0.87042,0.00265,2.47785,0.01894,0.47541,0.03279,0.98361,0.03279,0.01639,0.16393,0.0,0.42623,8,1.50814,0.0,61,packet,150,Netflix
19,229.36842,522.97048,54.0,66.0,2196.0,0.0,0.51964,1.05143,0.02341,2.0234,24.0,14881.29167,18534.63155,4434.0,26699.0,55534.0,4380.0,0.40627,0.95705,0.00543,2.35568,0.01206,0.44186,0.04651,0.97674,0.02326,0.02326,0.11628,0.0,0.34884,5,2.25926,0.0,43,packet,150,Netflix
6,22684.0,22057.5996,13924.0,39109.0,58454.0,13870.0,1.63674,1.46223,2.107,0.89338,6.0,58.0,5.65685,54.0,63.0,66.0,0.0,1.63679,1.45273,2.10705,0.88755,0.99745,0.5,0.0,1.0,0.08333,0.08333,0.0,0.0,0.33333,4,2.72116,0.0,12,packet,150,Netflix
13,587.76923,827.0408,153.0,660.0,2974.0,99.0,3.77713,12.44642,0.00259,3.2952,13.0,326.30769,570.36525,55.0,146.0,2115.0,1.0,3.77309,12.44743,0.00559,3.299,0.64302,0.5,0.03846,1.0,0.0,0.0,0.53846,0.0,0.26923,2,45.00874,0.0,26,packet,150,Netflix
50,9460.36,8448.43353,8814.0,14654.0,42394.0,8760.0,0.19679,0.69043,0.00125,3.50851,52.0,203.78846,374.39841,54.0,66.0,1153.0,0.0,0.18903,0.55026,0.00163,2.91098,0.97809,0.4902,0.0,1.0,0.01961,0.0098,0.16667,0.0,0.57843,12,0.8453,0.0,102,packet,150,Netflix
53,317.84906,502.03922,54.0,66.0,2132.0,0.0,0.50527,1.67725,0.02881,3.31953,58.0,20570.44828,20239.63033,14654.0,39474.0,58454.0,14600.0,0.46098,3.31028,0.00316,7.18103,0.01392,0.47748,0.01802,0.99099,0.0,0.00901,0.18919,0.0,0.3964,9,3.15213,0.0,111,packet,150,Netflix
61,145.0,352.19927,54.0,54.0,2164.0,0.0,0.15264,0.56785,0.01553,3.72023,80.0,20343.4,20870.0471,13194.0,38014.0,64294.0,13140.0,0.11581,0.50083,0.00288,4.32471,0.00541,0.43262,0.01418,0.99291,0.00709,0.00709,0.07092,0.0,0.41135,9,1.00062,0.0,141,packet,150,Netflix
19,459.52632,529.65583,54.0,1153.0,1153.0,0.0,0.88138,1.57846,0.04746,1.7909,20.0,18623.0,15550.58765,17574.0,38014.0,40934.0,17520.0,0.83547,3.17018,0.00158,3.79447,0.0229,0.48718,0.0,1.0,0.05128,0.02564,0.23077,0.0,0.46154,9,1.96437,0.0,39,packet,150,Netflix
6,54.16667,0.37268,54.0,54.0,55.0,0.0,4.01978,5.80886,0.01546,1.44507,6.0,60.0,9.16515,54.0,63.0,78.0,0.0,4.02009,5.80432,0.01559,1.44383,0.47445,0.5,0.0,1.0,0.16667,0.08333,0.08333,0.0,0.41667,3,10.03473,0.0,12,packet,150,Netflix
70,14278.57143,11027.41424,16114.0,18669.0,55534.0,16060.0,0.00373,0.01189,0.00118,3.19175,74.0,154.55405,311.09137,54.0,54.0,1117.0,0.0,0.20933,0.88604,0.00133,4.23265,0.98869,0.48611,0.0,1.0,0.0,0.0,0.04861,0.0,0.50694,8,2.14638,0.0,144,packet,150,Netflix
72,70.09722,128.55308,54.0,54.0,1153.0,0.0,0.1182,0.51466,0.0024,4.35421,75.0,13657.58667,9820.23496,11734.0,21224.0,43854.0,11680.0,0.11347,0.50575,0.00227,4.45727,0.0049,0.4898,0.0,1.0,0.0068,0.0068,0.02041,0.0,0.4966,7,1.33102,0.0,147,packet,150,Netflix
24,328.75,475.88096,54.0,328.75,1153.0,0.0,0.67257,1.62866,0.01431,2.42156,21.0,25340.2381,20519.53858,21954.0,40934.0,58454.0,21900.0,0.7741,3.34715,0.00181,4.3239,0.01461,0.53333,0.0,1.0,0.02222,0.0,0.17778,0.0,0.46667,8,2.185,0.0,45,packet,150,Netflix
9,9138.44444,14151.50649,1514.0,11734.0,46774.0,1460.0,0.9872,1.23494,0.50641,1.25095,7.0,60.85714,5.93846,66.0,66.0,66.0,0.0,1.30726,1.26985,0.8683,0.97139,0.99485,0.5625,0.0,1.0,0.0625,0.0625,0.0,0.0,0.4375,6,1.56592,0.0,16,packet,150,Netflix
59,20807.50847,16992.47149,19034.0,31444.0,64294.0,18980.0,0.27316,1.99425,0.00228,7.30058,59.0,202.9322,376.03587,54.0,54.0,1153.0,0.0,0.27293,1.07832,0.00302,3.95086,0.99034,0.5,0.0,1.0,0.00847,0.0,0.11017,0.0,0.45763,8,2.18793,0.0,118,packet,150,Netflix
40,54.6,2.61534,54.0,54.0,66.0,0.0,0.25896,0.89609,0.00248,3.4604,42.0,14063.04762,12223.79039,11734.0,16114.0,64294.0,11680.0,0.24638,0.87724,0.00242,3.56053,0.00368,0.4878,0.0,1.0,0.0122,0.0122,0.0,0.0,0.46341,4,3.30615,0.0,82,packet,150,Netflix
58,73.36207,143.01829,54.0,54.0,1153.0,0.0,0.18194,0.77007,0.00173,4.23255,63.0,15976.88889,13503.54543,13194.0,20494.0,64294.0,13140.0,0.16703,0.73917,0.00152,4.42535,0.00421,0.47934,0.0,1.0,0.00826,0.00826,0.02479,0.0,0.45455,4,3.32193,0.0,121,packet,150,Netflix
5,15530.0,21706.42449,5894.0,10274.0,58454.0,5840.0,1.48791,1.48687,1.43546,0.9993,4.0,60.0,6.0,60.0,66.0,66.0,0.0,1.98197,1.39394,2.8677,0.70331,0.99692,0.55556,0.0,1.0,0.11111,0.11111,0.0,0.0,0.33333,3,2.9659,0.0,9,packet,150,Netflix
6,11331.33333,23693.22496,1030.0,1514.0,64294.0,976.0,1.49907,1.36579,1.54108,0.91109,7.0,526.28571,538.43947,66.0,1148.0,1148.0,0.0,1.24737,1.19978,0.89975,0.96185,0.9486,0.46154,0.0,1.0,0.15385,0.07692,0.30769,0.0,0.53846,6,1.49131,0.0,13,packet,150,Netflix
4,60.0,6.0,60.0,66.0,66.0,0.0,2.00881,1.49626,2.34477,0.74485,3.0,25360.66667,27761.33682,10274.0,37284.0,64294.0,10220.0,1.8408,1.8408,1.8408,1.0,0.00314,0.57143,0.0,1.0,0.14286,0.14286,0.0,0.0,0.28571,3,2.99731,0.0,7,packet,150,Netflix
10,171.0,347.01844,54.0,54.0,1212.0,0.0,1.37074,1.54854,0.41851,1.12972,10.0,27546.8,22343.94993,23414.0,51519.0,58454.0,23360.0,1.08742,1.54427,0.29634,1.42012,0.00617,0.5,0.0,1.0,0.05,0.05,0.1,0.0,0.35,8,1.75929,0.0,20,packet,150,Netflix
68,23114.61765,20306.2215,16114.0,36554.0,64294.0,16060.0,0.132,0.54035,0.00302,4.09355,52.0,54.92308,3.19763,54.0,54.0,66.0,0.0,0.17342,0.60975,0.0032,3.516,0.99819,0.56667,0.0,1.0,0.00833,0.00833,0.05,0.0,0.40833,6,1.59296,0.0,120,packet,150,Netflix
15,554.86667,525.84128,66.0,1117.0,1117.0,0.0,20.94416,68.96146,0.66722,3.29264,7.0,1305.42857,510.89357,1514.0,1514.0,1514.0,1460.0,48.83665,107.23677,0.56064,2.19583,0.47666,0.68182,0.0,1.0,0.0,0.04545,0.31818,0.0,0.72727,15,20.944,0.0,22,packet,150,Netflix
30,166.96667,424.97941,54.0,66.0,2196.0,0.0,0.32719,0.74722,0.01627,2.28375,33.0,22010.15152,23020.67262,13194.0,33634.0,64294.0,13140.0,0.2961,0.71953,0.01472,2.43002,0.00685,0.47619,0.03175,0.98413,0.01587,0.01587,0.09524,0.0,0.46032,10,1.01152,0.0,63,packet,150,Netflix
33,351.84848,544.49677,54.0,118.0,2132.0,0.0,0.36787,0.83514,0.01335,2.2702,28.0,18877.60714,20086.6965,11734.0,27794.0,64294.0,11680.0,0.43606,2.05167,0.00301,4.705,0.02149,0.54098,0.03279,0.98361,0.01639,0.0,0.19672,0.0,0.4918,10,1.26938,0.0,61,packet,150,Netflix
39,223.38462,397.24213,54.0,54.0,1155.0,0.0,0.35148,1.09231,0.0021,3.10777,41.0,14854.82927,11951.98545,13194.0,26334.0,45314.0,13140.0,0.33411,1.83886,0.0018,5.50383,0.0141,0.4875,0.0,1.0,0.025,0.0125,0.0875,0.0,0.475,8,1.89268,0.0,80,packet,150,Netflix
33,20022.24242,14967.52483,16114.0,29254.0,64294.0,16060.0,0.0029,0.00391,0.00197,1.34908,35.0,243.08571,415.70198,54.0,54.0,1157.0,0.0,0.17046,0.47626,0.00231,2.79394,0.98729,0.48529,0.0,1.0,0.0,0.0,0.10294,0.0,0.5,7,0.95053,0.0,68,packet,150,Netflix
29,25433.58621,28199.28182,7354.0,59914.0,64294.0,7300.0,0.36751,0.86725,0.01584,2.3598,32.0,263.4375,428.32187,54.0,66.0,1155.0,0.0,0.33158,0.80224,0.01639,2.41949,0.9887,0.47541,0.0,1.0,0.03279,0.01639,0.16393,0.0,0.60656,13,0.8289,0.0,61,packet,150,Netflix
46,316.3913,515.23416,54.0,63.0,2196.0,0.0,0.28769,0.80641,0.00387,2.80304,43.0,14897.23256,13443.04898,14654.0,26334.0,43854.0,14600.0,0.3082,1.79096,0.0015,5.811,0.02222,0.51685,0.02247,0.98876,0.01124,0.0,0.19101,0.0,0.44944,9,1.58255,0.0,89,packet,150,Netflix
15,623.0,532.30342,1117.0,1117.0,1148.0,1063.0,1.4782,2.60212,0.26842,1.76033,10.0,20397.8,18395.53347,22684.0,31444.0,58454.0,22630.0,2.29945,6.49493,0.00423,2.82456,0.04381,0.6,0.0,1.0,0.0,0.04,0.36,0.0,0.48,9,2.5818,0.0,25,packet,150,Netflix
22,393.63636,497.21438,54.0,1117.0,1148.0,0.0,0.93525,3.06653,0.00577,3.27883,16.0,20229.5625,15940.55846,22684.0,29254.0,58454.0,22630.0,1.30937,4.88931,0.00151,3.73409,0.02606,0.57895,0.0,1.0,0.0,0.02632,0.23684,0.0,0.5,8,2.79818,0.0,38,packet,150,Netflix
29,321.2069,466.96521,54.0,66.0,1155.0,0.0,0.36542,1.32923,0.01754,3.63757,25.0,18384.8,21719.57684,7354.0,32174.0,64294.0,7300.0,0.42565,1.57863,0.00525,3.70872,0.01986,0.53704,0.0,1.0,0.01852,0.01852,0.31481,0.0,0.61111,11,0.99484,0.0,54,packet,150,Netflix
46,193.73913,360.07085,54.0,54.0,1155.0,0.0,0.44912,1.86003,0.00302,4.1415,47.0,15104.80851,15078.42196,10274.0,26334.0,58454.0,10220.0,0.43934,2.92367,0.00138,6.6547,0.0124,0.49462,0.0,1.0,0.0,0.01075,0.09677,0.0,0.47312,7,3.33939,0.0,93,packet,150,Netflix
52,20889.34615,18456.13211,14654.0,27794.0,64294.0,14600.0,0.2956,1.84114,0.00209,6.22846,52.0,159.0,321.9239,54.0,54.0,1146.0,0.0,0.2954,0.98133,0.00229,3.32209,0.99245,0.5,0.0,1.0,0.01923,0.00962,0.06731,0.0,0.49038,7,2.46256,0.0,104,packet,150,Netflix
49,303.65306,503.43549,54.0,66.0,2196.0,0.0,2.92595,10.41345,0.04893,3.55899,42.0,20143.78571,24196.92214,5894.0,44219.0,64294.0,5840.0,3.42538,17.46566,0.00216,5.09889,0.01728,0.53846,0.13187,0.87912,0.03297,0.02198,0.1978,0.0,0.45055,21,6.99282,0.0,91,packet,150,Netflix
17,21034.82353,18954.76036,19034.0,32174.0,58454.0,18980.0,0.7549,2.53703,0.00216,3.36074,18.0,479.44444,533.32284,54.0,1148.0,1148.0,0.0,0.70984,1.03486,0.01732,1.45788,0.97644,0.48571,0.0,1.0,0.05714,0.02857,0.25714,0.0,0.48571,9,1.50053,0.0,35,packet,150,Netflix
23,71.56522,1.27947,71.0,71.0,75.0,29.0,1.2371,1.63942,0.36837,1.32521,25.0,125.68,279.42938,66.0,68.0,1494.0,24.0,1.20822,1.58903,0.37177,1.31519,0.34378,0.47917,0.0,0.0,0.0,0.0,0.0,0.0,0.0,21,1.41335,1.0,48,packet,150,Netflix
15,565.93333,547.27975,54.0,1151.0,1151.0,0.0,0.92473,1.19422,0.27064,1.29142,13.0,14553.69231,15077.88049,8814.0,21954.0,45314.0,8760.0,1.07978,3.1323,0.00218,2.90087,0.04294,0.53571,0.0,1.0,0.07143,0.03571,0.32143,0.0,0.5,9,1.61268,0.0,28,packet,150,Netflix
41,268.09756,434.8343,54.0,54.0,1153.0,0.0,0.25625,0.67947,0.00208,2.65156,57.0,11332.49123,14699.72597,1514.0,20494.0,43854.0,1460.0,0.18288,1.15371,0.00026,6.30867,0.01673,0.41837,0.0,1.0,0.02041,0.0102,0.11224,0.0,0.39796,9,1.26446,0.0,98,packet,150,Netflix
15,564.53333,545.78309,54.0,1148.0,1148.0,0.0,0.75312,0.9852,0.27694,1.30816,12.0,22149.66667,22777.56236,19764.0,28524.0,64294.0,19710.0,0.95965,2.57223,0.0019,2.6804,0.03088,0.55556,0.0,1.0,0.07407,0.03704,0.2963,0.0,0.51852,9,1.30467,0.0,27,packet,150,Netflix
9,60.66667,5.96285,66.0,66.0,66.0,0.0,1.00975,1.92864,0.29328,1.91002,9.0,9300.66667,11659.70459,1514.0,16114.0,32174.0,1460.0,1.0077,1.93596,0.29327,1.92116,0.00648,0.5,0.0,1.0,0.05556,0.05556,0.0,0.0,0.55556,7,1.33305,0.0,18,packet,150,Netflix
60,7583.86667,14719.7828,1514.0,3339.0,64294.0,1460.0,0.16727,1.08125,0.0,6.46407,44.0,202.40909,373.51733,54.0,54.0,1148.0,0.0,0.22912,0.66439,0.00048,2.89981,0.9808,0.57692,0.0,1.0,0.01923,0.00962,0.08654,0.0,0.40385,7,1.61938,0.0,104,packet,150,Netflix
30,421.06667,581.70697,54.0,1157.0,2164.0,0.0,0.38495,0.79912,0.01618,2.07589,27.0,15361.44444,17784.56372,10274.0,24874.0,64294.0,10220.0,0.42932,1.82732,0.00407,4.25634,0.02956,0.52632,0.03509,0.98246,0.03509,0.01754,0.24561,0.0,0.47368,9,1.36943,0.0,57,packet,150,Netflix
33,319.27273,468.94047,54.0,54.0,1150.0,0.0,0.36908,0.8042,0.00473,2.17895,31.0,15780.3871,12344.72385,16114.0,21954.0,43854.0,16060.0,0.39364,1.82508,0.00296,4.63638,0.02108,0.51562,0.0,1.0,0.03125,0.01562,0.1875,0.0,0.48438,9,1.4574,0.0,64,packet,150,Netflix
65,205.46154,377.83395,54.0,54.0,1157.0,0.0,0.20425,0.65767,0.00258,3.21991,71.0,17335.74648,18421.72376,10274.0,27794.0,64294.0,10220.0,0.18679,1.32965,0.0021,7.11851,0.01073,0.47794,0.0,1.0,0.01471,0.00735,0.10294,0.0,0.45588,10,1.42495,0.0,136,packet,150,Netflix
13,19514.15385,20732.37094,17574.0,20494.0,64294.0,17520.0,0.93475,2.63552,0.00186,2.8195,16.0,532.5,541.06354,60.0,1146.0,1146.0,0.0,0.74784,0.99184,0.2349,1.32628,0.96751,0.44828,0.0,1.0,0.06897,0.03448,0.31034,0.0,0.51724,9,1.38733,0.0,29,packet,150,Netflix
31,17222.16129,12681.90383,19034.0,24874.0,40934.0,18980.0,0.44807,2.08392,0.00206,4.6509,32.0,326.4375,471.90908,54.0,319.0,1148.0,0.0,0.43336,0.94795,0.00448,2.18745,0.98081,0.49206,0.0,1.0,0.03175,0.01587,0.20635,0.0,0.46032,9,1.65904,0.0,63,packet,150,Netflix
70,11574.34286,11904.34871,5164.0,21589.0,46774.0,5110.0,0.13364,0.99125,0.00119,7.41734,69.0,164.7971,329.7645,54.0,54.0,1151.0,0.0,0.13536,0.51284,0.00134,3.78859,0.98616,0.5036,0.0,1.0,0.00719,0.0,0.05755,0.0,0.47482,9,1.12579,0.0,139,packet,150,Netflix
12,604.5,550.5,604.5,1155.0,1155.0,550.5,1.01318,1.58595,0.31209,1.56533,30.0,5774.13333,10455.92591,1514.0,1514.0,45314.0,1460.0,0.38467,1.7622,0.0,4.58111,0.04019,0.28571,0.0,1.0,0.04762,0.02381,0.19048,0.0,0.2619,8,1.58635,0.0,42,packet,150,Netflix
30,236.33333,407.70973,54.0,54.0,1148.0,0.0,0.45068,1.39099,0.00236,3.08641,27.0,16887.55556,15358.26155,10274.0,21954.0,58454.0,10220.0,0.50285,2.21231,0.0018,4.39952,0.01531,0.52632,0.0,1.0,0.03509,0.01754,0.12281,0.0,0.50877,7,2.16377,0.0,57,packet,150,Netflix
19,12144.73684,19990.71325,1514.0,16114.0,64294.0,1460.0,0.62922,2.24299,0.0,3.56468,15.0,272.4,436.8,54.0,54.0,1146.0,0.0,0.80901,1.34101,0.0001,1.65759,0.9826,0.55882,0.0,1.0,0.05882,0.02941,0.11765,0.0,0.41176,5,2.81869,0.0,34,packet,150,Netflix
39,328.4359,521.03599,54.0,92.0,2164.0,0.0,0.5556,1.72982,0.00519,3.11344,39.0,17788.76923,19268.17178,11734.0,32174.0,59914.0,11680.0,0.55555,3.30924,0.00238,5.95666,0.01813,0.5,0.02564,0.98718,0.0,0.01282,0.16667,0.0,0.44872,11,2.09458,0.0,78,packet,150,Netflix
46,220.47826,392.95319,54.0,54.0,1148.0,0.0,0.23955,0.65517,0.0017,2.73499,50.0,17157.94,13331.66676,16844.0,24874.0,64294.0,16790.0,0.22015,1.30025,0.00124,5.90625,0.01168,0.47917,0.0,1.0,0.02083,0.01042,0.10417,0.0,0.46875,9,1.32898,0.0,96,packet,150,Netflix
32,360.125,489.4037,54.0,1122.0,1146.0,0.0,0.43583,1.04564,0.00921,2.39922,31.0,24820.6129,23253.92631,26334.0,46774.0,64294.0,26280.0,0.45016,2.09831,0.00251,4.66127,0.01476,0.50794,0.0,1.0,0.03175,0.01587,0.2381,0.0,0.44444,9,1.6648,0.0,63,packet,150,Netflix
40,245.275,415.30531,54.0,54.0,1153.0,0.0,0.36128,1.11984,0.00302,3.09966,41.0,18049.09756,16805.96998,20494.0,29254.0,64294.0,20440.0,0.35208,2.18391,0.00159,6.20287,0.01308,0.49383,0.0,1.0,0.01235,0.0,0.08642,0.0,0.45679,8,1.99675,0.0,81,packet,150,Netflix
17,14488.58824,19335.42271,547.0,23414.0,58454.0,493.0,0.72563,2.41404,0.00276,3.32683,16.0,604.5625,542.77297,632.0,1146.0,1155.0,578.0,0.77284,1.01654,0.23942,1.31533,0.96221,0.51515,0.0,1.0,0.06061,0.0303,0.39394,0.0,0.48485,9,1.43814,0.0,33,packet,150,Netflix
31,56.32258,4.74095,54.0,54.0,66.0,0.0,0.14562,0.41034,0.00245,2.81787,32.0,14015.75,12758.47444,13924.0,21224.0,48234.0,13870.0,0.14084,0.40506,0.00212,2.87606,0.00388,0.49206,0.0,1.0,0.0,0.0,0.01587,0.0,0.53968,7,0.68226,0.0,63,packet,150,Netflix
20,11157.75,16585.23496,1514.0,15384.0,64294.0,1460.0,0.69796,2.61204,0.00167,3.74239,26.0,264.38462,431.16016,54.0,54.0,1148.0,0.0,0.52999,1.50105,0.00063,2.83222,0.97012,0.43478,0.0,1.0,0.04348,0.02174,0.15217,0.0,0.54348,7,2.20074,0.0,46,packet,150,Netflix
37,260.45946,427.44866,54.0,54.0,1153.0,0.0,0.50296,1.11215,0.01456,2.21121,36.0,32422.25,25319.13565,28524.0,58454.0,64294.0,28470.0,0.38192,1.75494,0.0099,4.59506,0.00819,0.50685,0.0,1.0,0.0274,0.0137,0.16438,0.0,0.43836,9,2.21635,0.0,73,packet,150,Netflix
23,582.43478,632.68825,66.0,1155.0,2228.0,0.0,0.8476,1.52535,0.02691,1.79961,25.0,17072.84,19230.87559,10274.0,29254.0,64294.0,10220.0,0.77644,2.88358,0.00265,3.71384,0.03043,0.47917,0.04167,0.97917,0.04167,0.02083,0.33333,0.0,0.39583,10,2.05021,0.0,48,packet,150,Netflix
29,392.41379,504.51325,54.0,1148.0,1150.0,0.0,0.35511,0.78514,0.00452,2.21096,28.0,16414.78571,12048.33076,16844.0,24874.0,38014.0,16790.0,0.36799,1.57852,0.00156,4.28961,0.02416,0.50877,0.0,1.0,0.03509,0.01754,0.21053,0.0,0.45614,9,1.21958,0.0,57,packet,150,Netflix
28,16232.35714,15479.4753,12464.0,29254.0,55534.0,12410.0,0.4765,2.13447,0.00127,4.47944,24.0,327.0,472.84987,54.0,327.0,1146.0,0.0,0.55905,1.0288,0.00313,1.84026,0.98303,0.53846,0.0,1.0,0.03846,0.01923,0.17308,0.0,0.44231,8,1.82814,0.0,52,packet,150,Netflix
39,19782.87179,14554.31765,19034.0,29254.0,58454.0,18980.0,0.55859,3.38368,0.00203,6.05751,37.0,226.37838,391.82127,54.0,54.0,1117.0,0.0,0.58921,1.78575,0.00309,3.03074,0.98926,0.51316,0.0,1.0,0.0,0.01316,0.07895,0.0,0.44737,8,3.01805,0.0,76,packet,150,Netflix
17,11253.88235,13121.04111,5894.0,24874.0,39474.0,5840.0,0.9224,2.71814,0.00168,2.94683,19.0,575.63158,543.34618,118.0,1153.0,1155.0,64.0,0.81898,1.12672,0.12652,1.37577,0.94592,0.47222,0.0,1.0,0.02778,0.0,0.41667,0.0,0.41667,10,1.62903,0.0,36,packet,150,Netflix
22,353.86364,489.6784,54.0,873.0,1155.0,0.0,0.51676,1.48508,0.00369,2.87383,21.0,21342.61905,18414.40373,26334.0,27794.0,62834.0,26280.0,0.54245,2.03191,0.00234,3.74581,0.01707,0.51163,0.0,1.0,0.04651,0.02326,0.2093,0.0,0.46512,7,1.79479,0.0,43,packet,150,Netflix
18,14947.33333,11414.02878,14654.0,23414.0,35094.0,14600.0,0.82113,2.91578,0.00097,3.55092,16.0,532.625,542.70974,54.0,1148.0,1148.0,0.0,0.93009,1.33731,0.22258,1.43783,0.9693,0.52941,0.0,1.0,0.05882,0.02941,0.26471,0.0,0.41176,9,1.73702,0.0,34,packet,150,Netflix
58,186.03448,356.3883,54.0,54.0,1148.0,0.0,0.20502,0.62808,0.00128,3.06357,62.0,12872.45161,7570.26039,14654.0,16114.0,35094.0,14600.0,0.19168,1.29211,0.00117,6.74108,0.01334,0.48333,0.0,1.0,0.01667,0.00833,0.06667,0.0,0.475,9,1.44708,0.0,120,packet,150,Netflix
61,176.47541,339.58826,54.0,54.0,1153.0,0.0,0.34944,1.40723,0.00132,4.02713,55.0,14493.41818,10615.49767,10274.0,19764.0,48234.0,10220.0,0.3883,2.80619,0.00127,7.22682,0.01332,0.52586,0.0,1.0,0.0,0.00862,0.08621,0.0,0.50862,8,2.97127,0.0,116,packet,150,Netflix
69,102.65217,223.10781,54.0,54.0,1151.0,0.0,0.16688,0.63027,0.00254,3.77669,73.0,16669.43836,12738.73089,16114.0,27794.0,46774.0,16060.0,0.15746,0.61578,0.00224,3.91063,0.00579,0.48592,0.0,1.0,0.00704,0.00704,0.0493,0.0,0.48592,9,1.36869,0.0,142,packet,150,Netflix
28,328.07143,474.70645,54.0,327.0,1151.0,0.0,0.48902,1.10198,0.00252,2.25343,27.0,16353.44444,16640.96275,8814.0,24144.0,58454.0,8760.0,0.5075,2.23874,0.00123,4.41129,0.02038,0.50909,0.0,1.0,0.03636,0.01818,0.18182,0.0,0.47273,8,1.87411,0.0,55,packet,150,Netflix
53,18939.67925,15007.70179,20494.0,26334.0,56994.0,20440.0,0.51306,3.5146,0.00136,6.85022,56.0,226.08929,393.30487,54.0,54.0,1153.0,0.0,0.48474,1.66214,0.00326,3.42895,0.98754,0.48624,0.0,1.0,0.0,0.00917,0.11927,0.0,0.47706,10,2.92135,0.0,109,packet,150,Netflix
35,390.2,551.26078,54.0,1114.0,2132.0,0.0,0.73989,1.89221,0.00316,2.55743,30.0,11287.93333,11047.66357,11004.0,17209.0,39474.0,10950.0,0.86747,4.06775,0.0021,4.68924,0.03877,0.53846,0.03077,0.98462,0.0,0.01538,0.21538,0.0,0.47692,10,2.77858,0.0,65,packet,150,Netflix
2,22684.0,6570.0,22684.0,25969.0,29254.0,22630.0,0.00523,0.0,0.00523,0.0,0.0,0.0,0.0,0.0,0.0,0.0,0.0,0.0,0.0,0.0,0.0,1.0,1.0,0.0,1.0,0.0,0.0,0.0,0.0,0.0,1,0.0,0.0,2,packet,150,Netflix
26,381.38462,491.11201,54.0,1114.0,1146.0,0.0,0.85758,2.09348,0.00262,2.44116,19.0,17043.94737,11972.83878,14654.0,27064.0,35094.0,14600.0,1.19101,4.90177,0.00127,4.11566,0.02971,0.57778,0.0,1.0,0.0,0.02222,0.2,0.0,0.51111,9,2.67339,0.0,45,packet,150,Netflix
57,245.31579,414.78213,54.0,54.0,1153.0,0.0,0.33189,1.17425,0.00219,3.53812,58.0,14094.81034,10973.1363,11734.0,23049.0,40934.0,11680.0,0.32596,1.54329,0.00127,4.73461,0.01682,0.49565,0.0,1.0,0.01739,0.0087,0.13913,0.0,0.46087,11,1.82991,0.0,115,packet,150,Netflix
31,371.77419,496.8313,54.0,1147.0,1149.0,0.0,0.55435,1.09548,0.01572,1.97615,28.0,26922.60714,23720.9712,19034.0,46409.0,64294.0,18980.0,0.61533,2.1627,0.0019,3.51468,0.01506,0.52542,0.0,1.0,0.0339,0.01695,0.23729,0.0,0.47458,10,1.82568,0.0,59,packet,150,Netflix
22,71.5,1.27029,71.0,71.0,75.0,29.0,1.2795,1.72315,0.39556,1.34674,25.0,125.6,279.44617,66.0,68.0,1494.0,24.0,1.20399,1.65417,0.35173,1.3739,0.33376,0.46809,0.0,0.0,0.0,0.0,0.0,0.0,0.0,22,1.33931,1.0,47,packet,150,Netflix
40,109.8,239.11798,54.0,54.0,1153.0,0.0,0.30165,0.83685,0.00491,2.77425,43.0,19664.13953,17507.92523,17574.0,24874.0,64294.0,17520.0,0.27989,0.81915,0.00266,2.92672,0.00517,0.48193,0.0,1.0,0.01205,0.01205,0.06024,0.0,0.46988,7,1.8883,0.0,83,packet,150,Netflix
44,20732.11364,20418.12156,16114.0,34364.0,64294.0,16060.0,0.31664,1.31219,0.00232,4.14412,44.0,325.72727,470.6839,54.0,319.0,1149.0,0.0,0.31637,0.76444,0.00955,2.41625,0.98453,0.5,0.0,1.0,0.02273,0.01136,0.21591,0.0,0.44318,12,1.20403,0.0,88,packet,150,Netflix
17,15607.82353,13829.54767,13194.0,21954.0,49694.0,13140.0,0.69582,2.31574,0.00173,3.32806,23.0,388.47826,505.6836,54.0,1153.0,1153.0,0.0,0.50606,0.8907,0.0041,1.76008,0.96742,0.425,0.0,1.0,0.05,0.025,0.225,0.0,0.55,9,1.38401,0.0,40,packet,150,Netflix
24,462.16667,526.97689,54.0,1146.0,1146.0,0.0,0.44423,0.84938,0.01502,1.91205,24.0,19019.91667,16818.84812,18304.0,27064.0,56994.0,18250.0,0.444,1.76234,0.00312,3.96919,0.02372,0.5,0.0,1.0,0.04167,0.02083,0.27083,0.0,0.4375,9,1.2538,0.0,48,packet,150,Netflix
58,280.68966,484.72321,54.0,54.0,2228.0,0.0,0.23748,0.64653,0.00284,2.7225,59.0,14644.15254,12807.32555,14654.0,23414.0,43854.0,14600.0,0.2333,1.32353,0.00135,5.67311,0.01849,0.49573,0.01709,0.99145,0.01709,0.00855,0.17094,0.0,0.45299,11,1.32334,0.0,117,packet,150,Netflix
20,11282.85,13302.48048,3704.0,19034.0,43854.0,3650.0,0.60811,2.23723,0.00137,3.67898,19.0,456.31579,526.75502,54.0,1146.0,1146.0,0.0,0.64123,0.97723,0.00934,1.52399,0.963,0.51282,0.0,1.0,0.05128,0.02564,0.23077,0.0,0.46154,9,1.43748,0.0,39,packet,150,Netflix
40,327.775,474.23161,54.0,319.0,1155.0,0.0,0.32899,0.78979,0.00336,2.40061,33.0,19647.48485,20326.29355,13194.0,26334.0,64294.0,13140.0,0.40012,1.88821,0.00129,4.71906,0.01982,0.54795,0.0,1.0,0.0274,0.0137,0.21918,0.0,0.49315,11,1.26173,0.0,73,packet,150,Netflix
56,230.41071,403.13826,54.0,54.0,1153.0,0.0,0.27043,0.75803,0.00234,2.80302,52.0,12528.67308,7807.2293,11734.0,16114.0,35094.0,11680.0,0.29134,1.43825,0.00137,4.93668,0.01942,0.51852,0.0,1.0,0.01852,0.00926,0.12037,0.0,0.49074,10,1.63557,0.0,108,packet,150,Netflix
1,54.0,0.0,54.0,54.0,54.0,0.0,0.0,0.0,0.0,0.0,0.0,0.0,0.0,0.0,0.0,0.0,0.0,0.0,0.0,0.0,0.0,1.0,1.0,0.0,1.0,0.0,1.0,0.0,0.0,0.0,1,0.0,0.0,1,packet,150,Netflix
6,12405.83333,12461.8966,8084.0,19034.0,35094.0,8030.0,4.13695,8.26933,0.00153,1.9989,12.0,585.5,531.5,585.5,1117.0,1117.0,531.5,1.87831,2.82777,0.31122,1.50549,0.91375,0.33333,0.0,1.0,0.0,0.05556,0.38889,0.0,0.55556,8,2.94425,0.0,18,packet,150,Netflix
71,177.28169,345.4272,54.0,54.0,1151.0,0.0,0.1753,0.59627,0.0015,3.40137,72.0,15375.52778,12202.38873,14654.0,23414.0,58454.0,14600.0,0.17274,1.25126,0.00133,7.24378,0.01124,0.4965,0.0,1.0,0.01399,0.00699,0.08392,0.0,0.48951,9,1.50444,0.0,143,packet,150,Netflix
48,260.83333,430.56094,54.0,54.0,1159.0,0.0,0.2488,0.64776,0.00411,2.60358,47.0,19362.78723,15303.70896,17574.0,27064.0,58454.0,17520.0,0.25336,1.30074,0.00186,5.13392,0.01357,0.50526,0.0,1.0,0.02105,0.01053,0.14737,0.0,0.47368,10,1.26809,0.0,95,packet,150,Netflix
11,847.90909,483.80658,1148.0,1148.0,1148.0,1094.0,1.27502,1.17998,0.90955,0.92546,8.0,15753.75,24014.03588,551.0,20859.0,64294.0,497.0,1.82055,3.82172,0.01457,2.09921,0.06891,0.57895,0.0,1.0,0.10526,0.05263,0.57895,0.0,0.52632,9,1.58019,0.0,19,packet,150,Netflix
2,55.0,0.0,55.0,55.0,55.0,1.0,45.0223,0.0,45.0223,0.0,3.0,62.0,5.65685,66.0,66.0,66.0,0.0,39.41205,5.60769,39.41205,0.14228,0.37162,0.4,0.0,1.0,0.0,0.2,0.0,0.0,0.6,3,39.40502,0.0,5,packet,150,Netflix
7,1117.0,0.0,1117.0,1117.0,1117.0,1063.0,1.59904,1.61218,0.91241,1.00822,0.0,0.0,0.0,0.0,0.0,0.0,0.0,0.0,0.0,0.0,0.0,1.0,1.0,0.0,1.0,0.0,0.0,1.0,0.0,0.85714,7,1.59904,0.0,7,packet,150,Netflix
57,91.29825,195.59365,54.0,54.0,1117.0,0.0,0.36831,1.61043,0.00117,4.37249,57.0,10504.63158,9897.51795,8814.0,11734.0,64294.0,8760.0,0.36857,2.71908,0.00115,7.37743,0.00862,0.5,0.0,1.0,0.0,0.00877,0.01754,0.0,0.48246,4,6.83966,0.0,114,packet,150,Netflix
39,22406.33333,18543.66557,16114.0,27794.0,64294.0,16060.0,0.81722,3.86967,0.00244,4.73515,41.0,184.09756,349.12069,54.0,54.0,1148.0,0.0,0.77599,2.37493,0.00409,3.06052,0.99144,0.4875,0.0,1.0,0.0,0.0125,0.0875,0.0,0.475,7,5.14441,0.0,80,packet,150,Netflix
49,13095.4898,9410.62549,11734.0,16114.0,43854.0,11680.0,0.19189,1.30302,0.00186,6.79043,51.0,182.47059,351.8312,54.0,54.0,1146.0,0.0,0.18391,0.59698,0.00237,3.24605,0.9857,0.49,0.0,1.0,0.01,0.0,0.07,0.0,0.49,8,1.29538,0.0,100,packet,150,Netflix
9,904.88889,454.81924,1148.0,1148.0,1148.0,1094.0,1.20017,1.07763,0.9127,0.8979,9.0,13412.22222,13650.10064,11734.0,23414.0,35094.0,11680.0,0.19693,0.51653,0.00103,2.6229,0.0632,0.5,0.0,1.0,0.11111,0.05556,0.44444,0.0,0.44444,8,1.36735,0.0,18,packet,150,Netflix
27,379.44444,501.54438,54.0,1150.5,1153.0,0.0,0.43251,0.84531,0.00287,1.95443,27.0,16462.40741,13628.171,14654.0,21954.0,43854.0,14600.0,0.43232,1.86986,0.00164,4.32522,0.02253,0.5,0.0,1.0,0.03704,0.01852,0.2037,0.0,0.46296,9,1.39509,0.0,54,packet,150,Netflix
49,277.57143,441.55232,54.0,54.0,1155.0,0.0,0.21472,0.62409,0.00282,2.90653,47.0,16482.61702,16146.65226,13194.0,27064.0,64294.0,13140.0,0.22393,1.24272,0.00129,5.54973,0.01725,0.51042,0.0,1.0,0.02083,0.01042,0.16667,0.0,0.46875,10,1.1274,0.0,96,packet,150,Netflix
19,13639.57895,12349.83824,11734.0,18304.0,56994.0,11680.0,0.00481,0.01375,0.00114,2.85964,25.0,316.56,466.11089,54.0,66.0,1146.0,0.0,0.28059,0.62759,0.00147,2.23664,0.97037,0.43182,0.0,1.0,0.0,0.0,0.18182,0.0,0.56818,7,1.10796,0.0,44,packet,150,Netflix
35,303.02857,457.52193,54.0,54.0,1155.0,0.0,0.38353,1.08541,0.00606,2.83003,35.0,25629.25714,20677.57956,19034.0,43854.0,64294.0,18980.0,0.38342,1.87312,0.003,4.88535,0.01169,0.5,0.0,1.0,0.02857,0.01429,0.17143,0.0,0.45714,9,1.59757,0.0,70,packet,150,Netflix
63,192.74603,363.79564,54.0,54.0,1151.0,0.0,0.23607,0.82184,0.00143,3.48136,65.0,15051.18462,9910.07993,13194.0,23414.0,35094.0,13140.0,0.22862,1.61938,0.00132,7.08334,0.01226,0.49219,0.0,1.0,0.01562,0.00781,0.07812,0.0,0.47656,9,1.8125,0.0,128,packet,150,Netflix
27,22066.14815,24784.87028,11734.0,43124.0,64294.0,11680.0,0.42062,1.75291,0.00176,4.16741,20.0,221.35,389.6604,54.0,54.0,1153.0,0.0,0.57502,1.45648,0.01499,2.53294,0.99262,0.57447,0.0,1.0,0.04255,0.02128,0.17021,0.0,0.40426,5,2.69218,0.0,47,packet,150,Netflix
3,418.0,514.77374,54.0,600.0,1146.0,0.0,0.77652,0.76132,0.77652,0.98043,7.0,14100.28571,14507.96599,16114.0,19764.0,42394.0,16060.0,0.2557,0.56835,0.00105,2.22268,0.01255,0.3,0.0,1.0,0.2,0.1,0.2,0.0,0.2,2,1.51156,0.0,10,packet,150,Netflix
11,752.54545,525.79228,1150.0,1150.0,1150.0,1096.0,1.34022,1.32046,0.90621,0.98525,9.0,12886.77778,13161.46052,11734.0,27794.0,35094.0,11680.0,1.67465,3.88824,0.00065,2.32182,0.06662,0.55,0.0,1.0,0.1,0.05,0.45,0.0,0.5,9,1.66854,0.0,20,packet,150,Netflix
52,243.90385,414.48811,54.0,54.0,1153.0,0.0,0.26009,0.67599,0.00316,2.59902,54.0,15159.01852,15893.57033,8814.0,27794.0,58454.0,8760.0,0.25014,1.34866,0.00151,5.39164,0.01526,0.49057,0.0,1.0,0.01887,0.00943,0.14151,0.0,0.4717,10,1.44646,0.0,106,packet,150,Netflix
42,288.69048,448.74086,54.0,54.0,1153.0,0.0,0.28843,0.67898,0.00444,2.35408,37.0,13471.02703,12215.20145,11734.0,20494.0,58454.0,11680.0,0.32862,1.42677,0.0016,4.34174,0.02375,0.53165,0.0,1.0,0.02532,0.01266,0.17722,0.0,0.50633,11,1.15929,0.0,79,packet,150,Netflix
9,910.33333,457.72942,1155.0,1155.0,1155.0,1101.0,1.19974,1.0778,0.9121,0.89836,3.0,222.0,229.1026,60.0,303.0,546.0,6.0,0.77098,0.77098,0.77098,1.0,0.92482,0.75,0.0,1.0,0.16667,0.08333,0.66667,0.0,0.66667,8,1.36445,0.0,12,packet,150,Netflix
54,296.55556,453.28973,54.0,54.0,1153.0,0.0,0.25526,0.66845,0.00487,2.61866,53.0,21085.16981,16850.27306,20494.0,30714.0,58454.0,20440.0,0.26007,1.27562,0.00342,4.90485,0.01413,0.50467,0.0,1.0,0.01869,0.00935,0.20561,0.0,0.45794,12,1.19603,0.0,107,packet,150,Netflix
18,539.77778,541.83921,60.0,1150.0,1150.0,0.0,0.58303,0.94149,0.07475,1.61483,15.0,12003.8,10919.38666,11734.0,19764.0,36554.0,11680.0,0.70809,2.12544,0.00299,3.00164,0.0512,0.54545,0.0,1.0,0.06061,0.0303,0.36364,0.0,0.51515,9,1.21953,0.0,33,packet,150,Netflix
17,504.35294,536.84755,54.0,1146.0,1146.0,0.0,0.73053,1.01262,0.14173,1.38614,13.0,15313.23077,14127.41771,14654.0,27794.0,42394.0,14600.0,0.9748,2.77241,0.00365,2.84409,0.04129,0.56667,0.0,1.0,0.06667,0.03333,0.33333,0.0,0.56667,9,1.44719,0.0,30,packet,150,Netflix
35,273.62857,438.40478,54.0,54.0,1153.0,0.0,0.34969,1.04267,0.00329,2.98165,47.0,11756.17021,13825.0959,1514.0,27794.0,48234.0,1460.0,0.25843,1.4988,0.00112,5.79962,0.01704,0.42683,0.0,1.0,0.02439,0.0122,0.13415,0.0,0.41463,8,1.67397,0.0,82,packet,150,Netflix
52,238.84615,404.08707,54.0,54.0,1150.0,0.0,0.51422,1.62077,0.00215,3.15192,46.0,14088.43478,11331.30506,13194.0,20129.0,55534.0,13140.0,0.58273,3.42425,0.00133,5.87621,0.0188,0.53061,0.0,1.0,0.0,0.0102,0.13265,0.0,0.4898,10,2.89659,0.0,98,packet,150,Netflix
9,904.88889,454.81924,1148.0,1148.0,1148.0,1094.0,1.19748,1.07632,0.9057,0.89882,7.0,13891.71429,14696.67883,10274.0,22684.0,40934.0,10220.0,0.25984,0.57725,0.00161,2.22154,0.07728,0.5625,0.0,1.0,0.125,0.0625,0.5,0.0,0.5,8,1.36256,0.0,16,packet,150,Netflix
37,320.18919,469.5144,54.0,54.0,1153.0,0.0,0.4864,1.38098,0.00493,2.83917,36.0,22547.19444,20571.2283,24874.0,32174.0,64294.0,24820.0,0.50007,2.60101,0.00297,5.20127,0.01439,0.50685,0.0,1.0,0.0274,0.0137,0.19178,0.0,0.46575,10,1.92414,0.0,73,packet,150,Netflix
32,395.40625,506.42434,54.0,1146.5,1151.0,0.0,0.37223,0.78501,0.01561,2.10892,29.0,26478.31034,23138.87874,24874.0,51154.0,64294.0,24820.0,0.41195,1.80078,0.00313,4.37135,0.01621,0.52459,0.0,1.0,0.03279,0.01639,0.2623,0.0,0.45902,9,1.39746,0.0,61,packet,150,Netflix
24,365.25,485.07905,54.0,1117.0,1146.0,0.0,0.9185,2.94951,0.00266,3.21121,19.0,17043.63158,12744.87377,20494.0,27064.0,43854.0,20440.0,1.17359,4.82999,0.00187,4.11556,0.02636,0.55814,0.0,1.0,0.0,0.02326,0.2093,0.0,0.48837,8,3.01037,0.0,43,packet,150,Netflix
56,15713.5,12235.52595,16114.0,24874.0,45314.0,16060.0,0.38022,2.57215,0.00226,6.76494,60.0,231.88333,397.80473,54.0,54.0,1155.0,0.0,0.35418,1.40669,0.00305,3.97167,0.98444,0.48276,0.0,1.0,0.0,0.00862,0.13793,0.0,0.47414,10,2.28339,0.0,116,packet,150,Netflix
8,873.0,472.84987,1146.0,1146.0,1146.0,1092.0,1.36943,1.38957,0.61124,1.01471,7.0,17646.0,20880.78299,5894.0,29254.0,58454.0,5840.0,0.26248,0.56981,0.00187,2.17091,0.05351,0.53333,0.0,1.0,0.13333,0.06667,0.46667,0.0,0.46667,7,1.59222,0.0,15,packet,150,Netflix
67,185.56716,354.54862,54.0,54.0,1151.0,0.0,0.23407,0.5847,0.00195,2.49795,66.0,13164.86364,9593.92737,13194.0,20494.0,36554.0,13140.0,0.23751,0.79533,0.00141,3.34865,0.01411,0.50376,0.0,1.0,0.01504,0.00752,0.08271,0.0,0.51128,13,1.27443,0.0,133,packet,150,Netflix
45,11833.73333,10516.75781,8814.0,19034.0,39474.0,8760.0,0.25711,1.43705,0.00156,5.58926,42.0,264.35714,429.89211,54.0,54.0,1153.0,0.0,0.27568,0.69858,0.00313,2.53404,0.97958,0.51724,0.0,1.0,0.02299,0.01149,0.13793,0.0,0.47126,9,1.38374,0.0,87,packet,150,Netflix
19,12664.26316,9903.78996,10274.0,17574.0,33634.0,10220.0,0.67474,2.41968,0.0017,3.58608,25.0,362.84,495.24577,54.0,1157.0,1157.0,0.0,0.50605,0.93324,0.00375,1.84418,0.96367,0.43182,0.0,1.0,0.04545,0.02273,0.20455,0.0,0.54545,9,1.50982,0.0,44,packet,150,Netflix
40,321.275,462.97943,54.0,319.0,1150.0,0.0,0.52046,1.7041,0.00396,3.27422,33.0,19633.06061,19010.42565,11734.0,32174.0,64294.0,11680.0,0.63432,3.47853,0.00135,5.48386,0.01945,0.54795,0.0,1.0,0.0,0.0137,0.20548,0.0,0.47945,10,2.2393,0.0,73,packet,150,Netflix
27,377.88889,499.14893,54.0,1146.0,1155.0,0.0,0.84927,2.38887,0.00455,2.81284,27.0,15642.92593,12462.97467,14654.0,22684.0,39474.0,14600.0,0.84958,3.86806,0.00134,4.55292,0.02359,0.5,0.0,1.0,0.03704,0.01852,0.2037,0.0,0.46296,10,2.44073,0.0,54,packet,150,Netflix
66,171.45455,335.70451,54.0,54.0,1146.0,0.0,0.20496,0.55199,0.00224,2.69319,61.0,16429.29508,13578.30943,17574.0,24874.0,64294.0,17520.0,0.22201,0.74455,0.0021,3.35367,0.01117,0.51969,0.0,1.0,0.01575,0.00787,0.09449,0.0,0.56693,15,0.93057,0.0,127,packet,150,Netflix
32,90.15625,190.58268,54.0,54.0,1151.0,0.0,0.27463,0.72369,0.01318,2.63516,34.0,32102.61765,25326.55726,34364.0,58454.0,64294.0,34310.0,0.25744,0.70872,0.00479,2.75291,0.00264,0.48485,0.0,1.0,0.01515,0.01515,0.0303,0.0,0.48485,8,1.18873,0.0,66,packet,150,Netflix
31,14658.80645,10937.12309,14654.0,18304.0,45314.0,14600.0,0.66667,3.46579,0.00142,5.19865,38.0,278.10526,434.01236,54.0,54.0,1150.0,0.0,0.54015,1.74398,0.0019,3.22872,0.97727,0.44928,0.0,1.0,0.0,0.01449,0.14493,0.0,0.50725,10,2.20658,0.0,69,packet,150,Netflix
21,520.66667,538.90235,54.0,1146.0,1150.0,0.0,0.49253,0.89418,0.01707,1.81548,18.0,24532.0,22902.54913,19764.0,45679.0,58454.0,19710.0,0.57887,1.94891,0.00306,3.36677,0.02416,0.53846,0.0,1.0,0.05128,0.02564,0.33333,0.0,0.46154,9,1.21784,0.0,39,packet,150,Netflix
3,62.0,11.31371,54.0,66.0,78.0,0.0,0.21492,0.20165,0.21492,0.93829,4.0,57.0,5.19615,54.0,57.0,66.0,0.0,0.13817,0.1859,0.01338,1.34543,0.44928,0.42857,0.0,1.0,0.28571,0.14286,0.14286,0.0,0.28571,2,0.40096,0.0,7,packet,150,Netflix
66,7793.87879,7734.80469,4434.0,13194.0,30714.0,4380.0,1.0567,5.86611,0.00292,5.55134,66.0,73.59091,133.18101,54.0,54.0,1146.0,0.0,1.05647,5.86356,0.00309,5.55014,0.99065,0.5,0.0,1.0,0.01515,0.00758,0.04545,0.0,0.49242,5,17.04742,0.0,132,packet,150,Netflix
24,71.45833,1.25762,71.0,71.0,76.0,29.0,1.17535,1.55711,0.29159,1.32481,25.0,125.4,279.48553,66.0,68.0,1494.0,24.0,1.20001,1.52894,0.36621,1.2741,0.35361,0.4898,0.0,0.0,0.0,0.0,0.0,0.0,0.0,23,1.27246,1.0,49,packet,150,Netflix
2,54.0,0.0,54.0,54.0,54.0,0.0,0.12522,0.0,0.12522,0.0,3.0,54.0,0.0,54.0,54.0,54.0,0.0,0.0515,0.05138,0.0515,0.99773,0.4,0.4,0.0,1.0,0.4,0.2,0.0,0.0,0.2,2,0.10288,0.0,5,packet,150,Netflix
35,145.05714,282.86129,71.0,72.0,1292.0,29.0,0.83153,1.56965,0.22368,1.88766,37.0,190.0,353.1451,68.0,73.0,1494.0,26.0,0.8366,1.53915,0.23088,1.83977,0.41934,0.48611,0.0,0.0,0.0,0.0,0.0,0.0,0.0,26,1.169,1.0,72,packet,150,Netflix
6,62.0,11.31371,54.0,72.0,78.0,0.0,0.21789,0.42863,0.0,1.96718,6.0,56.0,4.47214,54.0,54.0,66.0,0.0,0.21284,0.41848,0.00028,1.96616,0.52542,0.5,0.0,1.0,0.16667,0.08333,0.16667,0.0,0.5,2,1.04974,0.0,12,packet,150,Netflix
16,54.0625,0.24206,54.0,54.0,55.0,0.0,6.05813,13.29712,0.00469,2.19492,13.0,4235.07692,3720.69957,4434.0,5894.0,11734.0,4380.0,4.98621,12.73401,0.00271,2.55385,0.01547,0.55172,0.0,1.0,0.06897,0.03448,0.06897,0.0,0.48276,4,30.23583,0.0,29,packet,150,Netflix
21,106.28571,233.82882,54.0,54.0,1152.0,0.0,0.09788,0.4061,0.00072,4.14877,27.0,25459.11111,24585.06295,19034.0,49694.0,64294.0,18980.0,0.07521,0.36151,0.0,4.80638,0.00324,0.4375,0.0,1.0,0.0,0.0,0.08333,0.0,0.39583,2,1.86732,0.0,48,packet,150,Netflix
5,22254.2,22256.71171,16114.0,21954.0,64294.0,16060.0,0.00163,0.00184,0.00103,1.12913,6.0,54.0,0.0,54.0,54.0,54.0,0.0,0.00126,0.00158,0.00015,1.25393,0.9971,0.45455,0.0,1.0,0.0,0.0,0.09091,0.0,0.45455,1,0.0,0.0,11,packet,150,Netflix
26,71.42308,1.18234,71.0,71.0,75.0,29.0,1.10907,1.65432,0.25824,1.49163,28.0,119.64286,264.6112,66.0,68.0,1494.0,24.0,1.09326,1.60943,0.2582,1.47214,0.35664,0.48148,0.0,0.0,0.0,0.0,0.0,0.0,0.0,25,1.19338,1.0,54,packet,150,Netflix
28,119.85714,264.57806,67.5,68.0,1494.0,25.5,1.07456,1.52853,0.27746,1.42248,25.0,71.4,1.09545,71.0,71.0,75.0,29.0,1.1268,1.58968,0.34017,1.41078,0.65279,0.5283,0.0,0.0,0.0,0.0,0.0,0.0,0.0,24,1.22724,1.0,53,packet,150,Netflix
27,121.62963,269.2617,66.0,68.0,1494.0,24.0,1.13931,1.70695,0.25435,1.49823,25.0,71.56,1.29861,71.0,71.0,75.0,29.0,1.1466,1.76572,0.25514,1.53996,0.64735,0.51923,0.0,0.0,0.0,0.0,0.0,0.0,0.0,24,1.25164,1.0,52,packet,150,Netflix
55,94.12727,205.40851,54.0,54.0,1152.0,0.0,0.77934,5.36592,0.00018,6.88518,76.0,24911.40789,26849.50788,1514.0,55169.0,64294.0,1460.0,0.03038,0.2415,0.0,7.94849,0.00273,0.41985,0.0,1.0,0.0,0.0,0.0458,0.0,0.39695,3,20.94038,0.0,131,packet,150,Netflix
7,2502.71429,5567.68643,78.0,576.5,16114.0,24.0,10.49001,16.32051,1.49649,1.55581,7.0,55.85714,4.15515,54.0,54.5,66.0,0.0,10.48753,16.32314,1.4721,1.55643,0.97817,0.5,0.0,1.0,0.14286,0.07143,0.21429,0.0,0.42857,4,20.94707,0.0,14,packet,150,Netflix
27,121.66667,269.25411,66.0,68.0,1494.0,24.0,1.13619,1.5418,0.28499,1.35699,27.0,71.48148,1.16652,71.0,71.0,75.0,29.0,1.05428,1.55009,0.25375,1.47028,0.62991,0.5,0.0,0.0,0.0,0.0,0.0,0.0,0.0,25,1.18931,1.0,54,packet,150,Netflix
40,39580.175,23353.98905,48964.0,58454.0,64294.0,48910.0,1.26661,7.11654,0.00216,5.61858,33.0,120.63636,262.22253,54.0,54.0,1157.0,0.0,1.54319,7.82783,0.00289,5.0725,0.99749,0.54795,0.0,1.0,0.0,0.0,0.08219,0.0,0.39726,4,16.41392,0.0,73,packet,150,Netflix
9,84.77778,12.19087,78.0,80.0,108.0,36.0,1.92096,4.95122,0.03884,2.57748,12.0,599.83333,537.03722,442.0,1270.0,1274.0,400.0,1.39619,4.30222,0.01778,3.08139,0.09584,0.42857,0.0,0.0,0.0,0.0,0.0,0.0,0.0,3,7.56548,1.0,21,packet,150,Netflix
27,71.33333,0.94281,71.0,71.0,74.0,29.0,1.07304,1.61441,0.25408,1.50451,28.0,119.21429,264.69205,66.0,68.0,1494.0,24.0,1.10492,1.58666,0.25073,1.436,0.36588,0.49091,0.0,0.0,0.0,0.0,0.0,0.0,0.0,26,1.15315,1.0,55,packet,150,Netflix
8,245.5,471.88955,68.0,68.0,1494.0,26.0,0.51913,0.52354,0.24843,1.00849,7.0,71.42857,1.04978,71.0,71.0,74.0,29.0,0.56257,0.53963,0.34094,0.95922,0.79708,0.53333,0.0,0.0,0.0,0.0,0.0,0.0,0.0,7,0.5644,1.0,15,packet,150,Netflix
76,549.52632,538.91671,180.0,1236.0,1292.0,138.0,0.02774,0.11021,0.00077,3.97301,74.0,538.75676,567.30581,114.0,1288.0,1292.0,72.0,0.02918,0.12163,0.00117,4.16746,0.51161,0.50667,0.0,0.0,0.0,0.0,0.0,0.0,0.0,3,0.57623,1.0,150,packet,150,Spotify
104,1007.09615,499.02126,1292.0,1292.0,1292.0,1250.0,0.00814,0.03215,0.0,3.9515,46.0,650.43478,584.70824,331.0,1292.0,1292.0,289.0,0.01857,0.03985,0.00022,2.14551,0.77781,0.69333,0.0,0.0,0.0,0.0,0.0,0.0,0.0,3,0.16498,1.0,150,packet,150,Spotify
83,4998.46988,6232.10238,2494.0,5544.0,30554.0,2440.0,0.011,0.03268,0.00128,2.9697,67.0,86.50746,179.87561,54.0,54.0,1113.0,0.0,0.01367,0.03383,0.00157,2.47487,0.98622,0.55333,0.0,1.0,0.0,0.0,0.43333,0.0,0.43333,3,0.17209,0.0,150,packet,150,Spotify
70,54.0,0.0,54.0,54.0,54.0,0.0,0.00434,0.00683,0.0016,1.57358,80.0,5376.25,6224.52247,3714.0,6459.0,40314.0,3660.0,0.00378,0.00629,0.00137,1.66259,0.00871,0.46667,0.0,1.0,0.0,0.0,0.46,0.0,0.46,1,0.0,0.0,150,packet,150,Spotify
76,1158.11842,3252.0891,54.0,79.25,17134.0,0.0,0.0102,0.04489,0.0,4.40108,74.0,149.12162,235.08463,129.0,161.0,2074.0,75.0,0.01046,0.04069,5e-05,3.88852,0.88859,0.50667,0.00667,1.0,0.0,0.0,0.49333,0.0,0.47333,3,0.23741,0.0,150,packet,150,Spotify
78,2858.29487,3320.38854,1274.0,3714.0,14694.0,1220.0,0.01022,0.03078,0.00103,3.01004,72.0,82.80556,70.35992,54.0,90.0,523.0,0.0,0.0115,0.0309,0.00089,2.68813,0.97395,0.52,0.0,1.0,0.0,0.0,0.49333,0.0,0.44,3,0.16077,0.0,150,packet,150,Spotify
25,482.24,524.35181,116.0,989.0,1292.0,74.0,0.07596,0.14102,0.00033,1.85641,125.0,204.192,341.47163,93.0,93.0,1292.0,51.0,0.01336,0.07899,0.0,5.91279,0.32081,0.16667,0.0,0.0,0.0,0.0,0.0,0.0,0.0,7,0.25219,1.0,150,packet,150,Spotify
71,95.70423,173.46627,54.0,54.0,1099.0,0.0,0.01142,0.02984,0.00189,2.61341,79.0,2729.74684,4146.49323,1274.0,3714.0,24454.0,1220.0,0.01133,0.03667,0.00171,3.23705,0.03055,0.47333,0.0,1.0,0.0,0.0,0.41333,0.0,0.47333,4,0.1434,0.0,150,packet,150,Spotify
66,54.0,0.0,54.0,54.0,54.0,0.0,0.01717,0.03444,0.00303,2.00582,84.0,3046.04762,4711.4476,1274.0,2494.0,32994.0,1220.0,0.01253,0.03328,0.002,2.65623,0.01374,0.44,0.0,1.0,0.0,0.0,0.40667,0.0,0.44667,3,0.18376,0.0,150,packet,150,Spotify
87,3351.83908,3338.08765,2494.0,3714.0,17134.0,2440.0,0.0114,0.03464,0.00173,3.03883,63.0,54.0,0.0,54.0,54.0,54.0,0.0,0.0158,0.04098,0.00262,2.59359,0.98847,0.58,0.0,1.0,0.0,0.0,0.43333,0.0,0.41333,2,0.29973,0.0,150,packet,150,Spotify
85,813.27059,550.34065,1287.0,1292.0,1292.0,1245.0,0.01506,0.04833,0.0,3.20929,65.0,130.76923,168.0972,75.0,81.0,1292.0,33.0,0.01952,0.05464,0.0004,2.79884,0.8905,0.56667,0.0,0.0,0.0,0.0,0.0,0.0,0.0,4,0.2171,1.0,150,packet,150,Spotify
83,4331.3494,5208.39524,2494.0,4324.0,29334.0,2440.0,0.01325,0.04299,0.00174,3.24434,67.0,54.0,0.0,54.0,54.0,54.0,0.0,0.01647,0.04767,0.00179,2.8955,0.99004,0.55333,0.0,1.0,0.0,0.0,0.44667,0.0,0.44,3,0.26485,0.0,150,packet,150,Spotify
81,3759.18519,2929.03183,3714.0,4934.0,13474.0,3660.0,0.00566,0.02138,0.00142,3.77698,69.0,54.0,0.0,54.0,54.0,54.0,0.0,0.00661,0.02316,0.00144,3.50148,0.98791,0.54,0.0,1.0,0.0,0.0,0.44,0.0,0.45333,2,0.18866,0.0,150,packet,150,Spotify
65,54.0,0.0,54.0,54.0,54.0,0.0,0.01337,0.05439,0.00204,4.06767,85.0,5106.23529,8697.76393,2494.0,3714.0,54954.0,2440.0,0.01008,0.04548,0.00185,4.50934,0.00802,0.43333,0.0,1.0,0.0,0.0,0.44,0.0,0.42667,3,0.26311,0.0,150,packet,150,Spotify
65,118.03077,300.28279,54.0,54.0,2026.0,0.0,0.04641,0.13612,0.00428,2.93306,85.0,3094.38824,5653.65828,1274.0,2494.0,48854.0,1220.0,0.02932,0.10753,0.00233,3.66699,0.02834,0.43333,0.01333,0.99333,0.0,0.0,0.42,0.0,0.41333,8,0.36977,0.0,150,packet,150,Spotify
65,801.58462,541.50087,1287.0,1292.0,1292.0,1245.0,0.0246,0.07172,0.00548,2.91515,85.0,1030.23529,441.49936,1292.0,1292.0,1292.0,1250.0,0.01888,0.06961,0.0,3.68723,0.37304,0.43333,0.0,0.0,0.0,0.0,0.0,0.0,0.0,7,0.20365,1.0,150,packet,150,Spotify
84,3321.85714,2676.60058,2494.0,3714.0,14694.0,2440.0,0.00531,0.01238,0.00448,2.32924,66.0,54.0,0.0,54.0,54.0,54.0,0.0,0.00679,0.01386,0.00477,2.04252,0.98739,0.56,0.0,1.0,0.0,0.0,0.45333,0.0,0.43333,2,0.10786,0.0,150,packet,150,Spotify
118,1099.37288,405.18476,1292.0,1292.0,1292.0,1250.0,0.00487,0.01225,0.0,2.51669,32.0,178.1875,164.78384,75.0,228.0,819.0,33.0,0.01731,0.01793,0.01092,1.03591,0.9579,0.78667,0.0,0.0,0.0,0.0,0.0,0.0,0.0,1,0.0,1.0,150,packet,150,Spotify
94,777.88298,527.52164,941.0,1290.75,1292.0,899.0,0.00859,0.01068,0.0052,1.24347,56.0,151.375,83.58519,75.0,225.0,423.0,33.0,0.01408,0.00965,0.01445,0.68532,0.89611,0.62667,0.0,0.0,0.0,0.0,0.0,0.0,0.0,1,0.0,1.0,150,packet,150,Spotify
93,1129.69892,389.37874,1292.0,1292.0,1292.0,1250.0,0.06143,0.34401,0.00012,5.60027,57.0,171.66667,317.54366,66.0,71.0,1292.0,24.0,0.09496,0.43346,0.00302,4.56473,0.9148,0.62,0.0,0.0,0.0,0.0,0.0,0.0,0.0,9,0.59562,1.0,150,packet,150,Spotify
81,2487.98765,2056.88871,1274.0,3714.0,11034.0,1220.0,0.84731,5.56655,0.00206,6.56969,69.0,58.86957,18.57918,54.0,54.0,141.0,0.0,0.99674,6.01451,0.00241,6.03418,0.98024,0.54,0.0,1.0,0.0,0.0,0.44,0.0,0.44667,3,33.69906,0.0,150,packet,150,Spotify
81,2461.45679,1421.48572,2494.0,3714.0,7374.0,2440.0,0.863,5.60394,0.00217,6.49359,69.0,84.47826,176.31967,54.0,54.0,1107.0,0.0,1.01529,6.05914,0.00272,5.9679,0.97159,0.54,0.0,1.0,0.0,0.0,0.45333,0.0,0.45333,5,17.13674,0.0,150,packet,150,Spotify
83,3319.25301,2524.75733,2494.0,3714.0,14694.0,2440.0,0.00718,0.02113,0.00467,2.94204,67.0,69.65672,127.19577,54.0,54.0,1103.0,0.0,0.00883,0.02866,0.00497,3.24504,0.98334,0.55333,0.0,1.0,0.0,0.0,0.46,0.0,0.44,2,0.17631,0.0,150,packet,150,Spotify
81,211.90123,168.0802,276.0,276.0,942.0,222.0,7.30019,12.86116,0.04352,1.76176,69.0,66.53623,18.98251,54.0,97.0,97.0,0.0,8.58705,13.4858,0.14379,1.57048,0.78897,0.54,0.0,1.0,0.0,0.0,0.54,0.0,0.48,31,19.33837,0.0,150,packet,150,Spotify
68,339.07353,879.16878,89.0,121.25,5787.0,35.0,10.31704,18.0248,0.01134,1.74709,82.0,110.31707,159.61744,66.0,93.0,1274.0,0.0,8.52962,16.84971,0.00557,1.97543,0.71822,0.45333,0.02,0.99333,0.0,0.0,0.45333,0.0,0.49333,25,28.73209,0.0,150,packet,150,Spotify
86,2490.23256,2225.17748,1274.0,3714.0,17134.0,1220.0,0.00336,0.00363,0.00194,1.08261,64.0,54.0,0.0,54.0,54.0,54.0,0.0,0.0044,0.0045,0.00249,1.02196,0.98412,0.57333,0.0,1.0,0.0,0.0,0.26667,0.0,0.42,1,0.0,0.0,150,packet,150,Spotify
87,4347.44828,9680.54213,1274.0,3714.0,64714.0,1220.0,0.00982,0.02705,0.0021,2.75554,63.0,87.2381,183.56373,54.0,54.0,1103.0,0.0,0.01362,0.03813,0.00262,2.80002,0.98568,0.58,0.0,1.0,0.0,0.0,0.33333,0.0,0.41333,3,0.15843,0.0,150,packet,150,Spotify
79,4563.43038,4516.43805,3714.0,4934.0,24454.0,3660.0,0.03428,0.23293,0.00485,6.79479,71.0,68.71831,123.14222,54.0,54.0,1099.0,0.0,0.03818,0.23314,0.00481,6.10583,0.98665,0.52667,0.0,1.0,0.0,0.0,0.44,0.0,0.46667,3,1.09861,0.0,150,packet,150,Spotify
73,516.28767,529.33532,165.0,1288.0,1292.0,123.0,0.07151,0.17046,0.00225,2.38368,77.0,512.11688,539.97381,117.0,1287.0,1292.0,75.0,0.06678,0.1671,0.01059,2.50214,0.48869,0.48667,0.0,0.0,0.0,0.0,0.0,0.0,0.0,8,0.48843,1.0,150,packet,150,Spotify
81,3352.66667,7925.95917,1274.0,2494.0,64714.0,1220.0,1.14929,7.0339,0.0018,6.12022,69.0,62.94203,23.78947,54.0,54.0,142.0,0.0,1.56385,7.76544,0.00225,4.96559,0.98426,0.54,0.0,1.0,0.0,0.0,0.44,0.0,0.42667,6,21.16768,0.0,150,packet,150,Spotify
71,65.6338,26.91365,54.0,54.0,142.0,0.0,0.0115,0.05565,0.00162,4.8394,79.0,1987.22785,2112.65706,1274.0,2494.0,11034.0,1220.0,0.00972,0.06055,0.00139,6.22977,0.02883,0.47333,0.0,1.0,0.0,0.0,0.43333,0.0,0.44667,2,0.46393,0.0,150,packet,150,Spotify
82,4760.84146,4571.60692,3714.0,6154.0,28114.0,3660.0,0.00208,0.00246,0.00125,1.18278,68.0,54.0,0.0,54.0,54.0,54.0,0.0,0.00242,0.00273,0.00141,1.12747,0.99068,0.54667,0.0,1.0,0.0,0.0,0.41333,0.0,0.44667,1,0.0,0.0,150,packet,150,Spotify
81,794.14815,581.77661,1287.0,1292.0,1292.0,1245.0,0.09923,0.37131,0.00238,3.742,69.0,774.85507,564.28725,1135.0,1292.0,1292.0,1093.0,0.11663,0.39415,0.00039,3.37947,0.5461,0.54,0.0,0.0,0.0,0.0,0.0,0.0,0.0,11,0.66866,1.0,150,packet,150,Spotify
75,67.56,30.0241,54.0,54.0,142.0,0.0,0.01335,0.04659,0.00256,3.48987,75.0,4281.57333,5540.87853,1274.0,5544.0,24454.0,1220.0,0.01331,0.05745,0.00277,4.31674,0.01553,0.5,0.0,1.0,0.0,0.0,0.33333,0.0,0.41333,3,0.28276,0.0,150,packet,150,Spotify
80,5589.75,5979.69204,3714.0,6154.0,36654.0,3660.0,0.0051,0.00487,0.0049,0.95549,70.0,54.0,0.0,54.0,54.0,54.0,0.0,0.00583,0.00649,0.00462,1.11198,0.99162,0.53333,0.0,1.0,0.0,0.0,0.27333,0.0,0.46,1,0.0,0.0,150,packet,150,Spotify
82,4517.41463,4432.56002,3714.0,4934.0,22014.0,3660.0,0.00692,0.00796,0.00543,1.1504,68.0,54.0,0.0,54.0,54.0,54.0,0.0,0.00836,0.01005,0.0055,1.20227,0.99018,0.54667,0.0,1.0,0.0,0.0,0.28,0.0,0.44667,1,0.0,0.0,150,packet,150,Spotify
70,83.97143,174.41944,54.0,54.0,1103.0,0.0,2.62038,10.5243,0.00522,4.01633,80.0,5934.9125,6955.15305,3714.0,7374.0,36654.0,3660.0,2.28934,9.87947,0.00504,4.31542,0.01223,0.46667,0.0,1.0,0.0,0.0,0.44667,0.0,0.47333,5,45.00039,0.0,150,packet,150,Spotify
81,5709.39506,10828.23967,1274.0,3714.0,64714.0,1220.0,0.00465,0.00982,0.00109,2.11028,69.0,62.92754,26.57738,54.0,54.0,147.0,0.0,0.00546,0.01043,0.00125,1.91092,0.9907,0.54,0.0,1.0,0.0,0.0,0.46,0.0,0.42,1,0.0,0.0,150,packet,150,Spotify
89,6695.76404,10778.76265,1274.0,6154.0,57394.0,1220.0,0.00619,0.02943,0.00076,4.75082,61.0,62.63934,30.62841,54.0,54.0,230.0,0.0,0.00882,0.03325,0.00256,3.77017,0.99363,0.59333,0.0,1.0,0.0,0.0,0.38,0.0,0.37333,2,0.26051,0.0,150,packet,150,Spotify
78,3019.21795,4534.81078,1274.0,3714.0,28114.0,1220.0,0.00219,0.00642,0.0,2.92751,72.0,57.80556,17.4735,54.0,54.0,142.0,0.0,0.00237,0.00719,0.00034,3.02992,0.98263,0.52,0.0,1.0,0.0,0.0,0.23333,0.0,0.48667,1,0.0,0.0,150,packet,150,Spotify
84,83.59524,78.99294,54.0,87.0,672.0,0.0,9.26078,17.08577,0.03377,1.84496,66.0,323.74242,673.08407,93.0,138.0,4277.0,39.0,11.82436,18.49819,0.08612,1.56441,0.24735,0.56,0.0,1.0,0.0,0.0,0.42667,0.0,0.51333,24,33.30315,0.0,150,packet,150,Spotify
80,220.475,180.9368,276.0,276.0,942.0,222.0,13.55428,14.72617,0.67869,1.08646,70.0,68.28571,13.59952,66.0,82.0,82.0,0.0,15.51785,14.75613,29.52076,0.95091,0.78678,0.53333,0.0,1.0,0.0,0.0,0.53333,0.0,0.48,50,21.78707,0.0,150,packet,150,Spotify
86,201.04651,342.1131,66.0,96.0,1274.0,0.0,10.55525,18.49481,0.00591,1.75219,64.0,287.79688,661.22949,55.0,99.25,2733.0,1.0,14.2394,20.22155,0.00717,1.42011,0.48419,0.57333,0.0,1.0,0.0,0.0,0.43333,0.0,0.52667,23,40.70456,0.0,150,packet,150,Spotify
83,4281.44578,9360.32439,1274.0,3104.0,64714.0,1220.0,0.00728,0.03441,0.00102,4.7296,67.0,59.23881,20.79114,54.0,54.0,142.0,0.0,0.00904,0.03758,0.00168,4.15824,0.98895,0.55333,0.0,1.0,0.0,0.0,0.4,0.0,0.42667,2,0.30594,0.0,150,packet,150,Spotify
77,58.53247,19.36296,54.0,54.0,142.0,0.0,0.00628,0.02089,0.00141,3.32669,73.0,5746.84932,11343.42025,2494.0,3714.0,64714.0,2440.0,0.00642,0.0215,0.00142,3.35182,0.01063,0.51333,0.0,1.0,0.0,0.0,0.34667,0.0,0.48667,2,0.17534,0.0,150,packet,150,Spotify
68,62.95588,30.3574,54.0,54.0,228.0,0.0,0.00927,0.02053,0.00356,2.21586,82.0,5768.36585,11033.17516,1274.0,3714.0,63494.0,1220.0,0.00589,0.0128,0.0027,2.17332,0.00897,0.45333,0.0,1.0,0.0,0.0,0.38,0.0,0.44,2,0.13592,0.0,150,packet,150,Spotify
77,4944.87013,5592.73246,3714.0,4934.0,31774.0,3660.0,0.00415,0.01439,0.0015,3.46976,73.0,59.9726,22.02612,54.0,54.0,142.0,0.0,0.00437,0.00797,0.00166,1.82491,0.98863,0.51333,0.0,1.0,0.0,0.0,0.48,0.0,0.44667,1,0.0,0.0,150,packet,150,Spotify
76,57.46053,17.07063,54.0,54.0,142.0,0.0,0.00196,0.00237,0.00112,1.21066,74.0,8183.06757,10063.09498,3714.0,10729.0,64714.0,3660.0,0.00191,0.0023,0.00112,1.20043,0.00716,0.50667,0.0,1.0,0.0,0.0,0.34,0.0,0.48,1,0.0,0.0,150,packet,150,Spotify
75,7649.66667,9160.98645,3714.0,8594.0,43974.0,3660.0,0.00189,0.00359,0.00121,1.90287,75.0,56.32,14.01633,54.0,54.0,141.0,0.0,0.00189,0.00356,0.00119,1.88461,0.99269,0.5,0.0,1.0,0.0,0.0,0.24,0.0,0.48,1,0.0,0.0,150,packet,150,Spotify
76,74.36842,21.4702,54.0,97.0,97.0,0.0,14.86464,15.222,0.98319,1.02404,74.0,90.62162,76.75157,94.0,94.0,540.0,40.0,14.42503,15.29702,0.68355,1.06045,0.45736,0.50667,0.0,1.0,0.0,0.0,0.5,0.0,0.5,41,27.74249,0.0,150,packet,150,Spotify
71,59.33803,20.28456,54.0,54.0,141.0,0.0,0.00621,0.02139,0.00123,3.44503,79.0,2930.21519,2897.16517,2494.0,3714.0,18354.0,2440.0,0.00543,0.0215,0.00123,3.96102,0.01787,0.47333,0.0,1.0,0.0,0.0,0.45333,0.0,0.44,2,0.12352,0.0,150,packet,150,Spotify
77,6544.36364,7814.91096,3714.0,7374.0,45194.0,3660.0,0.00289,0.00317,0.00174,1.09618,73.0,56.41096,14.36495,54.0,54.0,142.0,0.0,0.00305,0.00331,0.00189,1.08528,0.99189,0.51333,0.0,1.0,0.0,0.0,0.38667,0.0,0.46667,1,0.0,0.0,150,packet,150,Spotify
77,5402.96104,7843.43071,2494.0,6154.0,42754.0,2440.0,0.00336,0.00379,0.00159,1.12936,73.0,57.60274,17.40315,54.0,54.0,142.0,0.0,0.00354,0.00427,0.00164,1.206,0.98999,0.51333,0.0,1.0,0.0,0.0,0.29333,0.0,0.48,1,0.0,0.0,150,packet,150,Spotify
75,3983.32,4257.35249,3714.0,4324.0,31774.0,3660.0,0.00394,0.00264,0.0046,0.66874,75.0,55.17333,10.09339,54.0,54.0,142.0,0.0,0.00394,0.00258,0.00445,0.65324,0.98634,0.5,0.0,1.0,0.0,0.0,0.22,0.0,0.49333,1,0.0,0.0,150,packet,150,Spotify
77,7874.2987,8776.85594,3714.0,9814.0,45194.0,3660.0,0.00333,0.00216,0.00336,0.64851,73.0,55.19178,10.1126,54.0,54.0,141.0,0.0,0.00349,0.00226,0.00377,0.6467,0.9934,0.51333,0.0,1.0,0.0,0.0,0.35333,0.0,0.47333,1,0.0,0.0,150,packet,150,Spotify
79,77.94937,40.62795,66.0,93.0,374.0,0.0,13.7557,19.97339,0.03693,1.45201,71.0,271.50704,632.62843,89.0,93.0,3120.0,35.0,15.32713,20.50063,0.06311,1.33754,0.24211,0.52667,0.0,1.0,0.0,0.0,0.42667,0.0,0.52667,30,36.91981,0.0,150,packet,150,Spotify
1,54.0,0.0,54.0,54.0,54.0,0.0,0.0,0.0,0.0,0.0,0.0,0.0,0.0,0.0,0.0,0.0,0.0,0.0,0.0,0.0,0.0,1.0,1.0,0.0,1.0,0.0,1.0,0.0,0.0,0.0,1,0.0,0.0,1,packet,150,Spotify
4,338.5,407.81399,123.0,382.75,1042.0,81.0,0.02945,0.02429,0.02814,0.82471,5.0,92.6,22.2405,75.0,114.0,125.0,33.0,0.01442,0.02441,0.00036,1.69281,0.74518,0.44444,0.0,0.0,0.0,0.0,0.0,0.0,0.0,1,0.0,1.0,9,packet,150,Spotify
10,105.4,82.02829,69.5,119.25,332.0,15.5,1.27535,3.55526,0.01437,2.78768,11.0,229.45455,319.64707,85.0,167.0,1070.0,31.0,1.14396,3.38793,0.00217,2.96157,0.29458,0.47619,0.0,1.0,0.09524,0.0,0.52381,0.0,0.33333,2,11.27778,0.0,21,packet,150,Spotify
9,111.11111,84.55826,85.0,128.0,332.0,31.0,1.4356,3.74011,0.02055,2.60525,11.0,229.45455,319.64707,85.0,167.0,1070.0,31.0,1.1429,3.3909,0.00019,2.96693,0.28377,0.45,0.0,1.0,0.1,0.0,0.55,0.0,0.3,2,11.27745,0.0,20,packet,150,Spotify
5,92.4,22.05085,75.0,113.0,125.0,33.0,0.0136,0.02287,0.00053,1.68185,3.0,423.66667,439.01734,163.0,602.5,1042.0,121.0,0.01434,0.01332,0.01434,0.92899,0.26659,0.625,0.0,0.0,0.0,0.0,0.0,0.0,0.0,1,0.0,1.0,8,packet,150,Spotify
13,106.23077,96.76391,66.0,118.0,423.0,0.0,9.13048,30.14438,0.02039,3.30151,8.0,196.25,249.74975,105.0,152.0,840.0,51.0,15.64401,38.17897,0.07444,2.44049,0.46798,0.61905,0.0,1.0,0.09524,0.0,0.52381,0.0,0.38095,3,54.63087,0.0,21,packet,150,Spotify
13,71.0,0.0,71.0,71.0,71.0,29.0,18.49848,12.04417,27.00804,0.65109,14.0,69.57143,11.22952,66.0,67.0,110.0,24.0,18.34486,11.59665,26.99737,0.63215,0.48656,0.48148,0.0,0.0,0.0,0.0,0.0,0.0,0.0,14,18.27761,1.0,27,packet,150,Spotify
17,157.52941,156.49849,93.0,209.0,652.0,39.0,0.52338,1.29593,0.04168,2.47608,22.0,183.22727,235.4178,73.5,132.75,869.0,19.5,0.39696,1.15209,0.00383,2.90227,0.39917,0.4359,0.0,1.0,0.05128,0.0,0.53846,0.0,0.38462,4,2.63842,0.0,39,packet,150,Spotify
4,212.0,0.0,212.0,212.0,212.0,170.0,1.02544,0.01445,1.02511,0.01409,0.0,0.0,0.0,0.0,0.0,0.0,0.0,0.0,0.0,0.0,0.0,1.0,1.0,0.0,0.0,0.0,0.0,0.0,0.0,0.0,4,1.02544,1.0,4,packet,150,Spotify
10,152.7,149.79923,89.0,132.75,462.0,35.0,0.47816,1.24162,0.01415,2.59664,11.0,133.36364,132.26439,54.0,126.0,451.0,0.0,0.42421,1.20087,0.02916,2.83086,0.51002,0.47619,0.0,1.0,0.09524,0.0,0.52381,0.0,0.33333,2,3.95048,0.0,21,packet,150,Spotify
17,255.23529,432.93819,85.0,206.0,1851.0,31.0,0.26221,0.94344,0.00168,3.59799,19.0,298.89474,430.64467,85.0,233.5,1274.0,31.0,0.22989,0.90105,0.00143,3.91948,0.43312,0.47222,0.0,1.0,0.05556,0.0,0.5,0.0,0.38889,2,3.86889,0.0,36,packet,150,Spotify
4,487.25,750.41101,54.0,487.25,1787.0,0.0,0.04099,0.04483,0.01014,1.09353,10.0,1018.0,728.87859,1274.0,1274.0,2494.0,1220.0,0.82059,1.18265,0.22608,1.44121,0.16069,0.28571,0.0,1.0,0.21429,0.07143,0.21429,0.0,0.57143,6,1.44649,0.0,14,packet,150,Spotify
61,312.04918,644.79318,65.0,486.0,4934.0,11.0,30.00227,29.18884,24.76525,0.97289,74.0,56.91892,5.45437,54.0,54.0,81.0,0.0,24.66013,28.78617,0.67329,1.16732,0.81882,0.45185,0.0,1.0,0.0,0.0,0.55556,0.0,0.45185,50,36.65163,0.0,135,packet,150,Spotify
8,668.125,518.31613,579.0,1292.0,1292.0,537.0,0.02665,0.02905,0.01292,1.09001,5.0,589.8,575.34143,209.0,1292.0,1292.0,167.0,0.02712,0.02316,0.02807,0.85402,0.64444,0.61538,0.0,0.0,0.0,0.0,0.0,0.0,0.0,1,0.0,1.0,13,packet,150,Spotify
17,452.64706,537.34685,78.0,1243.0,1288.0,36.0,0.1506,0.35667,0.06805,2.3683,18.0,609.22222,583.50089,182.5,1292.0,1292.0,140.5,0.1456,0.35791,0.05361,2.45817,0.41236,0.48571,0.0,0.0,0.0,0.0,0.0,0.0,0.0,3,0.8411,1.0,35,packet,150,Spotify
6,579.66667,547.03737,383.5,1139.25,1287.0,341.5,0.04382,0.05818,0.0101,1.32788,2.0,80.0,0.0,80.0,80.0,80.0,38.0,0.08088,0.0,0.08088,0.0,0.95602,0.75,0.0,0.0,0.0,0.0,0.0,0.0,0.0,2,0.13745,1.0,8,packet,150,Spotify
57,88.47368,3.84391,87.0,87.0,96.0,45.0,31.00049,47.66168,2.00387,1.53745,0.0,0.0,0.0,0.0,0.0,0.0,0.0,0.0,0.0,0.0,0.0,1.0,1.0,0.0,0.0,0.0,0.0,0.0,0.0,0.0,56,31.56366,1.0,57,packet,150,Spotify
24,159.875,217.75738,75.0,77.5,1042.0,33.0,0.0949,0.17046,0.02501,1.79615,31.0,837.16129,570.80549,1288.0,1292.0,1292.0,1246.0,0.0706,0.1615,0.00172,2.2875,0.12881,0.43636,0.0,0.0,0.0,0.0,0.0,0.0,0.0,6,0.30894,1.0,55,packet,150,Spotify
10,201.0,261.60696,89.0,132.75,892.0,35.0,0.27451,0.6778,0.02417,2.46916,11.0,130.72727,138.22254,54.0,134.5,530.0,0.0,0.24331,0.65572,0.03077,2.69495,0.58295,0.47619,0.0,1.0,0.09524,0.0,0.52381,0.0,0.33333,2,2.13428,0.0,21,packet,150,Spotify
43,167.0,0.0,167.0,167.0,167.0,125.0,41.37851,55.60714,2.01548,1.34387,0.0,0.0,0.0,0.0,0.0,0.0,0.0,0.0,0.0,0.0,0.0,1.0,1.0,0.0,0.0,0.0,0.0,0.0,0.0,0.0,43,41.37851,1.0,43,packet,150,Spotify
11,238.27273,353.21461,69.0,206.0,1288.0,27.0,0.09642,0.1314,0.0383,1.36273,10.0,90.3,36.16642,76.0,77.75,194.0,34.0,0.09153,0.11993,0.06792,1.31033,0.74376,0.52381,0.0,0.0,0.0,0.0,0.0,0.0,0.0,4,0.2004,1.0,21,packet,150,Spotify
82,2373.37805,3139.65106,1274.0,2494.0,18354.0,1220.0,0.02893,0.12214,0.00168,4.22206,66.0,71.06061,62.72013,54.0,54.0,528.0,0.0,0.0358,0.10512,0.00212,2.93625,0.97647,0.55405,0.0,1.0,0.02027,0.00676,0.46622,0.0,0.42568,8,0.2495,0.0,148,packet,150,Spotify
83,86.0,0.0,86.0,86.0,86.0,44.0,21.89763,12.14651,30.00381,0.5547,0.0,0.0,0.0,0.0,0.0,0.0,0.0,0.0,0.0,0.0,0.0,1.0,1.0,0.0,0.0,0.0,0.0,0.0,0.0,0.0,78,23.3189,1.0,83,packet,150,Spotify
12,204.41667,242.20668,95.0,169.75,918.0,53.0,0.03553,0.04289,0.0134,1.20714,12.0,330.08333,404.24548,168.0,296.25,1292.0,126.0,0.03723,0.04107,0.02741,1.10325,0.38244,0.5,0.0,0.0,0.0,0.0,0.0,0.0,0.0,1,0.0,1.0,24,packet,150,Spotify
7,140.85714,149.78692,85.0,119.5,500.0,31.0,0.28073,0.55245,0.03789,1.96792,6.0,140.66667,180.28465,54.0,77.25,543.0,0.0,0.32124,0.61073,0.01557,1.90116,0.5388,0.53846,0.0,1.0,0.15385,0.0,0.46154,0.0,0.30769,2,1.4673,0.0,13,packet,150,Spotify
46,114.30435,265.67436,54.0,54.0,1819.0,0.0,0.03081,0.08279,0.0025,2.68691,58.0,1852.25862,1802.00799,1274.0,2494.0,7374.0,1220.0,0.02285,0.09761,0.00148,4.2715,0.04666,0.44231,0.0,1.0,0.01923,0.00962,0.44231,0.0,0.44231,4,0.30132,0.0,104,packet,150,Spotify
57,54.0,0.0,54.0,54.0,54.0,0.0,0.02215,0.11031,0.00166,4.97905,63.0,4489.80952,5634.32561,2494.0,4934.0,30554.0,2440.0,0.0197,0.11584,0.00127,5.88119,0.01076,0.475,0.0,1.0,0.01667,0.00833,0.40833,0.0,0.45833,2,0.83436,0.0,120,packet,150,Spotify
24,1894.45833,2373.19214,1274.0,2494.0,9814.0,1220.0,0.05874,0.2167,0.00158,3.68896,22.0,84.36364,98.11104,54.0,54.0,519.0,0.0,0.06279,0.20711,0.00202,3.29855,0.96078,0.52174,0.0,1.0,0.04348,0.02174,0.45652,0.0,0.41304,4,0.39737,0.0,46,packet,150,Spotify
20,2203.25,3323.20509,1270.5,2494.0,14694.0,1216.5,0.06946,0.2347,0.01102,3.37883,19.0,89.52632,106.28381,54.0,54.0,526.0,0.0,0.0725,0.19946,0.00758,2.75129,0.96283,0.51282,0.0,1.0,0.05128,0.02564,0.46154,0.0,0.38462,3,0.53089,0.0,39,packet,150,Spotify
15,210.53333,443.19053,54.0,110.5,1843.0,0.0,0.09315,0.18006,0.00118,1.93295,13.0,698.84615,1283.29821,93.0,598.0,4934.0,39.0,0.10007,0.2235,0.00762,2.23343,0.25794,0.53571,0.07143,0.96429,0.07143,0.0,0.5,0.0,0.32143,6,0.23216,0.0,28,packet,150,Spotify
6,81.83333,47.00502,54.0,83.25,182.0,0.0,0.2241,0.25234,0.19324,1.12603,7.0,134.71429,143.34346,85.0,107.5,481.0,31.0,0.16312,0.30614,0.02567,1.87682,0.3424,0.46154,0.0,1.0,0.15385,0.0,0.46154,0.0,0.30769,4,0.32851,0.0,13,packet,150,Spotify
43,6316.88372,5863.73571,4934.0,7984.0,31774.0,4880.0,0.0096,0.03582,0.00061,3.73105,41.0,54.29268,1.85109,54.0,54.0,66.0,0.0,0.01008,0.03626,0.00028,3.59644,0.99187,0.5119,0.0,1.0,0.02381,0.0,0.5,0.0,0.47619,2,0.22475,0.0,84,packet,150,Spotify
4,369.75,378.88413,197.5,428.5,1018.0,155.5,0.03348,0.03186,0.0218,0.95152,2.0,140.0,67.0,140.0,173.5,207.0,98.0,0.07796,0.0,0.07796,0.0,0.84082,0.66667,0.0,0.0,0.0,0.0,0.0,0.0,0.0,1,0.0,1.0,6,packet,150,Spotify
2,54.0,0.0,54.0,54.0,54.0,0.0,0.23548,0.0,0.23548,0.0,3.0,62.0,11.31371,54.0,66.0,78.0,0.0,0.00191,0.00105,0.00191,0.54962,0.36735,0.4,0.0,1.0,0.6,0.2,0.2,0.0,0.2,2,0.23524,0.0,5,packet,150,Spotify
2,54.0,0.0,54.0,54.0,54.0,0.0,0.23293,0.0,0.23293,0.0,4.0,60.0,10.3923,54.0,60.0,78.0,0.0,0.00225,0.00318,0.0,1.41421,0.31034,0.33333,0.0,1.0,0.5,0.16667,0.16667,0.0,0.33333,2,0.23224,0.0,6,packet,150,Spotify
2,54.0,0.0,54.0,54.0,54.0,0.0,0.23524,0.0,0.23524,0.0,4.0,60.0,10.3923,54.0,60.0,78.0,0.0,0.01155,0.01531,0.00147,1.32532,0.31034,0.33333,0.0,1.0,0.5,0.16667,0.16667,0.0,0.33333,2,0.23363,0.0,6,packet,150,Spotify
2,54.0,0.0,54.0,54.0,54.0,0.0,0.23519,0.0,0.23519,0.0,1.0,54.0,0.0,54.0,54.0,54.0,0.0,0.0,0.0,0.0,0.0,0.66667,0.66667,0.0,1.0,0.66667,0.0,0.0,0.0,0.0,2,0.23471,0.0,3,packet,150,Spotify
2,54.0,0.0,54.0,54.0,54.0,0.0,0.23207,0.0,0.23207,0.0,1.0,54.0,0.0,54.0,54.0,54.0,0.0,0.0,0.0,0.0,0.0,0.66667,0.66667,0.0,1.0,0.66667,0.0,0.0,0.0,0.0,2,0.23169,0.0,3,packet,150,Spotify
2,54.0,0.0,54.0,54.0,54.0,0.0,0.23547,0.0,0.23547,0.0,1.0,54.0,0.0,54.0,54.0,54.0,0.0,0.0,0.0,0.0,0.0,0.66667,0.66667,0.0,1.0,0.66667,0.0,0.0,0.0,0.0,2,0.23529,0.0,3,packet,150,Spotify
24,875.41667,545.60173,1289.0,1292.0,1292.0,1247.0,0.51274,1.73043,0.0,3.37485,14.0,454.07143,497.03226,141.0,839.75,1292.0,99.0,0.9064,2.19375,0.00411,2.4203,0.76771,0.63158,0.0,0.0,0.0,0.0,0.0,0.0,0.0,3,5.70213,1.0,38,packet,150,Spotify
54,55.64815,11.7255,54.0,54.0,141.0,0.0,2.27294,9.39239,0.00227,4.13227,62.0,2344.5,1706.93701,2494.0,3409.0,8594.0,2440.0,1.97543,8.79354,0.00206,4.45145,0.02025,0.46552,0.0,1.0,0.01724,0.0,0.38793,0.0,0.46552,5,29.994,0.0,116,packet,150,Spotify
56,2101.26786,2147.80557,1274.0,2494.0,11034.0,1220.0,2.18836,9.19851,0.00484,4.20338,45.0,121.84444,278.82388,54.0,54.0,1808.0,0.0,2.73429,10.20417,0.00593,3.73193,0.95548,0.55446,0.0099,1.0,0.0198,0.0,0.41584,0.0,0.43564,6,23.92021,0.0,101,packet,150,Spotify
34,162.70588,362.51763,55.0,55.0,1825.0,1.0,18.50271,21.80871,0.18971,1.17868,33.0,681.72727,1304.45501,66.0,106.0,6154.0,0.0,19.08069,21.86562,0.34117,1.14596,0.19737,0.50746,0.02985,0.98507,0.02985,0.0,0.25373,0.0,0.64179,22,29.02204,0.0,67,packet,150,Spotify
55,2363.58182,2531.23576,1274.0,3104.0,12254.0,1220.0,11.29512,19.28427,0.00417,1.70731,47.0,54.2766,0.44731,54.0,55.0,55.0,0.0,13.25599,20.26091,0.00752,1.52843,0.98075,0.53922,0.0,1.0,0.02941,0.0,0.33333,0.0,0.56863,23,27.68333,0.0,102,packet,150,Spotify
8,238.0,259.38196,66.0,367.5,672.0,0.0,10.33552,16.92094,0.05774,1.63716,7.0,363.42857,726.82673,55.0,92.0,2143.0,0.0,12.05809,17.671,0.2056,1.46549,0.42806,0.53333,0.06667,1.0,0.13333,0.0,0.33333,0.0,0.4,4,24.02412,0.0,15,packet,150,Spotify
65,971.87692,512.63607,1292.0,1292.0,1292.0,1250.0,0.04456,0.1447,0.0,3.24708,35.0,115.0,187.1044,73.0,74.0,1144.0,31.0,0.07841,0.16701,0.0022,2.13006,0.9401,0.65,0.0,0.0,0.0,0.0,0.0,0.0,0.0,9,0.29295,1.0,100,packet,150,Spotify
4,211.5,265.91493,60.0,217.5,672.0,0.0,23.62711,18.45507,25.83836,0.7811,4.0,54.25,0.43301,54.0,54.25,55.0,0.0,23.61073,18.40658,25.84128,0.77959,0.79586,0.5,0.0,1.0,0.25,0.0,0.125,0.0,0.375,3,35.37974,0.0,8,packet,150,Spotify
31,171.6129,222.46358,85.0,142.0,1036.0,31.0,8.01096,16.77329,0.0,2.09379,24.0,92.125,65.33651,55.0,98.75,276.0,1.0,10.44906,18.5045,0.00165,1.77092,0.70641,0.56364,0.0,1.0,0.03636,0.0,0.47273,0.0,0.45455,9,29.96981,0.0,55,packet,150,Spotify
26,200.38462,417.85764,54.0,80.25,1887.0,0.0,4.85153,13.1741,0.00571,2.71546,37.0,850.64865,1142.82328,551.0,1274.0,6154.0,497.0,3.3691,11.20685,0.00031,3.32636,0.14202,0.4127,0.03175,0.98413,0.03175,0.0,0.4127,0.0,0.46032,10,13.42443,0.0,63,packet,150,Spotify
31,179.54839,397.00945,55.0,55.0,1882.0,0.0,15.04507,21.1759,0.07715,1.4075,37.0,827.24324,1271.07072,78.0,1274.0,6154.0,24.0,12.76265,20.00542,0.06443,1.5675,0.15387,0.45588,0.02941,0.98529,0.08824,0.01471,0.32353,0.0,0.61765,19,25.46977,0.0,68,packet,150,Spotify
22,400.45455,496.31815,98.0,513.25,1292.0,56.0,1.44606,4.30563,0.10924,2.97748,25.0,495.28,520.36768,195.0,1155.0,1292.0,153.0,1.25713,4.08491,0.04688,3.24939,0.41572,0.46809,0.0,0.0,0.0,0.0,0.0,0.0,0.0,12,2.70754,1.0,47,packet,150,Spotify
52,97.69231,235.4488,55.0,55.0,1753.0,1.0,34.73554,18.74583,45.09186,0.53967,54.0,219.16667,605.8131,66.0,66.0,3714.0,0.0,33.42153,19.55318,45.08588,0.58505,0.30033,0.49057,0.01887,0.99057,0.0,0.0,0.13208,0.0,0.83962,53,34.01418,0.0,106,packet,150,Spotify
25,525.6,551.36275,154.0,1292.0,1292.0,112.0,52.09268,249.3285,0.03324,4.78625,27.0,363.77778,461.21886,82.0,388.0,1292.0,40.0,48.06368,239.94148,0.03111,4.99216,0.57225,0.48077,0.0,0.0,0.0,0.0,0.0,0.0,0.0,10,138.84784,1.0,52,packet,150,Spotify
10,266.6,604.41429,60.5,66.0,2079.0,0.0,7.93149,15.08782,0.31929,1.90227,10.0,202.4,242.69289,66.0,216.0,672.0,0.0,7.86528,15.13999,0.19918,1.92491,0.56844,0.5,0.15,0.95,0.1,0.0,0.25,0.0,0.5,7,11.8596,0.0,20,packet,150,Spotify
43,54.18605,0.38914,54.0,54.0,55.0,0.0,8.99289,17.6803,0.00577,1.96603,53.0,2617.0566,3184.67644,1274.0,3714.0,18354.0,1220.0,7.26347,16.28445,0.0046,2.24197,0.01652,0.44792,0.0,1.0,0.02083,0.0,0.33333,0.0,0.5,10,41.90203,0.0,96,packet,150,Spotify
20,100.05,58.60928,71.0,117.0,319.0,29.0,0.61527,1.43894,0.06719,2.33871,25.0,574.48,544.09397,330.0,1288.0,1292.0,288.0,0.48517,1.29564,0.06736,2.67047,0.12229,0.44444,0.0,0.0,0.0,0.0,0.0,0.0,0.0,5,2.64223,1.0,45,packet,150,Spotify
10,271.8,602.88785,60.5,105.0,2079.0,0.0,7.90331,15.1824,0.30379,1.92102,9.0,151.55556,194.87609,66.0,66.0,672.0,0.0,8.84753,15.81828,0.25222,1.78787,0.66585,0.52632,0.15789,0.94737,0.10526,0.0,0.26316,0.0,0.47368,7,11.81897,0.0,19,packet,150,Spotify
13,109.23077,95.64691,93.0,98.0,429.0,39.0,2.66688,8.79867,0.00252,3.29924,10.0,84.8,34.88209,89.0,93.0,175.0,35.0,3.55111,9.99194,0.00415,2.81375,0.6261,0.56522,0.0,1.0,0.0,0.0,0.6087,0.0,0.34783,2,31.77704,0.0,23,packet,150,Spotify
7,355.85714,708.28897,55.0,92.0,2090.0,0.0,10.06639,16.5062,0.33011,1.63973,8.0,287.375,403.64432,60.0,293.25,1274.0,0.0,8.58374,15.63911,0.29572,1.82195,0.52004,0.46667,0.13333,0.93333,0.06667,0.06667,0.26667,0.0,0.26667,6,12.07838,0.0,15,packet,150,Spotify
24,82.0,0.0,82.0,82.0,82.0,28.0,30.00958,0.00503,30.00824,0.00017,24.0,54.0,0.0,54.0,54.0,54.0,0.0,30.00953,0.01705,30.01466,0.00057,0.60294,0.5,0.0,1.0,0.0,0.0,0.5,0.0,0.47917,24,29.95679,0.0,48,packet,150,Spotify
8,74.0,20.0,74.0,94.0,94.0,20.0,13.29324,15.30345,0.04199,1.15122,7.0,72.42857,21.27948,54.0,97.0,97.0,0.0,15.50121,15.36535,15.49893,0.99124,0.53867,0.53333,0.0,1.0,0.0,0.0,0.46667,0.0,0.46667,4,30.86656,0.0,15,packet,150,Spotify
7,521.28571,762.41397,66.0,670.0,2081.0,0.0,0.1825,0.14544,0.20865,0.79691,8.0,85.0,68.63672,60.0,66.0,266.0,0.0,0.11699,0.27037,0.00343,2.3111,0.84292,0.46667,0.2,0.93333,0.2,0.13333,0.2,0.0,0.4,5,0.27331,0.0,15,packet,150,Spotify
11,339.45455,599.16751,55.0,92.0,1885.0,0.0,7.07443,14.55222,0.19635,2.05702,11.0,519.09091,738.59774,66.0,868.5,2494.0,0.0,7.04505,14.60029,0.00352,2.07242,0.39538,0.5,0.09091,0.95455,0.09091,0.0,0.31818,0.0,0.45455,7,11.76126,0.0,22,packet,150,Spotify
11,456.90909,526.96601,120.0,913.5,1292.0,78.0,0.03972,0.05742,0.00146,1.44568,16.0,423.625,473.32004,154.5,550.75,1292.0,112.5,0.05053,0.12072,0.0,2.38924,0.42579,0.40741,0.0,0.0,0.0,0.0,0.0,0.0,0.0,4,0.24357,1.0,27,packet,150,Spotify
42,1569.88095,2530.25066,1274.0,1274.0,14694.0,1220.0,14.8827,20.89935,0.00372,1.40427,35.0,54.37143,0.48319,54.0,55.0,55.0,0.0,17.94516,21.71562,0.01222,1.21011,0.97195,0.54545,0.0,1.0,0.03896,0.0,0.25974,0.0,0.5974,15,43.51348,0.0,77,packet,150,Spotify
16,232.6875,400.96364,72.0,88.75,1292.0,30.0,14.41144,13.39326,26.45267,0.92935,20.0,324.3,455.5252,75.0,203.25,1292.0,33.0,12.63201,13.27907,0.32462,1.05122,0.36468,0.44444,0.0,0.0,0.0,0.0,0.0,0.0,0.0,13,19.93792,1.0,36,packet,150,Spotify
13,335.30769,448.1877,82.0,208.0,1292.0,40.0,0.16265,0.2714,0.00107,1.66861,13.0,569.69231,510.21826,309.0,1292.0,1292.0,267.0,0.16605,0.2608,0.02534,1.57062,0.37051,0.5,0.0,0.0,0.0,0.0,0.0,0.0,0.0,6,0.34839,1.0,26,packet,150,Spotify
13,218.46154,546.58909,55.0,55.0,2111.0,1.0,18.97621,22.03545,1.03185,1.16121,12.0,129.16667,173.18864,66.0,66.0,672.0,0.0,20.69846,22.24727,1.59397,1.07483,0.64692,0.52,0.08,0.96,0.08,0.0,0.16,0.0,0.6,8,32.4298,0.0,25,packet,150,Spotify
18,336.44444,421.52939,78.0,438.0,1288.0,36.0,3.38605,8.18074,0.07482,2.41601,20.0,456.5,548.81559,119.0,1289.0,1292.0,77.0,3.02758,7.81083,0.04172,2.57989,0.39879,0.47368,0.0,0.0,0.0,0.0,0.0,0.0,0.0,6,11.38237,1.0,38,packet,150,Spotify
41,55.60976,3.85644,55.0,55.0,80.0,1.0,44.26592,5.27844,45.09435,0.11924,42.0,66.0,2.61861,66.0,66.0,78.0,0.0,43.18725,8.5891,45.09744,0.19888,0.45131,0.49398,0.0,1.0,0.0,0.0,0.0241,0.0,0.93976,54,33.36643,0.0,83,packet,150,Spotify
6,54.66667,0.4714,55.0,55.0,55.0,1.0,35.56969,17.79415,45.05458,0.50026,5.0,63.6,4.8,66.0,66.0,66.0,0.0,44.4497,1.07059,45.06125,0.02409,0.50774,0.54545,0.0,1.0,0.18182,0.0,0.0,0.0,0.63636,5,44.39961,0.0,11,packet,150,Spotify
6,522.33333,550.20259,203.0,1048.25,1292.0,161.0,0.02876,0.02827,0.02648,0.98291,6.0,530.16667,550.03346,234.5,1066.0,1292.0,192.5,0.03111,0.03219,0.02811,1.03445,0.49628,0.5,0.0,0.0,0.0,0.0,0.0,0.0,0.0,1,0.0,1.0,12,packet,150,Spotify
9,587.55556,537.35941,369.0,1288.0,1292.0,327.0,0.51836,1.233,0.08186,2.37864,8.0,104.75,74.90285,68.5,88.0,293.0,26.5,0.59245,1.29453,0.07859,2.18502,0.86321,0.52941,0.0,0.0,0.0,0.0,0.0,0.0,0.0,2,3.70479,1.0,17,packet,150,Spotify
3,212.0,0.0,212.0,212.0,212.0,170.0,1.00642,0.00638,1.00642,0.00634,0.0,0.0,0.0,0.0,0.0,0.0,0.0,0.0,0.0,0.0,0.0,1.0,1.0,0.0,0.0,0.0,0.0,0.0,0.0,0.0,3,1.00642,1.0,3,packet,150,Spotify
7,54.71429,0.45175,55.0,55.0,55.0,1.0,32.50451,18.27259,45.07318,0.56216,7.0,73.0,22.43085,66.0,66.0,127.0,0.0,32.49496,18.2857,45.07231,0.56272,0.42841,0.5,0.0,1.0,0.14286,0.0,0.07143,0.0,0.64286,6,38.92766,0.0,14,packet,150,Spotify
5,54.6,0.4899,55.0,55.0,55.0,1.0,31.3785,18.52876,40.20219,0.59049,4.0,63.0,5.19615,66.0,66.0,66.0,0.0,41.81736,4.60021,45.05891,0.11001,0.52,0.55556,0.0,1.0,0.22222,0.0,0.0,0.0,0.55556,4,41.76615,0.0,9,packet,150,Spotify
5,54.4,0.4899,54.0,55.0,55.0,0.0,18.7795,19.49852,15.02649,1.03829,6.0,62.0,8.94427,60.0,66.0,78.0,0.0,15.04014,18.95606,0.14049,1.26036,0.42236,0.45455,0.0,1.0,0.27273,0.0,0.09091,0.0,0.45455,4,25.03672,0.0,11,packet,150,Spotify
3,212.0,0.0,212.0,212.0,212.0,170.0,1.01205,0.0037,1.01205,0.00365,0.0,0.0,0.0,0.0,0.0,0.0,0.0,0.0,0.0,0.0,0.0,1.0,1.0,0.0,0.0,0.0,0.0,0.0,0.0,0.0,3,1.01205,1.0,3,packet,150,Spotify
11,544.27273,567.11168,209.0,1290.0,1292.0,167.0,0.10079,0.18082,0.04207,1.79394,12.0,611.41667,521.43112,541.5,1289.0,1292.0,499.5,0.08443,0.18646,0.02138,2.20835,0.44934,0.47826,0.0,0.0,0.0,0.0,0.0,0.0,0.0,2,0.61291,1.0,23,packet,150,Spotify
40,233.625,559.37347,55.0,93.0,2228.0,1.0,17.07147,21.08095,0.03416,1.23486,47.0,253.87234,403.95316,66.0,110.0,1274.0,0.0,14.47455,20.3569,0.02658,1.40639,0.43921,0.45977,0.0,1.0,0.0,0.0,0.41379,0.0,0.52874,17,41.53622,0.0,87,packet,150,Spotify
7,54.57143,0.49487,55.0,55.0,55.0,1.0,34.79759,16.6616,45.00019,0.47881,5.0,63.6,4.8,66.0,66.0,66.0,0.0,40.9465,7.1115,45.05005,0.17368,0.54571,0.58333,0.0,1.0,0.16667,0.0,0.0,0.0,0.66667,6,41.71902,0.0,12,packet,150,Spotify
7,54.57143,0.49487,55.0,55.0,55.0,1.0,34.79798,16.66089,45.00021,0.47879,5.0,63.6,4.8,66.0,66.0,66.0,0.0,40.94712,7.11331,45.05023,0.17372,0.54571,0.58333,0.0,1.0,0.16667,0.0,0.0,0.0,0.66667,6,41.71821,0.0,12,packet,150,Spotify
22,2348.18182,3745.09458,1274.0,2189.0,15914.0,1220.0,5.71788,14.25212,0.00111,2.49255,20.0,54.1,0.3,54.0,54.0,55.0,0.0,6.31768,14.86015,0.00107,2.35215,0.97949,0.52381,0.0,1.0,0.04762,0.0,0.30952,0.0,0.5,4,39.9467,0.0,42,packet,150,Spotify
10,277.0,375.80101,94.0,217.0,1292.0,52.0,1.78538,4.87474,0.08383,2.73037,10.0,458.6,545.14717,103.5,1018.0,1292.0,61.5,1.77793,4.87668,0.05592,2.74289,0.37656,0.5,0.0,0.0,0.0,0.0,0.0,0.0,0.0,2,15.49486,1.0,20,packet,150,Spotify
2,646.0,580.0,646.0,936.0,1226.0,604.0,0.06528,0.0,0.06528,0.0,1.0,77.0,0.0,77.0,77.0,77.0,35.0,0.0,0.0,0.0,0.0,0.94375,0.66667,0.0,0.0,0.0,0.0,0.0,0.0,0.0,1,0.0,1.0,3,packet,150,Spotify
57,246.22807,455.85459,93.0,138.0,2533.0,39.0,13.34521,19.02984,0.09737,1.42597,68.0,76.05882,34.95118,54.0,93.0,183.0,0.0,11.15452,18.09506,0.03304,1.62222,0.73072,0.456,0.0,1.0,0.0,0.0,0.424,0.0,0.512,23,33.87619,0.0,125,packet,150,Spotify
36,56.5,14.45395,54.0,54.0,142.0,0.0,3.43182,11.3793,0.00218,3.31582,45.0,2591.08889,2453.29733,1274.0,3714.0,9814.0,1220.0,2.72906,10.24955,0.00176,3.7557,0.01715,0.44444,0.0,1.0,0.02469,0.0,0.40741,0.0,0.4321,4,39.91887,0.0,81,packet,150,Spotify
1,66.0,0.0,66.0,66.0,66.0,24.0,0.0,0.0,0.0,0.0,0.0,0.0,0.0,0.0,0.0,0.0,0.0,0.0,0.0,0.0,0.0,1.0,1.0,0.0,0.0,0.0,0.0,0.0,0.0,0.0,1,0.0,1.0,1,packet,150,Spotify
6,756.5,553.85069,901.5,1291.0,1292.0,859.5,0.0302,0.04081,0.0003,1.3511,4.0,113.25,80.69813,67.5,115.0,253.0,25.5,0.04726,0.03518,0.04637,0.74436,0.90925,0.6,0.0,0.0,0.0,0.0,0.0,0.0,0.0,1,0.0,1.0,10,packet,150,Spotify
3,398.33333,455.8511,78.0,560.5,1043.0,36.0,0.08755,0.01372,0.08755,0.15675,3.0,116.66667,68.14853,71.0,142.0,213.0,29.0,0.083,0.01479,0.083,0.17813,0.77346,0.5,0.0,0.0,0.0,0.0,0.0,0.0,0.0,1,0.0,1.0,6,packet,150,Spotify
3,212.0,0.0,212.0,212.0,212.0,170.0,1.00547,0.00398,1.00547,0.00396,0.0,0.0,0.0,0.0,0.0,0.0,0.0,0.0,0.0,0.0,0.0,1.0,1.0,0.0,0.0,0.0,0.0,0.0,0.0,0.0,3,1.00547,1.0,3,packet,150,Spotify
11,338.63636,398.08205,162.0,311.5,1292.0,120.0,0.0239,0.03263,0.00766,1.36562,7.0,138.57143,139.05277,75.0,98.5,477.0,33.0,0.04017,0.02823,0.03423,0.70275,0.7934,0.61111,0.0,0.0,0.0,0.0,0.0,0.0,0.0,1,0.0,1.0,18,packet,150,Spotify
5,824.0,573.73862,1292.0,1292.0,1292.0,1250.0,0.06771,0.06182,0.05128,0.91312,4.0,715.0,578.82769,747.5,1292.0,1292.0,705.5,0.05876,0.05416,0.04498,0.92184,0.59026,0.55556,0.0,0.0,0.0,0.0,0.0,0.0,0.0,1,0.0,1.0,9,packet,150,Spotify
7,617.71429,584.9158,227.0,1290.0,1292.0,185.0,0.02285,0.02663,0.01477,1.16542,6.0,555.5,547.09498,311.0,1104.25,1292.0,269.0,0.02751,0.03467,0.0,1.26015,0.56471,0.53846,0.0,0.0,0.0,0.0,0.0,0.0,0.0,1,0.0,1.0,13,packet,150,Spotify
7,776.57143,559.41037,1161.0,1288.0,1292.0,1119.0,0.02602,0.03602,0.00093,1.38436,7.0,101.28571,70.67979,71.0,82.5,273.0,29.0,0.02402,0.02928,0.00754,1.219,0.88462,0.5,0.0,0.0,0.0,0.0,0.0,0.0,0.0,1,0.0,1.0,14,packet,150,Spotify
4,608.75,542.72985,536.5,1068.25,1288.0,494.5,0.06551,0.0483,0.08052,0.73731,3.0,123.33333,78.96976,69.0,152.0,235.0,27.0,0.08337,0.00667,0.08337,0.08003,0.86809,0.57143,0.0,0.0,0.0,0.0,0.0,0.0,0.0,1,0.0,1.0,7,packet,150,Spotify
3,212.0,0.0,212.0,212.0,212.0,170.0,1.00497,0.00036,1.00497,0.00036,0.0,0.0,0.0,0.0,0.0,0.0,0.0,0.0,0.0,0.0,0.0,1.0,1.0,0.0,0.0,0.0,0.0,0.0,0.0,0.0,3,1.00497,1.0,3,packet,150,Spotify
5,54.6,0.4899,55.0,55.0,55.0,1.0,28.36619,18.61411,34.17786,0.65621,4.0,63.0,5.19615,66.0,66.0,66.0,0.0,37.80443,10.26658,45.05822,0.27157,0.52,0.55556,0.0,1.0,0.22222,0.0,0.0,0.0,0.55556,4,37.75623,0.0,9,packet,150,Spotify
5,54.6,0.4899,55.0,55.0,55.0,1.0,28.34614,18.60544,34.15139,0.65637,4.0,63.0,5.19615,66.0,66.0,66.0,0.0,37.78419,10.26016,45.03922,0.27155,0.52,0.55556,0.0,1.0,0.22222,0.0,0.0,0.0,0.55556,4,37.75367,0.0,9,packet,150,Spotify
5,54.4,0.4899,54.0,55.0,55.0,0.0,18.76598,19.48784,14.99855,1.03847,7.0,60.85714,8.74118,54.0,66.0,78.0,0.0,12.50615,18.19281,0.03199,1.45471,0.38968,0.41667,0.0,1.0,0.25,0.08333,0.08333,0.0,0.5,3,37.45506,0.0,12,packet,150,Spotify
4,54.5,0.5,54.5,55.0,55.0,0.5,25.00718,18.72485,29.96251,0.74878,5.0,63.6,8.97998,66.0,66.0,78.0,0.0,18.75152,19.48217,14.97649,1.03896,0.40672,0.44444,0.0,1.0,0.22222,0.0,0.11111,0.0,0.44444,3,37.46055,0.0,9,packet,150,Spotify
10,557.5,505.81602,343.5,1022.25,1288.0,301.5,3.05974,6.14602,0.08538,2.00868,11.0,129.90909,132.10908,70.0,107.0,526.0,28.0,2.75127,5.90786,0.04927,2.14732,0.79597,0.47619,0.0,0.0,0.0,0.0,0.0,0.0,0.0,4,9.04322,1.0,21,packet,150,Spotify
3,212.0,0.0,212.0,212.0,212.0,170.0,1.00835,0.00657,1.00835,0.00652,0.0,0.0,0.0,0.0,0.0,0.0,0.0,0.0,0.0,0.0,0.0,1.0,1.0,0.0,0.0,0.0,0.0,0.0,0.0,0.0,3,1.00835,1.0,3,packet,150,Spotify
13,525.92308,536.81689,163.0,1288.0,1292.0,121.0,0.08654,0.21011,0.02386,2.42791,9.0,632.77778,590.62731,233.0,1292.0,1292.0,191.0,0.12051,0.24196,0.03774,2.00779,0.54556,0.59091,0.0,0.0,0.0,0.0,0.0,0.0,0.0,2,0.73876,1.0,22,packet,150,Spotify
5,222.4,238.83852,66.0,266.0,672.0,0.0,21.25079,21.30555,19.97426,1.00258,5.0,67.0,25.50294,54.0,55.0,118.0,0.0,21.25065,21.25658,20.0008,1.00028,0.76849,0.5,0.0,1.0,0.2,0.0,0.3,0.0,0.3,3,42.41624,0.0,10,packet,150,Spotify
4,211.5,265.91493,60.0,217.5,672.0,0.0,28.3316,20.1429,39.92928,0.71097,4.0,54.25,0.43301,54.0,54.25,55.0,0.0,28.31784,20.09948,39.93621,0.70978,0.79586,0.5,0.0,1.0,0.25,0.0,0.125,0.0,0.375,3,42.4312,0.0,8,packet,150,Spotify
58,2404.72414,3288.07298,1274.0,2494.0,13474.0,1220.0,2.111,9.08331,0.0026,4.30284,47.0,54.70213,4.47173,54.0,54.0,85.0,0.0,2.61461,10.04035,0.00332,3.8401,0.9819,0.55238,0.0,1.0,0.02857,0.00952,0.3619,0.0,0.48571,4,39.96429,0.0,105,packet,150,Spotify
4,477.25,498.71403,277.5,688.0,1288.0,235.5,0.06326,0.04713,0.07671,0.74504,2.0,74.5,2.5,74.5,75.75,77.0,32.5,0.11254,0.0,0.11254,0.0,0.9276,0.66667,0.0,0.0,0.0,0.0,0.0,0.0,0.0,2,0.11221,1.0,6,packet,150,Spotify
58,5907.5,7408.64904,3714.0,7679.0,41534.0,3660.0,2.10007,9.05044,0.00503,4.30959,49.0,54.04082,0.19786,54.0,54.0,55.0,0.0,2.4929,9.81063,0.0052,3.93543,0.99233,0.54206,0.0,1.0,0.01869,0.0,0.28037,0.0,0.4486,4,39.75543,0.0,107,packet,150,Spotify
3,465.66667,562.38796,70.0,665.5,1261.0,28.0,0.06032,0.05196,0.06032,0.86147,1.0,77.0,0.0,77.0,77.0,77.0,35.0,0.0,0.0,0.0,0.0,0.94776,0.75,0.0,0.0,0.0,0.0,0.0,0.0,0.0,2,0.1114,1.0,4,packet,150,Spotify
7,659.14286,565.50822,515.0,1290.0,1292.0,473.0,0.04548,0.05486,0.01487,1.20617,5.0,141.2,91.29381,69.0,253.0,253.0,27.0,0.05573,0.04422,0.04757,0.79359,0.86729,0.58333,0.0,0.0,0.0,0.0,0.0,0.0,0.0,1,0.0,1.0,12,packet,150,Spotify
74,720.74324,556.33946,838.5,1292.0,1292.0,796.5,0.43458,1.27938,0.03863,2.94395,59.0,115.16949,165.15931,69.0,116.5,1288.0,27.0,0.54709,1.42478,0.0455,2.60428,0.88699,0.55639,0.0,0.0,0.0,0.0,0.0,0.0,0.0,12,2.64402,1.0,133,packet,150,Spotify
7,54.57143,0.49487,55.0,55.0,55.0,1.0,35.78722,16.17802,42.53129,0.45206,7.0,64.28571,7.66652,66.0,66.0,78.0,0.0,35.78753,16.17967,42.55708,0.4521,0.45913,0.5,0.0,1.0,0.14286,0.14286,0.07143,0.0,0.57143,6,42.90394,0.0,14,packet,150,Spotify
20,794.15,579.09207,1287.0,1292.0,1292.0,1245.0,0.10582,0.38788,0.00465,3.66558,6.0,95.16667,37.08287,79.5,80.0,178.0,37.5,0.38827,0.67833,0.06471,1.74708,0.9653,0.76923,0.0,0.0,0.0,0.0,0.0,0.0,0.0,2,1.67493,1.0,26,packet,150,Spotify
16,104.75,35.81637,78.5,124.75,163.0,36.5,0.84687,2.70007,0.05496,3.18828,19.0,246.78947,380.90261,70.0,124.5,1292.0,28.0,0.70644,2.49123,0.0308,3.52647,0.26332,0.45714,0.0,0.0,0.0,0.0,0.0,0.0,0.0,3,5.96483,1.0,35,packet,150,Spotify
10,395.5,476.68527,122.5,528.25,1292.0,80.5,0.25329,0.60194,0.03796,2.37652,7.0,422.71429,510.50555,79.0,685.0,1288.0,37.0,0.36195,0.68654,0.063,1.8968,0.57203,0.58824,0.0,0.0,0.0,0.0,0.0,0.0,0.0,2,1.87328,1.0,17,packet,150,Spotify
10,71.0,0.0,71.0,71.0,71.0,29.0,22.36967,8.67948,27.00555,0.388,11.0,69.81818,12.07415,66.0,66.0,108.0,24.0,22.62385,8.27063,26.99742,0.36557,0.48038,0.47619,0.0,0.0,0.0,0.0,0.0,0.0,0.0,11,22.56295,1.0,21,packet,150,Spotify
66,2493.72727,5838.18787,1274.0,1274.0,43974.0,1220.0,9.38631,18.07892,0.00297,1.92609,45.0,54.28889,0.45325,54.0,55.0,55.0,0.0,13.86409,20.51103,0.01063,1.47944,0.98537,0.59459,0.0,1.0,0.01802,0.0,0.31532,0.0,0.51351,16,40.59529,0.0,111,packet,150,Spotify
3,212.0,0.0,212.0,212.0,212.0,170.0,1.00393,0.0006,1.00393,0.0006,0.0,0.0,0.0,0.0,0.0,0.0,0.0,0.0,0.0,0.0,0.0,1.0,1.0,0.0,0.0,0.0,0.0,0.0,0.0,0.0,3,1.00393,1.0,3,packet,150,Spotify
8,180.875,182.52153,75.5,183.5,497.0,33.5,0.04748,0.04546,0.0292,0.95741,8.0,651.625,588.62848,572.0,1289.0,1292.0,530.0,0.0294,0.03216,0.0265,1.0938,0.21727,0.5,0.0,0.0,0.0,0.0,0.0,0.0,0.0,2,0.13162,1.0,16,packet,150,Spotify
2,192.5,115.5,192.5,250.25,308.0,150.5,0.07748,0.0,0.07748,0.0,3.0,82.33333,20.33607,70.0,90.5,111.0,28.0,0.03648,0.01644,0.03648,0.45066,0.60918,0.4,0.0,0.0,0.0,0.0,0.0,0.0,0.0,1,0.0,1.0,5,packet,150,Spotify
4,54.5,0.5,54.5,55.0,55.0,0.5,25.00443,18.72943,29.92832,0.74904,5.0,63.6,8.97998,66.0,66.0,78.0,0.0,18.74652,19.47867,14.95873,1.03905,0.40672,0.44444,0.0,1.0,0.22222,0.0,0.11111,0.0,0.44444,3,37.44044,0.0,9,packet,150,Spotify
6,54.66667,0.4714,55.0,55.0,55.0,1.0,33.43651,17.4574,45.06463,0.52211,5.0,63.6,4.8,66.0,66.0,66.0,0.0,41.78179,5.7003,45.06577,0.13643,0.50774,0.54545,0.0,1.0,0.18182,0.0,0.0,0.0,0.63636,5,41.72615,0.0,11,packet,150,Spotify
3,212.0,0.0,212.0,212.0,212.0,170.0,1.01064,0.00318,1.01064,0.00315,0.0,0.0,0.0,0.0,0.0,0.0,0.0,0.0,0.0,0.0,0.0,1.0,1.0,0.0,0.0,0.0,0.0,0.0,0.0,0.0,3,1.01065,1.0,3,packet,150,Spotify
6,586.83333,532.57438,394.5,1125.5,1292.0,352.5,0.02377,0.01694,0.02179,0.71256,2.0,682.5,609.5,682.5,987.25,1292.0,640.5,0.05239,0.0,0.05239,0.0,0.72063,0.75,0.0,0.0,0.0,0.0,0.0,0.0,0.0,1,0.0,1.0,8,packet,150,Spotify
14,306.85714,427.26754,76.0,232.0,1292.0,34.0,2.11485,5.38256,0.03729,2.54513,10.0,474.9,527.80649,143.5,1011.75,1292.0,101.5,3.04409,6.22608,0.07198,2.0453,0.47496,0.58333,0.0,0.0,0.0,0.0,0.0,0.0,0.0,4,9.0135,1.0,24,packet,150,Spotify
17,502.88235,499.97551,163.0,1002.0,1292.0,121.0,0.134,0.40871,0.03092,3.05014,15.0,417.4,483.72055,198.0,610.5,1292.0,156.0,0.14668,0.40793,0.03089,2.78115,0.57725,0.53125,0.0,0.0,0.0,0.0,0.0,0.0,0.0,3,0.85513,1.0,32,packet,150,Spotify
17,4005.82353,6617.43914,1274.0,3714.0,26894.0,1220.0,7.50692,15.91613,0.00129,2.12019,16.0,54.125,0.33072,54.0,54.0,55.0,0.0,8.00315,16.31528,0.00105,2.03861,0.98744,0.51515,0.0,1.0,0.06061,0.0,0.27273,0.0,0.48485,4,39.97221,0.0,33,packet,150,Spotify
64,340.76562,676.60748,66.0,140.0,3714.0,0.0,13.90637,20.11643,0.00496,1.44656,55.0,98.87273,105.2685,55.0,93.0,466.0,1.0,16.22317,20.84561,0.10135,1.28493,0.80042,0.53782,0.0,1.0,0.0,0.0,0.40336,0.0,0.54622,27,33.63918,0.0,119,packet,150,Spotify
7,776.57143,559.41037,1161.0,1288.0,1292.0,1119.0,0.02852,0.03968,0.00082,1.39134,6.0,103.66667,60.21535,69.0,108.0,231.0,27.0,0.03131,0.01547,0.02756,0.494,0.89733,0.53846,0.0,0.0,0.0,0.0,0.0,0.0,0.0,1,0.0,1.0,13,packet,150,Spotify
3,212.0,0.0,212.0,212.0,212.0,170.0,1.00926,0.00194,1.00926,0.00193,0.0,0.0,0.0,0.0,0.0,0.0,0.0,0.0,0.0,0.0,0.0,1.0,1.0,0.0,0.0,0.0,0.0,0.0,0.0,0.0,3,1.00926,1.0,3,packet,150,Spotify
6,54.66667,0.4714,55.0,55.0,55.0,1.0,33.12552,17.49649,45.05882,0.52819,5.0,63.6,4.8,66.0,66.0,66.0,0.0,41.39229,6.36672,45.05805,0.15381,0.50774,0.54545,0.0,1.0,0.18182,0.0,0.0,0.0,0.63636,5,41.3393,0.0,11,packet,150,Spotify
3,212.0,0.0,212.0,212.0,212.0,170.0,1.00751,0.00072,1.00751,0.00072,0.0,0.0,0.0,0.0,0.0,0.0,0.0,0.0,0.0,0.0,0.0,1.0,1.0,0.0,0.0,0.0,0.0,0.0,0.0,0.0,3,1.00751,1.0,3,packet,150,Spotify
9,533.44444,491.90765,415.0,961.0,1292.0,373.0,0.02157,0.02638,0.00474,1.2228,9.0,491.44444,489.57013,70.0,982.0,1288.0,28.0,0.02077,0.02678,0.00828,1.28922,0.52049,0.5,0.0,0.0,0.0,0.0,0.0,0.0,0.0,1,0.0,1.0,18,packet,150,Spotify
1,72.0,0.0,72.0,72.0,72.0,30.0,0.0,0.0,0.0,0.0,2.0,66.5,0.5,66.5,66.75,67.0,24.5,0.05647,0.0,0.05647,0.0,0.35122,0.33333,0.0,0.0,0.0,0.0,0.0,0.0,0.0,1,0.0,1.0,3,packet,150,Spotify
50,7808.18,16476.13503,1274.0,3409.0,64714.0,1220.0,2.45522,9.73705,0.00256,3.96586,44.0,56.29545,13.04116,54.0,54.0,141.0,0.0,2.79691,10.34657,0.003,3.69929,0.9937,0.53191,0.0,1.0,0.02128,0.0,0.37234,0.0,0.48936,5,29.97933,0.0,94,packet,150,Spotify
6,586.83333,532.57438,394.5,1125.5,1292.0,352.5,0.02512,0.02884,0.0074,1.14786,3.0,523.33333,546.19431,205.0,748.5,1292.0,163.0,0.04073,0.04024,0.04073,0.98787,0.69161,0.66667,0.0,0.0,0.0,0.0,0.0,0.0,0.0,1,0.0,1.0,9,packet,150,Spotify
4,590.5,530.52498,500.0,1013.5,1288.0,458.0,0.05409,0.04068,0.06329,0.75211,3.0,123.33333,78.96976,69.0,152.0,235.0,27.0,0.07843,0.0243,0.07843,0.3098,0.86457,0.57143,0.0,0.0,0.0,0.0,0.0,0.0,0.0,1,0.0,1.0,7,packet,150,Spotify
29,106.68966,159.39586,55.0,93.0,931.0,1.0,22.15299,21.46701,22.85051,0.96903,33.0,112.81818,187.507,66.0,93.0,1128.0,0.0,19.3837,21.37995,0.04981,1.10299,0.45387,0.46774,0.0,1.0,0.0,0.0,0.33871,0.0,0.58065,16,41.26995,0.0,62,packet,150,Spotify
3,212.0,0.0,212.0,212.0,212.0,170.0,1.0078,0.00056,1.0078,0.00056,0.0,0.0,0.0,0.0,0.0,0.0,0.0,0.0,0.0,0.0,0.0,1.0,1.0,0.0,0.0,0.0,0.0,0.0,0.0,0.0,3,1.0078,1.0,3,packet,150,Spotify
8,54.75,0.43301,55.0,55.0,55.0,1.0,35.00731,16.11092,45.07196,0.46022,9.0,75.0,24.07396,66.0,66.0,127.0,0.0,30.63055,19.0133,45.06924,0.62073,0.39353,0.47059,0.0,1.0,0.05882,0.05882,0.11765,0.0,0.64706,8,34.95198,0.0,17,packet,150,Spotify
3,212.0,0.0,212.0,212.0,212.0,170.0,1.00817,0.00153,1.00817,0.00152,0.0,0.0,0.0,0.0,0.0,0.0,0.0,0.0,0.0,0.0,0.0,1.0,1.0,0.0,0.0,0.0,0.0,0.0,0.0,0.0,3,1.00817,1.0,3,packet,150,Spotify
11,650.63636,568.15511,385.0,1290.0,1292.0,343.0,0.1079,0.25095,0.0269,2.32569,10.0,557.5,535.04173,249.0,1192.75,1292.0,207.0,0.11383,0.23961,0.03079,2.10501,0.56213,0.52381,0.0,0.0,0.0,0.0,0.0,0.0,0.0,2,0.78588,1.0,21,packet,150,Spotify
10,509.2,536.11282,153.0,1125.5,1292.0,111.0,0.0411,0.07381,0.00199,1.79574,6.0,284.66667,411.93271,76.0,177.75,1199.0,34.0,0.04616,0.03719,0.03821,0.80567,0.74882,0.625,0.0,0.0,0.0,0.0,0.0,0.0,0.0,3,0.10855,1.0,16,packet,150,Spotify
10,397.5,476.04921,122.5,533.25,1292.0,80.5,1.6418,4.55157,0.03587,2.7723,7.0,387.57143,465.70219,79.0,562.0,1288.0,37.0,2.4422,5.36559,0.03824,2.19703,0.59435,0.58824,0.0,0.0,0.0,0.0,0.0,0.0,0.0,2,14.4164,1.0,17,packet,150,Spotify
6,586.83333,532.57438,394.5,1125.5,1292.0,352.5,0.019,0.01834,0.01413,0.96556,2.0,141.5,68.5,141.5,175.75,210.0,99.5,0.04318,0.0,0.04318,0.0,0.9256,0.75,0.0,0.0,0.0,0.0,0.0,0.0,0.0,1,0.0,1.0,8,packet,150,Spotify
7,776.57143,559.41037,1161.0,1288.0,1292.0,1119.0,0.02424,0.03398,0.00086,1.40209,6.0,102.83333,67.86117,69.0,87.75,253.0,27.0,0.03055,0.02357,0.01468,0.77159,0.89807,0.53846,0.0,0.0,0.0,0.0,0.0,0.0,0.0,1,0.0,1.0,13,packet,150,Spotify
5,54.4,0.4899,54.0,55.0,55.0,0.0,18.77341,19.5155,14.98184,1.03953,6.0,62.0,8.94427,60.0,66.0,78.0,0.0,15.00255,18.97147,0.03622,1.26455,0.42236,0.45455,0.0,1.0,0.27273,0.0,0.09091,0.0,0.45455,4,24.99875,0.0,11,packet,150,Spotify
3,212.0,0.0,212.0,212.0,212.0,170.0,1.00966,0.00179,1.00966,0.00177,0.0,0.0,0.0,0.0,0.0,0.0,0.0,0.0,0.0,0.0,0.0,1.0,1.0,0.0,0.0,0.0,0.0,0.0,0.0,0.0,3,1.00967,1.0,3,packet,150,Spotify
6,584.33333,534.96812,394.5,1125.5,1292.0,352.5,0.01495,0.01618,0.00557,1.08185,4.0,142.0,67.00373,141.5,208.5,210.0,99.5,0.01204,0.01654,0.00048,1.37367,0.86058,0.6,0.0,0.0,0.0,0.0,0.0,0.0,0.0,1,0.0,1.0,10,packet,150,Spotify
3,398.0,455.3797,78.0,560.0,1042.0,36.0,0.07827,0.02701,0.07827,0.34502,3.0,116.66667,68.14853,71.0,142.0,213.0,29.0,0.07558,0.02001,0.07558,0.26473,0.77332,0.5,0.0,0.0,0.0,0.0,0.0,0.0,0.0,1,0.0,1.0,6,packet,150,Spotify
3,212.0,0.0,212.0,212.0,212.0,170.0,1.00873,0.00406,1.00873,0.00402,0.0,0.0,0.0,0.0,0.0,0.0,0.0,0.0,0.0,0.0,0.0,1.0,1.0,0.0,0.0,0.0,0.0,0.0,0.0,0.0,3,1.00873,1.0,3,packet,150,Spotify
10,570.2,514.07155,394.5,1043.25,1292.0,352.5,0.09918,0.21519,0.01804,2.16973,9.0,478.33333,502.34539,210.0,921.0,1292.0,168.0,0.1081,0.21153,0.04109,1.95683,0.5698,0.52632,0.0,0.0,0.0,0.0,0.0,0.0,0.0,2,0.6548,1.0,19,packet,150,Spotify
7,574.57143,576.19909,78.0,1215.0,1288.0,36.0,4.79439,10.57878,0.0838,2.20649,6.0,107.5,68.58268,69.5,106.75,255.0,27.5,5.75909,11.34994,0.09651,1.97079,0.8618,0.53846,0.0,0.0,0.0,0.0,0.0,0.0,0.0,2,28.38043,1.0,13,packet,150,Spotify
65,5620.15385,7237.66658,2494.0,6154.0,32994.0,2440.0,1.88312,8.59737,0.00116,4.5655,60.0,55.5,11.26277,54.0,54.0,142.0,0.0,2.03764,8.93517,0.00121,4.38507,0.99097,0.52,0.0,1.0,0.016,0.0,0.256,0.0,0.472,5,30.05733,0.0,125,packet,150,Spotify
3,285.0,244.35357,163.0,394.5,626.0,121.0,0.01301,0.01114,0.01301,0.85669,1.0,73.0,0.0,73.0,73.0,73.0,31.0,0.0,0.0,0.0,0.0,0.92134,0.75,0.0,0.0,0.0,0.0,0.0,0.0,0.0,1,0.0,1.0,4,packet,150,Spotify
7,659.28571,565.36151,515.0,1290.0,1292.0,473.0,0.03014,0.04378,0.00037,1.4524,7.0,96.57143,72.05327,67.0,69.5,273.0,25.0,0.03169,0.02704,0.02028,0.85304,0.87224,0.5,0.0,0.0,0.0,0.0,0.0,0.0,0.0,1,0.0,1.0,14,packet,150,Spotify
3,212.0,0.0,212.0,212.0,212.0,170.0,1.01014,0.00258,1.01014,0.00255,0.0,0.0,0.0,0.0,0.0,0.0,0.0,0.0,0.0,0.0,0.0,1.0,1.0,0.0,0.0,0.0,0.0,0.0,0.0,0.0,3,1.01014,1.0,3,packet,150,Spotify
14,310.85714,425.22361,100.5,232.0,1292.0,58.5,2.32254,7.41638,0.05848,3.19321,13.0,629.69231,580.42682,204.0,1231.0,1292.0,162.0,2.50728,7.67108,0.07292,3.05952,0.3471,0.51852,0.0,0.0,0.0,0.0,0.0,0.0,0.0,4,9.85599,1.0,27,packet,150,Spotify
13,719.23077,566.74579,887.0,1292.0,1292.0,845.0,0.08109,0.17693,0.02501,2.1819,12.0,632.91667,574.80424,394.5,1289.75,1292.0,352.5,0.09042,0.19762,0.03356,2.18563,0.55179,0.52,0.0,0.0,0.0,0.0,0.0,0.0,0.0,2,0.65604,1.0,25,packet,150,Spotify
21,54.04762,0.21296,54.0,54.0,55.0,0.0,2.25413,9.79452,0.00479,4.34514,21.0,6069.71429,5689.38327,4934.0,7374.0,20794.0,4880.0,2.2573,9.82223,0.00471,4.35131,0.00883,0.5,0.0,1.0,0.0,0.0,0.28571,0.0,0.45238,2,44.94741,0.0,42,packet,150,Spotify
1,66.0,0.0,66.0,66.0,66.0,24.0,0.0,0.0,0.0,0.0,0.0,0.0,0.0,0.0,0.0,0.0,0.0,0.0,0.0,0.0,0.0,1.0,1.0,0.0,0.0,0.0,0.0,0.0,0.0,0.0,1,0.0,1.0,1,packet,150,Spotify
4,212.0,0.0,212.0,212.0,212.0,170.0,1.00843,0.00718,1.00805,0.00712,0.0,0.0,0.0,0.0,0.0,0.0,0.0,0.0,0.0,0.0,0.0,1.0,1.0,0.0,0.0,0.0,0.0,0.0,0.0,0.0,4,1.00843,1.0,4,packet,150,Spotify
70,128.11429,240.98948,74.0,74.0,1109.0,0.0,0.01233,0.05135,0.00049,4.16342,80.0,8264.1,5455.23442,8814.0,14654.0,14654.0,8760.0,0.01056,0.04852,0.00048,4.59369,0.01338,0.46667,0.0,1.0,0.0,0.0,0.22667,0.0,0.46,3,0.27941,0.0,150,packet,150,Spotify
68,78.67647,62.71257,74.0,82.0,579.0,0.0,0.41706,3.3308,0.00091,7.9864,82.0,4267.43902,5136.04314,2244.0,5529.0,29254.0,2190.0,0.34466,3.03319,0.00078,8.80046,0.01506,0.45333,0.0,1.0,0.0,0.0,0.26667,0.0,0.44667,3,13.80638,0.0,150,packet,150,Spotify
75,2701.46667,849.42505,2974.0,2974.0,5894.0,2920.0,0.00098,0.00109,0.00079,1.10936,75.0,86.37333,6.16825,90.0,90.0,90.0,0.0,0.00098,0.00109,0.00078,1.11299,0.96902,0.5,0.0,1.0,0.0,0.0,0.38667,0.0,0.49333,1,0.0,0.0,150,packet,150,Spotify
75,2662.53333,901.37183,2974.0,2974.0,4434.0,2920.0,0.00084,0.00052,0.00082,0.6153,75.0,90.0,0.0,90.0,90.0,90.0,0.0,0.00084,0.00051,0.00079,0.6133,0.9673,0.5,0.0,1.0,0.0,0.0,0.34667,0.0,0.49333,1,0.0,0.0,150,packet,150,Spotify
74,3151.56757,958.66998,2974.0,2974.0,5894.0,2920.0,0.00082,0.00032,0.0008,0.3919,76.0,86.05263,8.90874,90.0,90.0,90.0,0.0,0.0008,0.00034,0.00078,0.4176,0.97272,0.49333,0.0,1.0,0.0,0.0,0.46,0.0,0.5,1,0.0,0.0,150,packet,150,Spotify
75,3538.53333,1063.38616,2974.0,4434.0,5894.0,2920.0,0.0008,0.00024,0.00078,0.30295,75.0,57.52,5.46348,54.0,66.0,66.0,0.0,0.0008,0.00023,0.00079,0.29371,0.984,0.5,0.0,1.0,0.0,0.0,0.48667,0.0,0.49333,1,0.0,0.0,150,packet,150,Spotify
76,3223.73684,1042.86798,2974.0,2974.0,5894.0,2920.0,0.00075,0.00032,0.00071,0.41808,74.0,58.54054,5.81979,54.0,66.0,66.0,0.0,0.00077,0.00031,0.00073,0.40543,0.98263,0.50667,0.0,1.0,0.0,0.0,0.48667,0.0,0.48667,1,0.0,0.0,150,packet,150,Spotify
76,70.31579,4.75785,66.0,74.0,82.0,0.0,0.00078,0.00034,0.00082,0.44268,74.0,3644.81081,1274.36339,2974.0,4434.0,7354.0,2920.0,0.00079,0.00034,0.00082,0.43251,0.01943,0.50667,0.0,1.0,0.0,0.0,0.45333,0.0,0.5,1,0.0,0.0,150,packet,150,Spotify
76,4318.73684,846.13591,4434.0,4434.0,8814.0,4380.0,0.00087,0.00033,0.00088,0.37872,74.0,58.75676,7.19386,54.0,66.0,74.0,0.0,0.00087,0.00036,0.00085,0.41184,0.98693,0.50667,0.0,1.0,0.0,0.0,0.48,0.0,0.48667,1,0.0,0.0,150,packet,150,Spotify
75,66.37333,6.16825,66.0,74.0,74.0,0.0,0.00088,0.00038,0.00088,0.43232,75.0,4550.8,1300.62976,4434.0,5164.0,8814.0,4380.0,0.00088,0.00038,0.00089,0.43387,0.01438,0.5,0.0,1.0,0.0,0.0,0.46667,0.0,0.49333,1,0.0,0.0,150,packet,150,Spotify
75,64.61333,7.17011,66.0,66.0,82.0,0.0,0.00085,0.00052,0.00079,0.61364,75.0,4628.66667,1476.13309,4434.0,4434.0,8814.0,4380.0,0.00084,0.00041,0.0008,0.48939,0.01377,0.5,0.0,1.0,0.0,0.0,0.47333,0.0,0.49333,1,0.0,0.0,150,packet,150,Spotify
77,5273.5974,2149.6424,5894.0,5894.0,13194.0,5840.0,0.00186,0.0078,0.0009,4.18709,73.0,74.45205,60.63794,74.0,82.0,579.0,0.0,0.00195,0.00677,0.00093,3.47397,0.98679,0.51333,0.0,1.0,0.0,0.0,0.46667,0.0,0.48,1,0.0,0.0,150,packet,150,Spotify
76,81.36842,12.31264,90.0,90.0,90.0,0.0,0.00113,0.00286,0.00088,2.52072,74.0,4808.86486,1628.98762,5894.0,5894.0,7354.0,5840.0,0.00116,0.00278,0.00089,2.4026,0.01708,0.50667,0.0,1.0,0.0,0.0,0.40667,0.0,0.5,1,0.0,0.0,150,packet,150,Spotify
75,5018.0,1563.40483,5894.0,5894.0,7354.0,5840.0,0.0012,0.00283,0.0009,2.36065,75.0,85.94667,6.03963,90.0,90.0,90.0,0.0,0.0012,0.00282,0.00089,2.35489,0.98316,0.5,0.0,1.0,0.0,0.0,0.41333,0.0,0.49333,1,0.0,0.0,150,packet,150,Spotify
76,4530.05263,1854.8855,5894.0,5894.0,7354.0,5840.0,0.00135,0.00287,0.00088,2.13302,74.0,90.0,0.0,90.0,90.0,90.0,0.0,0.00136,0.00307,0.00087,2.25668,0.98102,0.50667,0.0,1.0,0.0,0.0,0.36,0.0,0.48667,1,0.0,0.0,150,packet,150,Spotify
75,5543.6,2196.02638,5894.0,5894.0,11734.0,5840.0,0.00131,0.00374,0.00072,2.86519,75.0,82.96,8.25823,90.0,90.0,90.0,0.0,0.0013,0.00384,0.00072,2.95925,0.98526,0.5,0.0,1.0,0.0,0.0,0.44,0.0,0.49333,1,0.0,0.0,150,packet,150,Spotify
74,64.86486,5.03051,66.0,66.0,74.0,0.0,0.00147,0.00451,0.00074,3.05958,76.0,5509.78947,1647.18361,5894.0,5894.0,10274.0,5840.0,0.00142,0.0043,0.00073,3.01932,0.01133,0.49333,0.0,1.0,0.0,0.0,0.46667,0.0,0.48667,1,0.0,0.0,150,packet,150,Spotify
75,6867.33333,1882.33708,7354.0,7354.0,11734.0,7300.0,0.00176,0.00562,0.00084,3.1844,75.0,64.56,12.30094,66.0,66.0,90.0,0.0,0.00176,0.00582,0.00082,3.29848,0.99069,0.5,0.0,1.0,0.0,0.0,0.47333,0.0,0.49333,1,0.0,0.0,150,packet,150,Spotify
77,5264.48052,3307.68205,5894.0,7354.0,10274.0,5840.0,0.00234,0.01334,0.00078,5.70932,73.0,84.50685,59.67839,82.0,90.0,577.0,0.0,0.00247,0.00969,0.00076,3.9293,0.98501,0.51333,0.0,1.0,0.0,0.0,0.32667,0.0,0.47333,1,0.0,0.0,150,packet,150,Spotify
75,6657.81333,3465.80366,8814.0,8814.0,13194.0,8760.0,0.00075,0.00051,0.00078,0.67232,75.0,89.78667,1.28886,90.0,90.0,90.0,0.0,0.00075,0.0005,0.0008,0.66075,0.98669,0.5,0.0,1.0,0.0,0.0,0.38667,0.0,0.49333,1,0.0,0.0,150,packet,150,Spotify
76,8583.47368,3042.79213,9544.0,10274.0,11734.0,9490.0,0.00159,0.00665,0.00088,4.19664,74.0,74.0,12.28491,66.0,90.0,90.0,0.0,0.00162,0.00688,0.00087,4.25893,0.99168,0.50667,0.0,1.0,0.0,0.0,0.42667,0.0,0.48667,1,0.0,0.0,150,packet,150,Spotify
73,3936.13699,2539.11391,4434.0,4434.0,14654.0,4380.0,0.00127,0.00182,0.00075,1.43183,77.0,73.11688,22.75789,66.0,66.0,142.0,0.0,0.00119,0.00177,0.00072,1.49256,0.98078,0.48667,0.0,1.0,0.0,0.0,0.40667,0.0,0.46667,1,0.0,0.0,150,packet,150,Spotify
73,61.72603,6.29255,66.0,66.0,74.0,0.0,0.00092,0.00105,0.0008,1.14817,77.0,4794.25974,2113.46106,5894.0,5894.0,11734.0,5840.0,0.00086,0.00104,0.00077,1.21342,0.01206,0.48667,0.0,1.0,0.0,0.0,0.42667,0.0,0.48,1,0.0,0.0,150,packet,150,Spotify
73,112.23288,206.84688,66.0,90.0,1111.0,0.0,0.33332,2.71138,0.00074,8.13437,77.0,5761.01299,6942.62768,2974.0,5894.0,36554.0,2920.0,0.31578,2.64515,0.0007,8.37651,0.01813,0.48667,0.0,1.0,0.0,0.0,0.39333,0.0,0.46,4,7.88819,0.0,150,packet,150,Spotify
75,73.2,13.841,74.0,90.0,90.0,0.0,0.00091,0.00036,0.0009,0.39904,75.0,3694.26667,1102.23285,4434.0,4434.0,4434.0,4380.0,0.00091,0.00037,0.00091,0.4013,0.01943,0.5,0.0,1.0,0.0,0.0,0.42667,0.0,0.49333,1,0.0,0.0,150,packet,150,Spotify
87,547.93103,554.88072,191.0,1292.0,1292.0,149.0,0.38605,1.59928,0.00098,4.14273,63.0,757.42857,1663.63583,72.0,510.5,6292.0,30.0,0.53513,1.86596,0.01671,3.48689,0.49975,0.58,0.0,0.0,0.0,0.0,0.0,0.0,0.0,9,3.93014,1.0,150,packet,150,Spotify
76,9012.11842,4342.60534,11734.0,11734.0,14654.0,11680.0,0.21343,1.8301,0.00079,8.57463,74.0,81.2027,58.25131,74.0,82.0,575.0,0.0,0.21928,1.84802,0.0008,8.42771,0.9913,0.50667,0.0,1.0,0.0,0.0,0.41333,0.0,0.48667,2,15.89933,0.0,150,packet,150,Spotify
75,10118.26667,4527.24528,11734.0,14654.0,14654.0,11680.0,0.00077,0.00047,0.00075,0.60894,75.0,77.46667,12.22602,74.0,90.0,90.0,0.0,0.00076,0.00047,0.00075,0.61997,0.9924,0.5,0.0,1.0,0.0,0.0,0.41333,0.0,0.49333,1,0.0,0.0,150,packet,150,Spotify
75,88.08,4.49521,90.0,90.0,90.0,0.0,0.00073,0.00047,0.00076,0.64562,75.0,10001.46667,5528.46479,13194.0,14654.0,14654.0,13140.0,0.00074,0.00048,0.00073,0.64679,0.00873,0.5,0.0,1.0,0.0,0.0,0.34667,0.0,0.49333,1,0.0,0.0,150,packet,150,Spotify
71,67.91549,12.89366,66.0,82.0,90.0,0.0,0.00095,0.00296,0.0005,3.1197,79.0,7723.62025,5749.05065,5894.0,14654.0,14654.0,5840.0,0.00085,0.0027,0.00049,3.16183,0.00784,0.47333,0.0,1.0,0.0,0.0,0.26,0.0,0.46667,1,0.0,0.0,150,packet,150,Spotify
72,86.45833,59.61752,90.0,90.0,575.0,0.0,0.00624,0.03833,0.00048,6.14689,78.0,6825.66667,6114.72842,2974.0,14654.0,14654.0,2920.0,0.00576,0.03547,0.00048,6.16333,0.01156,0.48,0.0,1.0,0.0,0.0,0.27333,0.0,0.47333,2,0.30517,0.0,150,packet,150,Spotify
75,84.72,11.99395,90.0,90.0,90.0,0.0,0.00041,0.00037,0.00043,0.90491,75.0,5651.73333,4555.57989,4434.0,8814.0,14654.0,4380.0,0.0004,0.00035,0.00044,0.87807,0.01477,0.5,0.0,1.0,0.0,0.0,0.25333,0.0,0.49333,1,0.0,0.0,150,packet,150,Spotify
75,88.45333,5.80182,90.0,90.0,90.0,0.0,0.00047,0.00046,0.00044,0.9861,75.0,4726.0,4629.22081,1514.0,6624.0,14654.0,1460.0,0.00045,0.00046,0.00047,1.03596,0.01837,0.5,0.0,1.0,0.0,0.0,0.16667,0.0,0.49333,1,0.0,0.0,150,packet,150,Spotify
75,90.0,0.0,90.0,90.0,90.0,0.0,0.0004,0.00041,0.00034,1.01559,75.0,5971.86667,4427.71462,4434.0,8814.0,14654.0,4380.0,0.0004,0.00041,0.00043,1.01791,0.01485,0.5,0.0,1.0,0.0,0.0,0.3,0.0,0.49333,1,0.0,0.0,150,packet,150,Spotify
78,5120.96154,4667.58088,5894.0,5894.0,35094.0,5840.0,0.47532,2.99829,0.00082,6.30801,72.0,64.15278,18.79469,54.0,66.0,142.0,0.0,1.14944,6.10019,0.0008,5.30709,0.98857,0.52,0.0,1.0,0.0,0.0,0.49333,0.0,0.45333,5,20.34497,0.0,150,packet,150,Spotify
150,81.14,1.31164,81.0,81.0,96.0,39.0,0.98641,1.84984,0.42053,1.87533,0.0,0.0,0.0,0.0,0.0,0.0,0.0,0.0,0.0,0.0,0.0,1.0,1.0,0.0,0.0,0.0,0.0,0.0,0.0,0.0,128,1.15532,1.0,150,packet,150,Spotify
80,5624.525,3830.05353,7354.0,8814.0,11734.0,7300.0,0.75439,5.24079,0.00092,6.9471,70.0,71.25714,32.64777,54.0,66.0,142.0,0.0,0.21133,1.63555,0.00091,7.73927,0.98904,0.53333,0.0,1.0,0.0,0.0,0.5,0.0,0.42,4,19.80878,0.0,150,packet,150,Spotify
74,63.83784,8.70388,66.0,66.0,82.0,0.0,0.00083,0.00044,0.00081,0.5297,76.0,8275.25,3511.47471,8814.0,10274.0,20494.0,8760.0,0.0008,0.00045,0.00082,0.56652,0.00746,0.49333,0.0,1.0,0.0,0.0,0.45333,0.0,0.48667,1,0.0,0.0,150,packet,150,Spotify
73,78.30137,61.25507,66.0,90.0,577.0,0.0,1.93998,9.00022,0.00044,4.63934,77.0,7749.58442,5287.75916,5894.0,14654.0,14654.0,5840.0,1.83787,8.77191,0.00047,4.77287,0.00949,0.48667,0.0,1.0,0.0,0.0,0.23333,0.0,0.49333,5,34.87775,0.0,150,packet,150,Spotify
75,9339.6,4843.09384,5894.0,14654.0,14654.0,5840.0,0.00047,0.00022,0.0005,0.479,75.0,73.78667,10.90846,74.0,82.0,90.0,0.0,0.00047,0.00022,0.00049,0.47926,0.99216,0.5,0.0,1.0,0.0,0.0,0.24,0.0,0.49333,1,0.0,0.0,150,packet,150,Spotify
76,8276.10526,5182.71376,7354.0,14654.0,14654.0,7300.0,0.00054,0.0009,0.00049,1.67581,74.0,89.78378,1.2973,90.0,90.0,90.0,0.0,0.00054,0.00095,0.00049,1.7593,0.98955,0.50667,0.0,1.0,0.0,0.0,0.19333,0.0,0.48667,1,0.0,0.0,150,packet,150,Spotify
150,81.04,0.48826,81.0,81.0,87.0,39.0,1.0903,2.1266,0.42035,1.95048,0.0,0.0,0.0,0.0,0.0,0.0,0.0,0.0,0.0,0.0,0.0,1.0,1.0,0.0,0.0,0.0,0.0,0.0,0.0,0.0,128,1.27747,1.0,150,packet,150,Spotify
150,81.04,0.48826,81.0,81.0,87.0,39.0,0.60151,1.41719,0.26309,2.35603,0.0,0.0,0.0,0.0,0.0,0.0,0.0,0.0,0.0,0.0,0.0,1.0,1.0,0.0,0.0,0.0,0.0,0.0,0.0,0.0,93,0.96662,1.0,150,packet,150,Spotify
76,88.42105,6.58799,90.0,90.0,90.0,0.0,0.00055,0.0013,6e-05,2.35466,74.0,4246.24324,3402.50944,2974.0,5894.0,14654.0,2920.0,0.00055,0.0013,0.0,2.35758,0.02094,0.50667,0.0,1.0,0.0,0.0,0.22667,0.0,0.5,1,0.0,0.0,150,packet,150,Spotify
77,2795.71429,3138.08997,1514.0,2974.0,14654.0,1460.0,0.00044,0.00241,0.0,5.43759,73.0,89.23288,3.54432,90.0,90.0,90.0,0.0,0.00047,0.00247,1e-05,5.28301,0.97063,0.51333,0.0,1.0,0.0,0.0,0.08,0.0,0.48,1,0.0,0.0,150,packet,150,Spotify
73,90.0,0.0,90.0,90.0,90.0,0.0,0.00027,0.00073,2e-05,2.64374,77.0,2859.96104,2409.50364,1514.0,4434.0,13194.0,1460.0,0.00026,0.00067,0.0,2.60397,0.02897,0.48667,0.0,1.0,0.0,0.0,0.2,0.0,0.48,1,0.0,0.0,150,packet,150,Spotify
72,66.36111,61.7725,54.0,55.0,579.0,0.0,3.3351,11.55456,0.00048,3.46453,78.0,8098.70513,5435.26145,7354.0,14654.0,20494.0,7300.0,3.07523,11.13215,0.00048,3.61994,0.00751,0.48,0.0,1.0,0.0,0.0,0.24,0.0,0.5,7,39.43049,0.0,150,packet,150,Spotify
74,84.48649,11.53519,90.0,90.0,90.0,0.0,0.00043,0.00033,0.00048,0.76753,76.0,7526.89474,5258.59868,7354.0,13559.0,19034.0,7300.0,0.00042,0.00034,0.00049,0.79813,0.01081,0.49333,0.0,1.0,0.0,0.0,0.17333,0.0,0.48667,1,0.0,0.0,150,packet,150,Spotify
75,4881.73333,3851.54777,2974.0,7354.0,14654.0,2920.0,0.0003,0.00036,0.0,1.2093,75.0,90.0,0.0,90.0,90.0,90.0,0.0,0.0003,0.00036,2e-05,1.21011,0.9819,0.5,0.0,1.0,0.0,0.0,0.23333,0.0,0.49333,1,0.0,0.0,150,packet,150,Spotify
75,90.0,0.0,90.0,90.0,90.0,0.0,0.00052,0.00191,7e-05,3.64403,75.0,5777.2,4381.68679,4434.0,7354.0,14654.0,4380.0,0.00052,0.00186,0.0001,3.59686,0.01534,0.5,0.0,1.0,0.0,0.0,0.22,0.0,0.49333,1,0.0,0.0,150,packet,150,Spotify
73,91.13699,59.08464,90.0,90.0,581.0,0.0,0.00305,0.01202,0.00049,3.94725,77.0,5950.51948,5123.95051,4434.0,8814.0,14654.0,4380.0,0.00288,0.0134,0.00046,4.65198,0.01431,0.48667,0.0,1.0,0.0,0.0,0.17333,0.0,0.47333,1,0.0,0.0,150,packet,150,Spotify
76,6297.42105,4965.80029,5894.0,9179.0,14654.0,5840.0,0.00044,0.00069,0.00047,1.57269,74.0,82.59459,11.11478,90.0,90.0,90.0,0.0,0.00045,0.00074,0.00042,1.64489,0.98739,0.50667,0.0,1.0,0.0,0.0,0.14667,0.0,0.48667,1,0.0,0.0,150,packet,150,Spotify
73,90.0,0.0,90.0,90.0,90.0,0.0,0.00195,0.00871,0.00046,4.45611,77.0,6462.83117,4346.09183,5894.0,8814.0,14654.0,5840.0,0.00183,0.00837,0.00046,4.57152,0.01303,0.48667,0.0,1.0,0.0,0.0,0.28,0.0,0.48,1,0.0,0.0,150,packet,150,Spotify
150,81.14,1.31164,81.0,81.0,96.0,39.0,1.00689,1.96491,0.41941,1.95146,0.0,0.0,0.0,0.0,0.0,0.0,0.0,0.0,0.0,0.0,0.0,1.0,1.0,0.0,0.0,0.0,0.0,0.0,0.0,0.0,122,1.23317,1.0,150,packet,150,Spotify
77,7292.96104,5356.3016,7354.0,14654.0,14654.0,7300.0,2.92654,11.0243,0.00053,3.76701,73.0,80.58904,60.60558,66.0,90.0,579.0,0.0,3.08912,11.30295,0.00054,3.65896,0.98963,0.51333,0.0,1.0,0.0,0.0,0.16667,0.0,0.5,6,44.43168,0.0,150,packet,150,Spotify
75,84.34667,9.02957,90.0,90.0,90.0,0.0,0.00047,0.00032,0.00049,0.68054,75.0,8677.73333,4543.53835,7354.0,13924.0,14654.0,7300.0,0.00047,0.00032,0.0005,0.69176,0.00963,0.5,0.0,1.0,0.0,0.0,0.33333,0.0,0.49333,1,0.0,0.0,150,packet,150,Spotify
75,8891.86667,4591.57556,7354.0,14654.0,14654.0,7300.0,0.00051,0.00058,0.00048,1.13556,75.0,89.36,2.53319,90.0,90.0,90.0,0.0,0.0005,0.00064,0.00048,1.26878,0.99005,0.5,0.0,1.0,0.0,0.0,0.22,0.0,0.49333,1,0.0,0.0,150,packet,150,Spotify
150,81.08,0.68819,81.0,81.0,87.0,39.0,1.00696,1.91147,0.42002,1.89825,0.0,0.0,0.0,0.0,0.0,0.0,0.0,0.0,0.0,0.0,0.0,1.0,1.0,0.0,0.0,0.0,0.0,0.0,0.0,0.0,126,1.19776,1.0,150,packet,150,Spotify
150,81.04,0.48826,81.0,81.0,87.0,39.0,0.98921,1.86721,0.42036,1.88758,0.0,0.0,0.0,0.0,0.0,0.0,0.0,0.0,0.0,0.0,0.0,1.0,1.0,0.0,0.0,0.0,0.0,0.0,0.0,0.0,127,1.1667,1.0,150,packet,150,Spotify
150,81.04,0.48826,81.0,81.0,87.0,39.0,0.80993,1.80466,0.41886,2.22815,0.0,0.0,0.0,0.0,0.0,0.0,0.0,0.0,0.0,0.0,0.0,1.0,1.0,0.0,0.0,0.0,0.0,0.0,0.0,0.0,109,1.112,1.0,150,packet,150,Spotify
150,81.04,0.48826,81.0,81.0,87.0,39.0,0.81888,1.65203,0.41921,2.01744,0.0,0.0,0.0,0.0,0.0,0.0,0.0,0.0,0.0,0.0,0.0,1.0,1.0,0.0,0.0,0.0,0.0,0.0,0.0,0.0,114,1.07819,1.0,150,packet,150,Spotify
75,75.78667,21.49809,97.0,97.0,97.0,43.0,15.0352,14.92776,15.17096,0.99285,75.0,76.77333,16.99849,60.0,94.0,94.0,6.0,15.03539,15.02088,15.1665,0.99904,0.49677,0.5,0.0,1.0,0.0,0.0,0.5,0.0,0.49333,39,29.18199,0.0,150,packet,150,Spotify
71,74.33803,25.9175,74.0,74.0,142.0,0.0,0.00123,0.00334,0.0005,2.72385,79.0,9530.87342,6076.9057,10274.0,14654.0,29254.0,10220.0,0.00099,0.00237,0.0005,2.4001,0.00696,0.47333,0.0,1.0,0.0,0.0,0.34,0.0,0.43333,1,0.0,0.0,150,packet,150,Spotify
150,81.04,0.48826,81.0,81.0,87.0,39.0,0.99149,1.86442,0.42078,1.88041,0.0,0.0,0.0,0.0,0.0,0.0,0.0,0.0,0.0,0.0,0.0,1.0,1.0,0.0,0.0,0.0,0.0,0.0,0.0,0.0,131,1.1342,1.0,150,packet,150,Spotify
150,81.04,0.48826,81.0,81.0,87.0,39.0,1.03842,2.08118,0.4209,2.00418,0.0,0.0,0.0,0.0,0.0,0.0,0.0,0.0,0.0,0.0,0.0,1.0,1.0,0.0,0.0,0.0,0.0,0.0,0.0,0.0,133,1.1712,1.0,150,packet,150,Spotify
150,81.18,1.39556,81.0,81.0,96.0,39.0,1.00385,2.00356,0.42068,1.99587,0.0,0.0,0.0,0.0,0.0,0.0,0.0,0.0,0.0,0.0,0.0,1.0,1.0,0.0,0.0,0.0,0.0,0.0,0.0,0.0,132,1.14148,1.0,150,packet,150,Spotify
150,81.0,0.0,81.0,81.0,81.0,39.0,0.60136,1.02742,0.41792,1.7085,0.0,0.0,0.0,0.0,0.0,0.0,0.0,0.0,0.0,0.0,0.0,1.0,1.0,0.0,0.0,0.0,0.0,0.0,0.0,0.0,98,0.92124,1.0,150,packet,150,Spotify
72,66.33333,30.2609,54.0,54.0,142.0,0.0,0.00136,0.00373,0.00052,2.74126,78.0,9377.69231,5900.13805,11004.0,14654.0,29254.0,10950.0,0.00113,0.0034,0.0005,3.01963,0.00649,0.48,0.0,1.0,0.0,0.0,0.38667,0.0,0.42667,1,0.0,0.0,150,packet,150,Spotify
150,81.08,0.68819,81.0,81.0,87.0,39.0,1.02604,2.0943,0.42064,2.04115,0.0,0.0,0.0,0.0,0.0,0.0,0.0,0.0,0.0,0.0,0.0,1.0,1.0,0.0,0.0,0.0,0.0,0.0,0.0,0.0,134,1.14846,1.0,150,packet,150,Spotify
70,76.28571,28.03933,74.0,74.0,142.0,0.0,0.00101,0.002,0.00044,1.97293,80.0,7699.925,5832.59964,6624.0,14654.0,14654.0,6570.0,0.00075,0.00141,0.00036,1.87279,0.00859,0.46667,0.0,1.0,0.0,0.0,0.39333,0.0,0.40667,1,0.0,0.0,150,packet,150,Spotify
79,9054.25316,5729.74513,8814.0,14654.0,17574.0,8760.0,0.00028,0.00063,0.00015,2.25047,71.0,77.32394,13.79097,82.0,90.0,90.0,0.0,0.00031,0.00067,0.00014,2.12687,0.99238,0.52667,0.0,1.0,0.0,0.0,0.21333,0.0,0.46667,1,0.0,0.0,150,packet,150,Spotify
150,81.04,0.48826,81.0,81.0,87.0,39.0,1.03958,1.98411,0.42085,1.90858,0.0,0.0,0.0,0.0,0.0,0.0,0.0,0.0,0.0,0.0,0.0,1.0,1.0,0.0,0.0,0.0,0.0,0.0,0.0,0.0,134,1.16423,1.0,150,packet,150,Spotify
150,81.04,0.48826,81.0,81.0,87.0,39.0,0.98541,1.89086,0.42007,1.91885,0.0,0.0,0.0,0.0,0.0,0.0,0.0,0.0,0.0,0.0,0.0,1.0,1.0,0.0,0.0,0.0,0.0,0.0,0.0,0.0,128,1.15309,1.0,150,packet,150,Spotify
150,81.04,0.48826,81.0,81.0,87.0,39.0,0.69155,1.54144,0.41439,2.22895,0.0,0.0,0.0,0.0,0.0,0.0,0.0,0.0,0.0,0.0,0.0,1.0,1.0,0.0,0.0,0.0,0.0,0.0,0.0,0.0,101,1.02824,1.0,150,packet,150,Spotify
75,77.22667,16.99849,94.0,94.0,94.0,40.0,15.02804,15.02568,15.02476,0.99984,75.0,75.21333,21.49809,54.0,97.0,97.0,0.0,15.02813,14.93392,15.02872,0.99373,0.5066,0.5,0.0,1.0,0.0,0.0,0.5,0.0,0.49333,38,29.96205,0.0,150,packet,150,Spotify
72,70.09722,32.76311,54.0,54.0,143.0,0.0,0.00164,0.00527,0.00047,3.2012,78.0,10267.15385,8581.27589,11734.0,14654.0,56994.0,11680.0,0.00105,0.00423,0.00047,4.03316,0.00626,0.48,0.0,1.0,0.0,0.0,0.4,0.0,0.4,1,0.0,0.0,150,packet,150,Spotify
76,82.0,0.0,82.0,82.0,82.0,28.0,30.00779,0.00432,30.00803,0.00014,74.0,60.0,0.0,60.0,60.0,60.0,6.0,30.41874,3.48785,30.00827,0.11466,0.58396,0.50667,0.0,1.0,0.0,0.0,0.50667,0.0,0.48667,76,29.96764,0.0,150,packet,150,Spotify
150,81.04,0.48826,81.0,81.0,87.0,39.0,0.95437,1.9514,0.42007,2.0447,0.0,0.0,0.0,0.0,0.0,0.0,0.0,0.0,0.0,0.0,0.0,1.0,1.0,0.0,0.0,0.0,0.0,0.0,0.0,0.0,128,1.11874,1.0,150,packet,150,Spotify
150,81.08,0.68819,81.0,81.0,87.0,39.0,1.09318,2.15063,0.42054,1.96732,0.0,0.0,0.0,0.0,0.0,0.0,0.0,0.0,0.0,0.0,0.0,1.0,1.0,0.0,0.0,0.0,0.0,0.0,0.0,0.0,126,1.30067,1.0,150,packet,150,Spotify
76,81.18421,23.88113,74.0,90.0,142.0,0.0,0.00169,0.00356,0.00051,2.10261,74.0,5537.40541,5202.71143,2974.0,9909.0,14654.0,2920.0,0.00144,0.00214,0.00056,1.48169,0.01483,0.50667,0.0,1.0,0.0,0.0,0.3,0.0,0.46,1,0.0,0.0,150,packet,150,Spotify
76,5613.05263,2127.13693,4434.0,5894.0,11734.0,4380.0,0.00085,0.00024,0.00086,0.27931,74.0,54.0,0.0,54.0,54.0,54.0,0.0,0.00088,0.0002,0.00087,0.22289,0.99072,0.50667,0.0,1.0,0.0,0.0,0.5,0.0,0.48667,1,0.0,0.0,150,packet,150,Spotify
76,7834.26316,2555.14444,7354.0,8814.0,14654.0,7300.0,0.00093,0.00033,0.00093,0.35722,74.0,63.72973,11.65413,54.0,74.0,82.0,0.0,0.00094,0.0003,0.00094,0.3228,0.99214,0.50667,0.0,1.0,0.0,0.0,0.48667,0.0,0.48667,1,0.0,0.0,150,packet,150,Spotify
75,64.98667,8.44353,66.0,74.0,82.0,0.0,0.00085,0.00034,0.00089,0.40756,75.0,7451.33333,2990.52608,7354.0,7354.0,14654.0,7300.0,0.00084,0.00035,0.00088,0.41355,0.00865,0.5,0.0,1.0,0.0,0.0,0.46,0.0,0.49333,1,0.0,0.0,150,packet,150,Spotify
75,54.0,0.0,54.0,54.0,54.0,0.0,0.0009,0.00021,0.0009,0.22996,75.0,10935.86667,2700.46944,11734.0,13194.0,14654.0,11680.0,0.00089,0.00022,0.0009,0.25259,0.00491,0.5,0.0,1.0,0.0,0.0,0.49333,0.0,0.49333,1,0.0,0.0,150,packet,150,Spotify
76,11522.68421,4915.30514,14654.0,14654.0,14654.0,14600.0,0.00106,0.00191,0.00083,1.7999,74.0,65.83784,8.55985,66.0,74.0,74.0,0.0,0.00109,0.00204,0.00083,1.87714,0.99447,0.50667,0.0,1.0,0.0,0.0,0.41333,0.0,0.48667,1,0.0,0.0,150,packet,150,Spotify
77,10008.54545,5551.9269,14654.0,14654.0,14654.0,14600.0,0.00114,0.00261,0.00072,2.27789,73.0,79.53425,12.9171,90.0,90.0,90.0,0.0,0.00121,0.00276,0.00076,2.28285,0.99252,0.51333,0.0,1.0,0.0,0.0,0.34,0.0,0.48,1,0.0,0.0,150,packet,150,Spotify
150,81.04,0.48826,81.0,81.0,87.0,39.0,1.00695,1.87564,0.42072,1.86269,0.0,0.0,0.0,0.0,0.0,0.0,0.0,0.0,0.0,0.0,0.0,1.0,1.0,0.0,0.0,0.0,0.0,0.0,0.0,0.0,124,1.21659,1.0,150,packet,150,Spotify
150,81.04,0.48826,81.0,81.0,87.0,39.0,0.78532,1.7883,0.4172,2.27715,0.0,0.0,0.0,0.0,0.0,0.0,0.0,0.0,0.0,0.0,0.0,1.0,1.0,0.0,0.0,0.0,0.0,0.0,0.0,0.0,108,1.08998,1.0,150,packet,150,Spotify
79,9369.62025,5861.77594,11734.0,14654.0,14654.0,11680.0,2.46818,9.991,0.00087,4.04792,71.0,77.98592,61.91464,74.0,90.0,577.0,0.0,2.75025,10.50864,0.0009,3.82098,0.99258,0.52667,0.0,1.0,0.0,0.0,0.38667,0.0,0.48667,6,38.47241,0.0,150,packet,150,Spotify
75,54.0,0.0,54.0,54.0,54.0,0.0,0.00053,0.00019,0.00049,0.36898,75.0,10468.66667,4716.40013,14654.0,14654.0,14654.0,14600.0,0.00051,0.0002,0.00049,0.37987,0.00513,0.5,0.0,1.0,0.0,0.0,0.28,0.0,0.49333,1,0.0,0.0,150,packet,150,Spotify
76,13097.94737,2324.63244,14654.0,14654.0,14654.0,14600.0,0.00085,0.00303,0.00048,3.56638,74.0,59.35135,12.8067,54.0,54.0,90.0,0.0,0.00087,0.0032,0.00048,3.67133,0.99561,0.50667,0.0,1.0,0.0,0.0,0.24,0.0,0.48667,1,0.0,0.0,150,packet,150,Spotify
80,11021.6375,5433.05673,14654.0,14654.0,29254.0,14600.0,0.00187,0.01187,0.00028,6.35978,70.0,67.21429,63.06661,54.0,66.0,583.0,0.0,0.00214,0.01016,0.00033,4.75326,0.99469,0.53333,0.0,1.0,0.0,0.0,0.18667,0.0,0.45333,1,0.0,0.0,150,packet,150,Spotify
150,81.04,0.48826,81.0,81.0,87.0,39.0,0.82597,1.83783,0.4176,2.22506,0.0,0.0,0.0,0.0,0.0,0.0,0.0,0.0,0.0,0.0,0.0,1.0,1.0,0.0,0.0,0.0,0.0,0.0,0.0,0.0,106,1.16529,1.0,150,packet,150,Spotify
75,63.30667,26.93349,54.0,54.0,142.0,0.0,0.00138,0.00437,0.00048,3.1623,75.0,11736.94667,6038.42795,13194.0,14654.0,43854.0,13140.0,0.00115,0.00478,0.00048,4.17648,0.00536,0.5,0.0,1.0,0.0,0.0,0.32667,0.0,0.45333,1,0.0,0.0,150,packet,150,Spotify
80,10840.725,5769.9221,14654.0,14654.0,29254.0,14600.0,2.22911,9.65844,0.00034,4.33286,70.0,61.57143,62.53218,54.0,54.0,581.0,0.0,2.55217,10.29375,0.00036,4.03334,0.99505,0.53333,0.0,1.0,0.0,0.0,0.19333,0.0,0.47333,5,44.00111,0.0,150,packet,150,Spotify
74,55.13514,3.51185,54.0,54.0,66.0,0.0,0.00077,0.00295,0.00018,3.83081,76.0,13097.94737,4433.05528,14654.0,14654.0,30714.0,14600.0,0.00074,0.00288,0.00018,3.8687,0.00408,0.49333,0.0,1.0,0.0,0.0,0.13333,0.0,0.48667,1,0.0,0.0,150,packet,150,Spotify
79,11313.48101,6136.23795,14654.0,14654.0,30714.0,14600.0,0.00134,0.00914,0.00016,6.82352,71.0,84.52113,60.41147,82.0,90.0,577.0,0.0,0.00149,0.00717,0.00019,4.79831,0.99333,0.52667,0.0,1.0,0.0,0.0,0.11333,0.0,0.46,1,0.0,0.0,150,packet,150,Spotify
150,81.04,0.48826,81.0,81.0,87.0,39.0,1.01563,1.86622,0.42064,1.8375,0.0,0.0,0.0,0.0,0.0,0.0,0.0,0.0,0.0,0.0,0.0,1.0,1.0,0.0,0.0,0.0,0.0,0.0,0.0,0.0,130,1.17182,1.0,150,packet,150,Spotify
96,1846.625,2910.88243,1225.5,1514.0,11734.0,1171.5,1.22502,6.94608,0.0,5.67016,54.0,88.53704,40.99355,54.0,139.0,140.0,0.0,2.19578,9.18338,0.00098,4.18228,0.97374,0.64,0.0,1.0,0.0,0.0,0.50667,0.0,0.27333,5,29.01923,0.0,150,packet,150,Spotify
87,941.2069,863.11719,456.0,1503.0,4434.0,402.0,0.00917,0.05018,0.0,5.46987,63.0,104.80952,41.14005,139.0,139.0,140.0,85.0,0.0127,0.05763,0.00071,4.53657,0.92538,0.58,0.0,1.0,0.0,0.0,0.63333,0.0,0.22,3,0.32627,0.0,150,packet,150,Spotify
85,913.84706,753.77303,737.0,1395.0,4434.0,683.0,0.00289,0.0168,0.0,5.81614,65.0,113.0,39.33485,139.0,139.0,140.0,85.0,0.00376,0.01782,0.00056,4.74136,0.91361,0.56667,0.0,1.0,0.0,0.0,0.71333,0.0,0.16,2,0.139,0.0,150,packet,150,Spotify
103,1026.40777,905.24134,995.0,1477.5,5894.0,941.0,0.00245,0.00845,0.0,3.45218,47.0,101.25532,42.47075,139.0,139.0,140.0,85.0,0.00542,0.01124,0.00091,2.07445,0.95692,0.68667,0.0,1.0,0.0,0.0,0.67333,0.0,0.16,1,0.0,0.0,150,packet,150,Spotify
104,935.27885,740.88956,750.0,1410.25,2974.0,696.0,0.00222,0.00824,0.0,3.71451,46.0,89.1087,41.85234,54.0,139.0,139.0,0.0,0.00552,0.01168,0.00096,2.11606,0.95956,0.69333,0.0,1.0,0.0,0.0,0.61333,0.0,0.22667,1,0.0,0.0,150,packet,150,Spotify
49,90.5102,42.15914,54.0,139.0,140.0,0.0,0.00368,0.00543,0.00123,1.47522,101.0,895.94059,697.60368,649.0,1452.0,2974.0,595.0,0.00139,0.00329,0.0,2.36114,0.04672,0.32667,0.0,1.0,0.0,0.0,0.62667,0.0,0.21333,1,0.0,0.0,150,packet,150,Spotify
82,9463.28049,6346.35437,13924.0,14654.0,29254.0,13870.0,1.41887,7.45886,0.00014,5.2569,68.0,85.08824,63.02304,90.0,90.0,582.0,0.0,1.71535,8.16886,0.00014,4.76222,0.9926,0.54667,0.0,1.0,0.0,0.0,0.12667,0.0,0.45333,4,38.26741,0.0,150,packet,150,Spotify
91,3743.30769,4746.45342,1514.0,5894.0,14654.0,1460.0,1.32819,7.07869,0.0,5.32959,59.0,80.9661,33.42331,66.0,90.0,142.0,0.0,2.06098,8.73083,0.00022,4.23625,0.98617,0.60667,0.0,1.0,0.0,0.0,0.36667,0.0,0.32,6,23.88296,0.0,150,packet,150,Spotify
70,112.42857,170.00559,90.0,90.0,1103.0,0.0,0.0057,0.02929,9e-05,5.13482,80.0,7708.375,7112.86787,5894.0,13559.0,36554.0,5840.0,0.00497,0.02774,0.0,5.57576,0.0126,0.46667,0.0,1.0,0.0,0.0,0.22667,0.0,0.44667,2,0.23914,0.0,150,packet,150,Spotify
94,1652.48936,3063.28978,855.0,1406.5,14654.0,801.0,0.17282,1.50599,0.0,8.71424,56.0,88.82143,41.14873,54.0,139.0,140.0,0.0,0.29218,1.94809,0.00081,6.66745,0.96897,0.62667,0.0,1.0,0.0,0.0,0.62,0.0,0.25333,3,7.82416,0.0,150,packet,150,Spotify
91,1077.27473,1035.59009,551.0,1514.0,4434.0,497.0,0.00287,0.01752,0.0,6.09673,59.0,110.33898,40.34664,139.0,139.0,140.0,85.0,0.0044,0.02007,0.00041,4.56175,0.93773,0.60667,0.0,1.0,0.0,0.0,0.63333,0.0,0.16667,2,0.15341,0.0,150,packet,150,Spotify
100,977.77,793.16713,880.5,1448.75,4434.0,826.5,0.0063,0.03397,0.0,5.39441,50.0,98.28,42.54364,139.0,139.0,140.0,85.0,0.0127,0.0457,0.00153,3.59923,0.95215,0.66667,0.0,1.0,0.0,0.0,0.64667,0.0,0.18667,3,0.21087,0.0,150,packet,150,Spotify
96,1079.15625,942.9366,808.0,1514.0,4434.0,754.0,0.0006,0.00132,0.0,2.19199,54.0,102.94444,42.15993,139.0,139.0,140.0,85.0,0.00096,0.00125,0.00045,1.2998,0.94907,0.64,0.0,1.0,0.0,0.0,0.61333,0.0,0.18,1,0.0,0.0,150,packet,150,Spotify
61,112.68852,39.47506,139.0,139.0,140.0,85.0,0.00418,0.0103,0.00041,2.46588,89.0,854.34831,659.82352,651.0,1430.0,2974.0,597.0,0.00286,0.00975,0.0,3.40806,0.08291,0.40667,0.0,1.0,0.0,0.0,0.68667,0.0,0.17333,1,0.0,0.0,150,packet,150,Spotify
51,90.7451,42.18904,54.0,139.0,140.0,0.0,0.00328,0.00452,0.00097,1.37678,99.0,955.86869,691.56188,1020.0,1429.0,2974.0,966.0,0.00173,0.00427,0.0,2.46717,0.04663,0.34,0.0,1.0,0.0,0.0,0.64,0.0,0.20667,1,0.0,0.0,150,packet,150,Spotify
78,3823.23077,2640.38041,2966.0,4058.0,10246.0,2912.0,0.22973,1.97502,0.00086,8.59722,72.0,56.68056,13.85523,54.0,54.0,161.0,0.0,0.24912,2.05125,0.0009,8.23396,0.9865,0.52,0.0,1.0,0.0,0.0,0.49333,0.0,0.48,2,17.41067,0.0,150,packet,150,Spotify
71,63.76056,62.13082,54.0,54.0,579.0,0.0,0.25113,2.0761,0.00018,8.26718,79.0,13476.92405,6035.39996,14654.0,14654.0,29254.0,14600.0,0.22537,1.9721,0.00019,8.75033,0.00423,0.47333,0.0,1.0,0.0,0.0,0.14667,0.0,0.45333,2,17.49631,0.0,150,packet,150,Spotify
76,90.0,0.0,90.0,90.0,90.0,0.0,0.00017,0.00023,2e-05,1.34906,74.0,5657.24324,5820.37059,1514.0,13194.0,14654.0,1460.0,0.00017,0.00024,0.0,1.41517,0.01608,0.50667,0.0,1.0,0.0,0.0,0.02,0.0,0.5,1,0.0,0.0,150,packet,150,Spotify
76,7799.39474,5358.06086,7354.0,14654.0,14654.0,7300.0,0.00015,0.00019,0.00012,1.28598,74.0,90.0,0.0,90.0,90.0,90.0,0.0,0.00014,0.00016,9e-05,1.14037,0.98889,0.50667,0.0,1.0,0.0,0.0,0.19333,0.0,0.48667,1,0.0,0.0,150,packet,150,Spotify
105,1137.50476,1810.95484,901.0,1299.0,11734.0,847.0,0.01596,0.09994,0.0,6.26045,45.0,74.88889,36.72554,54.0,54.0,140.0,0.0,0.03773,0.14468,0.00292,3.83486,0.97256,0.7,0.0,1.0,0.0,0.0,0.61333,0.0,0.25333,3,0.55969,0.0,150,packet,150,Spotify
103,4807.02913,5987.48263,1140.0,8814.0,26334.0,1086.0,0.17026,1.49455,0.0,8.77823,47.0,71.19149,32.95815,54.0,54.0,142.0,0.0,0.37736,2.20626,0.00039,5.84656,0.99329,0.68667,0.0,1.0,0.0,0.0,0.38667,0.0,0.27333,5,4.29122,0.0,150,packet,150,Spotify
86,859.31395,545.43003,1288.0,1292.0,1292.0,1246.0,0.36477,1.13725,5e-05,3.11768,64.0,130.65625,214.99922,67.0,124.0,1292.0,25.0,0.42973,1.21897,0.02567,2.83658,0.89835,0.57333,0.0,0.0,0.0,0.0,0.0,0.0,0.0,15,2.08178,1.0,150,packet,150,Spotify
60,102.16667,41.60335,139.0,139.0,140.0,85.0,0.29882,2.07435,0.00067,6.94183,90.0,1160.15556,1767.15108,869.0,1514.0,11734.0,815.0,0.19803,1.69585,0.0,8.56374,0.05545,0.4,0.0,1.0,0.0,0.0,0.58667,0.0,0.22,3,8.67385,0.0,150,packet,150,Spotify
98,811.90816,664.33662,573.0,1181.5,4434.0,519.0,0.00479,0.01321,0.0,2.75885,52.0,86.75,41.42643,54.0,139.0,140.0,0.0,0.00832,0.01497,0.00127,1.79885,0.94635,0.65333,0.0,1.0,0.0,0.0,0.70667,0.0,0.23333,1,0.0,0.0,150,packet,150,Spotify
83,7739.75904,7373.12124,5894.0,14654.0,32174.0,5840.0,0.23904,2.13703,0.0,8.93994,67.0,83.01493,88.43017,66.0,66.0,585.0,0.0,0.29699,2.37393,0.00012,7.9933,0.99142,0.55333,0.0,1.0,0.0,0.0,0.22667,0.0,0.42667,2,19.43602,0.0,150,packet,150,Spotify
75,56.28,5.63456,55.0,55.0,80.0,1.0,42.56498,10.14934,45.04583,0.23844,75.0,66.42667,3.4916,66.0,66.0,80.0,0.0,42.56508,10.17114,45.04638,0.23896,0.45865,0.5,0.0,1.0,0.0,0.0,0.05333,0.0,0.9,71,44.9521,0.0,150,packet,150,Spotify
150,81.04,0.48826,81.0,81.0,87.0,39.0,0.99569,1.91154,0.42087,1.91981,0.0,0.0,0.0,0.0,0.0,0.0,0.0,0.0,0.0,0.0,0.0,1.0,1.0,0.0,0.0,0.0,0.0,0.0,0.0,0.0,133,1.12271,1.0,150,packet,150,Spotify
99,1413.34343,2500.82237,883.0,1514.0,11734.0,829.0,0.70461,5.04356,0.0,7.15794,51.0,95.78431,41.52359,89.0,139.0,140.0,35.0,1.38102,6.99321,0.00087,5.0638,0.96627,0.66,0.0,1.0,0.0,0.0,0.52667,0.0,0.29333,5,17.19901,0.0,150,packet,150,Spotify
64,107.34375,41.32161,139.0,139.0,140.0,85.0,0.00538,0.02598,0.0005,4.8313,86.0,852.2093,691.70134,529.0,1397.25,2974.0,475.0,0.004,0.0239,0.0,5.97513,0.0857,0.42667,0.0,1.0,0.0,0.0,0.68667,0.0,0.19333,2,0.20744,0.0,150,packet,150,Spotify
47,69.68085,31.34849,54.0,54.5,142.0,0.0,1.92753,7.7749,0.00368,4.03361,103.0,3077.27184,4451.9438,1342.0,2244.0,20494.0,1288.0,0.86931,5.30968,0.0,6.10791,0.01023,0.31333,0.0,1.0,0.0,0.0,0.42,0.0,0.27333,7,14.68714,0.0,150,packet,150,Spotify
65,70.75385,65.56876,66.0,66.0,590.0,0.0,1.08355,6.28998,0.00016,5.80496,85.0,14847.88235,13446.19434,14654.0,14654.0,64294.0,14600.0,0.82556,5.51755,0.00015,6.68338,0.00363,0.43333,0.0,1.0,0.0,0.0,0.22667,0.0,0.42,3,34.57149,0.0,150,packet,150,Spotify
78,15021.70513,9077.72223,14654.0,14654.0,58454.0,14600.0,0.00114,0.00625,0.00016,5.47287,72.0,83.72222,4.98114,82.0,90.0,90.0,0.0,0.00124,0.00663,0.00017,5.36302,0.99488,0.52,0.0,1.0,0.0,0.0,0.12667,0.0,0.46667,1,0.0,0.0,150,packet,150,Spotify
105,1385.84762,2908.80551,512.0,1396.0,21954.0,458.0,0.02123,0.10559,0.0,4.97304,45.0,82.4,40.16433,54.0,139.0,140.0,0.0,0.04972,0.15563,0.00187,3.13032,0.97515,0.7,0.0,1.0,0.0,0.0,0.60667,0.0,0.24,5,0.46946,0.0,150,packet,150,Spotify
102,990.58824,925.99121,526.0,1510.5,4434.0,472.0,0.00089,0.00279,0.0,3.12435,48.0,103.72917,42.03012,139.0,139.0,140.0,85.0,0.00173,0.00254,0.00043,1.47304,0.95304,0.68,0.0,1.0,0.0,0.0,0.65333,0.0,0.16667,1,0.0,0.0,150,packet,150,Spotify
58,108.34483,40.943,139.0,139.0,140.0,85.0,0.00649,0.02594,0.00064,3.99583,92.0,949.52174,881.64469,456.5,1487.25,4434.0,402.5,0.00225,0.01195,0.0,5.32302,0.06711,0.38667,0.0,1.0,0.0,0.0,0.67333,0.0,0.17333,3,0.13789,0.0,150,packet,150,Spotify
82,9134.68293,8085.07751,8814.0,14654.0,32174.0,8760.0,0.03352,0.29305,0.00011,8.74331,68.0,88.51471,61.51936,90.0,90.0,577.0,0.0,0.04051,0.31875,0.00013,7.86809,0.99203,0.54667,0.0,1.0,0.0,0.0,0.08667,0.0,0.44,2,2.62952,0.0,150,packet,150,Spotify
74,6979.13514,6245.48015,4434.0,13194.0,27794.0,4380.0,0.00018,0.00044,0.0,2.42489,76.0,90.0,0.0,90.0,90.0,90.0,0.0,0.00017,0.00044,2e-05,2.52311,0.98693,0.49333,0.0,1.0,0.0,0.0,0.08,0.0,0.5,1,0.0,0.0,150,packet,150,Spotify
107,3858.63551,5170.19507,1281.0,5894.0,19034.0,1227.0,0.02823,0.21551,0.0,7.63504,43.0,72.09302,31.27731,54.0,66.0,142.0,0.0,0.07107,0.33579,0.00185,4.7249,0.99255,0.71333,0.0,1.0,0.0,0.0,0.43333,0.0,0.25333,4,0.89371,0.0,150,packet,150,Spotify
100,911.63,683.13328,733.0,1443.25,2974.0,679.0,0.0202,0.16023,0.0,7.93137,50.0,95.66,42.24103,71.5,139.0,140.0,17.5,0.0408,0.22427,0.00077,5.49683,0.95015,0.66667,0.0,1.0,0.0,0.0,0.64,0.0,0.2,3,0.88712,0.0,150,packet,150,Spotify
93,853.41935,654.08347,690.0,1397.0,2974.0,636.0,0.00237,0.00949,0.0,3.99894,57.0,98.84211,42.54195,139.0,139.0,140.0,85.0,0.00386,0.01084,0.00058,2.80767,0.93372,0.62,0.0,1.0,0.0,0.0,0.64,0.0,0.22667,1,0.0,0.0,150,packet,150,Spotify
76,56.26316,5.59927,55.0,55.0,80.0,1.0,42.59712,10.09022,45.04613,0.23688,74.0,66.43243,3.51476,66.0,66.0,80.0,0.0,42.53052,10.2421,45.04739,0.24082,0.46519,0.50667,0.0,1.0,0.0,0.0,0.05333,0.0,0.9,72,44.9533,0.0,150,packet,150,Spotify
83,9869.96386,7595.63341,10274.0,14654.0,38014.0,10220.0,0.02847,0.2462,0.00014,8.64671,67.0,91.25373,87.03273,90.0,90.0,583.0,0.0,0.03538,0.27088,0.00016,7.65727,0.99259,0.55333,0.0,1.0,0.0,0.0,0.24667,0.0,0.42667,2,2.21812,0.0,150,packet,150,Spotify
77,13762.83117,8779.43198,14654.0,14654.0,64294.0,14600.0,0.00441,0.02787,0.00016,6.31764,73.0,80.46575,7.68218,74.0,90.0,90.0,0.0,0.00466,0.02912,0.00016,6.25388,0.99449,0.51333,0.0,1.0,0.0,0.0,0.14,0.0,0.48,2,0.2415,0.0,150,packet,150,Spotify
90,5053.52222,7074.94349,1514.0,7354.0,36554.0,1460.0,0.02975,0.23363,0.0,7.85321,60.0,88.85,28.08548,90.0,90.0,147.0,0.0,0.04487,0.2848,0.0002,6.34674,0.98841,0.6,0.0,1.0,0.0,0.0,0.30667,0.0,0.35333,3,1.24974,0.0,150,packet,150,Spotify
75,94.44,57.25853,90.0,90.0,583.0,0.0,0.00105,0.00374,0.00011,3.56995,75.0,7439.81333,7160.10626,4434.0,11004.0,29254.0,4380.0,0.00085,0.00406,0.00011,4.75541,0.01253,0.5,0.0,1.0,0.0,0.0,0.15333,0.0,0.48667,1,0.0,0.0,150,packet,150,Spotify
82,1898.65854,3411.69798,924.5,1514.0,14654.0,870.5,0.02846,0.15381,0.0,5.40396,68.0,102.95588,42.21703,139.0,139.0,140.0,85.0,0.03433,0.16772,0.00047,4.8853,0.95697,0.54667,0.0,1.0,0.0,0.0,0.64,0.0,0.22,4,0.64495,0.0,150,packet,150,Spotify
79,6718.29114,4761.59133,8790.0,8790.0,26262.0,8736.0,1.23168,6.09755,0.00098,4.9506,71.0,63.56338,27.87787,54.0,54.0,160.0,0.0,1.37213,6.4104,0.00098,4.67187,0.99157,0.52667,0.0,1.0,0.0,0.0,0.5,0.0,0.46667,7,15.93585,0.0,150,packet,150,Spotify
83,10542.71084,6227.51745,14654.0,14654.0,32174.0,14600.0,0.02062,0.18189,0.00014,8.82123,67.0,75.44776,62.83318,66.0,74.0,579.0,0.0,0.0256,0.19803,0.00018,7.73658,0.99426,0.55333,0.0,1.0,0.0,0.0,0.18,0.0,0.43333,2,1.62175,0.0,150,packet,150,Spotify
81,10928.46914,6379.79877,14654.0,14654.0,29254.0,14600.0,0.00113,0.00815,0.00015,7.21378,69.0,84.18841,61.60822,74.0,82.0,585.0,0.0,0.00133,0.00636,0.00017,4.77949,0.99348,0.54,0.0,1.0,0.0,0.0,0.1,0.0,0.44667,1,0.0,0.0,150,packet,150,Spotify
74,3968.85135,4494.81203,2244.0,4434.0,24874.0,2190.0,0.02603,0.18802,0.0,7.22299,76.0,92.06579,19.37805,90.0,90.0,142.0,0.0,0.02533,0.18346,6e-05,7.2439,0.97673,0.49333,0.0,1.0,0.0,0.0,0.24667,0.0,0.45333,3,0.91142,0.0,150,packet,150,Spotify
80,2341.325,2558.53965,1514.0,1879.0,11734.0,1460.0,0.00108,0.00217,0.0,2.01758,70.0,78.11429,11.99946,82.0,90.0,90.0,0.0,0.0012,0.00229,0.00034,1.90566,0.97164,0.53333,0.0,1.0,0.0,0.0,0.26,0.0,0.45333,1,0.0,0.0,150,packet,150,Spotify
124,1209.42742,1820.08478,737.5,1441.5,13194.0,683.5,0.0154,0.07652,0.0,4.96785,26.0,58.5,16.69005,54.0,54.0,139.0,0.0,0.07575,0.14713,0.00871,1.94237,0.98996,0.82667,0.0,1.0,0.0,0.0,0.63333,0.0,0.18,5,0.35682,0.0,150,packet,150,Spotify
95,2769.56842,3835.03006,1514.0,1514.0,13194.0,1460.0,0.00412,0.01192,0.0,2.89283,55.0,64.76364,13.49204,54.0,82.0,90.0,0.0,0.00717,0.01502,0.00041,2.09346,0.98664,0.63333,0.0,1.0,0.0,0.0,0.3,0.0,0.36,1,0.0,0.0,150,packet,150,Spotify
108,2731.15741,4260.91011,1335.0,1514.0,14654.0,1281.0,0.01962,0.14396,0.0,7.33733,42.0,60.2381,22.49213,54.0,54.0,142.0,0.0,0.05072,0.22816,0.00426,4.49826,0.9915,0.72,0.0,1.0,0.0,0.0,0.37333,0.0,0.26667,2,1.48602,0.0,150,packet,150,Spotify
150,81.08,0.68819,81.0,81.0,87.0,39.0,1.00693,2.12632,0.42029,2.11168,0.0,0.0,0.0,0.0,0.0,0.0,0.0,0.0,0.0,0.0,0.0,1.0,1.0,0.0,0.0,0.0,0.0,0.0,0.0,0.0,129,1.17024,1.0,150,packet,150,Spotify
150,81.0,0.0,81.0,81.0,81.0,39.0,0.6014,1.34648,0.3448,2.23892,0.0,0.0,0.0,0.0,0.0,0.0,0.0,0.0,0.0,0.0,0.0,1.0,1.0,0.0,0.0,0.0,0.0,0.0,0.0,0.0,95,0.94895,1.0,150,packet,150,Spotify
61,73.42623,28.98697,54.0,82.0,142.0,0.0,0.0022,0.00464,0.00053,2.10857,89.0,5125.57303,5499.2661,1514.0,11734.0,16114.0,1460.0,0.00139,0.00362,0.00031,2.59481,0.00972,0.40667,0.0,1.0,0.0,0.0,0.37333,0.0,0.4,1,0.0,0.0,150,packet,150,Spotify
75,104.98667,38.10599,139.0,139.0,140.0,85.0,0.93258,5.84259,0.00035,6.26497,75.0,807.06667,830.00515,353.0,1416.0,2974.0,299.0,0.93245,5.8426,0.0,6.26584,0.11511,0.5,0.0,1.0,0.0,0.0,0.57333,0.0,0.3,3,34.3741,0.0,150,packet,150,Spotify
77,101.84416,39.05077,139.0,139.0,140.0,85.0,0.00324,0.01011,0.00033,3.11892,73.0,837.08219,563.51198,705.0,1362.0,2974.0,651.0,0.0034,0.01078,0.0,3.16932,0.11374,0.51333,0.0,1.0,0.0,0.0,0.64667,0.0,0.26,1,0.0,0.0,150,packet,150,Spotify
85,1140.54118,1199.05542,807.0,1397.0,7354.0,753.0,0.0022,0.00854,0.0,3.87519,65.0,75.95385,29.17503,66.0,66.0,140.0,0.0,0.00273,0.0094,5e-05,3.43733,0.95154,0.56667,0.0,1.0,0.0,0.0,0.52667,0.0,0.36,1,0.0,0.0,150,packet,150,Spotify
62,1379.64516,1569.37946,1245.0,1514.0,10274.0,1191.0,0.00096,0.00147,0.0,1.52647,88.0,97.84091,31.29293,82.0,139.0,140.0,0.0,0.00068,0.00117,0.00023,1.72996,0.90855,0.41333,0.0,1.0,0.0,0.0,0.47333,0.0,0.38667,1,0.0,0.0,150,packet,150,Spotify
75,96.84,39.94598,66.0,139.0,140.0,0.0,0.0054,0.01209,0.00036,2.23928,75.0,856.86667,609.11007,673.0,1384.0,2974.0,619.0,0.00418,0.01053,0.0,2.52149,0.10154,0.5,0.0,1.0,0.0,0.0,0.63333,0.0,0.27333,1,0.0,0.0,150,packet,150,Spotify
70,75.2,17.46147,74.0,82.0,139.0,0.0,0.0007,0.00165,1e-05,2.35071,80.0,925.125,743.06686,769.5,1410.0,2974.0,715.5,0.0006,0.00143,0.0,2.38319,0.0664,0.46667,0.0,1.0,0.0,0.0,0.4,0.0,0.47333,1,0.0,0.0,150,packet,150,Spotify
87,875.32184,724.16551,625.0,1502.5,4434.0,571.0,0.00229,0.00568,0.0,2.47708,63.0,97.53968,41.35592,66.0,139.0,140.0,0.0,0.00316,0.00613,0.00054,1.93728,0.92533,0.58,0.0,1.0,0.0,0.0,0.61333,0.0,0.24,1,0.0,0.0,150,packet,150,Spotify
98,4436.90816,5615.69623,1271.5,9544.0,16114.0,1217.5,1.22045,6.73391,0.00012,5.51755,52.0,66.88462,28.53113,54.0,54.0,142.0,0.0,2.32125,9.14729,0.00052,3.94068,0.99206,0.65333,0.0,1.0,0.0,0.0,0.36,0.0,0.34667,8,16.88427,0.0,150,packet,150,Spotify
99,3798.55556,5003.11473,1439.0,5894.0,14654.0,1385.0,0.06772,0.43257,0.0,6.38759,51.0,64.41176,21.7969,54.0,66.0,140.0,0.0,0.13272,0.59581,0.00058,4.4892,0.99134,0.66,0.0,1.0,0.0,0.0,0.44,0.0,0.30667,5,1.61081,0.0,150,packet,150,Spotify
60,65.0,0.0,65.0,65.0,65.0,11.0,58.98223,7.73129,59.90881,0.13108,90.0,57.8,5.24341,54.0,65.0,66.0,0.0,39.77478,28.29358,59.89413,0.71134,0.42848,0.4,0.0,1.0,0.0,0.0,0.6,0.0,0.40667,61,58.9304,0.0,150,packet,150,Spotify
150,81.08,0.68819,81.0,81.0,87.0,39.0,1.00671,1.90426,0.42154,1.89157,0.0,0.0,0.0,0.0,0.0,0.0,0.0,0.0,0.0,0.0,0.0,1.0,1.0,0.0,0.0,0.0,0.0,0.0,0.0,0.0,135,1.11857,1.0,150,packet,150,Spotify
150,81.14,1.31164,81.0,81.0,96.0,39.0,1.0069,2.12872,0.42132,2.11413,0.0,0.0,0.0,0.0,0.0,0.0,0.0,0.0,0.0,0.0,0.0,1.0,1.0,0.0,0.0,0.0,0.0,0.0,0.0,0.0,130,1.16136,1.0,150,packet,150,Spotify
58,66.01724,30.04335,54.0,54.0,142.0,0.0,0.00179,0.00483,0.00051,2.70076,92.0,5986.20652,5857.02502,2974.0,13194.0,14654.0,2920.0,0.00083,0.00226,0.00038,2.71388,0.0069,0.38667,0.0,1.0,0.0,0.0,0.38,0.0,0.34,1,0.0,0.0,150,packet,150,Spotify
150,81.04,0.48826,81.0,81.0,87.0,39.0,1.02857,1.91022,0.42112,1.85715,0.0,0.0,0.0,0.0,0.0,0.0,0.0,0.0,0.0,0.0,0.0,1.0,1.0,0.0,0.0,0.0,0.0,0.0,0.0,0.0,135,1.14349,1.0,150,packet,150,Spotify
150,81.04,0.48826,81.0,81.0,87.0,39.0,0.73422,1.58869,0.41898,2.16378,0.0,0.0,0.0,0.0,0.0,0.0,0.0,0.0,0.0,0.0,0.0,1.0,1.0,0.0,0.0,0.0,0.0,0.0,0.0,0.0,109,1.01185,1.0,150,packet,150,Spotify
117,81.05128,0.55232,81.0,81.0,87.0,39.0,0.86794,1.96513,0.42064,2.26413,0.0,0.0,0.0,0.0,0.0,0.0,0.0,0.0,0.0,0.0,0.0,1.0,1.0,0.0,0.0,0.0,0.0,0.0,0.0,0.0,96,1.05873,1.0,117,packet,150,Spotify
60,80.2,13.34016,90.0,90.0,90.0,0.0,6.5037,15.55124,0.00054,2.39114,61.0,6470.09836,6339.08068,4434.0,11734.0,32174.0,4380.0,6.3953,15.44441,0.00054,2.41496,0.01205,0.49587,0.0,1.0,0.01653,0.0,0.16529,0.0,0.53719,10,42.60422,0.0,121,packet,150,Spotify
58,74.75862,21.48721,54.0,97.0,97.0,0.0,14.80417,14.90304,2.18936,1.00668,59.0,76.71186,16.99756,60.0,94.0,94.0,6.0,14.54884,14.98115,1.13661,1.02971,0.48928,0.49573,0.0,1.0,0.01709,0.0,0.48718,0.0,0.47863,30,29.00695,0.0,117,packet,150,Spotify
61,60.0,0.0,60.0,60.0,60.0,6.0,30.50887,3.84292,30.00869,0.12596,60.0,82.0,0.0,82.0,82.0,82.0,28.0,30.51723,3.87471,30.0088,0.12697,0.42657,0.50413,0.0,1.0,0.0,0.0,0.49587,0.0,0.49587,61,30.46933,0.0,121,packet,150,Spotify
101,86.0,0.0,86.0,86.0,86.0,44.0,38.02283,58.42486,3.04505,1.53657,0.0,0.0,0.0,0.0,0.0,0.0,0.0,0.0,0.0,0.0,0.0,1.0,1.0,0.0,0.0,0.0,0.0,0.0,0.0,0.0,81,47.52675,1.0,101,packet,150,Spotify
15,109.66667,91.82495,72.0,114.5,439.0,30.0,0.06887,0.12207,0.01715,1.77246,9.0,127.66667,54.66667,79.0,186.0,192.0,37.0,0.11254,0.14717,0.05274,1.3077,0.58876,0.625,0.0,0.0,0.0,0.0,0.0,0.0,0.0,3,0.28815,1.0,24,packet,150,Spotify
12,124.16667,79.03463,89.5,143.0,328.0,47.5,0.16756,0.35334,0.04216,2.10878,12.0,113.0,38.85872,97.0,143.5,184.0,55.0,0.1686,0.3243,0.06788,1.92348,0.52354,0.5,0.0,0.0,0.0,0.0,0.0,0.0,0.0,3,0.64076,1.0,24,packet,150,Spotify
4,175.5,108.52995,166.0,272.5,304.0,124.0,0.01991,0.02776,0.00056,1.39423,2.0,75.5,1.5,75.5,76.25,77.0,33.5,0.02531,0.0,0.02531,0.0,0.82298,0.66667,0.0,0.0,0.0,0.0,0.0,0.0,0.0,1,0.0,1.0,6,packet,150,Spotify
10,610.6,1263.03287,66.0,237.0,4290.0,6.0,18.30894,20.93351,0.03736,1.14335,10.0,247.0,548.65126,54.5,55.0,1891.0,0.5,18.30894,20.91131,0.09479,1.14214,0.71199,0.5,0.05,1.0,0.1,0.0,0.2,0.0,0.5,5,41.12447,0.0,20,packet,150,Spotify
44,827.79545,540.28152,1288.0,1292.0,1292.0,1246.0,0.58082,2.35891,0.00021,4.06133,34.0,129.05882,209.05557,66.0,118.5,1288.0,24.0,0.75794,2.66413,0.02308,3.51497,0.89248,0.5641,0.0,0.0,0.0,0.0,0.0,0.0,0.0,6,4.81367,1.0,78,packet,150,Spotify
73,83.36986,13.09973,90.0,90.0,90.0,0.0,5.23123,14.19775,0.0011,2.71404,71.0,2393.70423,1502.24447,1514.0,4434.0,4434.0,1460.0,5.38068,14.37194,0.0011,2.67103,0.03457,0.50694,0.0,1.0,0.01389,0.0,0.23611,0.0,0.54167,10,41.82531,0.0,144,packet,150,Spotify
9,65.0,0.0,65.0,65.0,65.0,11.0,60.00606,0.13036,60.00259,0.00217,13.0,57.38462,5.07692,54.0,65.0,65.0,0.0,40.00413,28.22147,59.86776,0.70546,0.43952,0.40909,0.0,1.0,0.0,0.0,0.59091,0.0,0.36364,9,59.93785,0.0,22,packet,150,Spotify
21,66.38095,3.30189,66.0,66.0,80.0,0.0,42.74962,9.80933,45.04525,0.22946,20.0,56.2,5.46443,55.0,55.0,80.0,1.0,42.62903,10.02784,45.04443,0.23523,0.55361,0.5122,0.0,1.0,0.0,0.0,0.04878,0.0,0.85366,20,44.95654,0.0,41,packet,150,Spotify
21,56.14286,5.33886,55.0,55.0,80.0,1.0,42.74919,9.78781,45.04504,0.22896,21.0,66.38095,3.30189,66.0,66.0,80.0,0.0,42.75015,9.8096,45.04603,0.22946,0.45822,0.5,0.0,1.0,0.0,0.0,0.04762,0.0,0.85714,20,44.95598,0.0,42,packet,150,Spotify
22,5071.5,4735.93815,2974.0,10274.0,13194.0,2920.0,5.73016,14.24641,0.00097,2.48622,22.0,71.54545,11.3407,74.0,82.0,82.0,0.0,5.72972,14.24517,0.001,2.48619,0.98609,0.5,0.0,1.0,0.06818,0.0,0.27273,0.0,0.5,5,30.06706,0.0,44,packet,150,Spotify
9,552.55556,527.40204,323.0,1233.0,1288.0,281.0,1.53117,3.96748,0.04678,2.59115,8.0,111.75,93.13934,69.0,98.25,355.0,27.0,1.75362,4.18112,0.04576,2.38428,0.84762,0.52941,0.0,0.0,0.0,0.0,0.0,0.0,0.0,2,11.95514,1.0,17,packet,150,Spotify
25,113.04,115.62196,66.0,134.0,626.0,24.0,0.83624,2.21955,0.02562,2.65419,25.0,868.88,549.62659,1288.0,1292.0,1292.0,1246.0,0.83346,2.22465,0.0001,2.66917,0.11512,0.5,0.0,0.0,0.0,0.0,0.0,0.0,0.0,5,4.83651,1.0,50,packet,150,Spotify
46,68.5,21.73932,66.0,74.0,139.0,0.0,4.97512,13.39872,0.0006,2.69315,56.0,5161.66071,5289.51178,3704.0,10274.0,14654.0,3650.0,4.07051,12.27184,0.00055,3.01482,0.01078,0.45098,0.0,1.0,0.01961,0.0,0.33333,0.0,0.44118,7,37.28806,0.0,102,packet,150,Spotify
34,167.0,0.0,167.0,167.0,167.0,125.0,120.00816,0.00582,120.00701,5e-05,0.0,0.0,0.0,0.0,0.0,0.0,0.0,0.0,0.0,0.0,0.0,1.0,1.0,0.0,0.0,0.0,0.0,0.0,0.0,0.0,34,120.00816,1.0,34,packet,150,Spotify
3,212.0,0.0,212.0,212.0,212.0,170.0,1.01355,0.00046,1.01355,0.00045,0.0,0.0,0.0,0.0,0.0,0.0,0.0,0.0,0.0,0.0,0.0,1.0,1.0,0.0,0.0,0.0,0.0,0.0,0.0,0.0,3,1.01355,1.0,3,packet,150,Spotify
28,739.89286,1287.31183,130.0,1288.0,5042.0,88.0,0.23055,0.90118,0.01153,3.90877,37.0,581.94595,570.86198,193.0,1292.0,1292.0,151.0,0.17207,0.77719,0.00012,4.51673,0.49035,0.43077,0.0,0.0,0.0,0.0,0.0,0.0,0.0,4,1.86454,1.0,65,packet,150,Spotify
5,959.0,919.22837,833.0,1288.0,2542.0,791.0,0.0616,0.07419,0.03236,1.20445,2.0,75.0,2.0,75.0,76.0,77.0,33.0,6e-05,0.0,6e-05,0.0,0.96967,0.71429,0.0,0.0,0.0,0.0,0.0,0.0,0.0,2,0.18167,1.0,7,packet,150,Spotify
1,66.0,0.0,66.0,66.0,66.0,24.0,0.0,0.0,0.0,0.0,0.0,0.0,0.0,0.0,0.0,0.0,0.0,0.0,0.0,0.0,0.0,1.0,1.0,0.0,0.0,0.0,0.0,0.0,0.0,0.0,1,0.0,1.0,1,packet,150,Spotify
5,359.2,470.90313,78.0,278.0,1288.0,36.0,5.40745,9.30175,0.05558,1.72017,4.0,80.0,22.54994,67.5,81.5,119.0,25.5,7.21016,10.09997,0.10243,1.4008,0.84877,0.55556,0.0,0.0,0.0,0.0,0.0,0.0,0.0,2,21.45454,1.0,9,packet,150,Spotify
5,115.4,72.14596,69.0,123.0,253.0,27.0,5.19455,8.91043,0.06584,1.71534,4.0,479.0,494.39711,275.5,677.5,1288.0,233.5,6.90441,9.72096,0.06128,1.40794,0.23145,0.55556,0.0,0.0,0.0,0.0,0.0,0.0,0.0,2,20.58552,1.0,9,packet,150,Spotify
3,212.0,0.0,212.0,212.0,212.0,170.0,1.01392,0.00041,1.01392,0.00041,0.0,0.0,0.0,0.0,0.0,0.0,0.0,0.0,0.0,0.0,0.0,1.0,1.0,0.0,0.0,0.0,0.0,0.0,0.0,0.0,3,1.01392,1.0,3,packet,150,Spotify
7,54.71429,0.45175,55.0,55.0,55.0,1.0,31.96699,18.7999,45.04261,0.5881,6.0,65.0,2.23607,66.0,66.0,66.0,0.0,38.35242,13.39651,45.04238,0.3493,0.49547,0.53846,0.0,1.0,0.15385,0.0,0.0,0.0,0.69231,6,38.30785,0.0,13,packet,150,Spotify
6,207.5,199.41811,116.0,232.0,626.0,74.0,0.03186,0.03752,0.02681,1.17741,3.0,74.66667,2.35702,73.0,75.5,78.0,31.0,0.04744,0.02074,0.04744,0.43719,0.84752,0.66667,0.0,0.0,0.0,0.0,0.0,0.0,0.0,1,0.0,1.0,9,packet,150,Spotify
2,379.0,301.0,379.0,529.5,680.0,337.0,0.09108,0.0,0.09108,0.0,2.0,92.0,26.0,92.0,105.0,118.0,50.0,0.09405,0.0,0.09405,0.0,0.80467,0.5,0.0,0.0,0.0,0.0,0.0,0.0,0.0,1,0.0,1.0,4,packet,150,Spotify
3,212.0,0.0,212.0,212.0,212.0,170.0,1.00724,0.00609,1.00724,0.00605,0.0,0.0,0.0,0.0,0.0,0.0,0.0,0.0,0.0,0.0,0.0,1.0,1.0,0.0,0.0,0.0,0.0,0.0,0.0,0.0,3,1.00724,1.0,3,packet,150,Spotify
1,83.0,0.0,83.0,83.0,83.0,41.0,0.0,0.0,0.0,0.0,1.0,132.0,0.0,132.0,132.0,132.0,90.0,0.0,0.0,0.0,0.0,0.38605,0.5,0.0,0.0,0.0,0.0,0.0,0.0,0.0,1,0.0,1.0,2,packet,150,Spotify
1,206.0,0.0,206.0,206.0,206.0,164.0,0.0,0.0,0.0,0.0,0.0,0.0,0.0,0.0,0.0,0.0,0.0,0.0,0.0,0.0,0.0,1.0,1.0,0.0,0.0,0.0,0.0,0.0,0.0,0.0,1,0.0,1.0,1,packet,150,Spotify
36,550.63889,548.90771,199.0,1292.0,1292.0,157.0,0.1625,0.74076,0.0017,4.55846,26.0,783.30769,1632.68516,69.5,608.25,6292.0,27.5,0.22859,0.87874,0.01001,3.84414,0.49324,0.58065,0.0,0.0,0.0,0.0,0.0,0.0,0.0,4,1.65961,1.0,62,packet,150,Spotify
7,505.57143,510.93691,290.0,866.0,1288.0,248.0,4.142,9.1814,0.04812,2.21666,6.0,84.66667,24.30821,69.0,106.5,119.0,27.0,4.97799,9.84092,0.0777,1.97689,0.87447,0.53846,0.0,0.0,0.0,0.0,0.0,0.0,0.0,2,24.60738,1.0,13,packet,150,Spotify
60,5299.36667,5020.2498,2974.0,8814.0,14654.0,2920.0,2.0357,8.93456,0.0,4.38894,61.0,74.62295,15.16377,82.0,90.0,90.0,0.0,2.00159,8.86341,7e-05,4.42818,0.98589,0.49587,0.0,1.0,0.01653,0.0,0.26446,0.0,0.50413,4,40.00438,0.0,121,packet,150,Spotify
10,809.8,533.67308,1078.0,1292.0,1292.0,1036.0,0.01996,0.02802,0.0001,1.40423,7.0,83.28571,26.5153,67.0,95.5,129.0,25.0,0.02981,0.03332,0.0231,1.11785,0.93284,0.58824,0.0,0.0,0.0,0.0,0.0,0.0,0.0,1,0.0,1.0,17,packet,150,Spotify
3,212.0,0.0,212.0,212.0,212.0,170.0,1.01443,0.00037,1.01443,0.00036,0.0,0.0,0.0,0.0,0.0,0.0,0.0,0.0,0.0,0.0,0.0,1.0,1.0,0.0,0.0,0.0,0.0,0.0,0.0,0.0,3,1.01443,1.0,3,packet,150,Spotify
4,54.5,0.5,54.5,55.0,55.0,0.5,25.00813,18.71762,29.99703,0.74846,5.0,66.0,6.57267,66.0,66.0,78.0,6.0,18.75532,19.48983,14.9982,1.03916,0.39781,0.44444,0.0,1.0,0.22222,0.0,0.11111,0.0,0.44444,3,37.50099,0.0,9,packet,150,Spotify
2,76.0,2.0,76.0,77.0,78.0,34.0,0.07995,0.0,0.07995,0.0,2.0,150.5,84.5,150.5,192.75,235.0,108.5,0.09643,0.0,0.09643,0.0,0.33554,0.5,0.0,0.0,0.0,0.0,0.0,0.0,0.0,1,0.0,1.0,4,packet,150,Spotify
3,212.0,0.0,212.0,212.0,212.0,170.0,1.01038,4e-05,1.01038,4e-05,0.0,0.0,0.0,0.0,0.0,0.0,0.0,0.0,0.0,0.0,0.0,1.0,1.0,0.0,0.0,0.0,0.0,0.0,0.0,0.0,3,1.01038,1.0,3,packet,150,Spotify
2,378.0,301.0,378.0,528.5,679.0,336.0,0.08116,0.0,0.08116,0.0,3.0,81.0,18.45716,70.0,88.5,107.0,28.0,0.03939,0.02613,0.03939,0.66335,0.75676,0.4,0.0,0.0,0.0,0.0,0.0,0.0,0.0,1,0.0,1.0,5,packet,150,Spotify
33,585.06061,935.4712,124.0,1288.0,5042.0,82.0,0.19316,0.82785,0.00195,4.28575,29.0,373.34483,487.66398,77.0,354.0,1292.0,35.0,0.21843,0.87045,0.01202,3.98498,0.6407,0.53226,0.0,0.0,0.0,0.0,0.0,0.0,0.0,5,1.40605,1.0,62,packet,150,Spotify
5,77.2,20.93227,66.0,69.0,119.0,24.0,2.98343,5.05192,0.07951,1.69333,4.0,431.75,501.80692,182.5,537.25,1288.0,140.5,0.03985,0.02962,0.0484,0.74333,0.18268,0.55556,0.0,0.0,0.0,0.0,0.0,0.0,0.0,2,11.69456,1.0,9,packet,150,Spotify
5,186.0,243.01111,66.0,66.0,672.0,0.0,42.39758,4.57914,45.04005,0.108,6.0,54.5,0.5,54.5,55.0,55.0,0.5,33.9088,17.42014,44.95512,0.51374,0.73986,0.45455,0.0,1.0,0.18182,0.0,0.09091,0.0,0.54545,5,42.34641,0.0,11,packet,150,Spotify
1,66.0,0.0,66.0,66.0,66.0,24.0,0.0,0.0,0.0,0.0,0.0,0.0,0.0,0.0,0.0,0.0,0.0,0.0,0.0,0.0,0.0,1.0,1.0,0.0,0.0,0.0,0.0,0.0,0.0,0.0,1,0.0,1.0,1,packet,150,Spotify
25,55.32,6.06445,54.0,54.0,85.0,0.0,5.02005,13.45916,0.00901,2.68108,49.0,2798.79592,3398.72336,1051.0,4434.0,10274.0,997.0,2.50993,9.84287,0.00021,3.92157,0.00998,0.33784,0.0,1.0,0.02703,0.0,0.47297,0.0,0.33784,5,30.02603,0.0,74,packet,150,Spotify
42,74.97619,19.75262,70.0,88.0,142.0,0.0,2.92965,10.59278,0.0005,3.61571,47.0,3731.31915,4249.15187,1514.0,5894.0,14654.0,1460.0,2.61122,10.04232,0.00051,3.84584,0.01764,0.47191,0.0,1.0,0.02247,0.0,0.29213,0.0,0.46067,4,40.00317,0.0,89,packet,150,Spotify
1,66.0,0.0,66.0,66.0,66.0,24.0,0.0,0.0,0.0,0.0,0.0,0.0,0.0,0.0,0.0,0.0,0.0,0.0,0.0,0.0,0.0,1.0,1.0,0.0,0.0,0.0,0.0,0.0,0.0,0.0,1,0.0,1.0,1,packet,150,Spotify
3,212.0,0.0,212.0,212.0,212.0,170.0,1.01272,0.00126,1.01272,0.00125,0.0,0.0,0.0,0.0,0.0,0.0,0.0,0.0,0.0,0.0,0.0,1.0,1.0,0.0,0.0,0.0,0.0,0.0,0.0,0.0,3,1.01272,1.0,3,packet,150,Spotify
15,1133.06667,1851.45804,255.0,1288.0,6292.0,213.0,0.06255,0.19034,0.0018,3.04287,18.0,531.66667,559.67312,77.0,1291.0,1292.0,35.0,0.04921,0.17111,0.00014,3.47728,0.63977,0.45455,0.0,0.0,0.0,0.0,0.0,0.0,0.0,2,0.69549,1.0,33,packet,150,Spotify
9,87.44444,29.05593,69.0,119.0,144.0,27.0,6.51186,10.95469,0.15188,1.68227,10.0,309.0,387.00155,78.0,374.25,1288.0,36.0,3.34007,8.9133,0.08443,2.6686,0.20299,0.47368,0.0,0.0,0.0,0.0,0.0,0.0,0.0,5,12.90204,1.0,19,packet,150,Spotify
27,63.74074,27.31652,54.0,54.0,141.0,0.0,4.64318,12.99669,0.01547,2.79909,52.0,2643.05769,4276.70943,1223.5,1514.0,13194.0,1169.5,2.36712,9.56589,0.0,4.04116,0.01237,0.34177,0.0,1.0,0.02532,0.0,0.50633,0.0,0.34177,7,20.08022,0.0,79,packet,150,Spotify
3,212.0,0.0,212.0,212.0,212.0,170.0,1.01355,0.00162,1.01355,0.0016,0.0,0.0,0.0,0.0,0.0,0.0,0.0,0.0,0.0,0.0,0.0,1.0,1.0,0.0,0.0,0.0,0.0,0.0,0.0,0.0,3,1.01355,1.0,3,packet,150,Spotify
4,54.5,0.5,54.5,55.0,55.0,0.5,25.00082,18.71213,29.98759,0.74846,5.0,66.0,6.57267,66.0,66.0,78.0,6.0,18.74984,19.48325,14.99453,1.03912,0.39781,0.44444,0.0,1.0,0.22222,0.0,0.11111,0.0,0.44444,3,37.48955,0.0,9,packet,150,Spotify
4,77.25,17.25362,68.0,79.25,107.0,26.0,0.38117,0.49137,0.0644,1.28912,2.0,378.0,301.0,378.0,528.5,679.0,336.0,0.06868,0.0,0.06868,0.0,0.29014,0.66667,0.0,0.0,0.0,0.0,0.0,0.0,0.0,2,1.01094,1.0,6,packet,150,Spotify
3,212.0,0.0,212.0,212.0,212.0,170.0,1.00735,0.00611,1.00735,0.00607,0.0,0.0,0.0,0.0,0.0,0.0,0.0,0.0,0.0,0.0,0.0,1.0,1.0,0.0,0.0,0.0,0.0,0.0,0.0,0.0,3,1.00735,1.0,3,packet,150,Spotify
13,696.84615,585.81631,857.0,1292.0,1292.0,815.0,0.00643,0.01935,4e-05,3.00805,7.0,1185.57143,2125.76231,69.0,870.5,6292.0,27.0,0.01607,0.02344,0.00327,1.4587,0.52189,0.65,0.0,0.0,0.0,0.0,0.0,0.0,0.0,1,0.0,1.0,20,packet,150,Spotify
13,60.84615,23.14119,54.0,54.0,141.0,0.0,10.0109,17.67736,0.00138,1.76581,21.0,3490.14286,4975.00623,919.0,4434.0,14654.0,865.0,6.0045,14.54622,0.00074,2.42255,0.01068,0.38235,0.0,1.0,0.05882,0.0,0.35294,0.0,0.38235,4,40.00261,0.0,34,packet,150,Spotify
2,656.5,579.5,656.5,946.25,1236.0,614.5,0.09323,0.0,0.09323,0.0,3.0,85.0,24.09703,70.0,94.5,119.0,28.0,0.04664,0.01813,0.04664,0.38869,0.83737,0.4,0.0,0.0,0.0,0.0,0.0,0.0,0.0,1,0.0,1.0,5,packet,150,Spotify
3,212.0,0.0,212.0,212.0,212.0,170.0,1.00877,0.00381,1.00877,0.00377,0.0,0.0,0.0,0.0,0.0,0.0,0.0,0.0,0.0,0.0,0.0,1.0,1.0,0.0,0.0,0.0,0.0,0.0,0.0,0.0,3,1.00877,1.0,3,packet,150,Spotify
4,54.5,0.5,54.5,55.0,55.0,0.5,25.01248,18.71404,30.02689,0.74819,5.0,66.0,6.57267,66.0,66.0,78.0,6.0,18.75908,19.48857,15.01381,1.03889,0.39781,0.44444,0.0,1.0,0.22222,0.0,0.11111,0.0,0.44444,3,37.50843,0.0,9,packet,150,Spotify
7,178.57143,213.3534,66.0,166.0,672.0,6.0,19.44237,20.38476,13.27975,1.04847,6.0,65.0,23.70654,54.5,55.0,118.0,0.5,23.33031,20.15695,26.51415,0.86398,0.7622,0.53846,0.0,1.0,0.15385,0.0,0.23077,0.0,0.46154,4,38.81199,0.0,13,packet,150,Spotify
1,66.0,0.0,66.0,66.0,66.0,24.0,0.0,0.0,0.0,0.0,0.0,0.0,0.0,0.0,0.0,0.0,0.0,0.0,0.0,0.0,0.0,1.0,1.0,0.0,0.0,0.0,0.0,0.0,0.0,0.0,1,0.0,1.0,1,packet,150,Spotify
3,212.0,0.0,212.0,212.0,212.0,170.0,1.00916,0.00694,1.00916,0.00687,0.0,0.0,0.0,0.0,0.0,0.0,0.0,0.0,0.0,0.0,0.0,1.0,1.0,0.0,0.0,0.0,0.0,0.0,0.0,0.0,3,1.00916,1.0,3,packet,150,Spotify
15,613.2,585.57495,77.0,1292.0,1292.0,35.0,0.01278,0.02332,7e-05,1.82444,10.0,831.7,1121.7432,194.0,1291.0,3792.0,152.0,0.01534,0.02135,0.00104,1.39189,0.52515,0.6,0.0,0.0,0.0,0.0,0.0,0.0,0.0,1,0.0,1.0,25,packet,150,Spotify
9,460.44444,480.88786,78.0,679.0,1288.0,36.0,3.67245,9.43222,0.07016,2.56837,9.0,87.88889,24.61456,70.0,107.0,129.0,28.0,3.67053,9.43053,0.07035,2.56926,0.83972,0.5,0.0,0.0,0.0,0.0,0.0,0.0,0.0,3,14.47263,1.0,18,packet,150,Spotify
44,7799.36364,8058.3295,6624.0,14654.0,43854.0,6570.0,2.80395,10.39436,0.00015,3.70705,43.0,69.86047,8.49783,66.0,74.0,82.0,0.0,2.87049,10.50801,0.00015,3.6607,0.99132,0.50575,0.0,1.0,0.02299,0.0,0.22989,0.0,0.49425,4,40.17373,0.0,87,packet,150,Spotify
4,54.5,0.5,54.5,55.0,55.0,0.5,25.01017,18.71714,30.00631,0.74838,5.0,66.0,6.57267,66.0,66.0,78.0,6.0,18.75747,19.49073,15.00327,1.03909,0.39781,0.44444,0.0,1.0,0.22222,0.0,0.11111,0.0,0.44444,3,37.50566,0.0,9,packet,150,Spotify
3,212.0,0.0,212.0,212.0,212.0,170.0,1.0112,0.00134,1.0112,0.00132,0.0,0.0,0.0,0.0,0.0,0.0,0.0,0.0,0.0,0.0,0.0,1.0,1.0,0.0,0.0,0.0,0.0,0.0,0.0,0.0,3,1.0112,1.0,3,packet,150,Spotify
11,809.90909,568.88447,1288.0,1292.0,1292.0,1246.0,0.00657,0.01937,3e-05,2.94617,7.0,1200.0,2121.11157,69.0,921.5,6292.0,27.0,0.01442,0.02307,0.00053,1.5992,0.5147,0.61111,0.0,0.0,0.0,0.0,0.0,0.0,0.0,1,0.0,1.0,18,packet,150,Spotify
7,512.0,498.7364,294.0,885.0,1288.0,252.0,4.1322,9.15432,0.05483,2.21536,8.0,129.625,131.27351,69.5,110.75,473.0,27.5,3.54453,8.59659,0.03957,2.42531,0.77559,0.46667,0.0,0.0,0.0,0.0,0.0,0.0,0.0,2,24.53731,1.0,15,packet,150,Spotify
8,895.25,529.46854,1290.0,1292.0,1292.0,1248.0,0.01577,0.02534,5e-05,1.60662,5.0,82.0,31.53411,66.0,69.0,145.0,24.0,0.03397,0.0397,0.01945,1.16857,0.94585,0.61538,0.0,0.0,0.0,0.0,0.0,0.0,0.0,1,0.0,1.0,13,packet,150,Spotify
4,54.5,0.5,54.5,55.0,55.0,0.5,25.02842,18.71988,30.06944,0.74794,5.0,66.0,6.57267,66.0,66.0,78.0,6.0,18.7713,19.4972,15.03472,1.03867,0.39781,0.44444,0.0,1.0,0.22222,0.0,0.11111,0.0,0.44444,3,37.53317,0.0,9,packet,150,Spotify
4,54.5,0.5,54.5,55.0,55.0,0.5,24.99339,18.71048,29.9643,0.74862,5.0,66.0,6.57267,66.0,66.0,78.0,6.0,18.74498,19.48207,14.98209,1.03932,0.39781,0.44444,0.0,1.0,0.22222,0.0,0.11111,0.0,0.44444,3,37.48047,0.0,9,packet,150,Spotify
3,212.0,0.0,212.0,212.0,212.0,170.0,1.00704,0.00691,1.00704,0.00686,0.0,0.0,0.0,0.0,0.0,0.0,0.0,0.0,0.0,0.0,0.0,1.0,1.0,0.0,0.0,0.0,0.0,0.0,0.0,0.0,3,1.00704,1.0,3,packet,150,Spotify
28,677.35714,574.05271,585.0,1292.0,1292.0,543.0,0.01271,0.0232,8e-05,1.82612,19.0,979.05263,1866.84985,69.0,788.0,6292.0,27.0,0.02043,0.02744,0.00095,1.34314,0.50484,0.59574,0.0,0.0,0.0,0.0,0.0,0.0,0.0,1,0.0,1.0,47,packet,150,Spotify
7,375.57143,395.8401,163.0,524.0,1214.0,121.0,0.02389,0.02385,0.01635,0.99847,4.0,279.0,352.18745,77.0,280.0,889.0,35.0,0.02613,0.02482,0.01479,0.9497,0.702,0.63636,0.0,0.0,0.0,0.0,0.0,0.0,0.0,1,0.0,1.0,11,packet,150,Spotify
13,561.61538,694.63477,163.0,725.0,2542.0,121.0,0.03,0.04092,0.00925,1.36377,6.0,75.16667,2.19216,75.0,77.0,78.0,33.0,0.05899,0.07652,0.0366,1.2972,0.94182,0.68421,0.0,0.0,0.0,0.0,0.0,0.0,0.0,2,0.14213,1.0,19,packet,150,Spotify
8,417.5,466.18693,77.5,757.25,1288.0,35.5,4.2947,9.96095,0.07034,2.31936,9.0,83.55556,22.52461,70.0,107.0,119.0,28.0,3.76101,9.4241,0.06414,2.50574,0.81623,0.47059,0.0,0.0,0.0,0.0,0.0,0.0,0.0,3,14.83755,1.0,17,packet,150,Spotify
3,613.0,504.06415,474.0,881.0,1288.0,432.0,0.02897,0.02886,0.02897,0.99613,3.0,86.0,26.1916,69.0,96.0,123.0,27.0,0.04178,0.02338,0.04178,0.55969,0.87697,0.5,0.0,0.0,0.0,0.0,0.0,0.0,0.0,1,0.0,1.0,6,packet,150,Spotify
3,212.0,0.0,212.0,212.0,212.0,170.0,1.00523,0.00436,1.00523,0.00433,0.0,0.0,0.0,0.0,0.0,0.0,0.0,0.0,0.0,0.0,0.0,1.0,1.0,0.0,0.0,0.0,0.0,0.0,0.0,0.0,3,1.00523,1.0,3,packet,150,Spotify
4,54.5,0.5,54.5,55.0,55.0,0.5,25.01937,18.7183,30.03922,0.74815,5.0,66.0,6.57267,66.0,66.0,78.0,6.0,18.7645,19.49642,15.01315,1.03901,0.39781,0.44444,0.0,1.0,0.22222,0.0,0.11111,0.0,0.44444,3,37.51317,0.0,9,packet,150,Spotify
4,54.5,0.5,54.5,55.0,55.0,0.5,24.99874,18.71291,29.97697,0.74855,5.0,66.0,6.57267,66.0,66.0,78.0,6.0,18.74915,19.48527,14.98858,1.03926,0.39781,0.44444,0.0,1.0,0.22222,0.0,0.11111,0.0,0.44444,3,37.48924,0.0,9,packet,150,Spotify
3,212.0,0.0,212.0,212.0,212.0,170.0,1.00616,0.00324,1.00616,0.00322,0.0,0.0,0.0,0.0,0.0,0.0,0.0,0.0,0.0,0.0,0.0,1.0,1.0,0.0,0.0,0.0,0.0,0.0,0.0,0.0,3,1.00616,1.0,3,packet,150,Spotify
48,534.25,544.22803,196.0,1288.0,1292.0,154.0,11.6713,75.43319,0.01197,6.46313,42.0,455.40476,996.64781,115.5,447.25,6292.0,73.5,13.3792,80.61902,0.02249,6.0257,0.57278,0.53333,0.0,0.0,0.0,0.0,0.0,0.0,0.0,7,91.21036,1.0,90,packet,150,Spotify
13,721.38462,576.01877,985.0,1292.0,1292.0,943.0,0.00574,0.01264,3e-05,2.20283,9.0,1015.77778,1907.24751,69.0,619.0,6292.0,27.0,0.01173,0.02104,0.00144,1.79366,0.50637,0.59091,0.0,0.0,0.0,0.0,0.0,0.0,0.0,1,0.0,1.0,22,packet,150,Spotify
61,84.32787,10.90604,90.0,90.0,90.0,0.0,2.00105,8.86296,0.00015,4.42916,60.0,8091.2,5905.9635,6624.0,14654.0,14654.0,6570.0,2.03512,8.93413,0.00015,4.38997,0.01048,0.50413,0.0,1.0,0.01653,0.0,0.19008,0.0,0.50413,4,40.00887,0.0,121,packet,150,Spotify
4,494.75,495.45806,308.5,726.25,1288.0,266.5,0.0401,0.03044,0.04631,0.75904,3.0,84.66667,24.30821,69.0,94.0,119.0,27.0,0.0728,0.02777,0.0728,0.3815,0.88625,0.57143,0.0,0.0,0.0,0.0,0.0,0.0,0.0,1,0.0,1.0,7,packet,150,Spotify
3,212.0,0.0,212.0,212.0,212.0,170.0,1.00843,0.00456,1.00843,0.00452,0.0,0.0,0.0,0.0,0.0,0.0,0.0,0.0,0.0,0.0,0.0,1.0,1.0,0.0,0.0,0.0,0.0,0.0,0.0,0.0,3,1.00843,1.0,3,packet,150,Spotify
3,276.0,284.97134,77.0,378.0,679.0,35.0,0.10741,0.00218,0.10741,0.02026,3.0,81.33333,18.19035,70.0,88.5,107.0,28.0,0.09407,0.06773,0.09407,0.72005,0.77239,0.5,0.0,0.0,0.0,0.0,0.0,0.0,0.0,2,0.10524,1.0,6,packet,150,Spotify
3,212.0,0.0,212.0,212.0,212.0,170.0,1.00698,0.00582,1.00698,0.00578,0.0,0.0,0.0,0.0,0.0,0.0,0.0,0.0,0.0,0.0,0.0,1.0,1.0,0.0,0.0,0.0,0.0,0.0,0.0,0.0,3,1.00698,1.0,3,packet,150,Spotify
26,882.11538,1627.16203,69.0,921.5,6292.0,27.0,0.05034,0.17304,0.00369,3.43727,34.0,642.14706,586.53119,235.0,1292.0,1292.0,193.0,0.01133,0.0208,0.00011,1.83538,0.51231,0.43333,0.0,0.0,0.0,0.0,0.0,0.0,0.0,2,0.8502,1.0,60,packet,150,Spotify
3,465.0,548.00791,78.0,659.0,1240.0,36.0,9.27576,9.18732,9.27576,0.99047,4.0,80.25,22.43184,68.0,82.25,119.0,26.0,6.18386,8.68312,0.06733,1.40416,0.81294,0.42857,0.0,0.0,0.0,0.0,0.0,0.0,0.0,2,18.39877,1.0,7,packet,150,Spotify
1,65.0,0.0,65.0,65.0,65.0,23.0,0.0,0.0,0.0,0.0,0.0,0.0,0.0,0.0,0.0,0.0,0.0,0.0,0.0,0.0,0.0,1.0,1.0,0.0,0.0,0.0,0.0,0.0,0.0,0.0,1,0.0,1.0,1,packet,150,Spotify
17,74.35294,14.3893,82.0,90.0,90.0,0.0,7.50339,15.88586,0.00013,2.11716,15.0,4429.2,4398.309,2974.0,7354.0,14654.0,2920.0,8.57529,16.71052,0.00414,1.94868,0.01867,0.53125,0.0,1.0,0.0625,0.0,0.1875,0.0,0.53125,5,30.00149,0.0,32,packet,150,Spotify
8,895.0,529.63006,1290.0,1292.0,1292.0,1248.0,0.01423,0.02453,9e-05,1.72384,5.0,82.0,31.53411,66.0,69.0,145.0,24.0,0.03137,0.03801,0.0162,1.2116,0.94584,0.61538,0.0,0.0,0.0,0.0,0.0,0.0,0.0,1,0.0,1.0,13,packet,150,Spotify
4,54.5,0.5,54.5,55.0,55.0,0.5,24.99636,18.71087,29.97462,0.74854,5.0,66.0,6.57267,66.0,66.0,78.0,6.0,18.7471,19.4831,14.98701,1.03926,0.39781,0.44444,0.0,1.0,0.22222,0.0,0.11111,0.0,0.44444,3,37.48468,0.0,9,packet,150,Spotify
3,212.0,0.0,212.0,212.0,212.0,170.0,1.01407,0.00045,1.01407,0.00045,0.0,0.0,0.0,0.0,0.0,0.0,0.0,0.0,0.0,0.0,0.0,1.0,1.0,0.0,0.0,0.0,0.0,0.0,0.0,0.0,3,1.01407,1.0,3,packet,150,Spotify
8,164.5,203.01662,66.0,116.0,672.0,6.0,22.31444,20.85106,20.9919,0.93442,7.0,63.57143,22.22519,55.0,55.0,118.0,1.0,26.03331,20.22775,32.97879,0.77699,0.7473,0.53333,0.0,1.0,0.13333,0.0,0.2,0.0,0.53333,5,38.98461,0.0,15,packet,150,Spotify
8,458.625,489.26218,186.5,711.0,1288.0,144.5,4.26915,8.47855,0.0759,1.986,9.0,108.0,89.01935,69.0,95.0,355.0,27.0,3.73281,8.04408,0.05977,2.15497,0.79056,0.47059,0.0,0.0,0.0,0.0,0.0,0.0,0.0,3,14.74352,1.0,17,packet,150,Spotify
9,665.66667,567.77617,403.0,1292.0,1292.0,361.0,0.03793,0.04555,0.01086,1.20088,7.0,439.0,448.64049,125.0,695.0,1292.0,83.0,0.03498,0.0403,0.01719,1.15201,0.66097,0.5625,0.0,0.0,0.0,0.0,0.0,0.0,0.0,1,0.0,1.0,16,packet,150,Spotify
18,393.72222,406.45142,122.5,611.5,1292.0,80.5,0.45228,1.00688,0.08307,2.22623,16.0,352.125,396.21962,96.5,521.0,1292.0,54.5,0.50763,1.06448,0.08114,2.09697,0.55711,0.52941,0.0,0.0,0.0,0.0,0.0,0.0,0.0,4,2.24202,1.0,34,packet,150,Spotify
74,5694.55405,3198.75929,5894.0,8814.0,14654.0,5840.0,1.64505,8.07002,0.0008,4.90565,71.0,65.80282,12.81682,55.0,82.0,82.0,0.0,1.71541,8.23359,0.00082,4.79976,0.98903,0.51034,0.0,1.0,0.01379,0.0,0.44828,0.0,0.48966,4,39.99846,0.0,145,packet,150,Spotify
8,472.625,494.97145,261.5,664.0,1288.0,219.5,0.5434,1.20083,0.07409,2.20985,6.0,88.0,29.22328,69.0,109.5,135.0,27.0,0.7664,1.3466,0.10686,1.75703,0.87747,0.57143,0.0,0.0,0.0,0.0,0.0,0.0,0.0,2,3.41938,1.0,14,packet,150,Spotify
2,212.0,0.0,212.0,212.0,212.0,170.0,1.0111,0.0,1.0111,0.0,0.0,0.0,0.0,0.0,0.0,0.0,0.0,0.0,0.0,0.0,0.0,1.0,1.0,0.0,0.0,0.0,0.0,0.0,0.0,0.0,2,1.0111,1.0,2,packet,150,Spotify
5,54.6,0.4899,55.0,55.0,55.0,1.0,26.46109,19.39659,30.37617,0.73302,4.0,64.5,2.59808,66.0,66.0,66.0,0.0,35.26847,13.83307,45.04652,0.39222,0.51412,0.55556,0.0,1.0,0.22222,0.0,0.0,0.0,0.55556,4,35.22975,0.0,9,packet,150,Spotify
5,54.6,0.4899,55.0,55.0,55.0,1.0,26.45721,19.39926,30.36776,0.73323,4.0,64.5,2.59808,66.0,66.0,66.0,0.0,35.26344,13.84133,45.04721,0.39251,0.51412,0.55556,0.0,1.0,0.22222,0.0,0.0,0.0,0.55556,4,35.22467,0.0,9,packet,150,Spotify
5,54.6,0.4899,55.0,55.0,55.0,1.0,26.44455,19.40149,30.3464,0.73367,4.0,64.5,2.59808,66.0,66.0,66.0,0.0,35.24441,13.85554,45.03971,0.39313,0.51412,0.55556,0.0,1.0,0.22222,0.0,0.0,0.0,0.55556,4,35.20555,0.0,9,packet,150,Spotify
4,440.25,499.566,199.5,562.75,1288.0,157.5,0.03262,0.02744,0.03064,0.84092,3.0,87.66667,28.54626,69.0,98.5,128.0,27.0,0.06188,0.02983,0.06188,0.48204,0.87006,0.57143,0.0,0.0,0.0,0.0,0.0,0.0,0.0,1,0.0,1.0,7,packet,150,Spotify
42,11475.16667,13819.54088,11734.0,14654.0,58454.0,11680.0,1.19121,6.95489,0.00017,5.8385,30.0,55.23333,6.4585,54.0,54.0,90.0,0.0,1.68412,8.22576,0.00024,4.8843,0.99657,0.58333,0.0,1.0,0.02778,0.01389,0.27778,0.0,0.40278,3,24.38501,0.0,72,packet,150,Spotify
5,732.2,551.76531,929.0,1288.0,1292.0,887.0,0.02409,0.02703,0.01531,1.12206,4.0,84.0,29.47032,67.5,85.5,135.0,25.5,0.04024,0.03876,0.02732,0.96303,0.91594,0.55556,0.0,0.0,0.0,0.0,0.0,0.0,0.0,1,0.0,1.0,9,packet,150,Spotify
3,212.0,0.0,212.0,212.0,212.0,170.0,1.01358,0.00045,1.01358,0.00044,0.0,0.0,0.0,0.0,0.0,0.0,0.0,0.0,0.0,0.0,0.0,1.0,1.0,0.0,0.0,0.0,0.0,0.0,0.0,0.0,3,1.01358,1.0,3,packet,150,Spotify
4,476.5,494.83608,272.0,671.5,1288.0,230.0,0.03353,0.02846,0.03091,0.8486,3.0,84.33333,23.83741,69.0,93.5,118.0,27.0,0.06276,0.03166,0.06276,0.5044,0.88282,0.57143,0.0,0.0,0.0,0.0,0.0,0.0,0.0,1,0.0,1.0,7,packet,150,Spotify
3,54.33333,0.4714,54.0,54.5,55.0,0.0,2.22167,2.21266,2.22167,0.99595,3.0,68.0,7.48331,66.0,72.0,78.0,6.0,2.21727,2.21727,2.21727,1.0,0.44414,0.5,0.0,1.0,0.33333,0.16667,0.16667,0.0,0.16667,2,4.42563,0.0,6,packet,150,Spotify
2,54.0,0.0,54.0,54.0,54.0,0.0,0.01701,0.0,0.01701,0.0,1.0,60.0,0.0,60.0,60.0,60.0,6.0,0.0,0.0,0.0,0.0,0.64286,0.66667,0.0,1.0,0.66667,0.0,0.0,0.0,0.0,1,0.0,0.0,3,packet,150,Spotify
2,359.0,281.0,359.0,499.5,640.0,317.0,0.09441,0.0,0.09441,0.0,2.0,235.0,169.0,235.0,319.5,404.0,193.0,0.10393,0.0,0.10393,0.0,0.60438,0.5,0.0,0.0,0.0,0.0,0.0,0.0,0.0,1,0.0,1.0,4,packet,150,Spotify
3,212.0,0.0,212.0,212.0,212.0,170.0,1.01364,6e-05,1.01364,6e-05,0.0,0.0,0.0,0.0,0.0,0.0,0.0,0.0,0.0,0.0,0.0,1.0,1.0,0.0,0.0,0.0,0.0,0.0,0.0,0.0,3,1.01364,1.0,3,packet,150,Spotify
13,719.38462,598.1836,1158.0,1292.0,1292.0,1116.0,0.01167,0.02071,6e-05,1.77497,9.0,1035.0,1903.97141,69.0,777.0,6292.0,27.0,0.01262,0.02147,0.00138,1.70194,0.50099,0.59091,0.0,0.0,0.0,0.0,0.0,0.0,0.0,1,0.0,1.0,22,packet,150,Spotify
2,659.0,582.0,659.0,950.0,1241.0,617.0,0.06519,0.0,0.06519,0.0,3.0,84.66667,23.62673,70.0,94.0,118.0,28.0,0.03226,0.03226,0.03226,1.0,0.83842,0.4,0.0,0.0,0.0,0.0,0.0,0.0,0.0,1,0.0,1.0,5,packet,150,Spotify
4,54.5,0.5,54.5,55.0,55.0,0.5,25.01042,18.71718,30.00698,0.74838,5.0,66.0,6.57267,66.0,66.0,78.0,6.0,18.75797,19.49088,15.00395,1.03907,0.39781,0.44444,0.0,1.0,0.22222,0.0,0.11111,0.0,0.44444,3,37.50635,0.0,9,packet,150,Spotify
4,54.5,0.5,54.5,55.0,55.0,0.5,25.01048,18.71339,30.022,0.74822,5.0,66.0,6.57267,66.0,66.0,78.0,6.0,18.75788,19.48823,15.01122,1.03894,0.39781,0.44444,0.0,1.0,0.22222,0.0,0.11111,0.0,0.44444,3,37.50661,0.0,9,packet,150,Spotify
3,212.0,0.0,212.0,212.0,212.0,170.0,1.00674,0.00466,1.00674,0.00463,0.0,0.0,0.0,0.0,0.0,0.0,0.0,0.0,0.0,0.0,0.0,1.0,1.0,0.0,0.0,0.0,0.0,0.0,0.0,0.0,3,1.00674,1.0,3,packet,150,Spotify
3,558.66667,524.48981,311.0,799.5,1288.0,269.0,0.03505,0.03496,0.03505,0.99729,3.0,87.66667,28.54626,69.0,98.5,128.0,27.0,0.04752,0.01698,0.04752,0.35733,0.86436,0.5,0.0,0.0,0.0,0.0,0.0,0.0,0.0,1,0.0,1.0,6,packet,150,Spotify
3,212.0,0.0,212.0,212.0,212.0,170.0,1.01327,0.00136,1.01327,0.00134,0.0,0.0,0.0,0.0,0.0,0.0,0.0,0.0,0.0,0.0,0.0,1.0,1.0,0.0,0.0,0.0,0.0,0.0,0.0,0.0,3,1.01327,1.0,3,packet,150,Spotify
32,621.75,578.56817,207.5,1292.0,1292.0,165.5,0.20008,0.81012,0.00015,4.04906,23.0,877.52174,1720.44847,69.0,880.5,6292.0,27.0,0.28263,0.94507,0.02405,3.34385,0.49642,0.58182,0.0,0.0,0.0,0.0,0.0,0.0,0.0,3,2.77244,1.0,55,packet,150,Spotify
17,76.70588,15.77326,90.0,90.0,90.0,0.0,7.50075,15.91106,0.00046,2.12126,17.0,5414.11765,5519.93851,2974.0,10274.0,14654.0,2920.0,7.5013,15.91137,0.00051,2.12115,0.01397,0.5,0.0,1.0,0.05882,0.0,0.26471,0.0,0.5,4,39.9952,0.0,34,packet,150,Spotify
2,633.0,556.0,633.0,911.0,1189.0,591.0,0.09348,0.0,0.09348,0.0,3.0,85.0,24.09703,70.0,94.5,119.0,28.0,0.04654,0.02146,0.04654,0.4612,0.83235,0.4,0.0,0.0,0.0,0.0,0.0,0.0,0.0,1,0.0,1.0,5,packet,150,Spotify
29,75.27586,16.77621,90.0,90.0,90.0,0.0,15.89243,21.33915,0.00145,1.34272,29.0,4009.03448,5139.83168,1514.0,8814.0,14654.0,1460.0,15.89301,21.3401,0.00142,1.34274,0.01843,0.5,0.0,0.98276,0.01724,0.01724,0.15517,0.0,0.60345,11,44.48128,0.0,58,packet,150,Spotify
3,212.0,0.0,212.0,212.0,212.0,170.0,1.00677,0.00674,1.00677,0.0067,0.0,0.0,0.0,0.0,0.0,0.0,0.0,0.0,0.0,0.0,0.0,1.0,1.0,0.0,0.0,0.0,0.0,0.0,0.0,0.0,3,1.00677,1.0,3,packet,150,Spotify
23,499.86957,542.20903,184.0,1225.5,1292.0,142.0,0.23751,0.94337,0.01881,3.97193,19.0,790.26316,1378.8097,148.0,960.0,6292.0,106.0,0.29134,1.04761,0.01908,3.5958,0.43365,0.54762,0.0,0.0,0.0,0.0,0.0,0.0,0.0,4,1.59474,1.0,42,packet,150,Spotify
9,584.66667,522.58396,466.0,1288.0,1292.0,424.0,2.36522,6.20312,0.00657,2.62264,8.0,130.375,125.70197,69.0,121.25,457.0,27.0,2.70598,6.55087,0.03019,2.42089,0.83458,0.52941,0.0,0.0,0.0,0.0,0.0,0.0,0.0,2,18.71334,1.0,17,packet,150,Spotify
57,8877.45614,5130.4706,10274.0,13194.0,14654.0,10220.0,2.1447,9.1582,0.00052,4.27016,49.0,54.04082,0.19786,54.0,54.0,55.0,0.0,2.50195,9.84644,0.00059,3.9355,0.99479,0.53774,0.0,1.0,0.01887,0.0,0.34906,0.0,0.46226,4,40.01455,0.0,106,packet,150,Spotify
3,212.0,0.0,212.0,212.0,212.0,170.0,1.01326,0.00054,1.01326,0.00053,0.0,0.0,0.0,0.0,0.0,0.0,0.0,0.0,0.0,0.0,0.0,1.0,1.0,0.0,0.0,0.0,0.0,0.0,0.0,0.0,3,1.01326,1.0,3,packet,150,Spotify
1,460.0,0.0,460.0,460.0,460.0,418.0,0.0,0.0,0.0,0.0,0.0,0.0,0.0,0.0,0.0,0.0,0.0,0.0,0.0,0.0,0.0,1.0,1.0,0.0,0.0,0.0,0.0,0.0,0.0,0.0,1,0.0,1.0,1,packet,150,Spotify
3,66.0,0.0,66.0,66.0,66.0,0.0,3.00521,1.00258,3.00521,0.33361,0.0,0.0,0.0,0.0,0.0,0.0,0.0,0.0,0.0,0.0,0.0,1.0,1.0,1.0,0.0,0.0,0.0,0.0,0.0,0.66667,3,3.00521,0.0,3,packet,150,Spotify
1,66.0,0.0,66.0,66.0,66.0,24.0,0.0,0.0,0.0,0.0,0.0,0.0,0.0,0.0,0.0,0.0,0.0,0.0,0.0,0.0,0.0,1.0,1.0,0.0,0.0,0.0,0.0,0.0,0.0,0.0,1,0.0,1.0,1,packet,150,Spotify
4,54.5,0.5,54.5,55.0,55.0,0.5,25.01894,18.71652,30.04336,0.74809,5.0,66.0,6.57267,66.0,66.0,78.0,6.0,18.7644,19.4924,15.02224,1.0388,0.39781,0.44444,0.0,1.0,0.22222,0.0,0.11111,0.0,0.44444,3,37.519,0.0,9,packet,150,Spotify
3,212.0,0.0,212.0,212.0,212.0,170.0,1.01062,0.00224,1.01062,0.00221,0.0,0.0,0.0,0.0,0.0,0.0,0.0,0.0,0.0,0.0,0.0,1.0,1.0,0.0,0.0,0.0,0.0,0.0,0.0,0.0,3,1.01061,1.0,3,packet,150,Spotify
22,545.36364,746.32339,127.5,775.75,2542.0,85.5,0.28858,1.00124,0.02039,3.4695,25.0,447.12,522.39191,190.0,1200.0,1292.0,148.0,0.24941,0.93418,0.0185,3.74561,0.51769,0.46809,0.0,0.0,0.0,0.0,0.0,0.0,0.0,3,2.69246,1.0,47,packet,150,Spotify
4,937.0,508.69736,1195.0,1289.0,1292.0,1153.0,0.0217,0.03069,0.0,1.41421,2.0,75.5,1.5,75.5,76.25,77.0,33.5,0.02699,0.0,0.02699,0.0,0.96127,0.66667,0.0,0.0,0.0,0.0,0.0,0.0,0.0,1,0.0,1.0,6,packet,150,Spotify
27,63.11111,17.87474,54.0,66.0,139.0,0.0,4.68292,12.98427,0.00859,2.77269,35.0,2817.88571,4063.09762,1114.0,2974.0,14654.0,1060.0,3.5809,11.52628,0.0005,3.21882,0.01698,0.43548,0.0,1.0,0.03226,0.0,0.32258,0.0,0.43548,6,24.31648,0.0,62,packet,150,Spotify
93,2810.82796,4324.16581,1212.0,1514.0,14654.0,1158.0,1.31296,7.22096,0.0,5.49974,42.0,54.88095,5.33275,54.0,54.0,89.0,0.0,2.94595,10.59171,0.00286,3.59535,0.99126,0.68889,0.0,1.0,0.01481,0.0,0.35556,0.0,0.31111,5,30.09688,0.0,135,packet,150,Spotify
1,66.0,0.0,66.0,66.0,66.0,24.0,0.0,0.0,0.0,0.0,0.0,0.0,0.0,0.0,0.0,0.0,0.0,0.0,0.0,0.0,0.0,1.0,1.0,0.0,0.0,0.0,0.0,0.0,0.0,0.0,1,0.0,1.0,1,packet,150,Spotify
4,484.25,494.8537,287.5,694.75,1288.0,245.5,0.03749,0.02766,0.04639,0.73772,3.0,84.66667,24.30821,69.0,94.0,119.0,27.0,0.06852,0.02931,0.06852,0.42782,0.88407,0.57143,0.0,0.0,0.0,0.0,0.0,0.0,0.0,1,0.0,1.0,7,packet,150,Spotify
3,212.0,0.0,212.0,212.0,212.0,170.0,1.00619,0.00501,1.00619,0.00498,0.0,0.0,0.0,0.0,0.0,0.0,0.0,0.0,0.0,0.0,0.0,1.0,1.0,0.0,0.0,0.0,0.0,0.0,0.0,0.0,3,1.00619,1.0,3,packet,150,Spotify
69,75.81159,21.49774,97.0,97.0,97.0,43.0,14.5894,14.92323,0.19515,1.02288,36.0,92.27778,7.13602,94.0,94.0,94.0,40.0,28.3424,6.97359,30.05072,0.24605,0.6116,0.65714,0.0,1.0,0.0,0.0,0.65714,0.0,0.34286,35,29.08484,0.0,105,packet,150,Spotify
39,852.12821,536.69235,1287.0,1292.0,1292.0,1245.0,0.52938,1.65659,5e-05,3.1293,24.0,89.75,30.1845,71.0,126.0,136.0,29.0,0.87503,2.06497,0.04454,2.35988,0.93913,0.61905,0.0,0.0,0.0,0.0,0.0,0.0,0.0,6,3.8652,1.0,63,packet,150,Spotify
18,88.94444,85.67929,66.0,66.0,440.0,0.0,35.88383,17.29128,45.04298,0.48187,16.0,54.8125,0.39031,55.0,55.0,55.0,1.0,40.66589,12.01554,45.04406,0.29547,0.64609,0.52941,0.0,1.0,0.05882,0.0,0.08824,0.0,0.79412,15,43.53499,0.0,34,packet,150,Spotify
46,4189.86957,5197.32956,1514.0,5894.0,16114.0,1460.0,7.17251,15.89261,0.00042,2.21577,28.0,132.0,269.40357,54.0,55.0,1105.0,0.0,11.95419,19.07015,0.01459,1.59527,0.98118,0.62162,0.0,1.0,0.02703,0.0,0.24324,0.0,0.41892,11,32.24821,0.0,74,packet,150,Spotify
15,211.0,169.97176,78.0,370.0,498.0,36.0,2.49262,5.62554,0.06831,2.25688,14.0,440.21429,447.21602,141.0,709.0,1292.0,99.0,2.67903,5.79748,0.07898,2.16402,0.3393,0.51724,0.0,0.0,0.0,0.0,0.0,0.0,0.0,5,8.55291,1.0,29,packet,150,Spotify
42,516.5,550.71989,202.5,1292.0,1292.0,160.5,0.49019,2.91556,0.00021,5.94786,33.0,655.81818,1479.43598,70.0,519.0,6292.0,28.0,0.62867,3.28269,0.00642,5.22164,0.50059,0.56,0.0,0.0,0.0,0.0,0.0,0.0,0.0,4,6.52503,1.0,75,packet,150,Spotify
33,263.87879,316.88376,123.0,370.0,1292.0,81.0,13.38984,58.08941,0.05065,4.33832,36.0,552.58333,605.84296,123.5,1167.25,2542.0,81.5,12.24272,55.65805,0.05506,4.54621,0.30446,0.47826,0.0,0.0,0.0,0.0,0.0,0.0,0.0,9,53.3848,1.0,69,packet,150,Spotify
20,700.15,561.79055,807.0,1288.0,1292.0,765.0,1.58274,4.37131,0.02939,2.76187,17.0,77.58824,19.87922,67.0,69.0,119.0,25.0,1.87445,4.69364,0.03375,2.50401,0.91391,0.54054,0.0,0.0,0.0,0.0,0.0,0.0,0.0,5,7.38371,1.0,37,packet,150,Spotify
3,212.0,0.0,212.0,212.0,212.0,170.0,1.00458,0.00418,1.00458,0.00416,0.0,0.0,0.0,0.0,0.0,0.0,0.0,0.0,0.0,0.0,0.0,1.0,1.0,0.0,0.0,0.0,0.0,0.0,0.0,0.0,3,1.00458,1.0,3,packet,150,Spotify
28,82.53571,27.9853,66.0,79.5,135.0,24.0,0.73642,1.66608,0.02479,2.2624,38.0,886.39474,543.94768,1288.0,1292.0,1292.0,1246.0,0.41154,1.29357,8e-05,3.14324,0.06421,0.42424,0.0,0.0,0.0,0.0,0.0,0.0,0.0,6,3.81164,1.0,66,packet,150,Spotify
84,523.19048,550.53032,190.5,1292.0,1292.0,148.5,0.09037,0.39154,0.00056,4.33265,64.0,966.78125,1656.82267,155.5,1198.25,6292.0,113.5,0.11919,0.4449,0.00513,3.73267,0.4153,0.56757,0.0,0.0,0.0,0.0,0.0,0.0,0.0,5,1.55345,1.0,148,packet,150,Spotify
15,815.46667,583.36688,1288.0,1292.0,1292.0,1246.0,0.42781,1.4815,6e-05,3.46294,14.0,306.71429,427.34737,75.5,232.0,1292.0,33.5,0.46338,1.53034,0.00185,3.30255,0.74017,0.51724,0.0,0.0,0.0,0.0,0.0,0.0,0.0,2,5.70214,1.0,29,packet,150,Spotify
24,673.66667,542.99353,615.0,1289.0,1292.0,573.0,0.42003,0.84171,0.03166,2.00392,20.0,168.9,164.26957,76.5,151.75,498.0,34.5,0.50679,0.88093,0.05015,1.73827,0.82718,0.54545,0.0,0.0,0.0,0.0,0.0,0.0,0.0,7,1.49841,1.0,44,packet,150,Spotify
3,212.0,0.0,212.0,212.0,212.0,170.0,1.01346,0.00021,1.01346,0.0002,0.0,0.0,0.0,0.0,0.0,0.0,0.0,0.0,0.0,0.0,0.0,1.0,1.0,0.0,0.0,0.0,0.0,0.0,0.0,0.0,3,1.01346,1.0,3,packet,150,Spotify
8,80.25,24.15445,66.0,82.75,123.0,24.0,3.16878,7.72152,0.00708,2.43675,9.0,892.44444,499.49888,1288.0,1292.0,1292.0,1246.0,0.00934,0.02188,9e-05,2.34158,0.07401,0.47059,0.0,0.0,0.0,0.0,0.0,0.0,0.0,2,22.04169,1.0,17,packet,150,Spotify
12,871.83333,1361.23074,131.5,1217.5,5042.0,89.5,0.07886,0.2218,0.00047,2.81262,15.0,670.33333,585.00879,335.0,1292.0,1292.0,293.0,0.00911,0.01561,6e-05,1.71286,0.50992,0.44444,0.0,0.0,0.0,0.0,0.0,0.0,0.0,2,0.74021,1.0,27,packet,150,Spotify
9,562.55556,488.36237,534.0,1022.0,1288.0,492.0,3.58886,9.41743,0.03233,2.62407,10.0,113.4,108.72461,70.0,90.0,436.0,28.0,3.19257,8.95019,0.02663,2.80344,0.81701,0.47368,0.0,0.0,0.0,0.0,0.0,0.0,0.0,2,28.44052,1.0,19,packet,150,Spotify
5,868.6,453.69135,969.0,1288.0,1292.0,927.0,0.01803,0.0271,0.00373,1.50289,3.0,75.33333,1.24722,75.0,76.0,77.0,33.0,0.03593,0.00179,0.03593,0.04993,0.95054,0.625,0.0,0.0,0.0,0.0,0.0,0.0,0.0,1,0.0,1.0,8,packet,150,Spotify
62,75.17742,14.52309,74.0,88.0,141.0,0.0,1.98175,8.79059,0.00016,4.43576,67.0,5141.49254,5356.46554,1514.0,9544.0,14654.0,1460.0,1.83175,8.46758,0.0001,4.62267,0.01335,0.48062,0.0,1.0,0.0155,0.0,0.18605,0.0,0.48062,5,30.17189,0.0,129,packet,150,Spotify
3,212.0,0.0,212.0,212.0,212.0,170.0,1.01412,9e-05,1.01412,9e-05,0.0,0.0,0.0,0.0,0.0,0.0,0.0,0.0,0.0,0.0,0.0,1.0,1.0,0.0,0.0,0.0,0.0,0.0,0.0,0.0,3,1.01412,1.0,3,packet,150,Spotify
1,460.0,0.0,460.0,460.0,460.0,418.0,0.0,0.0,0.0,0.0,0.0,0.0,0.0,0.0,0.0,0.0,0.0,0.0,0.0,0.0,0.0,1.0,1.0,0.0,0.0,0.0,0.0,0.0,0.0,0.0,1,0.0,1.0,1,packet,150,Spotify
1,460.0,0.0,460.0,460.0,460.0,418.0,0.0,0.0,0.0,0.0,0.0,0.0,0.0,0.0,0.0,0.0,0.0,0.0,0.0,0.0,0.0,1.0,1.0,0.0,0.0,0.0,0.0,0.0,0.0,0.0,1,0.0,1.0,1,packet,150,Spotify
3,66.0,0.0,66.0,66.0,66.0,0.0,3.01285,0.99835,3.01285,0.33136,0.0,0.0,0.0,0.0,0.0,0.0,0.0,0.0,0.0,0.0,0.0,1.0,1.0,1.0,0.0,0.0,0.0,0.0,0.0,0.66667,3,3.01285,0.0,3,packet,150,Spotify
5,54.4,0.4899,54.0,55.0,55.0,0.0,29.99879,18.37369,37.49296,0.61248,5.0,66.0,6.57267,66.0,66.0,78.0,6.0,18.74768,19.48226,14.99114,1.03918,0.45183,0.5,0.0,1.0,0.2,0.0,0.1,0.0,0.5,4,39.99212,0.0,10,packet,150,Spotify
8,389.625,428.93442,142.5,547.75,1288.0,100.5,4.22847,9.97096,0.07515,2.35806,8.0,89.875,29.93091,69.5,119.0,144.0,27.5,4.22914,9.97053,0.09155,2.35758,0.81257,0.5,0.0,0.0,0.0,0.0,0.0,0.0,0.0,3,14.59369,1.0,16,packet,150,Spotify
37,967.89189,527.42069,1292.0,1292.0,1292.0,1250.0,0.52405,2.0842,2e-05,3.97711,23.0,76.56522,23.20949,66.0,69.0,135.0,24.0,0.85863,2.60315,0.01547,3.03175,0.95313,0.61667,0.0,0.0,0.0,0.0,0.0,0.0,0.0,4,6.06565,1.0,60,packet,150,Spotify
3,138.33333,56.57051,123.0,168.5,214.0,81.0,0.06648,0.01578,0.06648,0.23731,3.0,482.66667,552.8938,118.0,691.0,1264.0,76.0,0.0742,0.01569,0.0742,0.21144,0.22276,0.5,0.0,0.0,0.0,0.0,0.0,0.0,0.0,1,0.0,1.0,6,packet,150,Spotify
23,623.21739,570.12119,215.0,1287.0,1292.0,173.0,0.00376,0.0081,0.00074,2.15481,23.0,948.43478,895.63244,1007.0,1289.5,2542.0,965.0,0.00372,0.00585,0.00092,1.57528,0.39654,0.5,0.0,0.0,0.0,0.0,0.0,0.0,0.0,1,0.0,1.0,46,packet,150,Spotify
3,212.0,0.0,212.0,212.0,212.0,170.0,1.01056,0.00279,1.01056,0.00276,0.0,0.0,0.0,0.0,0.0,0.0,0.0,0.0,0.0,0.0,0.0,1.0,1.0,0.0,0.0,0.0,0.0,0.0,0.0,0.0,3,1.01056,1.0,3,packet,150,Spotify
3,212.0,0.0,212.0,212.0,212.0,170.0,1.01287,0.00103,1.01287,0.00101,0.0,0.0,0.0,0.0,0.0,0.0,0.0,0.0,0.0,0.0,0.0,1.0,1.0,0.0,0.0,0.0,0.0,0.0,0.0,0.0,3,1.01287,1.0,3,packet,150,Spotify
12,457.08333,508.03452,137.0,832.0,1292.0,95.0,2.62765,7.15503,0.04642,2.72298,11.0,85.09091,23.61223,69.0,113.0,119.0,27.0,2.88699,7.44515,0.04827,2.57887,0.85423,0.52174,0.0,0.0,0.0,0.0,0.0,0.0,0.0,3,14.2322,1.0,23,packet,150,Spotify
14,552.14286,543.47872,279.0,1262.0,1292.0,237.0,0.00743,0.01101,0.00333,1.48142,12.0,654.83333,1366.59314,83.0,336.5,5042.0,41.0,0.00855,0.01154,0.0038,1.34975,0.49589,0.53846,0.0,0.0,0.0,0.0,0.0,0.0,0.0,1,0.0,1.0,26,packet,150,Spotify
5,54.4,0.4899,54.0,55.0,55.0,0.0,30.00984,18.37658,37.51224,0.61235,5.0,66.0,6.57267,66.0,66.0,78.0,6.0,18.75661,19.48833,15.00618,1.03901,0.45183,0.5,0.0,1.0,0.2,0.0,0.1,0.0,0.5,4,40.00688,0.0,10,packet,150,Spotify
6,63.5,15.57509,55.0,63.5,97.0,0.0,0.0009,0.00066,0.00113,0.72921,5.0,79.8,36.6737,60.0,66.0,153.0,6.0,0.00074,0.00075,0.00066,1.01384,0.48846,0.54545,0.18182,0.90909,0.18182,0.0,0.27273,0.0,0.27273,1,0.0,0.0,11,packet,150,Spotify
4,471.25,495.031,261.5,655.75,1288.0,219.5,0.04122,0.03134,0.04738,0.76029,3.0,86.0,26.1916,69.0,96.0,123.0,27.0,0.07465,0.02095,0.07465,0.28058,0.87961,0.57143,0.0,0.0,0.0,0.0,0.0,0.0,0.0,1,0.0,1.0,7,packet,150,Spotify
3,212.0,0.0,212.0,212.0,212.0,170.0,1.00191,0.00128,1.00191,0.00128,0.0,0.0,0.0,0.0,0.0,0.0,0.0,0.0,0.0,0.0,0.0,1.0,1.0,0.0,0.0,0.0,0.0,0.0,0.0,0.0,3,1.00191,1.0,3,packet,150,Spotify
4,54.5,0.5,54.5,55.0,55.0,0.5,25.02546,18.7177,30.06594,0.74795,5.0,66.0,6.57267,66.0,66.0,78.0,6.0,18.76897,19.49491,15.03285,1.03868,0.39781,0.44444,0.0,1.0,0.22222,0.0,0.11111,0.0,0.44444,3,37.52855,0.0,9,packet,150,Spotify
3,212.0,0.0,212.0,212.0,212.0,170.0,1.00759,0.00636,1.00759,0.00631,0.0,0.0,0.0,0.0,0.0,0.0,0.0,0.0,0.0,0.0,0.0,1.0,1.0,0.0,0.0,0.0,0.0,0.0,0.0,0.0,3,1.00759,1.0,3,packet,150,Spotify
3,212.0,0.0,212.0,212.0,212.0,170.0,1.01268,0.00168,1.01268,0.00166,0.0,0.0,0.0,0.0,0.0,0.0,0.0,0.0,0.0,0.0,0.0,1.0,1.0,0.0,0.0,0.0,0.0,0.0,0.0,0.0,3,1.01268,1.0,3,packet,150,Spotify
1,66.0,0.0,66.0,66.0,66.0,0.0,0.0,0.0,0.0,0.0,0.0,0.0,0.0,0.0,0.0,0.0,0.0,0.0,0.0,0.0,0.0,1.0,1.0,1.0,0.0,0.0,0.0,0.0,0.0,0.0,1,0.0,0.0,1,packet,150,Spotify
1,66.0,0.0,66.0,66.0,66.0,0.0,0.0,0.0,0.0,0.0,0.0,0.0,0.0,0.0,0.0,0.0,0.0,0.0,0.0,0.0,0.0,1.0,1.0,1.0,0.0,0.0,0.0,0.0,0.0,0.0,1,0.0,0.0,1,packet,150,Spotify
2,76.0,2.0,76.0,77.0,78.0,34.0,0.04731,0.0,0.04731,0.0,2.0,139.5,73.5,139.5,176.25,213.0,97.5,0.10139,0.0,0.10139,0.0,0.35267,0.5,0.0,0.0,0.0,0.0,0.0,0.0,0.0,1,0.0,1.0,4,packet,150,Spotify
98,852.17347,243.6405,927.0,968.0,986.0,885.0,0.00577,0.00904,0.00191,1.56824,52.0,805.0,279.2189,907.0,945.75,1080.0,865.0,0.01067,0.01888,0.00025,1.77029,0.66612,0.65333,0.0,0.0,0.0,0.0,0.0,0.0,0.0,1,0.0,1.0,150,packet,150,Whatsapp
99,821.40404,307.9977,938.0,978.0,1026.0,896.0,0.00604,0.0093,0.00324,1.53846,51.0,815.5098,271.709,903.0,936.0,1023.0,861.0,0.01098,0.0196,0.00029,1.78584,0.66161,0.66,0.0,0.0,0.0,0.0,0.0,0.0,0.0,1,0.0,1.0,150,packet,150,Whatsapp
108,805.12963,269.3222,886.5,940.0,1025.0,844.5,0.0054,0.00801,0.00297,1.48183,42.0,874.45238,250.24352,945.0,1040.5,1055.0,903.0,0.01286,0.02215,0.00023,1.7225,0.70305,0.72,0.0,0.0,0.0,0.0,0.0,0.0,0.0,1,0.0,1.0,150,packet,150,Whatsapp
103,759.8932,323.79545,917.0,959.0,1017.0,875.0,0.0052,0.007,0.00311,1.34715,47.0,797.10638,289.67548,907.0,931.0,1028.0,865.0,0.01007,0.01631,0.00033,1.61991,0.67629,0.68667,0.0,0.0,0.0,0.0,0.0,0.0,0.0,1,0.0,1.0,150,packet,150,Whatsapp
100,824.21,268.54297,914.0,949.0,1016.0,872.0,0.00553,0.00782,0.00341,1.414,50.0,826.54,289.86309,926.0,946.25,1078.0,884.0,0.01104,0.02167,0.00022,1.96386,0.66604,0.66667,0.0,0.0,0.0,0.0,0.0,0.0,0.0,1,0.0,1.0,150,packet,150,Whatsapp
104,798.75,278.43977,891.0,964.0,1026.0,849.0,0.00515,0.00749,0.00327,1.45427,46.0,799.5,303.27508,919.0,941.0,1052.0,877.0,0.01065,0.01618,0.00027,1.51939,0.69313,0.69333,0.0,0.0,0.0,0.0,0.0,0.0,0.0,1,0.0,1.0,150,packet,150,Whatsapp
48,773.08333,330.20081,925.0,947.75,1064.0,883.0,0.01135,0.01996,0.00024,1.75893,102.0,801.61765,285.10246,913.0,965.5,1003.0,871.0,0.00525,0.00918,0.00222,1.74896,0.31217,0.32,0.0,0.0,0.0,0.0,0.0,0.0,0.0,1,0.0,1.0,150,packet,150,Whatsapp
105,776.33333,310.11613,916.0,973.0,1003.0,874.0,0.0053,0.00672,0.00305,1.26809,45.0,838.62222,278.62466,927.0,1010.0,1087.0,885.0,0.01059,0.01742,0.00018,1.64485,0.68355,0.7,0.0,0.0,0.0,0.0,0.0,0.0,0.0,1,0.0,1.0,150,packet,150,Whatsapp
103,728.8835,349.87705,889.0,941.5,1023.0,847.0,0.00486,0.00818,0.00145,1.6824,47.0,798.74468,303.58591,908.0,975.0,1068.0,866.0,0.01083,0.01651,0.0003,1.52381,0.66665,0.68667,0.0,0.0,0.0,0.0,0.0,0.0,0.0,1,0.0,1.0,150,packet,150,Whatsapp
104,813.93269,281.03005,914.0,955.0,1028.0,872.0,0.00566,0.00896,0.00179,1.58323,46.0,812.93478,315.3194,940.0,978.75,1039.0,898.0,0.0112,0.02095,0.00022,1.86956,0.69359,0.69333,0.0,0.0,0.0,0.0,0.0,0.0,0.0,1,0.0,1.0,150,packet,150,Whatsapp
112,713.89286,309.2696,894.0,909.0,1011.0,852.0,0.00435,0.0057,0.00214,1.31141,38.0,936.15789,220.153,947.0,1065.0,1084.0,905.0,0.01267,0.02362,0.00019,1.86331,0.69208,0.74667,0.0,0.0,0.0,0.0,0.0,0.0,0.0,1,0.0,1.0,150,packet,150,Whatsapp
111,688.65766,357.27804,908.0,933.0,1014.0,866.0,0.00473,0.00696,0.00195,1.47249,39.0,810.94872,302.31296,907.0,936.0,1083.0,865.0,0.01262,0.01949,0.00022,1.54477,0.70734,0.74,0.0,0.0,0.0,0.0,0.0,0.0,0.0,1,0.0,1.0,150,packet,150,Whatsapp
112,680.61607,341.54714,877.5,915.0,1012.0,835.5,0.0042,0.00492,0.00252,1.17272,38.0,889.86842,292.71372,982.0,1052.5,1065.0,940.0,0.01252,0.02092,0.0002,1.67123,0.69271,0.74667,0.0,0.0,0.0,0.0,0.0,0.0,0.0,1,0.0,1.0,150,packet,150,Whatsapp
39,868.05128,252.59047,926.0,939.0,1081.0,884.0,0.01232,0.02452,0.00015,1.98957,111.0,676.83784,332.76715,872.0,914.0,1003.0,830.0,0.00428,0.00761,0.00122,1.77769,0.31064,0.26,0.0,0.0,0.0,0.0,0.0,0.0,0.0,1,0.0,1.0,150,packet,150,Whatsapp
108,694.61111,336.90244,885.0,911.0,1009.0,843.0,0.00438,0.00628,0.0013,1.43495,42.0,789.16667,300.728,922.0,944.0,986.0,880.0,0.00986,0.01906,0.00018,1.93382,0.69356,0.72,0.0,0.0,0.0,0.0,0.0,0.0,0.0,1,0.0,1.0,150,packet,150,Whatsapp
110,671.52727,366.9695,867.0,948.75,1027.0,825.0,0.00462,0.00562,0.00244,1.21589,40.0,858.35,276.44353,936.0,989.0,1067.0,894.0,0.01292,0.02303,0.00022,1.78236,0.68269,0.73333,0.0,0.0,0.0,0.0,0.0,0.0,0.0,1,0.0,1.0,150,packet,150,Whatsapp
36,932.27778,184.81712,957.0,965.0,1081.0,915.0,0.01339,0.02501,0.00019,1.86806,114.0,706.18421,342.24467,883.5,955.25,1016.0,841.5,0.00426,0.00684,0.00189,1.60466,0.29423,0.24,0.0,0.0,0.0,0.0,0.0,0.0,0.0,1,0.0,1.0,150,packet,150,Whatsapp
111,674.48649,355.78944,874.0,950.0,1026.0,832.0,0.00469,0.00647,0.00226,1.37729,39.0,921.28205,130.63591,934.0,964.0,1057.0,892.0,0.01243,0.02578,0.00018,2.07437,0.67572,0.74,0.0,0.0,0.0,0.0,0.0,0.0,0.0,1,0.0,1.0,150,packet,150,Whatsapp
115,712.74783,354.32937,894.0,981.0,1020.0,852.0,0.00448,0.006,0.00232,1.33982,35.0,905.54286,203.04529,925.0,1000.0,1063.0,883.0,0.01214,0.02471,0.0002,2.0346,0.72115,0.76667,0.0,0.0,0.0,0.0,0.0,0.0,0.0,1,0.0,1.0,150,packet,150,Whatsapp
112,705.5,347.5483,895.0,943.0,1025.0,853.0,0.00452,0.00561,0.00246,1.24103,38.0,936.0,133.78695,949.0,1001.0,1056.0,907.0,0.01298,0.0254,0.0002,1.95676,0.68959,0.74667,0.0,0.0,0.0,0.0,0.0,0.0,0.0,1,0.0,1.0,150,packet,150,Whatsapp
112,763.66964,332.94791,929.0,989.0,1025.0,887.0,0.00479,0.00611,0.00277,1.27455,38.0,937.0,191.58576,950.0,1051.0,1080.0,908.0,0.013,0.0258,0.00024,1.98366,0.70607,0.74667,0.0,0.0,0.0,0.0,0.0,0.0,0.0,1,0.0,1.0,150,packet,150,Whatsapp
112,671.99107,340.52023,876.0,896.0,1018.0,834.0,0.00446,0.00612,0.00137,1.37339,38.0,942.68421,198.80486,960.0,1032.0,1053.0,918.0,0.01165,0.02269,0.00023,1.94664,0.67753,0.74667,0.0,0.0,0.0,0.0,0.0,0.0,0.0,1,0.0,1.0,150,packet,150,Whatsapp
115,692.49565,358.91056,902.0,949.0,1007.0,860.0,0.00466,0.00576,0.00221,1.23665,35.0,930.17143,135.90932,949.0,992.0,1047.0,907.0,0.01389,0.02645,0.00017,1.90468,0.70982,0.76667,0.0,0.0,0.0,0.0,0.0,0.0,0.0,1,0.0,1.0,150,packet,150,Whatsapp
40,942.6,128.57854,951.0,994.25,1047.0,909.0,0.01358,0.02635,0.00025,1.94083,110.0,717.86364,343.3799,908.0,952.0,1005.0,866.0,0.00477,0.00668,0.0018,1.40224,0.32317,0.26667,0.0,0.0,0.0,0.0,0.0,0.0,0.0,1,0.0,1.0,150,packet,150,Whatsapp
36,882.69444,225.81209,934.0,1008.5,1022.0,892.0,0.0146,0.02509,0.00021,1.71832,114.0,725.13158,332.84311,895.0,945.0,1025.0,853.0,0.00439,0.00631,0.00098,1.43792,0.27767,0.24,0.0,0.0,0.0,0.0,0.0,0.0,0.0,1,0.0,1.0,150,packet,150,Whatsapp
113,690.76991,337.43373,874.0,930.0,1016.0,832.0,0.0043,0.00529,0.00247,1.23116,37.0,927.81081,202.30668,970.0,1012.0,1087.0,928.0,0.01281,0.02435,0.00021,1.90071,0.69454,0.75333,0.0,0.0,0.0,0.0,0.0,0.0,0.0,1,0.0,1.0,150,packet,150,Whatsapp
39,929.17949,133.94754,929.0,945.0,1067.0,887.0,0.01402,0.02602,0.00016,1.8557,111.0,745.00901,306.9701,875.0,955.0,982.0,833.0,0.00493,0.00634,0.00259,1.28556,0.30469,0.26,0.0,0.0,0.0,0.0,0.0,0.0,0.0,1,0.0,1.0,150,packet,150,Whatsapp
110,732.74545,319.89266,876.0,947.0,1028.0,834.0,0.00489,0.00927,0.00191,1.89353,40.0,904.425,190.0138,919.0,1008.0,1048.0,877.0,0.01299,0.02483,0.00022,1.91115,0.69021,0.73333,0.0,0.0,0.0,0.0,0.0,0.0,0.0,1,0.0,1.0,150,packet,150,Whatsapp
115,694.44348,334.28317,892.0,926.0,990.0,850.0,0.00441,0.00728,0.00028,1.65221,35.0,947.57143,138.95103,942.0,1013.0,1058.0,900.0,0.01307,0.0252,0.00021,1.92805,0.70657,0.76667,0.0,0.0,0.0,0.0,0.0,0.0,0.0,1,0.0,1.0,150,packet,150,Whatsapp
36,926.33333,191.45786,925.0,1033.0,1087.0,883.0,0.01336,0.02541,0.00022,1.90207,114.0,688.0,354.50034,889.0,956.0,1026.0,847.0,0.00454,0.00819,0.00057,1.80485,0.29834,0.24,0.0,0.0,0.0,0.0,0.0,0.0,0.0,1,0.0,1.0,150,packet,150,Whatsapp
110,695.92727,343.1945,888.0,947.0,981.0,846.0,0.00443,0.0062,0.00214,1.39888,40.0,905.825,182.40928,936.0,943.0,1017.0,894.0,0.01214,0.02543,0.00027,2.09387,0.67874,0.73333,0.0,0.0,0.0,0.0,0.0,0.0,0.0,1,0.0,1.0,150,packet,150,Whatsapp
113,715.99115,345.3035,894.0,963.0,1020.0,852.0,0.00471,0.00666,0.00227,1.41508,37.0,917.24324,131.10495,920.0,949.0,1027.0,878.0,0.0129,0.03068,0.00022,2.378,0.70449,0.75333,0.0,0.0,0.0,0.0,0.0,0.0,0.0,1,0.0,1.0,150,packet,150,Whatsapp
36,921.11111,196.58781,969.5,983.0,1025.0,927.5,0.01337,0.02537,0.00019,1.89792,114.0,721.45614,330.72152,912.0,959.0,1016.0,870.0,0.00424,0.00543,0.00235,1.28064,0.28733,0.24,0.0,0.0,0.0,0.0,0.0,0.0,0.0,1,0.0,1.0,150,packet,150,Whatsapp
113,680.9469,355.35489,869.0,945.0,1007.0,827.0,0.00463,0.00564,0.00227,1.21765,37.0,953.0,192.23437,1005.0,1033.0,1077.0,963.0,0.01285,0.02618,0.00017,2.0369,0.68575,0.75333,0.0,0.0,0.0,0.0,0.0,0.0,0.0,1,0.0,1.0,150,packet,150,Whatsapp
114,700.84211,331.93234,890.0,916.5,993.0,848.0,0.00451,0.00647,0.00252,1.43433,36.0,861.63889,233.96749,913.5,936.5,1068.0,871.5,0.0116,0.02309,0.00018,1.98972,0.72034,0.76,0.0,0.0,0.0,0.0,0.0,0.0,0.0,1,0.0,1.0,150,packet,150,Whatsapp
111,686.22523,361.96423,884.0,948.0,1024.0,842.0,0.00447,0.00568,0.00228,1.27057,39.0,923.94872,127.27397,960.0,974.0,988.0,918.0,0.01261,0.0251,0.00019,1.98995,0.67886,0.74,0.0,0.0,0.0,0.0,0.0,0.0,0.0,1,0.0,1.0,150,packet,150,Whatsapp
118,694.10169,345.45017,896.0,955.0,995.0,854.0,0.00435,0.00603,0.00238,1.38675,32.0,956.96875,147.70653,975.5,1018.0,1079.0,933.5,0.01287,0.02565,0.00023,1.99341,0.72786,0.78667,0.0,0.0,0.0,0.0,0.0,0.0,0.0,1,0.0,1.0,150,packet,150,Whatsapp
107,717.51402,309.13761,877.0,914.0,973.0,835.0,0.00513,0.00797,0.0021,1.55161,43.0,929.4186,129.50841,920.0,982.0,1086.0,878.0,0.01208,0.02389,0.00021,1.97768,0.65766,0.71333,0.0,0.0,0.0,0.0,0.0,0.0,0.0,1,0.0,1.0,150,packet,150,Whatsapp
110,655.46364,342.03968,847.0,913.0,1027.0,805.0,0.00484,0.00641,0.00235,1.32468,40.0,905.0,222.73258,940.0,978.0,1064.0,898.0,0.01239,0.02336,0.00024,1.88573,0.66575,0.73333,0.0,0.0,0.0,0.0,0.0,0.0,0.0,1,0.0,1.0,150,packet,150,Whatsapp
39,915.74359,191.1565,937.0,1011.0,1058.0,895.0,0.01386,0.02606,0.00023,1.88122,111.0,663.91892,333.12974,879.0,904.0,1021.0,837.0,0.0048,0.00606,0.00252,1.26297,0.32643,0.26,0.0,0.0,0.0,0.0,0.0,0.0,0.0,1,0.0,1.0,150,packet,150,Whatsapp
107,714.09346,323.10707,879.0,921.0,997.0,837.0,0.0056,0.00622,0.0034,1.11014,43.0,933.44186,125.40155,935.0,998.0,1054.0,893.0,0.0125,0.02342,0.00022,1.87438,0.6556,0.71333,0.0,0.0,0.0,0.0,0.0,0.0,0.0,1,0.0,1.0,150,packet,150,Whatsapp
111,671.8018,345.9106,888.0,930.0,1013.0,846.0,0.00511,0.00696,0.0029,1.36291,39.0,923.94872,177.14559,944.0,1010.0,1029.0,902.0,0.01278,0.02589,0.00021,2.02572,0.67421,0.74,0.0,0.0,0.0,0.0,0.0,0.0,0.0,1,0.0,1.0,150,packet,150,Whatsapp
112,654.46429,348.551,873.0,916.25,970.0,831.0,0.00489,0.00555,0.00288,1.13402,38.0,948.60526,136.90018,964.0,990.0,1064.0,922.0,0.01266,0.02471,0.00023,1.95123,0.67034,0.74667,0.0,0.0,0.0,0.0,0.0,0.0,0.0,1,0.0,1.0,150,packet,150,Whatsapp
107,658.6729,351.87104,880.0,919.5,1018.0,838.0,0.00522,0.00685,0.00247,1.31263,43.0,911.5814,179.43921,923.0,997.5,1055.0,881.0,0.01278,0.02631,0.00019,2.05815,0.6426,0.71333,0.0,0.0,0.0,0.0,0.0,0.0,0.0,1,0.0,1.0,150,packet,150,Whatsapp
108,667.22222,334.1903,883.5,919.25,965.0,841.5,0.00558,0.00858,0.00244,1.53779,42.0,857.95238,243.10403,917.0,932.0,1053.0,875.0,0.01143,0.02295,0.00025,2.00794,0.66664,0.72,0.0,0.0,0.0,0.0,0.0,0.0,0.0,1,0.0,1.0,150,packet,150,Whatsapp
96,793.4375,288.03233,905.5,965.5,1019.0,863.5,0.00749,0.01155,0.00227,1.54321,54.0,914.40741,110.3403,917.0,931.0,1070.0,875.0,0.0124,0.02603,0.00017,2.09867,0.6067,0.64,0.0,0.0,0.0,0.0,0.0,0.0,0.0,1,0.0,1.0,150,packet,150,Whatsapp
98,773.85714,284.45447,895.0,921.0,966.0,853.0,0.00629,0.00874,0.0032,1.39017,52.0,867.03846,262.227,908.0,1065.0,1065.0,866.0,0.012,0.02318,0.0002,1.93203,0.62715,0.65333,0.0,0.0,0.0,0.0,0.0,0.0,0.0,1,0.0,1.0,150,packet,150,Whatsapp
51,919.01961,196.08736,946.0,1004.5,1023.0,904.0,0.01187,0.02341,0.00014,1.97158,99.0,736.40404,304.42872,898.0,920.0,960.0,856.0,0.00635,0.00907,0.00266,1.4286,0.39132,0.34,0.0,0.0,0.0,0.0,0.0,0.0,0.0,1,0.0,1.0,150,packet,150,Whatsapp
97,760.04124,288.98489,902.0,925.0,957.0,860.0,0.00651,0.00983,0.00208,1.50965,53.0,887.90566,230.90799,924.0,989.0,1023.0,882.0,0.01173,0.02701,0.00015,2.30295,0.61038,0.64667,0.0,0.0,0.0,0.0,0.0,0.0,0.0,1,0.0,1.0,150,packet,150,Whatsapp
52,854.71154,335.9568,1004.0,1069.0,1078.0,962.0,0.01054,0.01869,0.00021,1.77313,98.0,750.08163,302.51877,901.0,930.0,985.0,859.0,0.00615,0.0092,0.00226,1.49446,0.3768,0.34667,0.0,0.0,0.0,0.0,0.0,0.0,0.0,1,0.0,1.0,150,packet,150,Whatsapp
55,924.56364,260.96623,1010.0,1048.0,1072.0,968.0,0.01112,0.0209,0.00026,1.87996,95.0,746.06316,304.50594,884.0,931.5,1026.0,842.0,0.00692,0.00956,0.00303,1.38144,0.41775,0.36667,0.0,0.0,0.0,0.0,0.0,0.0,0.0,1,0.0,1.0,150,packet,150,Whatsapp
103,757.60194,309.75792,881.0,924.0,1020.0,839.0,0.00592,0.00798,0.00386,1.34704,47.0,952.2766,171.71385,974.0,1051.0,1077.0,932.0,0.01131,0.02273,0.00022,2.00905,0.6355,0.68667,0.0,0.0,0.0,0.0,0.0,0.0,0.0,1,0.0,1.0,150,packet,150,Whatsapp
98,754.78571,296.90836,880.0,921.0,1014.0,838.0,0.0069,0.00851,0.00349,1.23211,52.0,984.15385,113.22449,1006.0,1015.25,1023.0,964.0,0.01297,0.02534,0.0002,1.95382,0.59107,0.65333,0.0,0.0,0.0,0.0,0.0,0.0,0.0,1,0.0,1.0,150,packet,150,Whatsapp
51,959.31373,207.7583,1022.0,1037.0,1074.0,980.0,0.01217,0.02411,0.00019,1.98126,99.0,764.0101,284.16006,867.0,929.0,1026.0,825.0,0.00673,0.00937,0.003,1.39227,0.39278,0.34,0.0,0.0,0.0,0.0,0.0,0.0,0.0,1,0.0,1.0,150,packet,150,Whatsapp
97,759.06186,304.58963,910.0,932.0,1017.0,868.0,0.00693,0.0099,0.00325,1.42934,53.0,989.26415,125.02093,1007.0,1052.0,1072.0,965.0,0.01271,0.02559,0.00018,2.01268,0.58408,0.64667,0.0,0.0,0.0,0.0,0.0,0.0,0.0,1,0.0,1.0,150,packet,150,Whatsapp
49,963.91837,164.73626,1011.0,1021.0,1074.0,969.0,0.01231,0.02448,0.00022,1.98838,101.0,770.14851,287.92293,889.0,933.0,985.0,847.0,0.00589,0.00887,0.00228,1.50743,0.3778,0.32667,0.0,0.0,0.0,0.0,0.0,0.0,0.0,1,0.0,1.0,150,packet,150,Whatsapp
46,965.34783,192.23991,1016.0,1081.0,1086.0,974.0,0.01316,0.02631,0.00021,1.99976,104.0,756.24038,291.01442,874.0,935.0,998.0,832.0,0.00627,0.00875,0.00313,1.39468,0.36086,0.30667,0.0,0.0,0.0,0.0,0.0,0.0,0.0,1,0.0,1.0,150,packet,150,Whatsapp
97,791.96907,294.55287,943.0,961.0,1018.0,901.0,0.00615,0.00925,0.00325,1.50259,53.0,949.22642,161.41808,955.0,1037.0,1055.0,913.0,0.01147,0.02384,0.00023,2.07861,0.60427,0.64667,0.0,0.0,0.0,0.0,0.0,0.0,0.0,1,0.0,1.0,150,packet,150,Whatsapp
102,743.11765,311.64706,904.5,950.0,991.0,862.5,0.00658,0.0088,0.00275,1.33752,48.0,949.60417,212.01864,999.5,1038.0,1071.0,957.5,0.0125,0.02463,0.00023,1.96992,0.62447,0.68,0.0,0.0,0.0,0.0,0.0,0.0,0.0,1,0.0,1.0,150,packet,150,Whatsapp
50,966.94,116.17873,985.5,1007.0,1032.0,943.5,0.01236,0.02542,0.00021,2.05707,100.0,756.75,308.0029,895.0,953.0,1010.0,853.0,0.00635,0.00985,0.0019,1.55081,0.38983,0.33333,0.0,0.0,0.0,0.0,0.0,0.0,0.0,1,0.0,1.0,150,packet,150,Whatsapp
100,793.69,286.20415,890.0,949.5,1027.0,848.0,0.00627,0.01023,0.00167,1.63147,50.0,921.3,239.08268,990.0,1029.0,1062.0,948.0,0.01233,0.02502,0.00023,2.03016,0.63276,0.66667,0.0,0.0,0.0,0.0,0.0,0.0,0.0,1,0.0,1.0,150,packet,150,Whatsapp
47,961.65957,128.95311,1004.0,1029.0,1042.0,962.0,0.0133,0.02541,0.00014,1.91022,103.0,814.73786,265.75794,908.0,978.0,1002.0,866.0,0.00651,0.01009,0.00317,1.54966,0.35006,0.31333,0.0,0.0,0.0,0.0,0.0,0.0,0.0,1,0.0,1.0,150,packet,150,Whatsapp
99,771.22222,292.85455,901.0,935.0,1017.0,859.0,0.00613,0.00836,0.00335,1.36311,51.0,938.70588,203.8961,991.0,1014.0,1071.0,949.0,0.01148,0.02262,0.00021,1.97008,0.61462,0.66,0.0,0.0,0.0,0.0,0.0,0.0,0.0,1,0.0,1.0,150,packet,150,Whatsapp
103,755.21359,291.32565,877.0,925.0,1017.0,835.0,0.00589,0.00907,0.00328,1.53987,47.0,931.3617,221.07161,956.0,1029.5,1062.0,914.0,0.01338,0.02494,0.00024,1.86479,0.6399,0.68667,0.0,0.0,0.0,0.0,0.0,0.0,0.0,1,0.0,1.0,150,packet,150,Whatsapp
46,921.32609,213.62992,943.0,1044.5,1083.0,901.0,0.01326,0.02467,0.00023,1.86069,104.0,791.67308,279.29632,895.0,951.0,1022.0,853.0,0.00575,0.00878,0.0032,1.52803,0.33982,0.30667,0.0,0.0,0.0,0.0,0.0,0.0,0.0,1,0.0,1.0,150,packet,150,Whatsapp
47,927.02128,122.88457,928.0,943.0,1064.0,886.0,0.01278,0.02551,0.00019,1.99578,103.0,781.26214,303.21324,922.0,977.5,1018.0,880.0,0.0063,0.01007,0.00331,1.59982,0.35126,0.31333,0.0,0.0,0.0,0.0,0.0,0.0,0.0,1,0.0,1.0,150,packet,150,Whatsapp
102,803.81373,283.12173,904.0,969.0,1024.0,862.0,0.0063,0.00814,0.00339,1.29229,48.0,940.1875,166.63479,940.0,1026.0,1075.0,898.0,0.0132,0.02499,0.00024,1.89313,0.64498,0.68,0.0,0.0,0.0,0.0,0.0,0.0,0.0,1,0.0,1.0,150,packet,150,Whatsapp
107,776.21495,295.3452,889.0,941.5,1007.0,847.0,0.00638,0.01475,0.0,2.31239,43.0,934.93023,199.22482,1022.0,1033.0,1064.0,980.0,0.0126,0.02448,0.00021,1.94341,0.67384,0.71333,0.0,0.0,0.0,0.0,0.0,0.0,0.0,1,0.0,1.0,150,packet,150,Whatsapp
100,780.46,266.65024,893.0,916.5,968.0,851.0,0.00633,0.01343,0.0,2.12138,50.0,890.46,144.24482,920.0,929.0,940.0,878.0,0.01234,0.02484,0.00022,2.01267,0.63675,0.66667,0.0,0.0,0.0,0.0,0.0,0.0,0.0,1,0.0,1.0,150,packet,150,Whatsapp
44,925.54545,184.57832,934.5,1016.75,1086.0,892.5,0.01363,0.02556,0.00027,1.87445,106.0,792.78302,286.62924,919.0,945.0,1009.0,877.0,0.0062,0.01373,0.0,2.21465,0.32642,0.29333,0.0,0.0,0.0,0.0,0.0,0.0,0.0,1,0.0,1.0,150,packet,150,Whatsapp
99,849.74747,230.70189,922.0,964.0,1018.0,880.0,0.00611,0.01326,0.0,2.16839,51.0,888.7451,189.68093,911.0,939.0,1051.0,869.0,0.01174,0.02341,0.0002,1.99363,0.64986,0.66,0.0,0.0,0.0,0.0,0.0,0.0,0.0,1,0.0,1.0,150,packet,150,Whatsapp
103,806.04854,240.25041,884.0,916.0,995.0,842.0,0.00673,0.01828,0.0,2.71785,47.0,933.91489,126.98548,919.0,952.0,1086.0,877.0,0.01326,0.02567,0.00018,1.93659,0.65415,0.68667,0.0,0.0,0.0,0.0,0.0,0.0,0.0,1,0.0,1.0,150,packet,150,Whatsapp
98,793.66327,248.75006,889.0,915.0,952.0,847.0,0.00681,0.01547,0.0,2.27246,52.0,869.42308,219.44067,912.0,941.0,1060.0,870.0,0.01167,0.0228,0.00025,1.95461,0.63241,0.65333,0.0,0.0,0.0,0.0,0.0,0.0,0.0,1,0.0,1.0,150,packet,150,Whatsapp
106,813.98113,232.02318,884.0,912.0,974.0,842.0,0.00602,0.01109,0.0,1.8432,44.0,936.04545,170.30173,972.5,982.0,1058.0,930.5,0.01383,0.02765,0.00016,1.99931,0.67689,0.70667,0.0,0.0,0.0,0.0,0.0,0.0,0.0,1,0.0,1.0,150,packet,150,Whatsapp
100,824.0,253.92629,920.0,955.0,1012.0,878.0,0.00644,0.01095,0.00231,1.70075,50.0,944.3,181.94606,942.0,1069.0,1086.0,900.0,0.0132,0.02759,0.00021,2.09079,0.63573,0.66667,0.0,0.0,0.0,0.0,0.0,0.0,0.0,1,0.0,1.0,150,packet,150,Whatsapp
46,933.84783,167.55648,948.5,1017.5,1075.0,906.5,0.01481,0.02608,0.00018,1.76048,104.0,814.49038,253.85209,896.5,929.0,1015.0,854.5,0.0064,0.01052,0.0023,1.64467,0.33648,0.30667,0.0,0.0,0.0,0.0,0.0,0.0,0.0,1,0.0,1.0,150,packet,150,Whatsapp
50,919.12,109.1523,937.0,944.0,1007.0,895.0,0.01372,0.02696,0.00016,1.96524,100.0,851.82,243.43415,933.0,964.0,1023.0,891.0,0.00666,0.01047,0.00265,1.57232,0.35044,0.33333,0.0,0.0,0.0,0.0,0.0,0.0,0.0,1,0.0,1.0,150,packet,150,Whatsapp
48,860.41667,186.72996,906.0,912.0,935.0,864.0,0.01276,0.02517,0.00033,1.97313,102.0,757.5098,299.44949,880.0,915.0,1024.0,838.0,0.00617,0.0091,0.00262,1.47417,0.34833,0.32,0.0,0.0,0.0,0.0,0.0,0.0,0.0,1,0.0,1.0,150,packet,150,Whatsapp
105,771.29524,288.90545,895.0,918.0,1021.0,853.0,0.00602,0.01077,0.00144,1.79016,45.0,917.15556,176.23431,931.0,1010.0,1027.0,889.0,0.01201,0.02423,0.00023,2.01712,0.66242,0.7,0.0,0.0,0.0,0.0,0.0,0.0,0.0,1,0.0,1.0,150,packet,150,Whatsapp
49,912.06122,160.64061,918.0,1011.0,1043.0,876.0,0.01224,0.02549,0.00016,2.08336,101.0,781.37624,286.00484,905.0,953.0,1025.0,863.0,0.00597,0.00873,0.00272,1.46217,0.36155,0.32667,0.0,0.0,0.0,0.0,0.0,0.0,0.0,1,0.0,1.0,150,packet,150,Whatsapp
101,801.16832,265.97711,909.0,937.0,1009.0,867.0,0.00725,0.011,0.00406,1.51615,49.0,942.63265,115.91371,951.0,988.0,1059.0,909.0,0.0138,0.0263,0.0002,1.90544,0.63661,0.67333,0.0,0.0,0.0,0.0,0.0,0.0,0.0,1,0.0,1.0,150,packet,150,Whatsapp
47,899.2766,241.27337,942.0,984.0,1071.0,900.0,0.01315,0.02418,0.00023,1.83899,103.0,778.39806,290.45369,863.0,983.0,1024.0,821.0,0.00583,0.00914,0.0018,1.56918,0.34519,0.31333,0.0,0.0,0.0,0.0,0.0,0.0,0.0,1,0.0,1.0,150,packet,150,Whatsapp
107,790.60748,293.71468,893.0,951.0,1008.0,851.0,0.00628,0.00846,0.00366,1.34812,43.0,937.69767,128.77555,927.0,965.5,1081.0,885.0,0.01279,0.02603,0.00016,2.03546,0.67722,0.71333,0.0,0.0,0.0,0.0,0.0,0.0,0.0,1,0.0,1.0,150,packet,150,Whatsapp
113,804.9469,277.16379,912.0,965.0,996.0,870.0,0.00629,0.00857,0.00243,1.36123,37.0,932.45946,238.45568,1016.0,1037.0,1075.0,974.0,0.01126,0.02353,0.00019,2.08973,0.725,0.75333,0.0,0.0,0.0,0.0,0.0,0.0,0.0,1,0.0,1.0,150,packet,150,Whatsapp
115,788.18261,279.4224,897.0,932.0,1021.0,855.0,0.00612,0.0093,0.00047,1.51882,35.0,921.28571,200.55275,936.0,1060.0,1060.0,894.0,0.0207,0.07211,0.00021,3.48457,0.7376,0.76667,0.0,0.0,0.0,0.0,0.0,0.0,0.0,1,0.0,1.0,150,packet,150,Whatsapp
45,907.77778,213.7082,935.0,988.0,1079.0,893.0,0.01522,0.02909,0.00026,1.91163,105.0,814.15238,244.18848,881.0,949.0,1017.0,839.0,0.00652,0.0105,0.00224,1.60897,0.32334,0.3,0.0,0.0,0.0,0.0,0.0,0.0,0.0,1,0.0,1.0,150,packet,150,Whatsapp
103,822.56311,278.90837,923.0,953.0,1027.0,881.0,0.0065,0.00969,0.00299,1.49074,47.0,932.06383,177.12412,948.0,986.5,1065.0,906.0,0.01305,0.0251,0.0002,1.92389,0.65917,0.68667,0.0,0.0,0.0,0.0,0.0,0.0,0.0,1,0.0,1.0,150,packet,150,Whatsapp
100,777.56,301.71534,920.5,950.0,998.0,878.5,0.00647,0.01036,0.0,1.60178,50.0,905.42,153.3678,917.0,963.25,1042.0,875.0,0.0126,0.03872,0.00019,3.07306,0.63202,0.66667,0.0,0.0,0.0,0.0,0.0,0.0,0.0,1,0.0,1.0,150,packet,150,Whatsapp
126,791.16667,263.60513,904.0,917.0,1019.0,862.0,0.00609,0.01001,0.0,1.64474,24.0,925.375,166.39832,969.0,982.0,1075.0,927.0,0.01221,0.02502,0.0003,2.04942,0.8178,0.84,0.0,0.0,0.0,0.0,0.0,0.0,0.0,1,0.0,1.0,150,packet,150,Whatsapp
129,765.06977,302.28543,905.0,957.0,1021.0,863.0,0.00612,0.00828,0.00116,1.35324,21.0,877.47619,263.39444,953.0,955.0,1004.0,911.0,0.01535,0.03527,0.00043,2.29825,0.84267,0.86,0.0,0.0,0.0,0.0,0.0,0.0,0.0,1,0.0,1.0,150,packet,150,Whatsapp
102,679.68627,358.75001,918.0,962.0,1019.0,876.0,0.00426,0.00747,0.0,1.75264,48.0,835.10417,307.677,935.0,988.0,1074.0,893.0,0.00365,0.00935,0.00028,2.55693,0.63364,0.68,0.0,0.0,0.0,0.0,0.0,0.0,0.0,1,0.0,1.0,150,packet,150,Whatsapp
104,758.81731,294.50234,873.0,935.0,1021.0,831.0,0.00618,0.00817,0.00331,1.32178,46.0,959.58696,175.13356,1035.0,1037.0,1073.0,993.0,0.01206,0.0281,0.00027,2.33081,0.6413,0.69333,0.0,0.0,0.0,0.0,0.0,0.0,0.0,1,0.0,1.0,150,packet,150,Whatsapp
102,754.19608,312.55666,903.5,955.0,1000.0,861.5,0.00603,0.00776,0.00414,1.2867,48.0,905.02083,251.28441,1009.0,1018.0,1064.0,967.0,0.00261,0.00649,0.00024,2.49034,0.6391,0.68,0.0,0.0,0.0,0.0,0.0,0.0,0.0,1,0.0,1.0,150,packet,150,Whatsapp
48,948.875,209.93001,1009.5,1027.0,1056.0,967.5,0.0124,0.02665,0.00025,2.14901,102.0,620.42157,345.39203,821.0,930.5,1006.0,779.0,0.00613,0.00738,0.00427,1.20371,0.41851,0.32,0.0,0.0,0.0,0.0,0.0,0.0,0.0,1,0.0,1.0,150,packet,150,Whatsapp
104,610.65385,351.96675,797.0,909.75,1022.0,755.0,0.00561,0.00556,0.00487,0.99053,46.0,959.5,123.75322,984.0,1004.0,1065.0,942.0,0.01198,0.02512,0.00016,2.0972,0.58998,0.69333,0.0,0.0,0.0,0.0,0.0,0.0,0.0,1,0.0,1.0,150,packet,150,Whatsapp
88,400.68182,305.51873,215.0,687.0,1002.0,173.0,0.00841,0.0101,0.0056,1.20106,62.0,820.80645,265.97567,917.5,1004.5,1075.0,875.5,0.01132,0.02089,0.00029,1.84563,0.40929,0.58667,0.0,0.0,0.0,0.0,0.0,0.0,0.0,1,0.0,1.0,150,packet,150,Whatsapp
110,573.13636,321.75158,658.5,810.0,1027.0,616.5,0.00648,0.00743,0.00523,1.14587,40.0,792.575,143.44021,781.0,862.0,1018.0,739.0,0.01728,0.0297,0.0004,1.71896,0.6654,0.73333,0.0,0.0,0.0,0.0,0.0,0.0,0.0,1,0.0,1.0,150,packet,150,Whatsapp
48,842.14583,196.94955,838.0,1000.0,1041.0,796.0,0.01105,0.01976,0.00079,1.78818,102.0,534.44118,351.28067,735.5,849.0,1001.0,693.5,0.00531,0.0082,0.00198,1.54365,0.42579,0.32,0.0,0.0,0.0,0.0,0.0,0.0,0.0,1,0.0,1.0,150,packet,150,Whatsapp
105,568.00952,328.15877,753.0,839.0,995.0,711.0,0.00635,0.00881,0.0037,1.38752,45.0,781.22222,146.53917,775.0,808.0,1090.0,733.0,0.01384,0.02455,0.00032,1.77342,0.62915,0.7,0.0,0.0,0.0,0.0,0.0,0.0,0.0,1,0.0,1.0,150,packet,150,Whatsapp
103,569.60194,321.48642,750.0,860.0,1013.0,708.0,0.00574,0.0066,0.00338,1.14913,47.0,721.48936,170.82639,757.0,788.0,1082.0,715.0,0.01181,0.02279,0.00022,1.93022,0.63372,0.68667,0.0,0.0,0.0,0.0,0.0,0.0,0.0,1,0.0,1.0,150,packet,150,Whatsapp
101,684.31683,331.7579,806.0,937.0,1024.0,764.0,0.00805,0.01309,0.00566,1.62631,49.0,805.67347,175.26754,798.0,842.0,1079.0,756.0,0.01556,0.0267,0.00032,1.71597,0.63646,0.67333,0.0,0.0,0.0,0.0,0.0,0.0,0.0,2,0.11835,1.0,150,packet,150,Whatsapp
114,675.54386,302.07688,780.0,896.5,1024.0,738.0,0.00584,0.00612,0.00544,1.04871,36.0,883.91667,210.62742,872.0,1079.0,1079.0,830.0,0.01728,0.02746,0.0003,1.58869,0.70762,0.76,0.0,0.0,0.0,0.0,0.0,0.0,0.0,1,0.0,1.0,150,packet,150,Whatsapp
121,690.19008,323.05375,824.0,914.0,1026.0,782.0,0.00579,0.00697,0.00387,1.20324,29.0,883.34483,197.29049,969.0,975.0,994.0,927.0,0.02101,0.02948,0.00034,1.40329,0.76526,0.80667,0.0,0.0,0.0,0.0,0.0,0.0,0.0,1,0.0,1.0,150,packet,150,Whatsapp
114,638.60526,324.24989,811.0,899.0,995.0,769.0,0.00635,0.00815,0.00254,1.28416,36.0,902.88889,231.8275,977.0,994.5,1035.0,935.0,0.02022,0.02829,0.00025,1.39926,0.69133,0.76,0.0,0.0,0.0,0.0,0.0,0.0,0.0,1,0.0,1.0,150,packet,150,Whatsapp
119,725.58824,359.45756,935.0,968.0,1021.0,893.0,0.00542,0.00614,0.00399,1.13351,31.0,938.90323,148.09878,978.0,1004.0,1022.0,936.0,0.01983,0.02904,0.00023,1.46394,0.74789,0.79333,0.0,0.0,0.0,0.0,0.0,0.0,0.0,1,0.0,1.0,150,packet,150,Whatsapp
117,745.34188,334.87855,927.0,957.0,986.0,885.0,0.0055,0.00624,0.00422,1.13449,33.0,898.75758,190.26425,965.0,986.0,1025.0,923.0,0.01862,0.03129,0.00021,1.68079,0.74621,0.78,0.0,0.0,0.0,0.0,0.0,0.0,0.0,1,0.0,1.0,150,packet,150,Whatsapp
120,758.675,305.55303,892.0,960.0,1004.0,850.0,0.00565,0.00792,0.00282,1.40136,30.0,874.9,260.59807,943.0,1001.0,1060.0,901.0,0.0179,0.02708,0.00025,1.51288,0.77622,0.8,0.0,0.0,0.0,0.0,0.0,0.0,0.0,1,0.0,1.0,150,packet,150,Whatsapp
118,787.66949,325.28225,953.0,988.5,1018.0,911.0,0.00525,0.00579,0.00392,1.10233,32.0,913.8125,199.96647,941.0,1015.0,1067.0,899.0,0.01877,0.02781,0.00044,1.48201,0.76068,0.78667,0.0,0.0,0.0,0.0,0.0,0.0,0.0,1,0.0,1.0,150,packet,150,Whatsapp
115,750.47826,295.8771,831.0,965.0,1008.0,789.0,0.00563,0.00677,0.0033,1.20176,35.0,838.6,312.0209,963.0,1017.0,1049.0,921.0,0.01787,0.02571,0.00024,1.43895,0.74622,0.76667,0.0,0.0,0.0,0.0,0.0,0.0,0.0,1,0.0,1.0,150,packet,150,Whatsapp
120,749.35833,311.30049,882.0,965.5,1026.0,840.0,0.00545,0.00733,0.00278,1.34438,30.0,885.76667,249.00545,966.0,983.75,1029.0,924.0,0.0195,0.02906,0.00023,1.49029,0.7719,0.8,0.0,0.0,0.0,0.0,0.0,0.0,0.0,1,0.0,1.0,150,packet,150,Whatsapp
33,911.39394,250.08277,997.0,1028.0,1077.0,955.0,0.01975,0.02869,0.00024,1.45293,117.0,757.67521,297.79408,894.0,963.0,1020.0,852.0,0.00557,0.007,0.00319,1.25495,0.25333,0.22,0.0,0.0,0.0,0.0,0.0,0.0,0.0,1,0.0,1.0,150,packet,150,Whatsapp
116,742.13793,320.44589,921.5,956.0,1023.0,879.5,0.00564,0.00709,0.0034,1.25794,34.0,924.05882,154.85875,940.5,1019.0,1063.0,898.5,0.02027,0.03136,0.00019,1.54665,0.73263,0.77333,0.0,0.0,0.0,0.0,0.0,0.0,0.0,1,0.0,1.0,150,packet,150,Whatsapp
118,729.91525,346.55607,905.0,979.75,1020.0,863.0,0.00455,0.00545,0.00312,1.19724,32.0,759.1875,336.87205,871.0,1011.5,1051.0,829.0,0.01323,0.01748,0.00088,1.32113,0.77999,0.78667,0.0,0.0,0.0,0.0,0.0,0.0,0.0,1,0.0,1.0,150,packet,150,Whatsapp
116,769.68966,336.92446,952.0,969.25,1018.0,910.0,0.00568,0.00688,0.00367,1.21198,34.0,864.85294,272.62548,964.0,980.25,1015.0,922.0,0.0189,0.02723,0.00022,1.44055,0.75225,0.77333,0.0,0.0,0.0,0.0,0.0,0.0,0.0,1,0.0,1.0,150,packet,150,Whatsapp
121,761.99174,312.49718,907.0,984.0,1025.0,865.0,0.0055,0.00732,0.00315,1.33158,29.0,925.96552,203.37285,988.0,998.0,1041.0,946.0,0.02049,0.0295,0.00021,1.44016,0.77445,0.80667,0.0,0.0,0.0,0.0,0.0,0.0,0.0,1,0.0,1.0,150,packet,150,Whatsapp
119,768.68908,307.68888,878.0,983.0,1024.0,836.0,0.00567,0.00791,0.0023,1.39451,31.0,927.25806,140.65629,959.0,991.0,1012.0,917.0,0.02013,0.02951,0.00021,1.46627,0.76089,0.79333,0.0,0.0,0.0,0.0,0.0,0.0,0.0,1,0.0,1.0,150,packet,150,Whatsapp
118,765.67797,323.66029,930.0,983.0,1028.0,888.0,0.00538,0.00684,0.00313,1.27175,32.0,904.4375,193.40517,955.0,981.25,1053.0,913.0,0.01808,0.02662,0.00023,1.47256,0.75739,0.78667,0.0,0.0,0.0,0.0,0.0,0.0,0.0,1,0.0,1.0,150,packet,150,Whatsapp
117,737.82906,329.18598,917.0,972.0,1020.0,875.0,0.00555,0.00805,0.00315,1.45133,33.0,902.9697,234.52369,977.0,986.0,1032.0,935.0,0.01905,0.02874,0.00017,1.50843,0.74339,0.78,0.0,0.0,0.0,0.0,0.0,0.0,0.0,1,0.0,1.0,150,packet,150,Whatsapp
115,741.81739,329.02588,906.0,966.5,1021.0,864.0,0.00533,0.00772,0.00207,1.44733,35.0,790.34286,295.87584,868.0,977.0,1056.0,826.0,0.01717,0.03203,0.00018,1.8656,0.75514,0.76667,0.0,0.0,0.0,0.0,0.0,0.0,0.0,1,0.0,1.0,150,packet,150,Whatsapp
143,798.53147,312.02044,952.0,982.0,1024.0,910.0,0.0057,0.00778,0.00377,1.36494,7.0,811.0,302.16457,916.0,952.0,953.0,874.0,0.03662,0.05447,0.00017,1.48717,0.95264,0.95333,0.0,0.0,0.0,0.0,0.0,0.0,0.0,1,0.0,1.0,150,packet,150,Whatsapp
117,789.89744,319.37014,961.0,991.0,1024.0,919.0,0.0059,0.00796,0.00315,1.34907,33.0,881.75758,232.49999,948.0,1004.0,1086.0,906.0,0.01688,0.03069,0.00032,1.81815,0.76054,0.78,0.0,0.0,0.0,0.0,0.0,0.0,0.0,1,0.0,1.0,150,packet,150,Whatsapp
119,792.87395,295.86235,920.0,973.0,1027.0,878.0,0.00557,0.00815,0.00192,1.46333,31.0,928.67742,217.87128,993.0,1025.0,1050.0,951.0,0.01994,0.03698,0.00026,1.85457,0.76621,0.79333,0.0,0.0,0.0,0.0,0.0,0.0,0.0,1,0.0,1.0,150,packet,150,Whatsapp
120,719.05833,329.78986,881.5,968.0,1022.0,839.5,0.00522,0.00732,0.00112,1.40269,30.0,893.33333,257.1266,990.0,1029.5,1076.0,948.0,0.01809,0.02729,0.00028,1.50878,0.76301,0.8,0.0,0.0,0.0,0.0,0.0,0.0,0.0,1,0.0,1.0,150,packet,150,Whatsapp
121,713.69421,355.06242,897.0,959.0,1020.0,855.0,0.00499,0.0065,0.00263,1.30172,29.0,956.72414,156.84187,1008.0,1027.0,1050.0,966.0,0.02133,0.03079,0.00023,1.44362,0.75684,0.80667,0.0,0.0,0.0,0.0,0.0,0.0,0.0,1,0.0,1.0,150,packet,150,Whatsapp
35,883.6,234.30227,969.0,992.0,1049.0,927.0,0.01939,0.02783,0.0002,1.43525,115.0,781.21739,283.9965,868.0,971.0,1026.0,826.0,0.0058,0.00812,0.00211,1.39841,0.25608,0.23333,0.0,0.0,0.0,0.0,0.0,0.0,0.0,1,0.0,1.0,150,packet,150,Whatsapp
121,760.04132,334.86772,951.0,970.0,1022.0,909.0,0.00547,0.00766,0.0022,1.40029,29.0,927.37931,164.40036,992.0,1021.0,1060.0,950.0,0.02167,0.03033,0.00024,1.39932,0.77373,0.80667,0.0,0.0,0.0,0.0,0.0,0.0,0.0,1,0.0,1.0,150,packet,150,Whatsapp
31,911.87097,205.38865,959.0,1030.0,1057.0,917.0,0.01981,0.02834,0.00022,1.43087,119.0,744.51261,311.15501,890.0,948.0,1022.0,848.0,0.00543,0.00712,0.0022,1.3101,0.24189,0.20667,0.0,0.0,0.0,0.0,0.0,0.0,0.0,1,0.0,1.0,150,packet,150,Whatsapp
120,728.40833,357.26166,947.0,972.5,1023.0,905.0,0.00524,0.00688,0.00229,1.31267,30.0,906.86667,222.56875,980.0,1004.0,1038.0,938.0,0.02057,0.02937,0.00025,1.42769,0.76263,0.8,0.0,0.0,0.0,0.0,0.0,0.0,0.0,1,0.0,1.0,150,packet,150,Whatsapp
30,951.7,210.41485,1008.0,1037.0,1076.0,966.0,0.02041,0.02832,0.00023,1.38734,120.0,715.125,331.65342,875.5,957.25,1021.0,833.5,0.00502,0.00732,0.00127,1.45657,0.24965,0.2,0.0,0.0,0.0,0.0,0.0,0.0,0.0,1,0.0,1.0,150,packet,150,Whatsapp
145,826.01379,277.37705,949.0,986.0,1027.0,907.0,0.00625,0.00929,0.00173,1.48498,5.0,636.8,419.22519,978.0,978.0,978.0,936.0,0.0591,0.08318,0.01765,1.40755,0.9741,0.96667,0.0,0.0,0.0,0.0,0.0,0.0,0.0,1,0.0,1.0,150,packet,150,Whatsapp
149,812.40268,270.1956,936.0,971.0,1017.0,894.0,0.00589,0.00821,0.00216,1.39407,1.0,183.0,0.0,183.0,183.0,183.0,141.0,0.0,0.0,0.0,0.0,0.99849,0.99333,0.0,0.0,0.0,0.0,0.0,0.0,0.0,1,0.0,1.0,150,packet,150,Whatsapp
136,749.65441,329.53598,942.5,977.0,1017.0,900.5,0.00525,0.00726,0.00244,1.38347,14.0,457.28571,400.05668,188.5,877.0,955.0,146.5,0.0497,0.09486,0.00325,1.90878,0.94092,0.90667,0.0,0.0,0.0,0.0,0.0,0.0,0.0,1,0.0,1.0,150,packet,150,Whatsapp
118,685.99153,316.7957,787.0,944.0,1026.0,745.0,0.0044,0.00694,0.00095,1.57684,32.0,823.0625,367.73376,1019.5,1065.0,1074.0,977.5,0.01413,0.02812,0.0001,1.98939,0.7545,0.78667,0.0,0.0,0.0,0.0,0.0,0.0,0.0,1,0.0,1.0,150,packet,150,Whatsapp
136,800.91176,289.758,911.5,945.0,1027.0,869.5,0.00472,0.00634,0.00111,1.34226,14.0,575.78571,338.51571,584.0,902.75,1033.0,542.0,0.04339,0.02547,0.04072,0.58697,0.93109,0.90667,0.0,0.0,0.0,0.0,0.0,0.0,0.0,1,0.0,1.0,150,packet,150,Whatsapp
133,775.39098,293.41817,905.0,930.0,994.0,863.0,0.00455,0.00654,0.00155,1.43883,17.0,690.76471,198.52501,619.0,684.0,1074.0,577.0,0.03682,0.03067,0.04638,0.83285,0.89777,0.88667,0.0,0.0,0.0,0.0,0.0,0.0,0.0,1,0.0,1.0,150,packet,150,Whatsapp
133,748.27068,307.66541,905.0,928.0,977.0,863.0,0.00436,0.00596,0.00211,1.36716,17.0,581.11765,178.69622,627.0,637.0,867.0,585.0,0.02899,0.03095,0.01029,1.06759,0.9097,0.88667,0.0,0.0,0.0,0.0,0.0,0.0,0.0,1,0.0,1.0,150,packet,150,Whatsapp
130,751.48462,302.84427,900.5,930.0,1013.0,858.5,0.00424,0.00557,0.00224,1.31135,20.0,612.8,204.12339,664.0,712.0,783.0,622.0,0.02792,0.03093,0.0046,1.10773,0.88853,0.86667,0.0,0.0,0.0,0.0,0.0,0.0,0.0,1,0.0,1.0,150,packet,150,Whatsapp
18,665.94444,123.71943,693.5,729.25,736.0,651.5,0.03115,0.0312,0.03078,1.00183,132.0,767.63636,303.00933,913.0,927.25,993.0,871.0,0.00451,0.00622,0.00214,1.37785,0.10578,0.12,0.0,0.0,0.0,0.0,0.0,0.0,0.0,1,0.0,1.0,150,packet,150,Whatsapp
132,742.29545,306.73033,886.0,924.0,1028.0,844.0,0.00415,0.00525,0.00261,1.26548,18.0,670.44444,194.57367,727.5,749.75,793.0,685.5,0.02732,0.03142,0.00132,1.15015,0.89034,0.88,0.0,0.0,0.0,0.0,0.0,0.0,0.0,1,0.0,1.0,150,packet,150,Whatsapp
22,706.59091,175.93766,755.0,789.0,857.0,713.0,0.02441,0.03043,0.00034,1.24653,128.0,755.36719,315.8907,909.0,933.0,986.0,867.0,0.00399,0.00613,0.0,1.53468,0.13851,0.14667,0.0,0.0,0.0,0.0,0.0,0.0,0.0,1,0.0,1.0,150,packet,150,Whatsapp
130,777.17692,303.08464,915.0,940.0,991.0,873.0,0.00494,0.0068,0.00204,1.37748,20.0,670.45,193.12521,740.0,778.25,848.0,698.0,0.02816,0.03024,0.0123,1.07403,0.88283,0.86667,0.0,0.0,0.0,0.0,0.0,0.0,0.0,1,0.0,1.0,150,packet,150,Whatsapp
134,737.85075,304.51666,877.0,913.0,1015.0,835.0,0.00431,0.00681,0.00108,1.58043,16.0,764.625,248.11864,849.0,898.25,926.0,807.0,0.02609,0.0455,0.00188,1.7436,0.88989,0.89333,0.0,0.0,0.0,0.0,0.0,0.0,0.0,1,0.0,1.0,150,packet,150,Whatsapp
125,777.224,277.33393,877.0,916.0,1021.0,835.0,0.00458,0.00666,0.00109,1.45565,25.0,825.4,202.77968,839.0,954.0,1001.0,797.0,0.01588,0.02501,0.00114,1.575,0.82481,0.83333,0.0,0.0,0.0,0.0,0.0,0.0,0.0,1,0.0,1.0,150,packet,150,Whatsapp
130,755.49231,288.35067,864.5,927.0,1025.0,822.5,0.0045,0.007,0.00103,1.55619,20.0,868.35,252.01751,944.5,994.25,1031.0,902.5,0.02755,0.04318,0.00539,1.56751,0.84974,0.86667,0.0,0.0,0.0,0.0,0.0,0.0,0.0,1,0.0,1.0,150,packet,150,Whatsapp
130,730.84615,283.82222,850.5,898.75,992.0,808.5,0.00449,0.00729,0.0,1.6249,20.0,820.5,298.42729,932.5,1033.25,1067.0,890.5,0.02664,0.02914,0.01581,1.09385,0.85272,0.86667,0.0,0.0,0.0,0.0,0.0,0.0,0.0,1,0.0,1.0,150,packet,150,Whatsapp
122,789.68033,233.48821,817.5,914.0,1022.0,775.5,0.07272,0.73947,0.00194,10.1685,28.0,822.0,231.05612,901.0,919.5,960.0,859.0,0.32081,1.54217,0.00025,4.80719,0.80717,0.81333,0.0,0.0,0.0,0.0,0.0,0.0,0.0,2,8.17063,1.0,150,packet,150,Whatsapp
113,770.67257,272.36969,829.0,985.0,1023.0,787.0,0.00528,0.00743,0.00299,1.40569,37.0,714.78378,330.91725,896.0,927.0,1075.0,854.0,0.01535,0.01954,0.00383,1.27305,0.76705,0.75333,0.0,0.0,0.0,0.0,0.0,0.0,0.0,1,0.0,1.0,150,packet,150,Whatsapp
113,765.07965,291.77565,823.0,994.0,1021.0,781.0,0.00506,0.00661,0.00109,1.30663,37.0,721.24324,317.76393,881.0,938.0,948.0,839.0,0.01478,0.02002,0.00042,1.3545,0.76413,0.75333,0.0,0.0,0.0,0.0,0.0,0.0,0.0,1,0.0,1.0,150,packet,150,Whatsapp
40,711.975,341.89322,931.5,958.0,1025.0,889.5,0.0154,0.01993,0.00346,1.29373,110.0,808.31818,315.19402,971.5,1001.5,1027.0,929.5,0.00569,0.0077,0.00273,1.35312,0.24259,0.26667,0.0,0.0,0.0,0.0,0.0,0.0,0.0,1,0.0,1.0,150,packet,150,Whatsapp
109,827.06422,279.38426,939.0,992.0,1023.0,897.0,0.00607,0.00713,0.00427,1.17471,41.0,765.92683,313.21514,932.0,956.0,1019.0,890.0,0.01507,0.02021,0.00135,1.34121,0.74165,0.72667,0.0,0.0,0.0,0.0,0.0,0.0,0.0,1,0.0,1.0,150,packet,150,Whatsapp
110,879.04545,193.84086,945.5,988.5,1022.0,903.5,0.0062,0.00962,0.00259,1.55227,40.0,803.75,305.50383,943.5,986.0,1014.0,901.5,0.01733,0.02386,0.00042,1.37694,0.75048,0.73333,0.0,0.0,0.0,0.0,0.0,0.0,0.0,1,0.0,1.0,150,packet,150,Whatsapp
25,803.2,312.36671,972.0,997.0,1012.0,930.0,0.01762,0.02083,0.00715,1.18244,125.0,758.824,308.50362,885.0,982.0,1025.0,843.0,0.00559,0.00858,0.0,1.53396,0.17471,0.16667,0.0,0.0,0.0,0.0,0.0,0.0,0.0,1,0.0,1.0,150,packet,150,Whatsapp
136,746.48529,334.24359,923.5,979.0,1024.0,881.5,0.00533,0.009,0.0,1.68902,14.0,489.07143,384.2119,267.0,903.0,947.0,225.0,0.00553,0.00616,0.0035,1.11429,0.93682,0.90667,0.0,0.0,0.0,0.0,0.0,0.0,0.0,1,0.0,1.0,150,packet,150,Whatsapp
137,708.70803,330.5721,894.0,961.0,1017.0,852.0,0.00481,0.00706,0.00106,1.46836,13.0,521.76923,440.356,263.0,1072.0,1072.0,221.0,0.00753,0.00835,0.00458,1.10911,0.9347,0.91333,0.0,0.0,0.0,0.0,0.0,0.0,0.0,1,0.0,1.0,150,packet,150,Whatsapp
141,783.07092,297.3487,919.0,970.0,1022.0,877.0,0.00552,0.00731,0.0021,1.32264,9.0,469.88889,360.9732,289.0,832.0,894.0,247.0,0.02419,0.02304,0.01841,0.95229,0.96311,0.94,0.0,0.0,0.0,0.0,0.0,0.0,0.0,1,0.0,1.0,150,packet,150,Whatsapp
106,731.89623,314.10177,853.5,938.75,1017.0,811.5,0.00471,0.00715,0.00211,1.51722,44.0,460.15909,350.96736,260.0,791.25,1036.0,218.0,0.01061,0.01316,0.0049,1.24007,0.79303,0.70667,0.0,0.0,0.0,0.0,0.0,0.0,0.0,1,0.0,1.0,150,packet,150,Whatsapp
118,722.22034,292.34763,863.0,885.0,1025.0,821.0,0.0051,0.00582,0.00348,1.14237,32.0,705.8125,384.79357,897.0,1010.5,1077.0,855.0,0.01999,0.02279,0.01479,1.13973,0.7905,0.78667,0.0,0.0,0.0,0.0,0.0,0.0,0.0,1,0.0,1.0,150,packet,150,Whatsapp
111,704.31532,319.78343,836.0,953.5,1022.0,794.0,0.00732,0.00882,0.00537,1.20522,39.0,783.64103,314.72475,883.0,1006.5,1080.0,841.0,0.02026,0.03542,0.00035,1.74806,0.71895,0.74,0.0,0.0,0.0,0.0,0.0,0.0,0.0,1,0.0,1.0,150,packet,150,Whatsapp
35,720.0,329.68686,729.0,1029.0,1082.0,687.0,0.02322,0.02833,0.00699,1.22002,115.0,713.48696,254.90927,786.0,841.0,1017.0,744.0,0.00704,0.00798,0.00565,1.13435,0.23496,0.23333,0.0,0.0,0.0,0.0,0.0,0.0,0.0,1,0.0,1.0,150,packet,150,Whatsapp
114,730.79825,262.54671,777.0,925.0,1019.0,735.0,0.00625,0.0081,0.00504,1.29647,36.0,738.13889,294.11233,800.0,892.0,1086.0,758.0,0.01277,0.02646,0.00083,2.07299,0.75817,0.76,0.0,0.0,0.0,0.0,0.0,0.0,0.0,1,0.0,1.0,150,packet,150,Whatsapp
119,692.4958,274.2092,785.0,879.5,996.0,743.0,0.00612,0.00695,0.00416,1.13561,31.0,815.35484,132.31428,810.0,841.5,1060.0,768.0,0.0224,0.03178,0.0003,1.41887,0.76527,0.79333,0.0,0.0,0.0,0.0,0.0,0.0,0.0,1,0.0,1.0,150,packet,150,Whatsapp
39,805.05128,199.10208,831.0,861.0,1039.0,789.0,0.02088,0.02838,0.00114,1.35902,111.0,653.56757,274.78701,767.0,840.5,984.0,725.0,0.00756,0.00876,0.00494,1.15949,0.30206,0.26,0.0,0.0,0.0,0.0,0.0,0.0,0.0,1,0.0,1.0,150,packet,150,Whatsapp
106,743.96226,271.49829,861.5,914.0,1007.0,819.5,0.00893,0.01052,0.00645,1.17781,44.0,818.54545,175.93548,851.5,881.0,1025.0,809.5,0.02095,0.02925,0.00032,1.39638,0.68648,0.70667,0.0,0.0,0.0,0.0,0.0,0.0,0.0,1,0.0,1.0,150,packet,150,Whatsapp
106,754.88679,272.84163,864.5,921.75,1021.0,822.5,0.00862,0.01012,0.00624,1.17463,44.0,847.15909,154.43121,865.0,885.25,1067.0,823.0,0.02166,0.03061,0.00036,1.41345,0.68221,0.70667,0.0,0.0,0.0,0.0,0.0,0.0,0.0,1,0.0,1.0,150,packet,150,Whatsapp
40,826.65,205.35586,863.0,912.25,1077.0,821.0,0.02058,0.02908,0.0003,1.41323,110.0,734.30909,307.95034,862.5,969.0,1026.0,820.5,0.0074,0.00939,0.00286,1.26806,0.29046,0.26667,0.0,0.0,0.0,0.0,0.0,0.0,0.0,1,0.0,1.0,150,packet,150,Whatsapp
109,664.6422,265.50324,745.0,770.0,1024.0,703.0,0.00641,0.00678,0.00542,1.05732,41.0,743.02439,271.14288,875.0,895.0,934.0,833.0,0.0166,0.02225,0.00139,1.34038,0.70397,0.72667,0.0,0.0,0.0,0.0,0.0,0.0,0.0,1,0.0,1.0,150,packet,150,Whatsapp
45,713.4,319.71462,901.0,933.0,971.0,859.0,0.01681,0.02136,0.00648,1.27041,105.0,713.8,308.61338,864.0,961.0,1026.0,822.0,0.00705,0.00965,0.00484,1.36888,0.29988,0.3,0.0,0.0,0.0,0.0,0.0,0.0,0.0,1,0.0,1.0,150,packet,150,Whatsapp
45,711.55556,296.35576,877.0,908.0,976.0,835.0,0.01575,0.02096,0.0027,1.33111,105.0,734.05714,278.02812,799.0,957.0,1023.0,757.0,0.00657,0.00893,0.00346,1.35879,0.2935,0.3,0.0,0.0,0.0,0.0,0.0,0.0,0.0,1,0.0,1.0,150,packet,150,Whatsapp
103,786.59223,208.62371,825.0,876.5,1019.0,783.0,0.00719,0.00952,0.00554,1.32306,47.0,718.40426,323.06449,920.0,952.0,977.0,878.0,0.0145,0.01771,0.00688,1.22159,0.70584,0.68667,0.0,0.0,0.0,0.0,0.0,0.0,0.0,1,0.0,1.0,150,packet,150,Whatsapp
103,846.79612,179.98103,868.0,924.5,1026.0,826.0,0.00667,0.00842,0.00469,1.26175,47.0,731.57447,335.51033,922.0,953.0,1013.0,880.0,0.01494,0.02072,0.00337,1.38683,0.71725,0.68667,0.0,0.0,0.0,0.0,0.0,0.0,0.0,1,0.0,1.0,150,packet,150,Whatsapp
111,826.13514,241.90723,891.0,979.0,1021.0,849.0,0.00597,0.00769,0.00422,1.28755,39.0,759.61538,321.50756,941.0,976.0,1027.0,899.0,0.01699,0.02143,0.00466,1.26148,0.75582,0.74,0.0,0.0,0.0,0.0,0.0,0.0,0.0,1,0.0,1.0,150,packet,150,Whatsapp
44,748.20455,314.30541,895.0,985.25,1041.0,853.0,0.01615,0.02039,0.00385,1.26263,106.0,848.09434,239.31496,933.5,977.75,1024.0,891.5,0.00649,0.00912,0.00438,1.40631,0.26804,0.29333,0.0,0.0,0.0,0.0,0.0,0.0,0.0,1,0.0,1.0,150,packet,150,Whatsapp
108,861.82407,247.08848,943.0,988.0,1016.0,901.0,0.00607,0.00823,0.00275,1.35595,42.0,755.42857,306.84494,853.5,1004.75,1046.0,811.5,0.01504,0.02285,0.00117,1.51998,0.74578,0.72,0.0,0.0,0.0,0.0,0.0,0.0,0.0,1,0.0,1.0,150,packet,150,Whatsapp
107,819.99065,254.85365,884.0,978.5,1022.0,842.0,0.0064,0.00923,0.00177,1.4422,43.0,756.67442,331.42565,894.0,988.5,1062.0,852.0,0.01446,0.0219,0.00132,1.51486,0.72948,0.71333,0.0,0.0,0.0,0.0,0.0,0.0,0.0,1,0.0,1.0,150,packet,150,Whatsapp
108,811.61111,288.78224,941.0,966.25,1027.0,899.0,0.0061,0.00705,0.00392,1.15602,42.0,736.7619,340.7326,932.0,973.75,1027.0,890.0,0.01436,0.01788,0.00431,1.24475,0.73908,0.72,0.0,0.0,0.0,0.0,0.0,0.0,0.0,1,0.0,1.0,150,packet,150,Whatsapp
113,751.9823,303.4473,891.0,964.0,1006.0,849.0,0.00525,0.00696,0.0032,1.3252,37.0,761.78378,330.63462,942.0,988.0,1025.0,900.0,0.01464,0.01875,0.00102,1.28123,0.75092,0.75333,0.0,0.0,0.0,0.0,0.0,0.0,0.0,1,0.0,1.0,150,packet,150,Whatsapp
35,793.08571,352.68459,964.0,1033.5,1060.0,922.0,0.01707,0.02209,0.00131,1.29407,115.0,736.08696,336.79119,919.0,978.0,1025.0,877.0,0.0052,0.00658,0.00343,1.26565,0.24694,0.23333,0.0,0.0,0.0,0.0,0.0,0.0,0.0,1,0.0,1.0,150,packet,150,Whatsapp
115,826.87826,289.09545,946.0,1000.0,1028.0,904.0,0.00598,0.00752,0.00297,1.25699,35.0,918.62857,189.26883,966.0,982.5,1044.0,924.0,0.01956,0.03374,0.0003,1.72496,0.74732,0.76667,0.0,0.0,0.0,0.0,0.0,0.0,0.0,1,0.0,1.0,150,packet,150,Whatsapp
117,799.04274,279.16822,926.0,964.0,1027.0,884.0,0.00578,0.00732,0.00239,1.26624,33.0,877.75758,250.9869,946.0,980.0,1041.0,904.0,0.01842,0.03351,0.00039,1.81957,0.76345,0.78,0.0,0.0,0.0,0.0,0.0,0.0,0.0,1,0.0,1.0,150,packet,150,Whatsapp
118,743.37288,275.33554,815.5,936.0,1022.0,773.5,0.00523,0.00661,0.00317,1.26501,32.0,875.65625,245.73889,954.5,979.5,1048.0,912.5,0.02002,0.02852,0.00026,1.42464,0.75789,0.78667,0.0,0.0,0.0,0.0,0.0,0.0,0.0,1,0.0,1.0,150,packet,150,Whatsapp
36,794.61111,353.80034,969.5,1022.0,1079.0,927.5,0.01727,0.02218,0.00189,1.28403,114.0,802.15789,314.95092,956.5,979.0,1019.0,914.5,0.00489,0.00664,0.00281,1.35809,0.23828,0.24,0.0,0.0,0.0,0.0,0.0,0.0,0.0,1,0.0,1.0,150,packet,150,Whatsapp
112,732.125,312.82718,848.0,967.5,1016.0,806.0,0.0051,0.0067,0.00273,1.31406,38.0,741.63158,351.32632,966.0,971.0,988.0,924.0,0.01482,0.02068,0.00222,1.39552,0.74422,0.74667,0.0,0.0,0.0,0.0,0.0,0.0,0.0,1,0.0,1.0,150,packet,150,Whatsapp
111,795.24324,301.91014,933.0,976.0,1026.0,891.0,0.0058,0.00703,0.0037,1.21242,39.0,744.02564,340.70489,946.0,969.0,1016.0,904.0,0.01601,0.01884,0.01061,1.17703,0.7526,0.74,0.0,0.0,0.0,0.0,0.0,0.0,0.0,1,0.0,1.0,150,packet,150,Whatsapp
38,797.84211,322.46701,943.0,978.0,1016.0,901.0,0.01599,0.02408,0.00026,1.50564,112.0,798.875,299.45421,923.5,962.0,1027.0,881.5,0.00576,0.00631,0.00422,1.09584,0.25309,0.25333,0.0,0.0,0.0,0.0,0.0,0.0,0.0,1,0.0,1.0,150,packet,150,Whatsapp
114,774.18421,319.4611,934.0,977.0,1011.0,892.0,0.0059,0.0089,0.0,1.5073,36.0,830.75,290.33873,949.0,981.0,1058.0,907.0,0.01734,0.02531,0.00053,1.45997,0.7469,0.76,0.0,0.0,0.0,0.0,0.0,0.0,0.0,1,0.0,1.0,150,packet,150,Whatsapp
112,782.99107,281.95774,873.5,951.0,1027.0,831.5,0.00536,0.00815,0.00139,1.51976,38.0,768.39474,354.49553,956.5,1039.0,1064.0,914.5,0.01617,0.02468,0.00285,1.5262,0.75021,0.74667,0.0,0.0,0.0,0.0,0.0,0.0,0.0,1,0.0,1.0,150,packet,150,Whatsapp
32,975.78125,153.93297,1014.0,1037.0,1073.0,972.0,0.02173,0.02945,0.00042,1.35496,118.0,745.18644,301.50965,823.0,967.0,1025.0,781.0,0.00557,0.00698,0.0021,1.25465,0.26205,0.21333,0.0,0.0,0.0,0.0,0.0,0.0,0.0,1,0.0,1.0,150,packet,150,Whatsapp
115,807.8,296.52686,940.0,984.5,1015.0,898.0,0.00584,0.00795,0.00266,1.3621,35.0,864.54286,281.98251,961.0,1031.5,1071.0,919.0,0.01812,0.02696,0.00028,1.48783,0.7543,0.76667,0.0,0.0,0.0,0.0,0.0,0.0,0.0,1,0.0,1.0,150,packet,150,Whatsapp
110,788.45455,297.49089,929.0,954.75,1023.0,887.0,0.00558,0.00836,0.00145,1.49885,40.0,810.05,303.58351,950.0,965.5,1065.0,908.0,0.01345,0.01755,0.00028,1.30444,0.72802,0.73333,0.0,0.0,0.0,0.0,0.0,0.0,0.0,1,0.0,1.0,150,packet,150,Whatsapp
119,784.10084,301.23355,929.0,977.0,1001.0,887.0,0.00552,0.00784,0.00148,1.41903,31.0,783.51613,326.48123,906.0,996.5,1086.0,864.0,0.02169,0.03554,0.00085,1.63894,0.79346,0.79333,0.0,0.0,0.0,0.0,0.0,0.0,0.0,1,0.0,1.0,150,packet,150,Whatsapp
105,772.77143,296.86243,922.0,962.0,1020.0,880.0,0.00566,0.00737,0.00244,1.30225,45.0,818.88889,298.61273,953.0,988.0,1022.0,911.0,0.01338,0.02041,0.00028,1.52507,0.68769,0.7,0.0,0.0,0.0,0.0,0.0,0.0,0.0,1,0.0,1.0,150,packet,150,Whatsapp
119,781.16807,293.53554,920.0,975.0,1021.0,878.0,0.00497,0.00685,0.00212,1.37633,31.0,838.12903,298.08558,954.0,1026.5,1040.0,912.0,0.01753,0.02592,0.00026,1.47898,0.78156,0.79333,0.0,0.0,0.0,0.0,0.0,0.0,0.0,1,0.0,1.0,150,packet,150,Whatsapp
120,709.61667,319.53897,835.0,944.75,1016.0,793.0,0.00551,0.00792,0.00171,1.43792,30.0,898.63333,266.05845,997.0,1030.5,1062.0,955.0,0.01872,0.029,0.00025,1.54945,0.75954,0.8,0.0,0.0,0.0,0.0,0.0,0.0,0.0,1,0.0,1.0,150,packet,150,Whatsapp
115,768.81739,329.98861,948.0,986.5,1023.0,906.0,0.00605,0.00781,0.00386,1.291,35.0,912.05714,196.50212,969.0,1004.5,1056.0,927.0,0.01948,0.02843,0.0002,1.45922,0.73473,0.76667,0.0,0.0,0.0,0.0,0.0,0.0,0.0,1,0.0,1.0,150,packet,150,Whatsapp
120,756.73333,326.83015,934.5,978.25,1009.0,892.5,0.00516,0.00701,0.00316,1.35876,30.0,858.03333,211.47616,905.5,991.75,1022.0,863.5,0.01859,0.02833,0.0003,1.52379,0.77914,0.8,0.0,0.0,0.0,0.0,0.0,0.0,0.0,1,0.0,1.0,150,packet,150,Whatsapp
116,784.08621,321.91192,938.0,989.75,1023.0,896.0,0.00572,0.00627,0.00409,1.09757,34.0,888.82353,194.58319,914.5,992.25,1069.0,872.5,0.01845,0.03125,0.00024,1.69335,0.75061,0.77333,0.0,0.0,0.0,0.0,0.0,0.0,0.0,1,0.0,1.0,150,packet,150,Whatsapp
117,784.00855,297.65848,871.0,972.0,1027.0,829.0,0.00579,0.00767,0.00264,1.32568,33.0,885.51515,262.21008,976.0,1024.0,1073.0,934.0,0.01915,0.02917,0.00022,1.52318,0.7584,0.78,0.0,0.0,0.0,0.0,0.0,0.0,0.0,1,0.0,1.0,150,packet,150,Whatsapp
116,806.0431,293.44089,931.0,983.0,1025.0,889.0,0.00589,0.00867,0.00267,1.4712,34.0,859.61765,278.86746,961.0,996.75,1047.0,919.0,0.01853,0.02614,0.00028,1.41046,0.76186,0.77333,0.0,0.0,0.0,0.0,0.0,0.0,0.0,1,0.0,1.0,150,packet,150,Whatsapp
119,756.0,290.78812,846.0,962.0,1025.0,804.0,0.00554,0.00869,0.00184,1.56981,31.0,924.06452,155.36096,967.0,1003.0,1029.0,925.0,0.01908,0.03392,0.00018,1.77791,0.75849,0.79333,0.0,0.0,0.0,0.0,0.0,0.0,0.0,1,0.0,1.0,150,packet,150,Whatsapp
117,811.41026,287.6351,939.0,993.0,1022.0,897.0,0.00593,0.00883,0.00124,1.48909,33.0,876.54545,196.36378,906.0,948.0,1087.0,864.0,0.01884,0.03098,0.00019,1.64476,0.76646,0.78,0.0,0.0,0.0,0.0,0.0,0.0,0.0,1,0.0,1.0,150,packet,150,Whatsapp
126,780.26984,319.87734,932.0,998.0,1026.0,890.0,0.00568,0.00801,0.003,1.41049,24.0,829.08333,274.65022,872.0,993.75,1040.0,830.0,0.03107,0.07435,0.00024,2.39257,0.83168,0.84,0.0,0.0,0.0,0.0,0.0,0.0,0.0,1,0.0,1.0,150,packet,150,Whatsapp
43,929.46512,200.15405,987.0,1057.5,1085.0,945.0,0.0133,0.02421,0.00022,1.82058,107.0,765.23364,319.71096,918.0,976.0,1024.0,876.0,0.00529,0.00809,0.00102,1.5278,0.32801,0.28667,0.0,0.0,0.0,0.0,0.0,0.0,0.0,1,0.0,1.0,150,packet,150,Whatsapp
117,763.80342,326.22228,953.0,988.0,1027.0,911.0,0.00537,0.00681,0.00273,1.26811,33.0,849.18182,242.42393,910.0,958.0,1057.0,868.0,0.01851,0.02598,0.00026,1.4039,0.76128,0.78,0.0,0.0,0.0,0.0,0.0,0.0,0.0,1,0.0,1.0,150,packet,150,Whatsapp
122,752.81967,321.94224,909.0,977.0,1021.0,867.0,0.0053,0.00814,0.00084,1.5351,28.0,946.92857,172.06746,984.0,1012.0,1081.0,942.0,0.01999,0.03124,0.00023,1.56267,0.77598,0.81333,0.0,0.0,0.0,0.0,0.0,0.0,0.0,1,0.0,1.0,150,packet,150,Whatsapp
116,740.11207,304.05188,828.5,967.0,1020.0,786.5,0.00558,0.00741,0.00222,1.3271,34.0,886.73529,204.18018,961.0,1017.75,1055.0,919.0,0.01835,0.02858,0.0002,1.55798,0.7401,0.77333,0.0,0.0,0.0,0.0,0.0,0.0,0.0,1,0.0,1.0,150,packet,150,Whatsapp
114,831.75439,257.87939,908.0,977.0,1016.0,866.0,0.00641,0.00828,0.0036,1.29093,36.0,897.61111,202.17186,920.0,995.25,1064.0,878.0,0.01912,0.02809,0.00023,1.46957,0.74583,0.76,0.0,0.0,0.0,0.0,0.0,0.0,0.0,1,0.0,1.0,150,packet,150,Whatsapp
120,732.08333,335.27749,903.0,985.0,1020.0,861.0,0.00504,0.00792,0.00174,1.57115,30.0,854.8,307.37929,945.0,1054.0,1083.0,903.0,0.01983,0.02843,0.00022,1.43345,0.77405,0.8,0.0,0.0,0.0,0.0,0.0,0.0,0.0,1,0.0,1.0,150,packet,150,Whatsapp
118,807.4322,276.58301,925.0,964.0,1023.0,883.0,0.00583,0.00613,0.0044,1.05094,32.0,900.40625,205.53906,937.0,1014.0,1074.0,895.0,0.01984,0.03045,0.00022,1.53433,0.76781,0.78667,0.0,0.0,0.0,0.0,0.0,0.0,0.0,1,0.0,1.0,150,packet,150,Whatsapp
116,775.85345,299.44351,900.0,973.25,1021.0,858.0,0.00572,0.00674,0.0045,1.17794,34.0,945.85294,210.3212,989.5,1012.0,1083.0,947.5,0.02025,0.0285,0.00024,1.40768,0.73674,0.77333,0.0,0.0,0.0,0.0,0.0,0.0,0.0,1,0.0,1.0,150,packet,150,Whatsapp
120,720.74167,312.73973,837.0,946.0,1019.0,795.0,0.00486,0.00612,0.00224,1.26054,30.0,884.06667,258.44444,974.5,998.75,1062.0,932.5,0.01932,0.02943,0.00025,1.52303,0.76531,0.8,0.0,0.0,0.0,0.0,0.0,0.0,0.0,1,0.0,1.0,150,packet,150,Whatsapp
121,787.56198,288.85224,902.0,973.0,1027.0,860.0,0.00553,0.00703,0.0028,1.27095,29.0,892.75862,217.49192,952.0,998.0,1013.0,910.0,0.0187,0.02674,0.00023,1.4302,0.78636,0.80667,0.0,0.0,0.0,0.0,0.0,0.0,0.0,1,0.0,1.0,150,packet,150,Whatsapp
115,818.35652,276.68642,944.0,982.0,1027.0,902.0,0.00612,0.00743,0.00327,1.21455,35.0,914.48571,192.11728,976.0,1004.0,1017.0,934.0,0.0194,0.02815,0.00025,1.45066,0.74621,0.76667,0.0,0.0,0.0,0.0,0.0,0.0,0.0,1,0.0,1.0,150,packet,150,Whatsapp
115,820.11304,287.60546,956.0,969.0,1026.0,914.0,0.00619,0.00816,0.00359,1.31733,35.0,925.45714,196.85925,978.0,1018.0,1053.0,936.0,0.01964,0.02857,0.00024,1.45476,0.74436,0.76667,0.0,0.0,0.0,0.0,0.0,0.0,0.0,1,0.0,1.0,150,packet,150,Whatsapp
118,826.71186,264.1815,945.0,968.0,1013.0,903.0,0.00601,0.00818,0.00237,1.36103,32.0,904.0,211.36151,973.0,997.5,1022.0,931.0,0.01949,0.03015,0.00019,1.54657,0.77128,0.78667,0.0,0.0,0.0,0.0,0.0,0.0,0.0,1,0.0,1.0,150,packet,150,Whatsapp
114,780.02632,315.63935,950.0,986.0,1019.0,908.0,0.0056,0.00741,0.00128,1.32372,36.0,813.25,330.79251,967.0,1034.75,1063.0,925.0,0.01654,0.02536,0.00026,1.53304,0.75231,0.76,0.0,0.0,0.0,0.0,0.0,0.0,0.0,1,0.0,1.0,150,packet,150,Whatsapp
117,742.10256,341.45311,930.0,977.0,1019.0,888.0,0.0052,0.00693,0.00318,1.33369,33.0,888.48485,252.05232,982.0,1037.0,1058.0,940.0,0.01861,0.0308,0.00026,1.65535,0.74756,0.78,0.0,0.0,0.0,0.0,0.0,0.0,0.0,1,0.0,1.0,150,packet,150,Whatsapp
119,778.65546,295.3729,910.0,969.5,1015.0,868.0,0.00565,0.00842,0.00222,1.49039,31.0,951.80645,212.73055,1028.0,1066.0,1082.0,986.0,0.02,0.03059,0.00019,1.52956,0.75848,0.79333,0.0,0.0,0.0,0.0,0.0,0.0,0.0,1,0.0,1.0,150,packet,150,Whatsapp
36,762.41667,335.19019,946.0,967.0,1042.0,904.0,0.01692,0.02456,0.00041,1.45158,114.0,767.57018,308.01521,920.5,965.75,1004.0,878.5,0.00575,0.00777,0.00312,1.35093,0.23877,0.24,0.0,0.0,0.0,0.0,0.0,0.0,0.0,1,0.0,1.0,150,packet,150,Whatsapp
131,808.26718,291.99981,954.0,987.0,1021.0,912.0,0.00587,0.00897,0.00127,1.5285,19.0,812.52632,242.60415,855.0,924.0,1015.0,813.0,0.01413,0.02248,0.00019,1.59164,0.87275,0.87333,0.0,0.0,0.0,0.0,0.0,0.0,0.0,1,0.0,1.0,150,packet,150,Whatsapp
150,803.64,297.62176,938.5,988.5,1022.0,896.5,0.00595,0.00857,0.00135,1.43913,0.0,0.0,0.0,0.0,0.0,0.0,0.0,0.0,0.0,0.0,0.0,1.0,1.0,0.0,0.0,0.0,0.0,0.0,0.0,0.0,1,0.0,1.0,150,packet,150,Whatsapp
145,809.77241,300.67546,946.0,984.0,1021.0,904.0,0.00582,0.00817,0.00234,1.40271,5.0,595.2,432.9108,948.0,949.0,949.0,906.0,0.00455,0.00741,0.0003,1.62786,0.97528,0.96667,0.0,0.0,0.0,0.0,0.0,0.0,0.0,1,0.0,1.0,150,packet,150,Whatsapp
30,692.16667,400.82116,937.5,1001.5,1014.0,895.5,0.01526,0.02102,0.00548,1.37811,120.0,557.54167,357.39432,815.0,883.5,1015.0,773.0,0.00378,0.00732,0.0,1.93747,0.23685,0.2,0.0,0.0,0.0,0.0,0.0,0.0,0.0,1,0.0,1.0,150,packet,150,Whatsapp
118,708.08475,320.60857,852.0,940.0,1013.0,810.0,0.0052,0.00789,0.00139,1.51715,32.0,830.90625,318.41015,951.5,1003.0,1084.0,909.5,0.01719,0.03156,0.00024,1.83605,0.7586,0.78667,0.0,0.0,0.0,0.0,0.0,0.0,0.0,1,0.0,1.0,150,packet,150,Whatsapp
37,788.94595,347.18785,935.0,985.0,1081.0,893.0,0.10957,0.55456,0.00028,5.06137,113.0,764.77876,291.63165,900.0,946.0,1003.0,858.0,0.03521,0.31377,0.00292,8.91158,0.25249,0.24667,0.0,0.0,0.0,0.0,0.0,0.0,0.0,2,3.33384,1.0,150,packet,150,Whatsapp
121,741.78512,309.5165,854.0,969.0,1022.0,812.0,0.00546,0.0084,0.00214,1.53674,29.0,896.65517,273.29853,955.0,1069.0,1085.0,913.0,0.01902,0.02702,0.00021,1.42072,0.77537,0.80667,0.0,0.0,0.0,0.0,0.0,0.0,0.0,1,0.0,1.0,150,packet,150,Whatsapp
123,594.8374,362.374,804.0,926.0,1022.0,762.0,0.00398,0.00497,0.00181,1.24887,27.0,868.51852,286.16718,976.0,1044.0,1070.0,934.0,0.01824,0.02879,0.00026,1.57841,0.75728,0.82,0.0,0.0,0.0,0.0,0.0,0.0,0.0,1,0.0,1.0,150,packet,150,Whatsapp
132,683.94697,308.34535,805.0,925.0,1018.0,763.0,0.07555,0.79422,0.00214,10.51304,18.0,503.38889,364.61412,265.0,1011.5,1023.0,223.0,0.58028,2.15174,0.06026,3.70813,0.90879,0.88,0.0,0.0,0.0,0.0,0.0,0.0,0.0,2,9.13063,1.0,150,packet,150,Whatsapp
130,708.85385,339.46959,882.0,967.75,1027.0,840.0,0.00658,0.00947,0.00032,1.43756,20.0,707.6,340.91134,796.0,1064.25,1069.0,754.0,0.04297,0.04932,0.01982,1.1476,0.86687,0.86667,0.0,0.0,0.0,0.0,0.0,0.0,0.0,1,0.0,1.0,150,packet,150,Whatsapp
129,725.37984,305.04472,856.0,945.0,1026.0,814.0,0.05943,0.59313,0.0024,9.98025,21.0,701.7619,306.73114,749.0,973.0,1066.0,707.0,0.37979,1.48106,0.0545,3.89972,0.86394,0.86,0.0,0.0,0.0,0.0,0.0,0.0,0.0,2,6.74086,1.0,150,packet,150,Whatsapp
127,617.8189,321.72254,735.0,862.0,1026.0,693.0,0.00567,0.00729,0.00214,1.28483,23.0,896.43478,183.92953,951.0,997.0,1030.0,909.0,0.03015,0.03228,0.00736,1.07035,0.79191,0.84667,0.0,0.0,0.0,0.0,0.0,0.0,0.0,1,0.0,1.0,150,packet,150,Whatsapp
125,692.312,336.82718,845.0,942.0,1007.0,803.0,0.04914,0.47129,0.00276,9.59111,25.0,870.24,287.69224,974.0,1044.0,1074.0,932.0,0.03013,0.03247,0.01674,1.07762,0.7991,0.83333,0.0,0.0,0.0,0.0,0.0,0.0,0.0,2,5.27516,1.0,150,packet,150,Whatsapp
125,680.208,337.90842,842.0,938.0,1023.0,800.0,0.00586,0.00769,0.00308,1.31059,25.0,770.92,256.34897,792.0,974.0,1000.0,750.0,0.02564,0.02873,0.00745,1.12035,0.81521,0.83333,0.0,0.0,0.0,0.0,0.0,0.0,0.0,1,0.0,1.0,150,packet,150,Whatsapp
125,595.08,336.13665,718.0,886.0,1016.0,676.0,0.00602,0.00762,0.00349,1.26447,25.0,873.68,220.27196,941.0,979.0,999.0,899.0,0.03084,0.03133,0.0184,1.01594,0.77302,0.83333,0.0,0.0,0.0,0.0,0.0,0.0,0.0,1,0.0,1.0,150,packet,150,Whatsapp
27,883.51852,217.91918,940.0,966.5,1071.0,898.0,0.03111,0.03806,0.00478,1.22344,123.0,675.55285,343.80483,825.0,953.0,1021.0,783.0,0.0067,0.01027,0.0024,1.53468,0.22305,0.18,0.0,0.0,0.0,0.0,0.0,0.0,0.0,1,0.0,1.0,150,packet,150,Whatsapp
136,680.15441,335.89006,845.0,946.75,1019.0,803.0,0.01053,0.03987,0.00234,3.78818,14.0,729.57143,380.1377,941.0,976.25,1049.0,899.0,0.10575,0.20026,0.04997,1.89367,0.90056,0.90667,0.0,0.0,0.0,0.0,0.0,0.0,0.0,2,0.45904,1.0,150,packet,150,Whatsapp
144,601.13889,390.58998,787.0,968.5,1027.0,745.0,0.00496,0.00864,0.0,1.74233,6.0,84.66667,33.8165,68.0,74.0,160.0,26.0,0.07238,0.08047,0.04324,1.11173,0.99417,0.96,0.0,0.0,0.0,0.0,0.0,0.0,0.0,1,0.0,1.0,150,packet,150,Whatsapp
146,705.69863,287.23224,826.0,901.0,1022.0,784.0,0.00608,0.00862,0.00098,1.41908,4.0,113.25,41.32418,111.5,152.75,158.0,69.5,0.17203,0.08953,0.17365,0.52046,0.99562,0.97333,0.0,0.0,0.0,0.0,0.0,0.0,0.0,1,0.0,1.0,150,packet,150,Whatsapp
147,734.29252,304.38957,880.0,921.5,1009.0,838.0,0.00586,0.00798,0.00118,1.36255,3.0,155.33333,5.31246,155.0,158.5,162.0,113.0,0.21441,0.16578,0.21441,0.77321,0.9957,0.98,0.0,0.0,0.0,0.0,0.0,0.0,0.0,1,0.0,1.0,150,packet,150,Whatsapp
146,723.61644,285.98279,864.0,903.0,1022.0,822.0,0.0055,0.00806,0.0022,1.46453,4.0,119.25,52.57079,118.5,168.25,178.0,76.5,0.13851,0.1436,0.05683,1.0367,0.99551,0.97333,0.0,0.0,0.0,0.0,0.0,0.0,0.0,1,0.0,1.0,150,packet,150,Whatsapp
148,741.94595,288.31638,882.0,901.0,993.0,840.0,0.00585,0.00845,0.00208,1.44558,2.0,170.5,4.5,170.5,172.75,175.0,128.5,0.4353,0.0,0.4353,0.0,0.9969,0.98667,0.0,0.0,0.0,0.0,0.0,0.0,0.0,1,0.0,1.0,150,packet,150,Whatsapp
147,715.04082,301.8045,819.0,911.0,1016.0,777.0,0.00542,0.0069,0.00314,1.27327,3.0,105.66667,47.61186,72.0,122.5,173.0,30.0,0.14105,0.12902,0.14105,0.91473,0.99699,0.98,0.0,0.0,0.0,0.0,0.0,0.0,0.0,1,0.0,1.0,150,packet,150,Whatsapp
140,726.75714,316.12637,849.0,923.0,1026.0,807.0,0.00583,0.0079,0.00315,1.35364,10.0,210.1,60.25687,230.0,248.75,284.0,188.0,0.08707,0.10563,0.05816,1.21309,0.97977,0.93333,0.0,0.0,0.0,0.0,0.0,0.0,0.0,1,0.0,1.0,150,packet,150,Whatsapp
137,697.51095,323.48527,856.0,904.0,972.0,814.0,0.00552,0.00783,0.00206,1.41857,13.0,218.38462,59.01569,244.0,254.0,282.0,202.0,0.05657,0.0193,0.06222,0.34123,0.97115,0.91333,0.0,0.0,0.0,0.0,0.0,0.0,0.0,1,0.0,1.0,150,packet,150,Whatsapp
11,180.27273,61.29228,175.0,236.0,263.0,133.0,0.08401,0.08589,0.06373,1.02237,139.0,786.68345,221.7888,840.0,883.5,1029.0,798.0,0.00633,0.0091,0.00218,1.4375,0.01781,0.07333,0.0,0.0,0.0,0.0,0.0,0.0,0.0,1,0.0,1.0,150,packet,150,Whatsapp
147,695.18367,285.86341,834.0,874.5,1007.0,792.0,0.00505,0.00731,0.0013,1.44791,3.0,101.0,41.01219,72.0,115.5,159.0,30.0,0.0085,0.00606,0.0085,0.71277,0.99704,0.98,0.0,0.0,0.0,0.0,0.0,0.0,0.0,1,0.0,1.0,150,packet,150,Whatsapp
147,717.07483,261.103,798.0,884.0,995.0,756.0,0.00501,0.00775,0.00105,1.54613,3.0,140.33333,48.9376,165.0,174.5,184.0,123.0,0.22031,0.03471,0.22031,0.15756,0.99602,0.98,0.0,0.0,0.0,0.0,0.0,0.0,0.0,1,0.0,1.0,150,packet,150,Whatsapp
138,712.41304,280.68536,822.5,880.75,1008.0,780.5,0.00529,0.00769,0.0021,1.45237,12.0,189.66667,68.21453,202.0,253.0,272.0,160.0,0.05023,0.024,0.0583,0.47775,0.97737,0.92,0.0,0.0,0.0,0.0,0.0,0.0,0.0,1,0.0,1.0,150,packet,150,Whatsapp
2,124.5,49.5,124.5,149.25,174.0,82.5,0.36158,0.0,0.36158,0.0,148.0,733.79054,254.20595,840.5,866.0,920.0,798.5,0.00506,0.00832,0.00106,1.64544,0.00229,0.01333,0.0,0.0,0.0,0.0,0.0,0.0,0.0,1,0.0,1.0,150,packet,150,Whatsapp
146,709.45205,278.78545,836.5,868.5,964.0,794.5,0.00573,0.00739,0.00219,1.29026,4.0,123.5,51.67446,120.5,172.0,181.0,78.5,0.17623,0.13955,0.14159,0.79185,0.99525,0.97333,0.0,0.0,0.0,0.0,0.0,0.0,0.0,1,0.0,1.0,150,packet,150,Whatsapp
145,712.15172,278.82068,836.0,886.0,998.0,794.0,0.00556,0.00906,0.00109,1.62908,5.0,155.4,45.73664,167.0,168.0,212.0,125.0,0.18709,0.14987,0.11104,0.80109,0.99253,0.96667,0.0,0.0,0.0,0.0,0.0,0.0,0.0,1,0.0,1.0,150,packet,150,Whatsapp
136,737.47794,249.65938,835.0,875.0,1023.0,793.0,0.00551,0.00886,0.00105,1.60866,14.0,208.57143,60.79088,231.0,242.25,260.0,189.0,0.0516,0.02273,0.06312,0.44054,0.97171,0.90667,0.0,0.0,0.0,0.0,0.0,0.0,0.0,1,0.0,1.0,150,packet,150,Whatsapp
137,749.27737,253.4944,832.0,879.0,1026.0,790.0,0.00578,0.00723,0.00311,1.25066,13.0,234.69231,24.33859,242.0,248.0,275.0,200.0,0.05884,0.02314,0.04806,0.3932,0.97114,0.91333,0.0,0.0,0.0,0.0,0.0,0.0,0.0,1,0.0,1.0,150,packet,150,Whatsapp
14,224.92857,64.39106,254.0,258.75,273.0,212.0,0.0511,0.03449,0.04284,0.67507,136.0,721.23529,271.39222,834.0,892.0,998.0,792.0,0.00515,0.00731,0.00228,1.41818,0.03111,0.09333,0.0,0.0,0.0,0.0,0.0,0.0,0.0,1,0.0,1.0,150,packet,150,Whatsapp
13,256.0,10.03839,254.0,261.0,280.0,212.0,0.05964,0.03475,0.04998,0.58272,137.0,710.74453,269.22571,817.0,859.0,1026.0,775.0,0.00546,0.00666,0.00328,1.22004,0.03305,0.08667,0.0,0.0,0.0,0.0,0.0,0.0,0.0,1,0.0,1.0,150,packet,150,Whatsapp
137,705.09489,262.17278,795.0,878.0,1013.0,753.0,0.00513,0.00677,0.00279,1.31888,13.0,207.0,62.72529,226.0,239.0,272.0,184.0,0.04854,0.01965,0.05639,0.40491,0.9729,0.91333,0.0,0.0,0.0,0.0,0.0,0.0,0.0,1,0.0,1.0,150,packet,150,Whatsapp
146,677.82192,274.13145,789.0,854.0,1020.0,747.0,0.00534,0.00694,0.00217,1.30101,4.0,166.25,52.82696,194.0,198.25,202.0,152.0,0.24009,0.12248,0.31914,0.51013,0.99333,0.97333,0.0,0.0,0.0,0.0,0.0,0.0,0.0,1,0.0,1.0,150,packet,150,Whatsapp
145,666.73793,270.67005,761.0,820.0,1019.0,719.0,0.0055,0.00806,0.00195,1.46562,5.0,176.0,50.75037,202.0,204.0,207.0,160.0,0.14154,0.15356,0.05665,1.08493,0.99098,0.96667,0.0,0.0,0.0,0.0,0.0,0.0,0.0,1,0.0,1.0,150,packet,150,Whatsapp
142,627.45775,280.00193,756.0,797.0,976.0,714.0,0.0057,0.00821,0.00106,1.43894,8.0,164.875,53.49168,189.5,201.5,209.0,147.5,0.09067,0.07352,0.063,0.81094,0.98541,0.94667,0.0,0.0,0.0,0.0,0.0,0.0,0.0,1,0.0,1.0,150,packet,150,Whatsapp
145,637.53103,305.58681,730.0,874.0,1007.0,688.0,0.0062,0.00826,0.00212,1.3326,5.0,112.8,54.20849,72.0,176.0,182.0,30.0,0.21152,0.2135,0.17239,1.00939,0.99394,0.96667,0.0,0.0,0.0,0.0,0.0,0.0,0.0,1,0.0,1.0,150,packet,150,Whatsapp
143,603.95804,295.92155,721.0,843.0,982.0,679.0,0.00687,0.0092,0.00337,1.33975,7.0,176.85714,48.88596,180.0,193.0,251.0,138.0,0.08794,0.072,0.06523,0.81868,0.98587,0.95333,0.0,0.0,0.0,0.0,0.0,0.0,0.0,1,0.0,1.0,150,packet,150,Whatsapp
146,621.9863,265.83657,702.5,812.75,1023.0,660.5,0.00773,0.00986,0.00346,1.27457,4.0,321.0,137.22063,326.5,458.0,458.0,284.5,0.22166,0.1715,0.24679,0.7737,0.98606,0.97333,0.0,0.0,0.0,0.0,0.0,0.0,0.0,1,0.0,1.0,150,packet,150,Whatsapp
150,601.90667,294.16792,701.5,840.0,1021.0,659.5,0.00643,0.00853,0.00216,1.32643,0.0,0.0,0.0,0.0,0.0,0.0,0.0,0.0,0.0,0.0,0.0,1.0,1.0,0.0,0.0,0.0,0.0,0.0,0.0,0.0,1,0.0,1.0,150,packet,150,Whatsapp
139,642.04317,297.81199,759.0,878.0,987.0,717.0,0.00685,0.0077,0.00341,1.12429,11.0,100.27273,54.12291,68.0,123.5,199.0,26.0,0.03621,0.03532,0.02869,0.97547,0.98779,0.92667,0.0,0.0,0.0,0.0,0.0,0.0,0.0,1,0.0,1.0,150,packet,150,Whatsapp
132,599.54545,313.98457,668.0,864.25,1027.0,626.0,0.00744,0.00891,0.00323,1.19753,18.0,161.55556,86.02533,193.0,246.5,270.0,151.0,0.05007,0.02824,0.03324,0.56405,0.96456,0.88,0.0,0.0,0.0,0.0,0.0,0.0,0.0,1,0.0,1.0,150,packet,150,Whatsapp
127,449.24409,264.6236,418.0,676.5,984.0,376.0,0.00863,0.00844,0.00525,0.97837,23.0,186.6087,83.31122,239.0,252.5,295.0,197.0,0.04319,0.01898,0.04687,0.43935,0.93004,0.84667,0.0,0.0,0.0,0.0,0.0,0.0,0.0,1,0.0,1.0,150,packet,150,Whatsapp
139,534.52518,318.19232,669.0,811.0,1020.0,627.0,0.0093,0.00864,0.00753,0.92883,11.0,621.0,357.41496,741.0,942.0,942.0,699.0,0.09846,0.15918,0.0088,1.61661,0.9158,0.92667,0.0,0.0,0.0,0.0,0.0,0.0,0.0,1,0.0,1.0,150,packet,150,Whatsapp
117,568.35897,319.48504,764.0,838.0,972.0,722.0,0.00978,0.00981,0.00713,1.0031,33.0,472.54545,235.44311,506.0,700.0,897.0,464.0,0.03517,0.01957,0.0387,0.55647,0.81004,0.78,0.0,0.0,0.0,0.0,0.0,0.0,0.0,1,0.0,1.0,150,packet,150,Whatsapp
115,578.13043,363.94607,767.0,900.0,1010.0,725.0,0.00983,0.00941,0.00788,0.95792,35.0,476.62857,243.66852,284.0,727.5,834.0,242.0,0.03173,0.02041,0.03142,0.64335,0.79942,0.76667,0.0,0.0,0.0,0.0,0.0,0.0,0.0,1,0.0,1.0,150,packet,150,Whatsapp
34,478.20588,295.82186,264.0,803.75,933.0,222.0,0.03027,0.01845,0.03097,0.60961,116.0,543.75,322.37598,576.0,810.25,1027.0,534.0,0.00858,0.0105,0.00538,1.22398,0.20494,0.22667,0.0,0.0,0.0,0.0,0.0,0.0,0.0,1,0.0,1.0,150,packet,150,Whatsapp
27,557.88889,341.33196,740.0,839.0,1042.0,698.0,0.03307,0.02016,0.03201,0.60975,123.0,504.09756,279.33354,585.0,638.0,1014.0,543.0,0.0071,0.00824,0.00408,1.16062,0.19545,0.18,0.0,0.0,0.0,0.0,0.0,0.0,0.0,1,0.0,1.0,150,packet,150,Whatsapp
122,516.80328,249.33823,600.0,648.0,1010.0,558.0,0.00715,0.00826,0.00472,1.15454,28.0,451.85714,280.34032,283.0,701.25,973.0,241.0,0.03112,0.0211,0.03115,0.67806,0.83287,0.81333,0.0,0.0,0.0,0.0,0.0,0.0,0.0,1,0.0,1.0,150,packet,150,Whatsapp
133,552.16541,249.99913,645.0,687.0,966.0,603.0,0.00691,0.00798,0.00485,1.15431,17.0,703.52941,275.86039,789.0,859.0,1002.0,747.0,0.05454,0.0206,0.06262,0.37772,0.85995,0.88667,0.0,0.0,0.0,0.0,0.0,0.0,0.0,1,0.0,1.0,150,packet,150,Whatsapp
123,559.58537,244.85479,654.0,725.0,1019.0,612.0,0.00671,0.00797,0.00403,1.18842,27.0,506.37037,307.39348,280.0,818.0,997.0,238.0,0.03059,0.01931,0.03024,0.63148,0.83428,0.82,0.0,0.0,0.0,0.0,0.0,0.0,0.0,1,0.0,1.0,150,packet,150,Whatsapp
122,532.35246,306.8263,690.5,770.75,980.0,648.5,0.00663,0.00792,0.00417,1.19523,28.0,515.60714,300.7776,453.0,781.75,1024.0,411.0,0.02872,0.01939,0.02927,0.67503,0.81814,0.81333,0.0,0.0,0.0,0.0,0.0,0.0,0.0,1,0.0,1.0,150,packet,150,Whatsapp
126,615.80952,292.22061,753.0,845.5,1012.0,711.0,0.00546,0.00739,0.00269,1.35433,24.0,509.04167,348.07297,275.0,907.5,1057.0,233.0,0.03005,0.03504,0.01588,1.1658,0.86397,0.84,0.0,0.0,0.0,0.0,0.0,0.0,0.0,1,0.0,1.0,150,packet,150,Whatsapp
25,514.48,297.87878,613.0,705.0,1052.0,571.0,0.03186,0.03178,0.02706,0.99748,125.0,570.784,309.87145,708.0,819.0,1024.0,666.0,0.00627,0.0088,0.00225,1.40344,0.15274,0.16667,0.0,0.0,0.0,0.0,0.0,0.0,0.0,1,0.0,1.0,150,packet,150,Whatsapp
133,630.64662,314.98226,807.0,874.0,976.0,765.0,0.0067,0.00889,0.0021,1.32661,17.0,708.52941,287.20563,850.0,878.0,1032.0,808.0,0.04805,0.03731,0.04929,0.7764,0.87443,0.88667,0.0,0.0,0.0,0.0,0.0,0.0,0.0,1,0.0,1.0,150,packet,150,Whatsapp
135,654.73333,304.9836,807.0,885.0,989.0,765.0,0.00613,0.00793,0.0041,1.29399,15.0,756.0,258.13821,853.0,948.0,979.0,811.0,0.05015,0.02433,0.06291,0.48515,0.88629,0.9,0.0,0.0,0.0,0.0,0.0,0.0,0.0,1,0.0,1.0,150,packet,150,Whatsapp
132,635.24242,278.94575,746.0,808.25,948.0,704.0,0.00565,0.00732,0.00202,1.29499,18.0,646.22222,323.10276,634.5,873.75,1059.0,592.5,0.04148,0.03799,0.03937,0.91577,0.87818,0.88,0.0,0.0,0.0,0.0,0.0,0.0,0.0,1,0.0,1.0,150,packet,150,Whatsapp
134,639.82836,278.94732,772.0,797.0,1027.0,730.0,0.00504,0.00667,0.00238,1.32365,16.0,699.4375,267.8507,697.0,935.75,1006.0,655.0,0.04441,0.03324,0.05202,0.7484,0.88454,0.89333,0.0,0.0,0.0,0.0,0.0,0.0,0.0,1,0.0,1.0,150,packet,150,Whatsapp
135,639.76296,258.73405,762.0,797.5,915.0,720.0,0.00512,0.00638,0.00213,1.24558,15.0,760.13333,259.93611,874.0,905.0,1053.0,832.0,0.04314,0.03971,0.04128,0.92047,0.88338,0.9,0.0,0.0,0.0,0.0,0.0,0.0,0.0,1,0.0,1.0,150,packet,150,Whatsapp
142,637.27465,271.38752,776.0,800.0,953.0,734.0,0.00515,0.00717,0.00108,1.39333,8.0,296.875,177.14361,245.5,272.0,756.0,203.5,0.09247,0.06535,0.06429,0.70675,0.97443,0.94667,0.0,0.0,0.0,0.0,0.0,0.0,0.0,1,0.0,1.0,150,packet,150,Whatsapp
130,676.24615,254.25163,770.5,789.0,1027.0,728.5,0.00554,0.00749,0.0025,1.35202,20.0,306.05,225.63388,249.5,263.5,908.0,207.5,0.0352,0.02791,0.04242,0.79299,0.93491,0.86667,0.0,0.0,0.0,0.0,0.0,0.0,0.0,1,0.0,1.0,150,packet,150,Whatsapp
115,740.69565,269.9438,832.0,914.0,1023.0,790.0,0.00624,0.00789,0.00291,1.26574,35.0,400.48571,263.80495,283.0,607.5,1011.0,241.0,0.01779,0.01812,0.01574,1.01816,0.8587,0.76667,0.0,0.0,0.0,0.0,0.0,0.0,0.0,1,0.0,1.0,150,packet,150,Whatsapp
126,658.98413,287.84475,760.5,848.0,1027.0,718.5,0.00585,0.00751,0.00318,1.28343,24.0,529.91667,349.72929,607.0,732.0,1054.0,565.0,0.02767,0.02683,0.02495,0.9697,0.86717,0.84,0.0,0.0,0.0,0.0,0.0,0.0,0.0,1,0.0,1.0,150,packet,150,Whatsapp
132,598.23485,313.70411,748.5,808.5,1013.0,706.5,0.00471,0.00589,0.00204,1.24982,18.0,470.38889,365.91896,594.5,666.0,1077.0,552.5,0.02863,0.02953,0.02274,1.03149,0.90316,0.88,0.0,0.0,0.0,0.0,0.0,0.0,0.0,1,0.0,1.0,150,packet,150,Whatsapp
141,516.57447,343.59601,721.0,789.0,1026.0,679.0,0.02164,0.20937,0.00175,9.6765,9.0,373.33333,318.70049,187.0,714.0,793.0,145.0,0.36757,0.83354,0.05273,2.26773,0.9559,0.94,0.0,0.0,0.0,0.0,0.0,0.0,0.0,2,2.48932,1.0,150,packet,150,Whatsapp
136,529.43382,317.02824,716.0,826.25,1012.0,674.0,0.00393,0.00449,0.00214,1.14105,14.0,613.28571,339.27916,737.5,841.75,1028.0,695.5,0.03768,0.05276,0.03069,1.40042,0.89346,0.90667,0.0,0.0,0.0,0.0,0.0,0.0,0.0,1,0.0,1.0,150,packet,150,Whatsapp
3,351.66667,337.54638,161.0,493.5,826.0,119.0,0.01726,0.01542,0.01726,0.89317,147.0,557.0068,317.99601,739.0,833.5,951.0,697.0,0.00387,0.00482,0.00218,1.24396,0.01272,0.02,0.0,0.0,0.0,0.0,0.0,0.0,0.0,1,0.0,1.0,150,packet,150,Whatsapp
147,490.36054,287.30533,382.0,768.0,1020.0,340.0,0.03291,0.34406,0.0026,10.45304,3.0,601.0,67.6215,584.0,637.5,691.0,542.0,0.07486,0.01559,0.07486,0.20823,0.9756,0.98,0.0,0.0,0.0,0.0,0.0,0.0,0.0,2,4.17556,1.0,150,packet,150,Whatsapp
150,565.18667,294.05313,694.0,802.5,1019.0,652.0,0.00456,0.00783,0.0,1.71704,0.0,0.0,0.0,0.0,0.0,0.0,0.0,0.0,0.0,0.0,0.0,1.0,1.0,0.0,0.0,0.0,0.0,0.0,0.0,0.0,1,0.0,1.0,150,packet,150,Whatsapp
127,598.95276,333.03337,753.0,885.5,1026.0,711.0,0.00465,0.00791,0.00128,1.70121,23.0,370.47826,387.98598,72.0,848.0,963.0,30.0,0.02006,0.01565,0.01632,0.78007,0.89926,0.84667,0.0,0.0,0.0,0.0,0.0,0.0,0.0,1,0.0,1.0,150,packet,150,Whatsapp
128,703.65625,278.66746,783.0,889.75,1025.0,741.0,0.00575,0.00632,0.00412,1.09835,22.0,487.63636,403.86829,496.0,888.0,998.0,454.0,0.03156,0.02099,0.02784,0.66518,0.89357,0.85333,0.0,0.0,0.0,0.0,0.0,0.0,0.0,1,0.0,1.0,150,packet,150,Whatsapp
129,721.75969,291.59749,847.0,924.0,1012.0,805.0,0.00617,0.00794,0.00295,1.28609,21.0,545.04762,403.84267,734.0,907.0,1085.0,692.0,0.03631,0.02153,0.03187,0.59297,0.89052,0.86,0.0,0.0,0.0,0.0,0.0,0.0,0.0,1,0.0,1.0,150,packet,150,Whatsapp
131,678.71756,328.26028,850.0,921.0,1015.0,808.0,0.0054,0.00669,0.0024,1.23819,19.0,613.26316,421.9113,838.0,1017.0,1049.0,796.0,0.03742,0.02692,0.03593,0.71925,0.88413,0.87333,0.0,0.0,0.0,0.0,0.0,0.0,0.0,1,0.0,1.0,150,packet,150,Whatsapp
129,685.47287,311.95997,808.0,931.0,1011.0,766.0,0.00558,0.00677,0.0032,1.21202,21.0,541.19048,410.35543,634.0,960.0,1087.0,592.0,0.0355,0.02278,0.034,0.64171,0.88611,0.86,0.0,0.0,0.0,0.0,0.0,0.0,0.0,1,0.0,1.0,150,packet,150,Whatsapp
19,630.94737,343.01979,772.0,856.0,1051.0,730.0,0.03642,0.02543,0.03614,0.69837,131.0,633.18321,330.01424,820.0,887.5,1000.0,778.0,0.00528,0.00569,0.00328,1.07849,0.12628,0.12667,0.0,0.0,0.0,0.0,0.0,0.0,0.0,1,0.0,1.0,150,packet,150,Whatsapp
132,630.4697,322.76287,769.5,894.25,1009.0,727.5,0.00561,0.00675,0.00279,1.20349,18.0,586.83333,368.43275,745.0,891.5,1053.0,703.0,0.03894,0.03465,0.03697,0.89002,0.88737,0.88,0.0,0.0,0.0,0.0,0.0,0.0,0.0,1,0.0,1.0,150,packet,150,Whatsapp
17,740.17647,264.79476,763.0,970.0,1052.0,721.0,0.04594,0.07902,0.00739,1.71992,133.0,681.32331,321.58577,811.0,936.0,1022.0,769.0,0.00563,0.00632,0.00392,1.12225,0.12193,0.11333,0.0,0.0,0.0,0.0,0.0,0.0,0.0,1,0.0,1.0,150,packet,150,Whatsapp
134,594.63433,308.95417,765.0,841.75,1016.0,723.0,0.00479,0.00651,0.0022,1.36051,16.0,604.4375,189.64308,625.5,649.0,1009.0,583.5,0.03219,0.0325,0.01618,1.0095,0.89177,0.89333,0.0,0.0,0.0,0.0,0.0,0.0,0.0,1,0.0,1.0,150,packet,150,Whatsapp
133,627.74436,321.7289,781.0,911.0,1017.0,739.0,0.0046,0.00553,0.00277,1.20212,17.0,602.76471,267.8607,593.0,705.0,986.0,551.0,0.03362,0.03003,0.03272,0.89305,0.89068,0.88667,0.0,0.0,0.0,0.0,0.0,0.0,0.0,1,0.0,1.0,150,packet,150,Whatsapp
16,706.25,250.9812,692.5,868.75,1076.0,650.5,0.03933,0.02821,0.04611,0.71715,134.0,587.91045,286.42114,738.0,800.0,1011.0,696.0,0.00459,0.00511,0.00288,1.11404,0.12544,0.10667,0.0,0.0,0.0,0.0,0.0,0.0,0.0,1,0.0,1.0,150,packet,150,Whatsapp
136,600.49265,315.73101,776.0,837.25,994.0,734.0,0.00447,0.00572,0.00282,1.27971,14.0,732.92857,273.02288,809.5,855.0,1038.0,767.5,0.04006,0.02955,0.05734,0.7376,0.88838,0.90667,0.0,0.0,0.0,0.0,0.0,0.0,0.0,1,0.0,1.0,150,packet,150,Whatsapp
136,555.125,287.41895,731.0,807.0,1012.0,689.0,0.00414,0.00515,0.00213,1.24486,14.0,705.42857,332.64196,738.5,985.75,1078.0,696.5,0.04102,0.02988,0.05178,0.7286,0.88432,0.90667,0.0,0.0,0.0,0.0,0.0,0.0,0.0,1,0.0,1.0,150,packet,150,Whatsapp
137,560.69343,278.83351,732.0,765.0,1027.0,690.0,0.00412,0.00497,0.00232,1.20625,13.0,688.0,302.31822,622.0,985.0,1055.0,580.0,0.04103,0.03161,0.06369,0.77041,0.89571,0.91333,0.0,0.0,0.0,0.0,0.0,0.0,0.0,1,0.0,1.0,150,packet,150,Whatsapp
135,534.6,270.65542,718.0,754.0,922.0,676.0,0.00406,0.00484,0.00225,1.19108,15.0,649.46667,262.27489,631.0,701.5,1087.0,589.0,0.03248,0.02995,0.03228,0.92222,0.88107,0.9,0.0,0.0,0.0,0.0,0.0,0.0,0.0,1,0.0,1.0,150,packet,150,Whatsapp
134,530.1194,303.3366,725.5,769.0,1005.0,683.5,0.00396,0.00519,0.00207,1.3096,16.0,623.125,288.83254,671.5,710.0,1050.0,629.5,0.03229,0.02844,0.02976,0.88063,0.87692,0.89333,0.0,0.0,0.0,0.0,0.0,0.0,0.0,1,0.0,1.0,150,packet,150,Whatsapp
14,687.14286,257.40431,660.5,871.75,1040.0,618.5,0.037,0.02951,0.0482,0.79761,136.0,531.80147,308.27642,724.0,780.25,1008.0,682.0,0.00377,0.00475,0.00217,1.26163,0.1174,0.09333,0.0,0.0,0.0,0.0,0.0,0.0,0.0,1,0.0,1.0,150,packet,150,Whatsapp
133,560.94737,298.73803,729.0,790.0,1027.0,687.0,0.0042,0.00434,0.00285,1.03389,17.0,616.76471,244.86504,642.0,698.0,1082.0,600.0,0.0292,0.02712,0.02451,0.92898,0.87678,0.88667,0.0,0.0,0.0,0.0,0.0,0.0,0.0,1,0.0,1.0,150,packet,150,Whatsapp
127,524.4252,316.65323,281.0,837.0,1024.0,239.0,0.0038,0.00451,0.00203,1.18727,23.0,477.13043,343.60396,277.0,852.5,1032.0,235.0,0.01948,0.01719,0.01675,0.88246,0.85854,0.84667,0.0,0.0,0.0,0.0,0.0,0.0,0.0,1,0.0,1.0,150,packet,150,Whatsapp
130,534.58462,365.57225,478.0,905.75,1020.0,436.0,0.004,0.00481,0.00256,1.2014,20.0,495.65,332.52643,611.0,690.75,1050.0,569.0,0.02453,0.02142,0.02136,0.87318,0.87517,0.86667,0.0,0.0,0.0,0.0,0.0,0.0,0.0,1,0.0,1.0,150,packet,150,Whatsapp
130,578.33077,311.57423,765.0,810.5,1012.0,723.0,0.00445,0.00489,0.00272,1.09996,20.0,597.65,224.6489,653.5,694.75,999.0,611.5,0.0279,0.02919,0.01862,1.04658,0.86282,0.86667,0.0,0.0,0.0,0.0,0.0,0.0,0.0,1,0.0,1.0,150,packet,150,Whatsapp
129,562.13178,301.66737,746.0,782.0,1015.0,704.0,0.00452,0.00557,0.00214,1.23274,21.0,577.95238,240.71372,637.0,684.0,1062.0,595.0,0.02668,0.02783,0.01524,1.04293,0.85662,0.86,0.0,0.0,0.0,0.0,0.0,0.0,0.0,1,0.0,1.0,150,packet,150,Whatsapp
131,598.12214,311.142,746.0,812.0,1003.0,704.0,0.00466,0.00584,0.00229,1.25275,19.0,628.73684,202.57444,663.0,707.0,1070.0,621.0,0.03001,0.03017,0.02055,1.00545,0.86771,0.87333,0.0,0.0,0.0,0.0,0.0,0.0,0.0,1,0.0,1.0,150,packet,150,Whatsapp
125,629.632,301.33072,741.0,809.0,1024.0,699.0,0.00517,0.00657,0.00231,1.27187,25.0,549.68,264.66201,670.0,691.0,1062.0,628.0,0.0248,0.02608,0.01651,1.05175,0.85135,0.83333,0.0,0.0,0.0,0.0,0.0,0.0,0.0,1,0.0,1.0,150,packet,150,Whatsapp
133,550.26316,323.35441,736.0,793.0,1026.0,694.0,0.0043,0.00587,0.00218,1.36498,17.0,640.94118,125.51844,665.0,685.0,743.0,623.0,0.02834,0.03053,0.00795,1.07707,0.87041,0.88667,0.0,0.0,0.0,0.0,0.0,0.0,0.0,1,0.0,1.0,150,packet,150,Whatsapp
125,538.352,308.96854,736.0,776.0,998.0,694.0,0.00389,0.00447,0.00245,1.14905,25.0,501.96,300.24636,611.0,694.0,951.0,569.0,0.0196,0.02372,0.00852,1.21026,0.84283,0.83333,0.0,0.0,0.0,0.0,0.0,0.0,0.0,1,0.0,1.0,150,packet,150,Whatsapp
24,549.375,280.79037,631.0,756.0,1028.0,589.0,0.0231,0.02309,0.01774,0.99955,126.0,569.9127,312.53261,724.0,789.0,1024.0,682.0,0.00427,0.0052,0.00233,1.21721,0.15513,0.16,0.0,0.0,0.0,0.0,0.0,0.0,0.0,1,0.0,1.0,150,packet,150,Whatsapp
124,590.1129,321.35801,744.0,809.0,1025.0,702.0,0.00523,0.00698,0.00234,1.33371,26.0,533.61538,253.50619,664.0,731.75,761.0,622.0,0.02279,0.02316,0.02155,1.01627,0.84062,0.82667,0.0,0.0,0.0,0.0,0.0,0.0,0.0,1,0.0,1.0,150,packet,150,Whatsapp
120,571.23333,287.09252,727.0,787.0,1022.0,685.0,0.00441,0.00503,0.00263,1.14101,30.0,458.53333,304.27112,481.5,732.75,1082.0,439.5,0.01722,0.01543,0.01486,0.89594,0.83286,0.8,0.0,0.0,0.0,0.0,0.0,0.0,0.0,1,0.0,1.0,150,packet,150,Whatsapp
124,573.25,297.1411,734.5,786.25,1016.0,692.5,0.0044,0.00492,0.00237,1.1188,26.0,521.73077,232.90351,604.5,710.0,805.0,562.5,0.01943,0.02107,0.01321,1.08438,0.83975,0.82667,0.0,0.0,0.0,0.0,0.0,0.0,0.0,1,0.0,1.0,150,packet,150,Whatsapp
126,563.16667,308.93483,739.0,792.0,1018.0,697.0,0.00465,0.00553,0.00282,1.18904,24.0,548.79167,239.01673,645.0,708.25,738.0,603.0,0.02383,0.02561,0.01638,1.0745,0.84344,0.84,0.0,0.0,0.0,0.0,0.0,0.0,0.0,1,0.0,1.0,150,packet,150,Whatsapp
124,545.41129,327.62924,715.0,828.25,1011.0,673.0,0.00409,0.00465,0.00284,1.13662,26.0,513.42308,285.12307,706.0,754.75,818.0,664.0,0.01929,0.01989,0.01204,1.03127,0.83516,0.82667,0.0,0.0,0.0,0.0,0.0,0.0,0.0,1,0.0,1.0,150,packet,150,Whatsapp
22,617.95455,283.05452,776.0,817.0,1061.0,734.0,0.0228,0.02403,0.01866,1.05415,128.0,524.125,311.61665,714.0,776.75,1021.0,672.0,0.00448,0.00658,0.00117,1.47116,0.1685,0.14667,0.0,0.0,0.0,0.0,0.0,0.0,0.0,1,0.0,1.0,150,packet,150,Whatsapp
128,589.42188,335.32334,736.0,898.0,1019.0,694.0,0.00427,0.0064,0.0,1.49754,22.0,586.86364,332.96482,656.5,806.75,1073.0,614.5,0.02505,0.07927,0.00083,3.16374,0.85388,0.85333,0.0,0.0,0.0,0.0,0.0,0.0,0.0,1,0.0,1.0,150,packet,150,Whatsapp
31,558.96774,279.29236,699.0,763.5,924.0,657.0,0.01744,0.03463,0.0021,1.98551,119.0,503.08403,330.69902,705.0,759.0,1009.0,663.0,0.00443,0.00595,0.00142,1.34289,0.22447,0.20667,0.0,0.0,0.0,0.0,0.0,0.0,0.0,1,0.0,1.0,150,packet,150,Whatsapp
127,571.76378,341.12317,733.0,879.0,1025.0,691.0,0.00449,0.00568,0.00207,1.26262,23.0,619.21739,332.38492,773.0,907.5,977.0,731.0,0.02222,0.03669,0.0029,1.65167,0.83603,0.84667,0.0,0.0,0.0,0.0,0.0,0.0,0.0,1,0.0,1.0,150,packet,150,Whatsapp
124,598.05645,310.95297,730.5,825.75,1020.0,688.5,0.0051,0.00613,0.00253,1.20106,26.0,603.92308,340.67985,731.0,879.25,1005.0,689.0,0.01744,0.03408,0.00211,1.95433,0.82526,0.82667,0.0,0.0,0.0,0.0,0.0,0.0,0.0,1,0.0,1.0,150,packet,150,Whatsapp
123,551.99187,335.32151,719.0,842.0,1019.0,677.0,0.00472,0.00593,0.00212,1.25595,27.0,552.37037,262.3865,696.0,768.5,874.0,654.0,0.01734,0.0289,0.00238,1.66688,0.8199,0.82,0.0,0.0,0.0,0.0,0.0,0.0,0.0,1,0.0,1.0,150,packet,150,Whatsapp
118,605.27119,313.87652,753.0,831.5,1018.0,711.0,0.00482,0.0064,0.00212,1.32638,32.0,577.53125,309.45385,681.0,796.0,1077.0,639.0,0.01772,0.03549,0.00115,2.00262,0.79443,0.78667,0.0,0.0,0.0,0.0,0.0,0.0,0.0,1,0.0,1.0,150,packet,150,Whatsapp
28,620.39286,341.26303,773.0,854.25,1066.0,731.0,0.02108,0.03698,0.00249,1.75377,122.0,573.70492,313.01002,718.0,772.0,1005.0,676.0,0.00468,0.0059,0.00204,1.26162,0.19884,0.18667,0.0,0.0,0.0,0.0,0.0,0.0,0.0,1,0.0,1.0,150,packet,150,Whatsapp
20,695.3,256.84608,727.5,874.0,1071.0,685.5,0.0299,0.04959,0.00224,1.65838,130.0,593.34615,328.16726,737.5,880.0,1026.0,695.5,0.00437,0.00626,0.00116,1.43121,0.15274,0.13333,0.0,0.0,0.0,0.0,0.0,0.0,0.0,1,0.0,1.0,150,packet,150,Whatsapp
126,491.7381,312.58383,456.5,783.5,970.0,414.5,0.00403,0.00482,0.00176,1.19396,24.0,596.54167,309.07604,710.5,832.5,960.0,668.5,0.01843,0.04092,0.00096,2.22038,0.8123,0.84,0.0,0.0,0.0,0.0,0.0,0.0,0.0,1,0.0,1.0,150,packet,150,Whatsapp
129,552.93798,332.78752,717.0,826.0,1019.0,675.0,0.00458,0.00574,0.00225,1.2517,21.0,659.71429,333.69421,802.0,880.0,1067.0,760.0,0.02488,0.04467,0.0023,1.79557,0.83736,0.86,0.0,0.0,0.0,0.0,0.0,0.0,0.0,1,0.0,1.0,150,packet,150,Whatsapp
121,581.91736,340.71045,718.0,892.0,1024.0,676.0,0.005,0.00663,0.00217,1.32571,29.0,632.34483,312.78959,810.0,886.0,950.0,768.0,0.02018,0.03306,0.00219,1.63841,0.79337,0.80667,0.0,0.0,0.0,0.0,0.0,0.0,0.0,1,0.0,1.0,150,packet,150,Whatsapp
121,676.33058,309.72722,764.0,941.0,1027.0,722.0,0.0083,0.03037,0.00224,3.66111,29.0,601.96552,304.96404,787.0,854.0,932.0,745.0,0.03218,0.07499,0.00044,2.3301,0.82419,0.80667,0.0,0.0,0.0,0.0,0.0,0.0,0.0,2,0.32943,1.0,150,packet,150,Whatsapp
126,618.8254,311.03828,743.0,905.5,1011.0,701.0,0.00509,0.00673,0.0026,1.3234,24.0,757.70833,258.3619,841.5,906.0,977.0,799.5,0.02512,0.02747,0.00208,1.09352,0.81088,0.84,0.0,0.0,0.0,0.0,0.0,0.0,0.0,1,0.0,1.0,150,packet,150,Whatsapp
120,594.08333,330.78507,730.5,910.0,1022.0,688.5,0.00468,0.0064,0.00226,1.36628,30.0,614.63333,322.94659,724.5,856.5,1066.0,682.5,0.01881,0.02156,0.01432,1.1459,0.7945,0.8,0.0,0.0,0.0,0.0,0.0,0.0,0.0,1,0.0,1.0,150,packet,150,Whatsapp
127,537.91339,325.81646,636.0,859.5,962.0,594.0,0.00449,0.00619,0.00213,1.37792,23.0,674.34783,351.43366,895.0,967.0,1027.0,853.0,0.02231,0.02001,0.02326,0.89695,0.81497,0.84667,0.0,0.0,0.0,0.0,0.0,0.0,0.0,1,0.0,1.0,150,packet,150,Whatsapp
124,625.27419,339.66187,739.0,960.5,1026.0,697.0,0.0059,0.00859,0.00315,1.45765,26.0,775.84615,267.03856,813.0,941.75,1071.0,771.0,0.02622,0.03059,0.00039,1.16644,0.79354,0.82667,0.0,0.0,0.0,0.0,0.0,0.0,0.0,1,0.0,1.0,150,packet,150,Whatsapp
127,579.6378,330.8893,720.0,875.5,1026.0,678.0,0.0047,0.00507,0.00311,1.07944,23.0,737.30435,304.53549,890.0,915.0,951.0,848.0,0.02484,0.02586,0.01828,1.04112,0.81277,0.84667,0.0,0.0,0.0,0.0,0.0,0.0,0.0,1,0.0,1.0,150,packet,150,Whatsapp
128,576.625,361.03521,745.0,907.0,1006.0,703.0,0.00495,0.00628,0.00299,1.26845,22.0,813.22727,226.36072,881.5,924.5,1079.0,839.5,0.02959,0.03295,0.00132,1.11362,0.80489,0.85333,0.0,0.0,0.0,0.0,0.0,0.0,0.0,1,0.0,1.0,150,packet,150,Whatsapp
25,816.4,266.50659,917.0,964.0,1030.0,875.0,0.02735,0.02949,0.01428,1.07827,125.0,621.384,326.22912,737.0,880.0,1025.0,695.0,0.00553,0.00679,0.00316,1.22852,0.20809,0.16667,0.0,0.0,0.0,0.0,0.0,0.0,0.0,1,0.0,1.0,150,packet,150,Whatsapp
22,890.22727,250.36572,985.5,1013.0,1055.0,943.5,0.02691,0.03305,0.00055,1.22828,128.0,572.24219,350.81505,733.0,903.0,1027.0,691.0,0.00487,0.00574,0.00225,1.17879,0.21097,0.14667,0.0,0.0,0.0,0.0,0.0,0.0,0.0,1,0.0,1.0,150,packet,150,Whatsapp
131,529.87023,335.59079,286.0,864.5,1014.0,244.0,0.00433,0.00533,0.00262,1.23299,19.0,808.52632,184.76112,811.0,890.0,1026.0,769.0,0.0295,0.032,0.00625,1.08485,0.81879,0.87333,0.0,0.0,0.0,0.0,0.0,0.0,0.0,1,0.0,1.0,150,packet,150,Whatsapp
127,518.33071,338.86552,278.0,836.5,1020.0,236.0,0.00431,0.00469,0.00254,1.08732,23.0,749.30435,388.65682,1001.0,1039.0,1065.0,959.0,0.02402,0.02777,0.00771,1.15603,0.79252,0.84667,0.0,0.0,0.0,0.0,0.0,0.0,0.0,1,0.0,1.0,150,packet,150,Whatsapp
127,570.73228,340.89584,719.0,911.5,1011.0,677.0,0.00437,0.00584,0.00209,1.33631,23.0,708.43478,268.28486,758.0,857.0,1041.0,716.0,0.02321,0.02725,0.00099,1.17418,0.81646,0.84667,0.0,0.0,0.0,0.0,0.0,0.0,0.0,1,0.0,1.0,150,packet,150,Whatsapp
122,516.7623,369.52031,454.0,899.0,1022.0,412.0,0.00438,0.00523,0.00217,1.1927,28.0,609.89286,315.435,798.0,842.0,1001.0,756.0,0.01924,0.01954,0.01782,1.01547,0.78686,0.81333,0.0,0.0,0.0,0.0,0.0,0.0,0.0,1,0.0,1.0,150,packet,150,Whatsapp
114,660.35088,317.36713,786.0,902.5,1024.0,744.0,0.00606,0.0081,0.00219,1.3374,36.0,644.83333,350.46869,753.0,952.25,1071.0,711.0,0.01853,0.03481,0.00215,1.87826,0.76431,0.76,0.0,0.0,0.0,0.0,0.0,0.0,0.0,1,0.0,1.0,150,packet,150,Whatsapp
131,617.35878,350.46944,781.0,927.0,1019.0,739.0,0.00514,0.0072,0.0009,1.40148,19.0,673.36842,290.60521,774.0,779.0,1059.0,732.0,0.02933,0.05064,0.00655,1.72621,0.86341,0.87333,0.0,0.0,0.0,0.0,0.0,0.0,0.0,1,0.0,1.0,150,packet,150,Whatsapp
117,582.37607,321.89277,732.0,865.0,1002.0,690.0,0.00407,0.00483,0.0021,1.18454,33.0,715.33333,359.17461,844.0,1036.0,1081.0,802.0,0.01257,0.02755,0.00106,2.19259,0.7427,0.78,0.0,0.0,0.0,0.0,0.0,0.0,0.0,1,0.0,1.0,150,packet,150,Whatsapp
126,552.66667,310.98083,719.5,809.75,1019.0,677.5,0.00397,0.00501,0.00213,1.26363,24.0,596.29167,298.57836,690.0,783.25,1072.0,648.0,0.01427,0.03332,0.00034,2.33477,0.82952,0.84,0.0,0.0,0.0,0.0,0.0,0.0,0.0,1,0.0,1.0,150,packet,150,Whatsapp
121,556.47934,333.40624,697.0,818.0,1024.0,655.0,0.00479,0.00567,0.00262,1.1838,29.0,541.82759,269.90472,697.0,758.0,811.0,655.0,0.01927,0.03757,0.00099,1.94946,0.81079,0.80667,0.0,0.0,0.0,0.0,0.0,0.0,0.0,1,0.0,1.0,150,packet,150,Whatsapp
122,547.40984,322.53575,721.5,807.0,985.0,679.5,0.00511,0.00668,0.00206,1.3086,28.0,568.32143,240.01995,704.5,773.0,802.0,662.5,0.02006,0.03127,0.00147,1.5589,0.80757,0.81333,0.0,0.0,0.0,0.0,0.0,0.0,0.0,1,0.0,1.0,150,packet,150,Whatsapp
122,576.37705,321.82763,720.0,847.5,1007.0,678.0,0.00582,0.00662,0.00338,1.13711,28.0,599.67857,311.15626,745.5,849.0,1035.0,703.5,0.01557,0.0305,0.00123,1.9586,0.80724,0.81333,0.0,0.0,0.0,0.0,0.0,0.0,0.0,1,0.0,1.0,150,packet,150,Whatsapp
121,555.1157,342.86904,748.0,865.0,974.0,706.0,0.00474,0.00699,0.001,1.47348,29.0,601.37931,307.41979,635.0,871.0,977.0,593.0,0.02035,0.03621,0.00138,1.77952,0.79388,0.80667,0.0,0.0,0.0,0.0,0.0,0.0,0.0,1,0.0,1.0,150,packet,150,Whatsapp
128,575.91406,325.93201,727.0,863.0,1027.0,685.0,0.00539,0.0074,0.00202,1.37298,22.0,763.63636,239.18755,870.5,892.0,1028.0,828.5,0.02891,0.04685,0.00204,1.62075,0.8144,0.85333,0.0,0.0,0.0,0.0,0.0,0.0,0.0,1,0.0,1.0,150,packet,150,Whatsapp
117,528.75214,349.16971,736.0,833.0,1026.0,694.0,0.00453,0.0064,0.00105,1.41108,33.0,639.90909,357.26574,778.0,927.0,1075.0,736.0,0.01453,0.03408,0.00054,2.3462,0.74552,0.78,0.0,0.0,0.0,0.0,0.0,0.0,0.0,1,0.0,1.0,150,packet,150,Whatsapp
114,704.53509,312.26061,821.5,898.0,1024.0,779.5,0.00649,0.00937,0.00107,1.44417,36.0,640.41667,330.21621,789.0,922.0,1017.0,747.0,0.02001,0.04431,0.00058,2.21463,0.77697,0.76,0.0,0.0,0.0,0.0,0.0,0.0,0.0,1,0.0,1.0,150,packet,150,Whatsapp
24,798.75,206.85447,822.0,896.0,1065.0,780.0,0.027,0.03852,0.00638,1.42702,126.0,602.25397,345.39742,746.0,905.5,1015.0,704.0,0.00557,0.00809,0.00215,1.45133,0.20167,0.16,0.0,0.0,0.0,0.0,0.0,0.0,0.0,1,0.0,1.0,150,packet,150,Whatsapp
128,572.85938,340.34655,728.5,905.25,1022.0,686.5,0.0048,0.00588,0.0021,1.22364,22.0,856.31818,237.60651,935.5,983.25,1004.0,893.5,0.02388,0.03318,0.00256,1.38915,0.79559,0.85333,0.0,0.0,0.0,0.0,0.0,0.0,0.0,1,0.0,1.0,150,packet,150,Whatsapp
127,557.6378,347.71163,737.0,901.0,1020.0,695.0,0.00519,0.00573,0.0031,1.1044,23.0,845.56522,221.42362,920.0,939.0,1010.0,878.0,0.02883,0.03289,0.00094,1.14089,0.78455,0.84667,0.0,0.0,0.0,0.0,0.0,0.0,0.0,1,0.0,1.0,150,packet,150,Whatsapp
132,475.64394,325.25284,258.0,756.0,1017.0,216.0,0.00642,0.02724,0.00217,4.2424,18.0,886.61111,276.47165,987.0,1003.0,1030.0,945.0,0.04775,0.09037,0.00083,1.89271,0.79733,0.88,0.0,0.0,0.0,0.0,0.0,0.0,0.0,2,0.31267,1.0,150,packet,150,Whatsapp
127,594.68504,348.44859,747.0,904.0,1011.0,705.0,0.00536,0.00604,0.00273,1.12571,23.0,819.13043,186.17717,891.0,902.0,1072.0,849.0,0.02723,0.03193,0.0005,1.17274,0.80035,0.84667,0.0,0.0,0.0,0.0,0.0,0.0,0.0,1,0.0,1.0,150,packet,150,Whatsapp
128,577.82031,324.91853,642.5,895.0,1018.0,600.5,0.00524,0.0062,0.00275,1.18341,22.0,873.86364,233.57757,965.5,978.0,1014.0,923.5,0.02832,0.03134,0.00068,1.10657,0.79369,0.85333,0.0,0.0,0.0,0.0,0.0,0.0,0.0,1,0.0,1.0,150,packet,150,Whatsapp
128,570.08594,353.65372,735.0,913.0,1020.0,693.0,0.00515,0.00549,0.00419,1.06666,22.0,888.04545,231.97207,945.5,989.5,1058.0,903.5,0.0292,0.03069,0.01442,1.05103,0.78881,0.85333,0.0,0.0,0.0,0.0,0.0,0.0,0.0,1,0.0,1.0,150,packet,150,Whatsapp
130,550.54615,341.85503,633.5,899.0,1018.0,591.5,0.00483,0.00568,0.00231,1.17719,20.0,866.1,252.21477,943.5,967.0,979.0,901.5,0.02794,0.03146,0.00135,1.12577,0.80514,0.86667,0.0,0.0,0.0,0.0,0.0,0.0,0.0,1,0.0,1.0,150,packet,150,Whatsapp
127,586.7874,345.64129,737.0,893.0,1025.0,695.0,0.0051,0.00534,0.00322,1.04765,23.0,840.73913,276.79662,926.0,981.5,1039.0,884.0,0.02797,0.03226,0.00288,1.15332,0.79398,0.84667,0.0,0.0,0.0,0.0,0.0,0.0,0.0,1,0.0,1.0,150,packet,150,Whatsapp
124,565.97581,339.34005,662.5,907.25,1020.0,620.5,0.00525,0.00508,0.00339,0.96657,26.0,781.0,297.11925,920.0,994.75,1025.0,878.0,0.02518,0.02557,0.02841,1.01554,0.77559,0.82667,0.0,0.0,0.0,0.0,0.0,0.0,0.0,1,0.0,1.0,150,packet,150,Whatsapp
120,568.64167,355.29182,695.5,884.75,1021.0,653.5,0.00504,0.0057,0.00232,1.13095,30.0,670.7,329.26799,872.0,918.75,994.0,830.0,0.01873,0.02283,0.00153,1.21862,0.77228,0.8,0.0,0.0,0.0,0.0,0.0,0.0,0.0,1,0.0,1.0,150,packet,150,Whatsapp
126,577.54762,325.43425,664.5,853.0,1026.0,622.5,0.00485,0.0057,0.00216,1.17518,24.0,751.66667,331.50486,875.5,975.5,1073.0,833.5,0.02597,0.02831,0.0126,1.09015,0.80135,0.84,0.0,0.0,0.0,0.0,0.0,0.0,0.0,1,0.0,1.0,150,packet,150,Whatsapp
22,810.0,292.02522,914.0,965.25,1065.0,872.0,0.02907,0.0342,0.00479,1.17659,128.0,529.0625,312.25702,640.5,815.25,1021.0,598.5,0.00506,0.00643,0.00268,1.26999,0.20832,0.14667,0.0,0.0,0.0,0.0,0.0,0.0,0.0,1,0.0,1.0,150,packet,150,Whatsapp
126,607.84127,334.21059,726.5,914.5,1015.0,684.5,0.00497,0.00778,0.0,1.56375,24.0,748.91667,307.15522,806.0,989.0,1064.0,764.0,0.02586,0.10155,0.00042,3.92706,0.80992,0.84,0.0,0.0,0.0,0.0,0.0,0.0,0.0,1,0.0,1.0,150,packet,150,Whatsapp
127,566.48819,320.72941,681.0,859.0,1018.0,639.0,0.00519,0.00696,0.00215,1.34024,23.0,920.08696,168.21232,944.0,978.5,1062.0,902.0,0.03024,0.04235,0.00037,1.40046,0.77271,0.84667,0.0,0.0,0.0,0.0,0.0,0.0,0.0,1,0.0,1.0,150,packet,150,Whatsapp
130,601.23077,317.2096,726.0,890.75,1008.0,684.0,0.00548,0.00695,0.00215,1.26826,20.0,870.45,250.03109,913.5,1019.25,1083.0,871.5,0.02699,0.05848,0.00049,2.16632,0.81784,0.86667,0.0,0.0,0.0,0.0,0.0,0.0,0.0,1,0.0,1.0,150,packet,150,Whatsapp
118,661.15254,329.13852,760.0,944.0,1025.0,718.0,0.00619,0.0069,0.00316,1.11618,32.0,803.40625,269.74929,908.0,955.0,975.0,866.0,0.02132,0.0356,0.00028,1.66948,0.75214,0.78667,0.0,0.0,0.0,0.0,0.0,0.0,0.0,1,0.0,1.0,150,packet,150,Whatsapp
126,636.44444,326.32089,733.0,924.0,1004.0,691.0,0.0063,0.00797,0.00209,1.26657,24.0,854.75,180.59814,853.0,1000.0,1034.0,811.0,0.03223,0.04466,0.00048,1.38567,0.7963,0.84,0.0,0.0,0.0,0.0,0.0,0.0,0.0,1,0.0,1.0,150,packet,150,Whatsapp
124,642.46774,303.63275,747.5,903.25,1024.0,705.5,0.00627,0.00721,0.00402,1.15055,26.0,877.65385,216.04521,944.0,960.75,1054.0,902.0,0.0308,0.0385,0.00106,1.24998,0.77734,0.82667,0.0,0.0,0.0,0.0,0.0,0.0,0.0,1,0.0,1.0,150,packet,150,Whatsapp
27,775.88889,306.85795,908.0,976.5,1033.0,866.0,0.02703,0.04472,0.00096,1.65449,123.0,606.74797,347.67917,751.0,925.0,1022.0,709.0,0.00575,0.00803,0.00235,1.39573,0.21918,0.18,0.0,0.0,0.0,0.0,0.0,0.0,0.0,1,0.0,1.0,150,packet,150,Whatsapp
108,725.36111,312.82948,885.5,934.5,1017.0,843.5,0.00705,0.00911,0.00139,1.29174,42.0,807.88095,249.36416,913.0,960.25,1009.0,871.0,0.01697,0.03102,0.00111,1.82816,0.69777,0.72,0.0,0.0,0.0,0.0,0.0,0.0,0.0,1,0.0,1.0,150,packet,150,Whatsapp
39,864.35897,207.87391,932.0,983.5,1056.0,890.0,0.01927,0.04105,0.00029,2.13086,111.0,601.61261,344.3894,761.0,902.0,1024.0,719.0,0.00757,0.00959,0.00304,1.26727,0.33546,0.26,0.0,0.0,0.0,0.0,0.0,0.0,0.0,1,0.0,1.0,150,packet,150,Whatsapp
107,543.11215,350.96871,741.0,897.0,1008.0,699.0,0.00638,0.00873,0.00183,1.36924,43.0,792.72093,222.17721,848.0,946.0,1089.0,806.0,0.01426,0.03176,0.00032,2.22639,0.63029,0.71333,0.0,0.0,0.0,0.0,0.0,0.0,0.0,1,0.0,1.0,150,packet,150,Whatsapp
104,653.39423,306.67263,723.0,880.75,996.0,681.0,0.00611,0.00697,0.00324,1.14057,46.0,718.73913,292.15261,711.0,955.0,1071.0,669.0,0.01346,0.02619,0.00066,1.94627,0.6727,0.69333,0.0,0.0,0.0,0.0,0.0,0.0,0.0,1,0.0,1.0,150,packet,150,Whatsapp
104,644.75,296.23947,755.5,863.25,1020.0,713.5,0.00622,0.0078,0.00253,1.25403,46.0,674.69565,304.10674,742.5,952.75,1044.0,700.5,0.01351,0.0192,0.00128,1.42184,0.6836,0.69333,0.0,0.0,0.0,0.0,0.0,0.0,0.0,1,0.0,1.0,150,packet,150,Whatsapp
98,636.21429,358.43905,829.5,920.75,1026.0,787.5,0.00611,0.00759,0.0024,1.24121,52.0,689.32692,258.89616,747.5,879.0,1033.0,705.5,0.01203,0.01777,0.00062,1.47715,0.63496,0.65333,0.0,0.0,0.0,0.0,0.0,0.0,0.0,1,0.0,1.0,150,packet,150,Whatsapp
105,709.00952,299.55763,851.0,886.0,1023.0,809.0,0.0062,0.0081,0.00266,1.30669,45.0,703.68889,289.70482,830.0,894.0,1086.0,788.0,0.01402,0.01866,0.00047,1.33136,0.70158,0.7,0.0,0.0,0.0,0.0,0.0,0.0,0.0,1,0.0,1.0,150,packet,150,Whatsapp
38,777.73684,161.27399,774.0,874.75,1014.0,732.0,0.01801,0.02723,0.00033,1.51169,112.0,658.67857,301.48558,796.0,866.0,1018.0,754.0,0.00636,0.0077,0.00241,1.2111,0.28603,0.25333,0.0,0.0,0.0,0.0,0.0,0.0,0.0,1,0.0,1.0,150,packet,150,Whatsapp
123,649.52033,310.61597,782.0,881.5,1009.0,740.0,0.00659,0.00817,0.00253,1.23977,27.0,747.33333,214.56916,821.0,860.5,1006.0,779.0,0.03047,0.0315,0.00957,1.03376,0.79836,0.82,0.0,0.0,0.0,0.0,0.0,0.0,0.0,1,0.0,1.0,150,packet,150,Whatsapp
120,672.66667,313.13813,773.0,921.75,1029.0,731.0,0.00635,0.00768,0.00307,1.20883,30.0,723.46667,352.83365,885.5,973.5,1072.0,843.5,0.02269,0.02724,0.00501,1.20041,0.7881,0.8,0.0,0.0,0.0,0.0,0.0,0.0,0.0,1,0.0,1.0,150,packet,150,Whatsapp
122,661.72131,315.07177,781.0,931.25,1030.0,739.0,0.00644,0.00956,0.0,1.48409,28.0,842.39286,197.16696,905.5,933.25,986.0,863.5,0.02845,0.05759,0.00132,2.02416,0.77389,0.81333,0.0,0.0,0.0,0.0,0.0,0.0,0.0,1,0.0,1.0,150,packet,150,Whatsapp
142,684.74648,295.00118,759.5,917.75,1021.0,717.5,0.00615,0.00808,0.00306,1.31426,8.0,777.5,357.57027,956.0,1015.0,1034.0,914.0,0.11976,0.21543,0.00928,1.79884,0.93988,0.94667,0.0,0.0,0.0,0.0,0.0,0.0,0.0,1,0.0,1.0,150,packet,150,Whatsapp
117,562.03419,314.72582,693.0,843.0,1017.0,651.0,0.00401,0.00572,0.00124,1.4238,33.0,581.24242,435.18133,881.0,947.0,1069.0,839.0,0.012,0.01974,0.00072,1.6447,0.77418,0.78,0.0,0.0,0.0,0.0,0.0,0.0,0.0,1,0.0,1.0,150,packet,150,Whatsapp
121,664.57025,274.42269,731.0,873.0,1011.0,689.0,0.00643,0.00748,0.0037,1.16292,29.0,794.03448,322.03271,895.0,974.0,1070.0,853.0,0.02555,0.03528,0.00292,1.38093,0.77739,0.80667,0.0,0.0,0.0,0.0,0.0,0.0,0.0,1,0.0,1.0,150,packet,150,Whatsapp
26,810.76923,160.84113,815.0,892.25,1052.0,773.0,0.02663,0.03901,0.00035,1.46493,124.0,360.72581,216.17579,273.0,531.0,859.0,231.0,0.00558,0.00588,0.00364,1.05486,0.32032,0.17333,0.0,0.0,0.0,0.0,0.0,0.0,0.0,1,0.0,1.0,150,packet,150,Whatsapp
129,377.51938,226.572,261.0,581.0,964.0,219.0,0.00646,0.00679,0.00452,1.05037,21.0,846.61905,249.15122,951.0,979.0,1044.0,909.0,0.03054,0.03178,0.01216,1.04048,0.73256,0.86,0.0,0.0,0.0,0.0,0.0,0.0,0.0,1,0.0,1.0,150,packet,150,Whatsapp
114,365.00877,275.43291,251.0,591.75,982.0,209.0,0.00773,0.01061,0.00468,1.37381,36.0,854.94444,221.23843,929.0,977.0,1021.0,887.0,0.02486,0.04005,0.00039,1.61115,0.57482,0.76,0.0,0.0,0.0,0.0,0.0,0.0,0.0,1,0.0,1.0,150,packet,150,Whatsapp
114,407.04386,267.85052,241.5,637.75,935.0,199.5,0.01009,0.01023,0.00741,1.01335,36.0,885.16667,236.94098,947.0,986.25,1063.0,905.0,0.03093,0.03137,0.02176,1.01428,0.59287,0.76,0.0,0.0,0.0,0.0,0.0,0.0,0.0,1,0.0,1.0,150,packet,150,Whatsapp
41,855.92683,209.65644,940.0,981.0,1011.0,898.0,0.02777,0.0305,0.00343,1.09817,109.0,438.44037,297.07888,257.0,778.0,1030.0,215.0,0.01096,0.00968,0.00878,0.883,0.4234,0.27333,0.0,0.0,0.0,0.0,0.0,0.0,0.0,1,0.0,1.0,150,packet,150,Whatsapp
43,824.67442,236.90021,913.0,944.5,1049.0,871.0,0.02853,0.03095,0.00386,1.08472,107.0,455.70093,262.10807,521.0,653.0,1017.0,479.0,0.0114,0.0102,0.00958,0.89477,0.42105,0.28667,0.0,0.0,0.0,0.0,0.0,0.0,0.0,1,0.0,1.0,150,packet,150,Whatsapp
108,471.63889,287.29474,527.0,737.75,1025.0,485.0,0.01157,0.01214,0.00849,1.04946,42.0,873.5,204.79179,935.5,956.0,1015.0,893.5,0.02963,0.0323,0.00104,1.09007,0.58131,0.72,0.0,0.0,0.0,0.0,0.0,0.0,0.0,1,0.0,1.0,150,packet,150,Whatsapp
100,435.16,271.56368,465.5,610.0,996.0,423.5,0.01421,0.01276,0.01156,0.89838,50.0,872.98,188.61564,930.0,953.75,1011.0,888.0,0.02853,0.03166,0.00094,1.10992,0.49924,0.66667,0.0,0.0,0.0,0.0,0.0,0.0,0.0,1,0.0,1.0,150,packet,150,Whatsapp
112,456.13393,295.70764,280.0,669.75,1023.0,238.0,0.01037,0.00956,0.00849,0.92163,38.0,831.65789,251.8565,933.5,962.0,1006.0,891.5,0.03016,0.03188,0.01294,1.05691,0.61781,0.74667,0.0,0.0,0.0,0.0,0.0,0.0,0.0,1,0.0,1.0,150,packet,150,Whatsapp
105,437.57143,266.99177,288.0,710.0,931.0,246.0,0.0123,0.0109,0.01,0.88589,45.0,827.53333,264.50168,943.0,983.0,1045.0,901.0,0.02799,0.02988,0.01592,1.06743,0.55233,0.7,0.0,0.0,0.0,0.0,0.0,0.0,0.0,1,0.0,1.0,150,packet,150,Whatsapp
96,482.34375,275.54234,522.0,725.5,911.0,480.0,0.01244,0.01248,0.00917,1.00263,54.0,701.14815,357.26867,903.0,975.0,1046.0,861.0,0.0221,0.02763,0.01261,1.25043,0.55016,0.64,0.0,0.0,0.0,0.0,0.0,0.0,0.0,1,0.0,1.0,150,packet,150,Whatsapp
106,483.67925,282.46989,526.5,730.25,992.0,484.5,0.01061,0.01066,0.00934,1.00482,44.0,719.22727,321.52045,893.5,953.25,1020.0,851.5,0.0259,0.04862,0.001,1.87703,0.61834,0.70667,0.0,0.0,0.0,0.0,0.0,0.0,0.0,1,0.0,1.0,150,packet,150,Whatsapp
43,803.76744,284.78281,922.0,983.5,1023.0,880.0,0.02456,0.0454,0.00074,1.84841,107.0,476.52336,287.04206,586.0,698.5,942.0,544.0,0.0107,0.00966,0.00901,0.9031,0.404,0.28667,0.0,0.0,0.0,0.0,0.0,0.0,0.0,1,0.0,1.0,150,packet,150,Whatsapp
109,481.6422,278.52302,560.0,715.0,981.0,518.0,0.01007,0.0093,0.00832,0.92339,41.0,843.70732,240.05358,910.0,947.0,1069.0,868.0,0.0262,0.04554,0.00069,1.73785,0.60281,0.72667,0.0,0.0,0.0,0.0,0.0,0.0,0.0,1,0.0,1.0,150,packet,150,Whatsapp
110,546.29091,286.67154,641.5,796.75,960.0,599.5,0.00992,0.00967,0.00714,0.97459,40.0,831.525,210.64223,924.5,943.75,1040.0,882.5,0.02456,0.04571,0.00024,1.86085,0.64371,0.73333,0.0,0.0,0.0,0.0,0.0,0.0,0.0,1,0.0,1.0,150,packet,150,Whatsapp
43,712.4186,342.46787,905.0,979.5,1035.0,863.0,0.02695,0.05171,0.00064,1.91884,107.0,575.42991,275.46732,651.0,823.0,984.0,609.0,0.01055,0.01074,0.00778,1.01847,0.33224,0.28667,0.0,0.0,0.0,0.0,0.0,0.0,0.0,1,0.0,1.0,150,packet,150,Whatsapp
40,757.5,341.04677,900.5,997.75,1084.0,858.5,0.0238,0.03788,0.00127,1.59142,110.0,544.89091,321.63543,593.0,849.0,1019.0,551.0,0.00845,0.00999,0.00558,1.18251,0.33578,0.26667,0.0,0.0,0.0,0.0,0.0,0.0,0.0,1,0.0,1.0,150,packet,150,Whatsapp
34,822.41176,293.10018,928.5,971.5,1019.0,886.5,0.02899,0.04068,0.00222,1.40306,116.0,550.23276,300.56729,606.0,816.25,1013.0,564.0,0.00824,0.00983,0.00529,1.19313,0.30463,0.22667,0.0,0.0,0.0,0.0,0.0,0.0,0.0,1,0.0,1.0,150,packet,150,Whatsapp
45,695.84444,342.91476,909.0,930.0,1071.0,867.0,0.02053,0.03702,0.00175,1.80283,105.0,622.53333,255.25409,656.0,753.0,1024.0,614.0,0.00875,0.0099,0.00628,1.13127,0.32389,0.3,0.0,0.0,0.0,0.0,0.0,0.0,0.0,1,0.0,1.0,150,packet,150,Whatsapp
103,606.75728,262.42142,623.0,795.5,1020.0,581.0,0.00924,0.00981,0.00658,1.06223,47.0,664.76596,321.21129,823.0,869.5,1082.0,781.0,0.02003,0.02078,0.01468,1.03721,0.6667,0.68667,0.0,0.0,0.0,0.0,0.0,0.0,0.0,1,0.0,1.0,150,packet,150,Whatsapp
103,602.70874,212.77709,659.0,711.5,1014.0,617.0,0.0085,0.01038,0.00471,1.2203,47.0,729.2766,350.9968,929.0,1044.0,1082.0,887.0,0.01783,0.02057,0.00988,1.15343,0.64427,0.68667,0.0,0.0,0.0,0.0,0.0,0.0,0.0,1,0.0,1.0,150,packet,150,Whatsapp
111,588.23423,291.23242,672.0,796.5,962.0,630.0,0.00702,0.00705,0.00626,1.00457,39.0,585.30769,277.24914,656.0,827.0,944.0,614.0,0.01902,0.0208,0.0113,1.09342,0.74096,0.74,0.0,0.0,0.0,0.0,0.0,0.0,0.0,1,0.0,1.0,150,packet,150,Whatsapp
92,595.86957,286.7491,723.0,787.0,975.0,681.0,0.00811,0.00841,0.00519,1.03718,58.0,740.46552,290.88469,855.0,878.5,1069.0,813.0,0.01314,0.01817,0.00073,1.38287,0.56072,0.61333,0.0,0.0,0.0,0.0,0.0,0.0,0.0,1,0.0,1.0,150,packet,150,Whatsapp
104,616.10577,264.72053,732.0,780.75,1012.0,690.0,0.00674,0.00719,0.00479,1.06583,46.0,764.26087,309.1862,855.5,1012.5,1068.0,813.5,0.01398,0.01934,0.00037,1.38394,0.64572,0.69333,0.0,0.0,0.0,0.0,0.0,0.0,0.0,1,0.0,1.0,150,packet,150,Whatsapp
46,737.93478,298.11964,857.0,912.0,1073.0,815.0,0.01516,0.02149,0.00041,1.41724,104.0,582.83654,282.33416,637.5,788.0,978.0,595.5,0.00641,0.00806,0.0038,1.25655,0.35898,0.30667,0.0,0.0,0.0,0.0,0.0,0.0,0.0,1,0.0,1.0,150,packet,150,Whatsapp
43,758.5814,325.85082,948.0,960.5,992.0,906.0,0.01725,0.02239,0.00208,1.298,107.0,605.13084,270.56628,719.0,797.5,936.0,677.0,0.00672,0.00799,0.00363,1.19005,0.33501,0.28667,0.0,0.0,0.0,0.0,0.0,0.0,0.0,1,0.0,1.0,150,packet,150,Whatsapp
111,620.69369,303.30429,732.0,854.0,1014.0,690.0,0.00661,0.00811,0.00341,1.22812,39.0,774.69231,328.05809,891.0,966.5,1041.0,849.0,0.01901,0.02542,0.00104,1.33697,0.69516,0.74,0.0,0.0,0.0,0.0,0.0,0.0,0.0,1,0.0,1.0,150,packet,150,Whatsapp
113,645.47788,307.96319,792.0,858.0,984.0,750.0,0.00707,0.00831,0.00419,1.17514,37.0,710.18919,282.50614,796.0,888.0,966.0,754.0,0.01859,0.02851,0.00201,1.53358,0.73515,0.75333,0.0,0.0,0.0,0.0,0.0,0.0,0.0,1,0.0,1.0,150,packet,150,Whatsapp
119,700.21008,314.29692,823.0,930.5,1029.0,781.0,0.00656,0.00753,0.00406,1.1485,31.0,766.29032,180.54169,778.0,813.0,1060.0,736.0,0.01386,0.03419,0.00039,2.46753,0.77816,0.79333,0.0,0.0,0.0,0.0,0.0,0.0,0.0,1,0.0,1.0,150,packet,150,Whatsapp
127,652.50394,322.99296,777.0,916.0,1001.0,735.0,0.00646,0.00788,0.00305,1.21944,23.0,912.86957,180.53406,956.0,1003.5,1071.0,914.0,0.02619,0.0399,0.00053,1.52354,0.79785,0.84667,0.0,0.0,0.0,0.0,0.0,0.0,0.0,1,0.0,1.0,150,packet,150,Whatsapp
117,641.17949,326.6767,764.0,923.0,1029.0,722.0,0.00604,0.0072,0.00305,1.19267,33.0,716.30303,340.54435,865.0,936.0,1075.0,823.0,0.01952,0.0405,0.00161,2.07493,0.7604,0.78,0.0,0.0,0.0,0.0,0.0,0.0,0.0,1,0.0,1.0,150,packet,150,Whatsapp
124,636.37903,314.46023,800.0,896.0,996.0,758.0,0.00601,0.0072,0.00318,1.19751,26.0,834.57692,272.67805,894.5,966.0,1080.0,852.5,0.02417,0.04263,0.00111,1.76357,0.78433,0.82667,0.0,0.0,0.0,0.0,0.0,0.0,0.0,1,0.0,1.0,150,packet,150,Whatsapp
29,879.06897,207.58661,937.0,987.0,1017.0,895.0,0.02615,0.0462,0.00033,1.76666,121.0,690.14876,282.60613,732.0,933.0,1024.0,690.0,0.00643,0.00789,0.00298,1.22747,0.23388,0.19333,0.0,0.0,0.0,0.0,0.0,0.0,0.0,1,0.0,1.0,150,packet,150,Whatsapp
121,685.01653,284.3702,755.0,885.0,1018.0,713.0,0.00679,0.00867,0.00218,1.27622,29.0,727.86207,277.7812,823.0,954.0,992.0,781.0,0.0261,0.03667,0.00035,1.40458,0.79703,0.80667,0.0,0.0,0.0,0.0,0.0,0.0,0.0,1,0.0,1.0,150,packet,150,Whatsapp
122,729.53279,260.03468,802.5,916.0,1021.0,760.5,0.00634,0.00867,0.00138,1.36728,28.0,818.46429,300.67703,959.5,989.0,1028.0,917.5,0.02681,0.04432,0.00254,1.65325,0.79524,0.81333,0.0,0.0,0.0,0.0,0.0,0.0,0.0,1,0.0,1.0,150,packet,150,Whatsapp
122,694.60656,293.4878,777.5,926.5,1020.0,735.5,0.00676,0.00833,0.00275,1.23203,28.0,808.21429,277.61888,885.0,1034.25,1070.0,843.0,0.02493,0.04586,0.00028,1.83937,0.78924,0.81333,0.0,0.0,0.0,0.0,0.0,0.0,0.0,1,0.0,1.0,150,packet,150,Whatsapp
115,668.33043,303.85754,798.0,913.0,1005.0,756.0,0.00578,0.00701,0.00317,1.21376,35.0,664.05714,325.96239,839.0,941.0,1000.0,797.0,0.0171,0.02473,0.00168,1.44646,0.76781,0.76667,0.0,0.0,0.0,0.0,0.0,0.0,0.0,1,0.0,1.0,150,packet,150,Whatsapp
31,700.35484,334.88838,937.0,970.5,1035.0,895.0,0.02054,0.02188,0.01472,1.06548,119.0,584.39496,320.34926,704.0,835.5,1002.0,662.0,0.00542,0.00627,0.0033,1.15671,0.23792,0.20667,0.0,0.0,0.0,0.0,0.0,0.0,0.0,1,0.0,1.0,150,packet,150,Whatsapp
111,678.0,348.1548,837.0,932.0,1020.0,795.0,0.00677,0.00826,0.00344,1.21911,39.0,652.74359,327.24144,793.0,914.0,1048.0,751.0,0.01924,0.02021,0.01474,1.05047,0.74724,0.74,0.0,0.0,0.0,0.0,0.0,0.0,0.0,1,0.0,1.0,150,packet,150,Whatsapp
36,684.86111,343.50191,900.0,948.0,1059.0,858.0,0.02217,0.02244,0.01612,1.01208,114.0,723.17544,268.39164,792.0,889.0,1017.0,750.0,0.00679,0.00772,0.00324,1.13604,0.23021,0.24,0.0,0.0,0.0,0.0,0.0,0.0,0.0,1,0.0,1.0,150,packet,150,Whatsapp
116,645.35345,314.14071,750.0,892.5,1008.0,708.0,0.0064,0.00746,0.0038,1.16548,34.0,688.52941,365.02846,940.0,965.75,1019.0,898.0,0.01999,0.02046,0.01471,1.02334,0.76178,0.77333,0.0,0.0,0.0,0.0,0.0,0.0,0.0,1,0.0,1.0,150,packet,150,Whatsapp
115,681.23478,314.60767,816.0,925.5,1027.0,774.0,0.0063,0.00744,0.00457,1.18158,35.0,682.77143,332.0562,933.0,951.0,974.0,891.0,0.02024,0.02214,0.01246,1.09405,0.76626,0.76667,0.0,0.0,0.0,0.0,0.0,0.0,0.0,1,0.0,1.0,150,packet,150,Whatsapp
115,656.25217,323.15531,808.0,887.5,1010.0,766.0,0.00643,0.00806,0.00319,1.25311,35.0,695.68571,356.88748,934.0,994.0,1021.0,892.0,0.02072,0.01882,0.01772,0.90827,0.75607,0.76667,0.0,0.0,0.0,0.0,0.0,0.0,0.0,1,0.0,1.0,150,packet,150,Whatsapp
120,670.43333,352.49881,861.5,969.0,1014.0,819.5,0.00563,0.01017,0.00135,1.80717,30.0,727.16667,339.97834,916.0,949.25,1050.0,874.0,0.02119,0.02369,0.01549,1.11755,0.78669,0.8,0.0,0.0,0.0,0.0,0.0,0.0,0.0,1,0.0,1.0,150,packet,150,Whatsapp
114,677.37719,317.91209,766.5,971.0,1022.0,724.5,0.00528,0.00632,0.0031,1.19586,36.0,782.58333,210.66012,706.5,1022.0,1022.0,664.5,0.01522,0.02482,0.00042,1.631,0.73269,0.76,0.0,0.0,0.0,0.0,0.0,0.0,0.0,1,0.0,1.0,150,packet,150,Whatsapp
111,641.51351,309.40291,783.0,865.0,991.0,741.0,0.00497,0.00607,0.00234,1.21976,39.0,746.46154,230.95108,801.0,824.5,1063.0,759.0,0.01409,0.02391,0.00123,1.69747,0.70981,0.74,0.0,0.0,0.0,0.0,0.0,0.0,0.0,1,0.0,1.0,150,packet,150,Whatsapp
112,690.25893,263.86292,783.0,835.0,956.0,741.0,0.00542,0.00695,0.00294,1.28222,38.0,710.94737,267.66642,798.5,845.0,928.0,756.5,0.0145,0.02038,0.00205,1.40515,0.74104,0.74667,0.0,0.0,0.0,0.0,0.0,0.0,0.0,1,0.0,1.0,150,packet,150,Whatsapp
103,697.45631,246.89819,775.0,810.5,975.0,733.0,0.00632,0.00773,0.00343,1.22337,47.0,730.7234,276.01285,825.0,878.0,1090.0,783.0,0.01296,0.02376,0.00149,1.83273,0.67656,0.68667,0.0,0.0,0.0,0.0,0.0,0.0,0.0,1,0.0,1.0,150,packet,150,Whatsapp
110,675.17273,291.31114,775.0,862.0,1026.0,733.0,0.00544,0.00566,0.00312,1.03929,40.0,759.5,297.41755,862.5,892.0,1079.0,820.5,0.0138,0.01947,0.00168,1.41058,0.7097,0.73333,0.0,0.0,0.0,0.0,0.0,0.0,0.0,1,0.0,1.0,150,packet,150,Whatsapp
116,618.62931,265.59876,745.5,780.0,990.0,703.5,0.0049,0.00642,0.00215,1.31177,34.0,729.79412,294.59471,848.0,866.0,1005.0,806.0,0.01314,0.02314,0.0014,1.76072,0.74307,0.77333,0.0,0.0,0.0,0.0,0.0,0.0,0.0,1,0.0,1.0,150,packet,150,Whatsapp
106,684.12264,252.85273,774.0,826.75,1011.0,732.0,0.00562,0.00789,0.0021,1.40273,44.0,772.40909,285.99248,854.5,940.25,1066.0,812.5,0.01127,0.04026,0.00042,3.57071,0.68089,0.70667,0.0,0.0,0.0,0.0,0.0,0.0,0.0,1,0.0,1.0,150,packet,150,Whatsapp
101,698.45545,262.23648,767.0,887.0,1024.0,725.0,0.00537,0.00806,0.0021,1.50177,49.0,644.65306,318.22387,778.0,862.0,1086.0,736.0,0.00989,0.02247,0.00023,2.27294,0.69071,0.67333,0.0,0.0,0.0,0.0,0.0,0.0,0.0,1,0.0,1.0,150,packet,150,Whatsapp
105,627.82857,321.72569,749.0,903.0,1007.0,707.0,0.00621,0.00827,0.00209,1.33143,45.0,780.44444,198.90384,821.0,873.0,1059.0,779.0,0.01309,0.03444,0.00021,2.63088,0.65242,0.7,0.0,0.0,0.0,0.0,0.0,0.0,0.0,1,0.0,1.0,150,packet,150,Whatsapp
120,648.53333,311.28591,745.0,891.75,1015.0,703.0,0.0062,0.00873,0.00208,1.40698,30.0,739.63333,345.00836,798.0,1029.75,1071.0,756.0,0.0247,0.04445,0.00056,1.79995,0.77814,0.8,0.0,0.0,0.0,0.0,0.0,0.0,0.0,1,0.0,1.0,150,packet,150,Whatsapp
128,644.6875,331.289,733.5,947.0,1022.0,691.5,0.00627,0.00837,0.00187,1.33517,22.0,833.77273,252.77603,936.0,976.5,1050.0,894.0,0.03732,0.04938,0.00302,1.32313,0.81814,0.85333,0.0,0.0,0.0,0.0,0.0,0.0,0.0,1,0.0,1.0,150,packet,150,Whatsapp
32,864.875,240.67636,944.5,981.75,1078.0,902.5,0.02398,0.02988,0.0017,1.24607,118.0,723.72034,302.31698,884.0,956.5,1020.0,842.0,0.00676,0.00948,0.00217,1.40117,0.24476,0.21333,0.0,0.0,0.0,0.0,0.0,0.0,0.0,1,0.0,1.0,150,packet,150,Whatsapp
122,645.68852,304.87764,728.0,877.0,1024.0,686.0,0.00618,0.00921,0.00092,1.49137,28.0,833.46429,262.25485,914.0,984.0,1090.0,872.0,0.02712,0.03288,0.00238,1.21223,0.77145,0.81333,0.0,0.0,0.0,0.0,0.0,0.0,0.0,1,0.0,1.0,150,packet,150,Whatsapp
116,708.90517,323.64833,862.0,967.25,1026.0,820.0,0.00604,0.00831,0.00107,1.37614,34.0,650.17647,327.73577,764.0,919.0,1007.0,722.0,0.02031,0.04113,0.00212,2.02477,0.78813,0.77333,0.0,0.0,0.0,0.0,0.0,0.0,0.0,1,0.0,1.0,150,packet,150,Whatsapp
114,632.2807,316.74688,736.0,876.75,1012.0,694.0,0.00609,0.00815,0.00215,1.3387,36.0,680.36111,328.81117,775.5,959.25,1076.0,733.5,0.01825,0.04384,0.00144,2.40219,0.74638,0.76,0.0,0.0,0.0,0.0,0.0,0.0,0.0,1,0.0,1.0,150,packet,150,Whatsapp
117,663.47009,323.31685,729.0,943.0,1025.0,687.0,0.00604,0.00701,0.00319,1.1619,33.0,672.42424,328.44648,792.0,913.0,1002.0,750.0,0.02079,0.02171,0.01442,1.04405,0.77769,0.78,0.0,0.0,0.0,0.0,0.0,0.0,0.0,1,0.0,1.0,150,packet,150,Whatsapp
125,651.504,330.44994,758.0,951.0,1006.0,716.0,0.00583,0.00655,0.00237,1.12345,25.0,832.04,154.3032,837.0,927.0,982.0,795.0,0.02814,0.03352,0.00048,1.19131,0.79655,0.83333,0.0,0.0,0.0,0.0,0.0,0.0,0.0,1,0.0,1.0,150,packet,150,Whatsapp
125,652.248,311.268,750.0,906.0,1025.0,708.0,0.00624,0.00706,0.0034,1.13302,25.0,840.8,269.07025,916.0,952.0,1038.0,874.0,0.0303,0.0317,0.02478,1.04595,0.79503,0.83333,0.0,0.0,0.0,0.0,0.0,0.0,0.0,1,0.0,1.0,150,packet,150,Whatsapp
124,659.87903,341.50978,779.5,927.0,1026.0,737.5,0.0063,0.00673,0.00335,1.06888,26.0,918.19231,228.50467,978.0,1025.75,1081.0,936.0,0.02953,0.03055,0.01892,1.03441,0.77414,0.82667,0.0,0.0,0.0,0.0,0.0,0.0,0.0,1,0.0,1.0,150,packet,150,Whatsapp
119,746.21849,305.87942,879.0,957.0,1027.0,837.0,0.00701,0.00762,0.00341,1.08659,31.0,851.0,200.72257,893.0,979.5,1045.0,851.0,0.02616,0.02945,0.00422,1.12582,0.77096,0.79333,0.0,0.0,0.0,0.0,0.0,0.0,0.0,1,0.0,1.0,150,packet,150,Whatsapp
123,700.68293,305.81011,826.0,899.5,1021.0,784.0,0.00709,0.0081,0.00306,1.14159,27.0,785.37037,240.8213,845.0,920.0,1008.0,803.0,0.02916,0.0313,0.01038,1.07337,0.80254,0.82,0.0,0.0,0.0,0.0,0.0,0.0,0.0,1,0.0,1.0,150,packet,150,Whatsapp
123,627.94309,340.65077,754.0,903.0,1026.0,712.0,0.00604,0.00604,0.00422,1.00015,27.0,861.07407,263.67038,944.0,972.0,1077.0,902.0,0.02802,0.03033,0.01094,1.08258,0.76863,0.82,0.0,0.0,0.0,0.0,0.0,0.0,0.0,1,0.0,1.0,150,packet,150,Whatsapp
132,669.67424,334.38647,815.0,955.0,1014.0,773.0,0.00619,0.00761,0.00275,1.22872,18.0,871.0,191.66319,947.0,983.75,999.0,905.0,0.02852,0.03376,0.00304,1.18384,0.84936,0.88,0.0,0.0,0.0,0.0,0.0,0.0,0.0,1,0.0,1.0,150,packet,150,Whatsapp
117,632.55556,349.66085,743.0,957.0,1027.0,701.0,0.00607,0.00722,0.0034,1.18943,33.0,877.66667,232.3337,926.0,982.0,1060.0,884.0,0.01449,0.03116,0.00094,2.1501,0.71873,0.78,0.0,0.0,0.0,0.0,0.0,0.0,0.0,1,0.0,1.0,150,packet,150,Whatsapp
122,666.9918,329.61158,765.5,942.75,1020.0,723.5,0.00628,0.00708,0.0034,1.12722,28.0,825.39286,297.43755,905.0,1019.0,1080.0,863.0,0.02552,0.03704,0.00422,1.45158,0.77881,0.81333,0.0,0.0,0.0,0.0,0.0,0.0,0.0,1,0.0,1.0,150,packet,150,Whatsapp
122,655.0,315.33911,770.0,905.5,1012.0,728.0,0.00628,0.00753,0.0029,1.19924,28.0,779.46429,218.46829,831.0,912.0,1053.0,789.0,0.02693,0.03045,0.00047,1.13064,0.78547,0.81333,0.0,0.0,0.0,0.0,0.0,0.0,0.0,1,0.0,1.0,150,packet,150,Whatsapp
125,683.632,325.54524,776.0,950.0,1022.0,734.0,0.00636,0.00639,0.00463,1.00441,25.0,831.28,265.44853,887.0,965.0,1050.0,845.0,0.02838,0.03218,0.00281,1.13358,0.80438,0.83333,0.0,0.0,0.0,0.0,0.0,0.0,0.0,1,0.0,1.0,150,packet,150,Whatsapp
124,659.94355,328.91175,772.0,935.0,1026.0,730.0,0.00628,0.00622,0.00396,0.99036,26.0,888.88462,221.78287,946.5,982.0,1062.0,904.5,0.02906,0.03166,0.00282,1.08928,0.77978,0.82667,0.0,0.0,0.0,0.0,0.0,0.0,0.0,1,0.0,1.0,150,packet,150,Whatsapp
122,690.7541,327.31867,833.0,947.0,1010.0,791.0,0.00666,0.00738,0.00435,1.10854,28.0,808.85714,251.32005,910.0,953.25,996.0,868.0,0.02728,0.03052,0.01399,1.1185,0.78818,0.81333,0.0,0.0,0.0,0.0,0.0,0.0,0.0,1,0.0,1.0,150,packet,150,Whatsapp
121,734.82645,309.53769,876.0,962.0,1023.0,834.0,0.00717,0.0077,0.00409,1.0735,29.0,878.96552,231.15594,977.0,1007.0,1073.0,935.0,0.02832,0.03027,0.00481,1.06896,0.77719,0.80667,0.0,0.0,0.0,0.0,0.0,0.0,0.0,1,0.0,1.0,150,packet,150,Whatsapp
116,665.7069,306.87971,788.5,899.0,980.0,746.5,0.00607,0.0065,0.00413,1.07055,34.0,684.35294,317.0717,806.0,872.0,1064.0,764.0,0.02045,0.02643,0.00146,1.2925,0.76845,0.77333,0.0,0.0,0.0,0.0,0.0,0.0,0.0,1,0.0,1.0,150,packet,150,Whatsapp
115,649.55652,313.48976,747.0,896.5,1018.0,705.0,0.00661,0.00723,0.00368,1.09348,35.0,654.65714,377.96447,873.0,976.0,1056.0,831.0,0.02049,0.02015,0.01744,0.98312,0.76526,0.76667,0.0,0.0,0.0,0.0,0.0,0.0,0.0,1,0.0,1.0,150,packet,150,Whatsapp
30,654.5,348.64918,761.0,907.25,1046.0,719.0,0.02164,0.02224,0.01262,1.02754,120.0,663.875,342.89033,815.5,932.0,1016.0,773.5,0.00564,0.00642,0.0031,1.1397,0.19773,0.2,0.0,0.0,0.0,0.0,0.0,0.0,0.0,1,0.0,1.0,150,packet,150,Whatsapp
124,665.87097,318.12586,809.0,908.5,1015.0,767.0,0.00653,0.00698,0.00379,1.06878,26.0,895.38462,222.4379,920.5,1022.0,1078.0,878.5,0.02976,0.03149,0.01701,1.05826,0.78006,0.82667,0.0,0.0,0.0,0.0,0.0,0.0,0.0,1,0.0,1.0,150,packet,150,Whatsapp
123,647.5122,329.25838,761.0,925.0,1006.0,719.0,0.00625,0.00667,0.00333,1.06715,27.0,851.62963,212.86218,909.0,973.5,1073.0,867.0,0.02842,0.03267,0.0017,1.1497,0.77597,0.82,0.0,0.0,0.0,0.0,0.0,0.0,0.0,1,0.0,1.0,150,packet,150,Whatsapp
125,640.008,336.97918,796.0,931.0,991.0,754.0,0.00563,0.00637,0.00307,1.13056,25.0,832.28,268.47414,921.0,985.0,1041.0,879.0,0.02451,0.02785,0.00924,1.13639,0.7936,0.83333,0.0,0.0,0.0,0.0,0.0,0.0,0.0,1,0.0,1.0,150,packet,150,Whatsapp
127,595.09449,324.02358,728.0,899.5,1012.0,686.0,0.00536,0.00652,0.00234,1.21544,23.0,789.73913,288.95001,928.0,965.5,1040.0,886.0,0.02725,0.03111,0.00182,1.14147,0.80623,0.84667,0.0,0.0,0.0,0.0,0.0,0.0,0.0,1,0.0,1.0,150,packet,150,Whatsapp
27,853.33333,259.85466,953.0,988.0,1015.0,911.0,0.02763,0.03096,0.0036,1.12036,123.0,666.3252,332.28882,791.0,935.5,1015.0,749.0,0.00622,0.00679,0.00465,1.09247,0.21943,0.18,0.0,0.0,0.0,0.0,0.0,0.0,0.0,1,0.0,1.0,150,packet,150,Whatsapp
126,648.12698,360.61035,838.0,955.5,1014.0,796.0,0.00575,0.00619,0.00309,1.07716,24.0,887.66667,233.59271,977.5,1008.5,1028.0,935.5,0.02937,0.03222,0.00397,1.0972,0.7931,0.84,0.0,0.0,0.0,0.0,0.0,0.0,0.0,1,0.0,1.0,150,packet,150,Whatsapp
124,666.65323,340.06909,823.0,947.0,1026.0,781.0,0.00653,0.00702,0.00376,1.0751,26.0,883.53846,207.5265,949.5,972.0,995.0,907.5,0.02976,0.03216,0.00496,1.08075,0.78254,0.82667,0.0,0.0,0.0,0.0,0.0,0.0,0.0,1,0.0,1.0,150,packet,150,Whatsapp
121,683.43802,303.86814,798.0,919.0,1019.0,756.0,0.00635,0.00714,0.00353,1.12356,29.0,802.34483,319.38565,923.0,953.0,1066.0,881.0,0.02614,0.03029,0.00428,1.1588,0.78042,0.80667,0.0,0.0,0.0,0.0,0.0,0.0,0.0,1,0.0,1.0,150,packet,150,Whatsapp
26,837.84615,221.83079,883.5,970.75,1068.0,841.5,0.02931,0.0306,0.00989,1.04377,124.0,670.16935,321.05317,816.0,934.0,995.0,774.0,0.00615,0.00777,0.00286,1.26381,0.20769,0.17333,0.0,0.0,0.0,0.0,0.0,0.0,0.0,1,0.0,1.0,150,packet,150,Whatsapp
126,662.21429,336.26628,792.5,944.75,1027.0,750.5,0.00651,0.00815,0.003,1.25185,24.0,687.75,353.63379,890.0,933.75,1056.0,848.0,0.02297,0.02316,0.02899,1.00849,0.83485,0.84,0.0,0.0,0.0,0.0,0.0,0.0,0.0,1,0.0,1.0,150,packet,150,Whatsapp
116,681.23276,335.70881,859.5,928.25,1015.0,817.5,0.00651,0.00761,0.00336,1.16859,34.0,818.08824,200.16161,885.5,963.75,1014.0,843.5,0.01919,0.08681,0.00033,4.52344,0.73965,0.77333,0.0,0.0,0.0,0.0,0.0,0.0,0.0,1,0.0,1.0,150,packet,150,Whatsapp
122,675.91803,331.72042,844.5,941.0,1018.0,802.5,0.00634,0.0073,0.00303,1.15147,28.0,869.78571,270.32829,976.5,1035.0,1065.0,934.5,0.02678,0.03773,0.00231,1.40868,0.772,0.81333,0.0,0.0,0.0,0.0,0.0,0.0,0.0,1,0.0,1.0,150,packet,150,Whatsapp
122,675.7377,330.83513,828.0,940.25,1018.0,786.0,0.00628,0.00711,0.00452,1.1328,28.0,833.39286,269.01399,949.0,1012.0,1071.0,907.0,0.02777,0.04713,0.00048,1.69756,0.77939,0.81333,0.0,0.0,0.0,0.0,0.0,0.0,0.0,1,0.0,1.0,150,packet,150,Whatsapp
121,669.52893,318.15616,779.0,930.0,1016.0,737.0,0.00576,0.00663,0.00302,1.15146,29.0,692.72414,306.36027,785.0,981.0,1019.0,743.0,0.02115,0.04358,0.00046,2.06017,0.8013,0.80667,0.0,0.0,0.0,0.0,0.0,0.0,0.0,1,0.0,1.0,150,packet,150,Whatsapp
124,622.3629,320.28524,747.0,867.25,1006.0,705.0,0.00645,0.00724,0.00331,1.12183,26.0,898.92308,223.9598,973.5,1005.0,1033.0,931.5,0.02899,0.03944,0.00043,1.36054,0.76755,0.82667,0.0,0.0,0.0,0.0,0.0,0.0,0.0,1,0.0,1.0,150,packet,150,Whatsapp
120,645.13333,333.64265,812.0,897.25,1026.0,770.0,0.00604,0.00693,0.00289,1.14864,30.0,730.0,356.0059,929.0,976.0,1052.0,887.0,0.01975,0.04216,0.00223,2.13501,0.77949,0.8,0.0,0.0,0.0,0.0,0.0,0.0,0.0,1,0.0,1.0,150,packet,150,Whatsapp
124,643.41935,327.31794,748.0,909.0,1026.0,706.0,0.00548,0.00744,0.00106,1.35739,26.0,756.23077,306.79651,787.0,991.75,1032.0,745.0,0.02463,0.04503,0.00108,1.82804,0.80228,0.82667,0.0,0.0,0.0,0.0,0.0,0.0,0.0,1,0.0,1.0,150,packet,150,Whatsapp
119,606.39496,335.28541,732.0,884.5,1015.0,690.0,0.00584,0.00866,0.00112,1.48304,31.0,733.54839,361.57771,927.0,1005.0,1045.0,885.0,0.02236,0.03885,0.00086,1.73732,0.76038,0.79333,0.0,0.0,0.0,0.0,0.0,0.0,0.0,1,0.0,1.0,150,packet,150,Whatsapp
124,622.5,335.87362,760.0,912.25,1014.0,718.0,0.00576,0.00787,0.00208,1.36569,26.0,877.69231,218.26744,954.5,993.0,1065.0,912.5,0.02254,0.03932,0.0009,1.74435,0.77182,0.82667,0.0,0.0,0.0,0.0,0.0,0.0,0.0,1,0.0,1.0,150,packet,150,Whatsapp
124,661.30645,312.50435,767.5,888.0,1017.0,725.5,0.00644,0.00686,0.00381,1.06574,26.0,823.19231,266.43978,919.0,973.5,1041.0,877.0,0.02908,0.03029,0.01251,1.04142,0.79302,0.82667,0.0,0.0,0.0,0.0,0.0,0.0,0.0,1,0.0,1.0,150,packet,150,Whatsapp
126,663.6746,306.64746,754.5,905.0,1017.0,712.5,0.00636,0.00717,0.0033,1.12641,24.0,874.83333,219.1789,936.0,966.0,1026.0,894.0,0.02936,0.03255,0.00073,1.10854,0.79931,0.84,0.0,0.0,0.0,0.0,0.0,0.0,0.0,1,0.0,1.0,150,packet,150,Whatsapp
119,626.65546,318.15298,744.0,873.0,982.0,702.0,0.00591,0.00665,0.00371,1.12574,31.0,739.83871,321.73292,898.0,970.5,1011.0,856.0,0.02196,0.0257,0.0049,1.17025,0.76479,0.79333,0.0,0.0,0.0,0.0,0.0,0.0,0.0,1,0.0,1.0,150,packet,150,Whatsapp
124,618.25806,343.2007,777.5,898.25,1021.0,735.5,0.00566,0.00656,0.00315,1.15796,26.0,764.61538,340.23793,951.5,977.0,1026.0,909.5,0.02448,0.02519,0.02583,1.02892,0.79408,0.82667,0.0,0.0,0.0,0.0,0.0,0.0,0.0,1,0.0,1.0,150,packet,150,Whatsapp
125,642.696,313.09261,743.0,871.0,1021.0,701.0,0.00613,0.00583,0.00433,0.95175,25.0,917.36,164.61783,958.0,993.0,1024.0,916.0,0.03043,0.03265,0.00121,1.07299,0.77792,0.83333,0.0,0.0,0.0,0.0,0.0,0.0,0.0,1,0.0,1.0,150,packet,150,Whatsapp
27,793.07407,254.87977,812.0,972.5,1043.0,770.0,0.02708,0.02922,0.01054,1.07914,123.0,648.15447,322.37609,781.0,881.5,1020.0,739.0,0.00618,0.00705,0.00338,1.14109,0.21172,0.18,0.0,0.0,0.0,0.0,0.0,0.0,0.0,1,0.0,1.0,150,packet,150,Whatsapp
124,605.90323,340.49526,741.0,892.75,1015.0,699.0,0.00573,0.00703,0.00296,1.22593,26.0,809.26923,261.19939,904.5,953.75,1073.0,862.5,0.02655,0.02978,0.0076,1.12167,0.78122,0.82667,0.0,0.0,0.0,0.0,0.0,0.0,0.0,1,0.0,1.0,150,packet,150,Whatsapp
119,675.17647,330.91469,828.0,940.5,1027.0,786.0,0.00593,0.00704,0.00331,1.18736,31.0,696.3871,375.33097,951.0,980.5,1017.0,909.0,0.02227,0.02269,0.01551,1.01866,0.78822,0.79333,0.0,0.0,0.0,0.0,0.0,0.0,0.0,1,0.0,1.0,150,packet,150,Whatsapp
34,670.35294,357.65132,906.0,956.0,1000.0,864.0,0.02007,0.02185,0.01307,1.0888,116.0,625.94828,335.17972,766.0,898.5,1020.0,724.0,0.0058,0.00675,0.0032,1.16303,0.2389,0.22667,0.0,0.0,0.0,0.0,0.0,0.0,0.0,1,0.0,1.0,150,packet,150,Whatsapp
128,602.05469,330.01674,732.0,899.0,1011.0,690.0,0.00538,0.00649,0.00214,1.20663,22.0,882.68182,247.0389,953.5,989.5,1042.0,911.5,0.0287,0.03183,0.00561,1.10919,0.79873,0.85333,0.0,0.0,0.0,0.0,0.0,0.0,0.0,1,0.0,1.0,150,packet,150,Whatsapp
126,606.2381,342.10656,764.0,909.5,1025.0,722.0,0.00557,0.0063,0.00319,1.13043,24.0,885.625,222.27026,951.0,963.75,1068.0,909.0,0.02909,0.02883,0.02888,0.99105,0.78231,0.84,0.0,0.0,0.0,0.0,0.0,0.0,0.0,1,0.0,1.0,150,packet,150,Whatsapp
128,594.30469,319.70454,738.5,872.5,997.0,696.5,0.00539,0.0065,0.00247,1.20457,22.0,795.90909,230.72926,811.0,979.75,1042.0,769.0,0.02579,0.04597,0.00384,1.78279,0.81289,0.85333,0.0,0.0,0.0,0.0,0.0,0.0,0.0,1,0.0,1.0,150,packet,150,Whatsapp
124,635.54839,322.90604,741.0,907.0,1020.0,699.0,0.00574,0.0071,0.00248,1.23826,26.0,817.26923,269.40312,917.0,949.0,1042.0,875.0,0.01905,0.03726,0.00053,1.95626,0.78763,0.82667,0.0,0.0,0.0,0.0,0.0,0.0,0.0,1,0.0,1.0,150,packet,150,Whatsapp
29,839.65517,250.63454,895.0,982.0,1075.0,853.0,0.02764,0.04667,0.00152,1.68857,121.0,670.3719,343.88572,833.0,942.0,1020.0,791.0,0.00631,0.00738,0.00236,1.17046,0.23088,0.19333,0.0,0.0,0.0,0.0,0.0,0.0,0.0,1,0.0,1.0,150,packet,150,Whatsapp
126,684.81746,319.39584,845.0,935.75,1021.0,803.0,0.00557,0.00682,0.00242,1.22449,24.0,829.375,320.16517,970.0,1011.0,1050.0,928.0,0.02611,0.04374,0.00076,1.67514,0.81256,0.84,0.0,0.0,0.0,0.0,0.0,0.0,0.0,1,0.0,1.0,150,packet,150,Whatsapp
118,640.91525,329.93817,753.0,931.5,1024.0,711.0,0.00679,0.00724,0.00422,1.06637,32.0,772.21875,320.61667,948.5,998.0,1063.0,906.5,0.01974,0.0405,0.00084,2.0513,0.75372,0.78667,0.0,0.0,0.0,0.0,0.0,0.0,0.0,1,0.0,1.0,150,packet,150,Whatsapp
115,632.23478,354.91616,795.0,927.5,1027.0,753.0,0.00606,0.0069,0.0033,1.13992,35.0,677.02857,323.55176,776.0,964.0,1054.0,734.0,0.01694,0.03553,0.00085,2.09754,0.7542,0.76667,0.0,0.0,0.0,0.0,0.0,0.0,0.0,1,0.0,1.0,150,packet,150,Whatsapp
115,709.44348,338.4398,851.0,979.0,1027.0,809.0,0.0057,0.00798,0.00124,1.40135,35.0,594.08571,354.33885,729.0,948.5,1032.0,687.0,0.01824,0.03797,0.00092,2.08188,0.7969,0.76667,0.0,0.0,0.0,0.0,0.0,0.0,0.0,1,0.0,1.0,150,packet,150,Whatsapp
115,628.77391,326.07633,723.0,914.0,1016.0,681.0,0.00641,0.00821,0.00221,1.28219,35.0,671.8,341.27867,881.0,955.0,1027.0,839.0,0.02068,0.04032,0.00117,1.94955,0.75462,0.76667,0.0,0.0,0.0,0.0,0.0,0.0,0.0,1,0.0,1.0,150,packet,150,Whatsapp
116,627.93966,334.11146,762.0,897.75,1019.0,720.0,0.00601,0.00742,0.00231,1.23409,34.0,719.55882,344.85088,961.0,988.0,1073.0,919.0,0.01984,0.03224,0.00139,1.62512,0.74858,0.77333,0.0,0.0,0.0,0.0,0.0,0.0,0.0,1,0.0,1.0,150,packet,150,Whatsapp
117,739.97436,288.97702,848.0,940.0,1020.0,806.0,0.00659,0.00689,0.00506,1.04446,33.0,660.30303,347.04052,876.0,939.0,1044.0,834.0,0.02086,0.02965,0.00275,1.42142,0.79892,0.78,0.0,0.0,0.0,0.0,0.0,0.0,0.0,1,0.0,1.0,150,packet,150,Whatsapp
37,707.67568,352.83041,943.0,952.0,1047.0,901.0,0.0209,0.02261,0.01281,1.08139,113.0,644.9469,329.13195,786.0,897.0,1016.0,744.0,0.00665,0.00771,0.00318,1.15827,0.26432,0.24667,0.0,0.0,0.0,0.0,0.0,0.0,0.0,1,0.0,1.0,150,packet,150,Whatsapp
30,748.43333,273.43039,832.0,881.0,1033.0,790.0,0.0257,0.03713,0.00845,1.44458,120.0,686.78333,314.04517,792.5,933.0,1026.0,750.5,0.00609,0.00716,0.00275,1.17527,0.21411,0.2,0.0,0.0,0.0,0.0,0.0,0.0,0.0,1,0.0,1.0,150,packet,150,Whatsapp
123,608.39837,305.92907,728.0,831.0,1026.0,686.0,0.00578,0.00656,0.00328,1.13455,27.0,752.18519,371.07731,961.0,1002.0,1044.0,919.0,0.02349,0.0257,0.01707,1.09414,0.78654,0.82,0.0,0.0,0.0,0.0,0.0,0.0,0.0,1,0.0,1.0,150,packet,150,Whatsapp
28,882.96429,224.06958,960.5,1016.25,1081.0,918.5,0.02981,0.03248,0.00274,1.08954,122.0,693.72951,325.9093,845.0,932.0,1025.0,803.0,0.00686,0.00722,0.00461,1.05257,0.22607,0.18667,0.0,0.0,0.0,0.0,0.0,0.0,0.0,1,0.0,1.0,150,packet,150,Whatsapp
120,665.0,327.8338,816.5,903.0,1023.0,774.5,0.00579,0.0077,0.00213,1.32928,30.0,717.3,350.52619,920.5,996.5,1032.0,878.5,0.02306,0.02896,0.01396,1.25598,0.78761,0.8,0.0,0.0,0.0,0.0,0.0,0.0,0.0,1,0.0,1.0,150,packet,150,Whatsapp
119,579.2605,337.30017,725.0,886.5,1023.0,683.0,0.00552,0.0076,0.00213,1.37581,31.0,674.64516,385.16578,894.0,984.0,1072.0,852.0,0.01999,0.02178,0.01243,1.08937,0.76722,0.79333,0.0,0.0,0.0,0.0,0.0,0.0,0.0,1,0.0,1.0,150,packet,150,Whatsapp
128,618.35156,339.68544,747.0,905.25,1013.0,705.0,0.00549,0.00789,0.00106,1.43806,22.0,839.40909,305.03095,943.5,1036.5,1079.0,901.5,0.03286,0.05633,0.00498,1.714,0.81082,0.85333,0.0,0.0,0.0,0.0,0.0,0.0,0.0,1,0.0,1.0,150,packet,150,Whatsapp
28,667.07143,296.28352,776.0,894.75,929.0,734.0,0.02408,0.06104,0.00061,2.53463,122.0,632.14754,340.18242,785.0,926.0,1025.0,743.0,0.00588,0.00831,0.0001,1.41386,0.19497,0.18667,0.0,0.0,0.0,0.0,0.0,0.0,0.0,1,0.0,1.0,150,packet,150,Whatsapp
35,705.05714,368.38861,918.0,973.5,1069.0,876.0,0.01744,0.02344,0.00453,1.34391,115.0,635.46087,349.71166,767.0,948.0,1022.0,725.0,0.00556,0.00659,0.00337,1.18395,0.25244,0.23333,0.0,0.0,0.0,0.0,0.0,0.0,0.0,1,0.0,1.0,150,packet,150,Whatsapp
123,667.02439,324.38889,813.0,899.0,1016.0,771.0,0.00638,0.00638,0.00409,1.00002,27.0,849.11111,263.84722,952.0,981.5,1041.0,910.0,0.02811,0.03003,0.01472,1.06858,0.78159,0.82,0.0,0.0,0.0,0.0,0.0,0.0,0.0,1,0.0,1.0,150,packet,150,Whatsapp
124,662.73387,307.12888,763.0,920.75,1011.0,721.0,0.00597,0.00771,0.00236,1.29184,26.0,824.57692,309.77525,930.0,1003.75,1079.0,888.0,0.02626,0.02686,0.01706,1.02273,0.7931,0.82667,0.0,0.0,0.0,0.0,0.0,0.0,0.0,1,0.0,1.0,150,packet,150,Whatsapp
117,604.22222,330.86026,730.0,902.0,1026.0,688.0,0.00583,0.00595,0.00416,1.02034,33.0,661.78788,356.62838,821.0,987.0,1030.0,779.0,0.01939,0.01715,0.01975,0.88472,0.76399,0.78,0.0,0.0,0.0,0.0,0.0,0.0,0.0,1,0.0,1.0,150,packet,150,Whatsapp
115,659.90435,322.90914,774.0,916.0,1025.0,732.0,0.00606,0.00736,0.0029,1.21424,35.0,669.37143,334.43317,864.0,948.5,1029.0,822.0,0.01952,0.02054,0.01746,1.05225,0.76411,0.76667,0.0,0.0,0.0,0.0,0.0,0.0,0.0,1,0.0,1.0,150,packet,150,Whatsapp
37,614.40541,295.05762,758.0,863.0,976.0,716.0,0.01956,0.01941,0.01697,0.99238,113.0,694.82301,307.65675,787.0,933.0,1019.0,745.0,0.00644,0.00749,0.00329,1.16255,0.22453,0.24667,0.0,0.0,0.0,0.0,0.0,0.0,0.0,1,0.0,1.0,150,packet,150,Whatsapp
35,682.54286,351.65603,918.0,969.5,1002.0,876.0,0.02043,0.01864,0.02208,0.91246,115.0,635.85217,341.68667,783.0,905.5,1002.0,741.0,0.00625,0.0065,0.00388,1.03994,0.24625,0.23333,0.0,0.0,0.0,0.0,0.0,0.0,0.0,1,0.0,1.0,150,packet,150,Whatsapp
119,665.90756,325.4832,799.0,930.0,1023.0,757.0,0.00625,0.00694,0.00357,1.11118,31.0,718.32258,368.4638,939.0,979.0,1032.0,897.0,0.02269,0.02427,0.01423,1.06973,0.78063,0.79333,0.0,0.0,0.0,0.0,0.0,0.0,0.0,1,0.0,1.0,150,packet,150,Whatsapp
127,661.09449,313.82959,782.0,907.5,1022.0,740.0,0.00579,0.00694,0.00254,1.19989,23.0,830.34783,228.27055,917.0,950.5,1070.0,875.0,0.03418,0.08866,0.00186,2.59374,0.81469,0.84667,0.0,0.0,0.0,0.0,0.0,0.0,0.0,1,0.0,1.0,150,packet,150,Whatsapp
122,617.19672,332.68751,761.0,903.0,1027.0,719.0,0.00578,0.00629,0.00338,1.08809,28.0,865.53571,259.61874,947.0,973.5,1031.0,905.0,0.02533,0.02841,0.01038,1.12149,0.75651,0.81333,0.0,0.0,0.0,0.0,0.0,0.0,0.0,1,0.0,1.0,150,packet,150,Whatsapp
25,840.16,178.25413,798.0,984.0,1034.0,756.0,0.02815,0.03321,0.00042,1.17992,125.0,667.656,325.28056,806.0,920.0,1026.0,764.0,0.00548,0.00648,0.00339,1.1825,0.20107,0.16667,0.0,0.0,0.0,0.0,0.0,0.0,0.0,1,0.0,1.0,150,packet,150,Whatsapp
121,695.69421,312.13114,820.0,938.0,1027.0,778.0,0.00589,0.00665,0.00294,1.1305,29.0,654.93103,299.92688,757.0,874.0,1039.0,715.0,0.02306,0.02315,0.02002,1.00376,0.81591,0.80667,0.0,0.0,0.0,0.0,0.0,0.0,0.0,1,0.0,1.0,150,packet,150,Whatsapp
117,653.86325,294.42088,772.0,885.0,1013.0,730.0,0.00604,0.0075,0.00327,1.24329,33.0,612.06061,280.28416,785.0,826.0,1073.0,743.0,0.02087,0.02392,0.00885,1.1463,0.79113,0.78,0.0,0.0,0.0,0.0,0.0,0.0,0.0,1,0.0,1.0,150,packet,150,Whatsapp
119,594.94958,322.96822,790.0,838.0,1027.0,748.0,0.00562,0.00659,0.00309,1.17129,31.0,575.19355,307.6839,735.0,843.5,864.0,693.0,0.01953,0.02264,0.00578,1.15926,0.79882,0.79333,0.0,0.0,0.0,0.0,0.0,0.0,0.0,1,0.0,1.0,150,packet,150,Whatsapp
118,611.27119,336.63967,774.0,861.5,1019.0,732.0,0.00573,0.0068,0.00267,1.18586,32.0,641.4375,318.23409,810.0,919.25,976.0,768.0,0.01982,0.02113,0.00845,1.06604,0.77847,0.78667,0.0,0.0,0.0,0.0,0.0,0.0,0.0,1,0.0,1.0,150,packet,150,Whatsapp
122,621.18852,333.37984,789.5,910.5,996.0,747.5,0.00567,0.0067,0.00328,1.18159,28.0,685.92857,349.45947,877.5,929.0,1034.0,835.5,0.02465,0.02226,0.02762,0.90299,0.79781,0.81333,0.0,0.0,0.0,0.0,0.0,0.0,0.0,1,0.0,1.0,150,packet,150,Whatsapp
26,898.42308,171.47307,925.0,1001.75,1073.0,883.0,0.02932,0.03359,0.00128,1.14597,124.0,623.00806,326.02448,719.0,929.75,1018.0,677.0,0.00591,0.0068,0.00294,1.15165,0.23217,0.17333,0.0,0.0,0.0,0.0,0.0,0.0,0.0,1,0.0,1.0,150,packet,150,Whatsapp
125,667.72,330.37609,820.0,949.0,1021.0,778.0,0.00599,0.0068,0.00309,1.13458,25.0,829.8,218.68388,880.0,950.0,1032.0,838.0,0.02816,0.03145,0.00933,1.11672,0.80093,0.83333,0.0,0.0,0.0,0.0,0.0,0.0,0.0,1,0.0,1.0,150,packet,150,Whatsapp
115,662.2,334.77445,829.0,914.5,1019.0,787.0,0.00645,0.00774,0.00232,1.19867,35.0,660.14286,312.35851,760.0,920.0,1054.0,718.0,0.01999,0.02281,0.00969,1.1413,0.76722,0.76667,0.0,0.0,0.0,0.0,0.0,0.0,0.0,1,0.0,1.0,150,packet,150,Whatsapp
113,663.06195,317.95584,789.0,897.0,1013.0,747.0,0.0064,0.00665,0.00454,1.04015,37.0,649.2973,382.92903,802.0,994.0,1061.0,760.0,0.01958,0.02129,0.01158,1.08742,0.75721,0.75333,0.0,0.0,0.0,0.0,0.0,0.0,0.0,1,0.0,1.0,150,packet,150,Whatsapp
122,624.41803,343.65346,771.0,921.0,1025.0,729.0,0.00549,0.00654,0.00239,1.19263,28.0,709.85714,359.01171,873.0,998.25,1057.0,831.0,0.02383,0.02539,0.01076,1.06547,0.79308,0.81333,0.0,0.0,0.0,0.0,0.0,0.0,0.0,1,0.0,1.0,150,packet,150,Whatsapp
114,653.14912,324.04397,812.0,861.75,1019.0,770.0,0.00612,0.00647,0.00363,1.05695,36.0,662.47222,351.2887,890.5,922.0,993.0,848.5,0.01865,0.01811,0.01365,0.97072,0.75741,0.76,0.0,0.0,0.0,0.0,0.0,0.0,0.0,1,0.0,1.0,150,packet,150,Whatsapp
124,616.1371,330.91085,756.5,882.25,1027.0,714.5,0.00596,0.00715,0.0031,1.19885,26.0,771.92308,300.26462,870.5,938.75,1074.0,828.5,0.02842,0.03438,0.00801,1.20971,0.79196,0.82667,0.0,0.0,0.0,0.0,0.0,0.0,0.0,1,0.0,1.0,150,packet,150,Whatsapp
115,670.46957,328.57284,823.0,935.5,997.0,781.0,0.00597,0.00823,0.00202,1.37979,35.0,829.37143,255.14479,904.0,1001.5,1076.0,862.0,0.01841,0.04314,0.0007,2.34372,0.72649,0.76667,0.0,0.0,0.0,0.0,0.0,0.0,0.0,1,0.0,1.0,150,packet,150,Whatsapp
109,678.3211,313.6264,805.0,894.0,1010.0,763.0,0.00553,0.00711,0.00133,1.2858,41.0,672.82927,246.48098,760.0,838.0,965.0,718.0,0.01421,0.02777,0.00171,1.95482,0.72828,0.72667,0.0,0.0,0.0,0.0,0.0,0.0,0.0,1,0.0,1.0,150,packet,150,Whatsapp
106,660.20755,327.65645,812.5,894.0,1020.0,770.5,0.00507,0.00797,0.001,1.5715,44.0,675.04545,281.42333,801.0,866.0,983.0,759.0,0.01042,0.02581,0.00062,2.4762,0.70204,0.70667,0.0,0.0,0.0,0.0,0.0,0.0,0.0,1,0.0,1.0,150,packet,150,Whatsapp
110,648.00909,287.95093,773.0,816.0,1014.0,731.0,0.00519,0.00745,0.00132,1.43608,40.0,718.45,241.1007,814.0,842.25,914.0,772.0,0.01349,0.03063,0.00029,2.27051,0.71267,0.73333,0.0,0.0,0.0,0.0,0.0,0.0,0.0,1,0.0,1.0,150,packet,150,Whatsapp
114,607.66667,286.54428,757.0,804.0,952.0,715.0,0.00503,0.00754,0.0021,1.49777,36.0,789.19444,213.60033,835.0,851.75,966.0,793.0,0.01557,0.02842,0.00124,1.82532,0.70916,0.76,0.0,0.0,0.0,0.0,0.0,0.0,0.0,1,0.0,1.0,150,packet,150,Whatsapp
112,638.77679,261.20209,758.0,779.0,977.0,716.0,0.0051,0.00697,0.00166,1.36579,38.0,781.55263,211.14234,819.0,892.25,1071.0,777.0,0.01254,0.02725,0.0008,2.17273,0.70665,0.74667,0.0,0.0,0.0,0.0,0.0,0.0,0.0,1,0.0,1.0,150,packet,150,Whatsapp
110,700.24545,233.29946,772.0,805.0,1015.0,730.0,0.00589,0.0082,0.00207,1.39311,40.0,814.2,220.56305,817.0,919.0,1083.0,775.0,0.01542,0.02954,0.00046,1.91606,0.70283,0.73333,0.0,0.0,0.0,0.0,0.0,0.0,0.0,1,0.0,1.0,150,packet,150,Whatsapp
40,788.075,219.16106,841.0,868.0,1086.0,799.0,0.01476,0.03121,0.00027,2.11501,110.0,703.67273,241.51594,774.5,811.0,1017.0,732.5,0.00554,0.00901,0.00111,1.62747,0.2894,0.26667,0.0,0.0,0.0,0.0,0.0,0.0,0.0,1,0.0,1.0,150,packet,150,Whatsapp
45,794.88889,183.9621,835.0,860.0,1079.0,793.0,0.01445,0.03016,0.00035,2.08722,105.0,706.11429,237.98377,777.0,825.0,1024.0,735.0,0.00593,0.00817,0.00141,1.37663,0.32544,0.3,0.0,0.0,0.0,0.0,0.0,0.0,0.0,1,0.0,1.0,150,packet,150,Whatsapp
40,764.3,217.90126,811.5,854.0,1075.0,769.5,0.01282,0.03157,0.00026,2.46239,110.0,692.73636,253.14817,755.0,826.75,989.0,713.0,0.00576,0.00766,0.00104,1.32978,0.28633,0.26667,0.0,0.0,0.0,0.0,0.0,0.0,0.0,1,0.0,1.0,150,packet,150,Whatsapp
105,656.15238,266.89434,762.0,805.0,966.0,720.0,0.00726,0.01712,0.00304,2.35668,45.0,822.68889,126.69365,814.0,831.0,1047.0,772.0,0.01607,0.03591,0.00047,2.23489,0.65047,0.7,0.0,0.0,0.0,0.0,0.0,0.0,0.0,2,0.16071,1.0,150,packet,150,Whatsapp
44,646.09091,272.43488,643.5,847.0,1073.0,601.5,0.01081,0.01325,0.00198,1.22654,106.0,609.80189,269.78204,742.5,759.5,1027.0,700.5,0.0045,0.00609,0.00216,1.35209,0.30546,0.29333,0.0,0.0,0.0,0.0,0.0,0.0,0.0,1,0.0,1.0,150,packet,150,Whatsapp
44,697.86364,264.43392,796.0,866.0,1079.0,754.0,0.01085,0.01343,0.00125,1.23835,106.0,598.5283,269.46187,737.5,768.0,1008.0,695.5,0.00468,0.00596,0.00256,1.27556,0.32614,0.29333,0.0,0.0,0.0,0.0,0.0,0.0,0.0,1,0.0,1.0,150,packet,150,Whatsapp
47,694.12766,253.77177,760.0,844.0,1072.0,718.0,0.01158,0.01458,0.00159,1.25876,103.0,627.29126,257.80193,744.0,756.5,942.0,702.0,0.00526,0.00701,0.00308,1.334,0.33552,0.31333,0.0,0.0,0.0,0.0,0.0,0.0,0.0,1,0.0,1.0,150,packet,150,Whatsapp
106,601.80189,270.97982,743.5,762.5,1027.0,701.5,0.00504,0.00705,0.00213,1.40003,44.0,689.43182,219.96181,762.5,822.75,1008.0,720.5,0.01197,0.01539,0.00032,1.2857,0.67772,0.70667,0.0,0.0,0.0,0.0,0.0,0.0,0.0,1,0.0,1.0,150,packet,150,Whatsapp
102,654.35294,297.59865,769.0,871.75,1028.0,727.0,0.00615,0.00842,0.00239,1.36887,48.0,718.52083,171.21027,781.0,821.75,851.0,739.0,0.01224,0.01572,0.0003,1.28434,0.65931,0.68,0.0,0.0,0.0,0.0,0.0,0.0,0.0,1,0.0,1.0,150,packet,150,Whatsapp
53,730.96226,224.84468,824.0,860.0,1073.0,782.0,0.01133,0.01408,0.00029,1.24309,97.0,653.97938,331.52428,760.0,935.0,1012.0,718.0,0.00598,0.00708,0.00333,1.18296,0.37916,0.35333,0.0,0.0,0.0,0.0,0.0,0.0,0.0,1,0.0,1.0,150,packet,150,Whatsapp
52,710.26923,258.51976,778.5,861.0,1085.0,736.5,0.01189,0.01472,0.00218,1.23852,98.0,658.02041,342.11506,811.0,929.25,1016.0,769.0,0.00633,0.00923,0.00331,1.45937,0.36417,0.34667,0.0,0.0,0.0,0.0,0.0,0.0,0.0,1,0.0,1.0,150,packet,150,Whatsapp
109,678.00917,326.66992,789.0,947.0,1023.0,747.0,0.00589,0.00689,0.0036,1.16911,41.0,814.39024,174.56243,842.0,919.0,1076.0,800.0,0.01483,0.01636,0.00132,1.10325,0.6888,0.72667,0.0,0.0,0.0,0.0,0.0,0.0,0.0,1,0.0,1.0,150,packet,150,Whatsapp
102,641.71569,330.186,794.0,916.75,1018.0,752.0,0.00585,0.0074,0.0042,1.26412,48.0,725.1875,223.99867,832.0,843.25,1084.0,790.0,0.01222,0.01605,0.00092,1.31314,0.65283,0.68,0.0,0.0,0.0,0.0,0.0,0.0,0.0,1,0.0,1.0,150,packet,150,Whatsapp
102,638.38235,320.83564,755.5,926.5,1006.0,713.5,0.00598,0.00817,0.003,1.36626,48.0,744.3125,219.35617,797.0,851.0,1028.0,755.0,0.01285,0.01581,0.00103,1.23016,0.64571,0.68,0.0,0.0,0.0,0.0,0.0,0.0,0.0,1,0.0,1.0,150,packet,150,Whatsapp
47,720.02128,283.41313,769.0,910.0,1036.0,727.0,0.01196,0.01477,0.00161,1.23495,103.0,632.69903,342.2508,776.0,876.0,1030.0,734.0,0.00546,0.00586,0.00379,1.0748,0.3418,0.31333,0.0,0.0,0.0,0.0,0.0,0.0,0.0,1,0.0,1.0,150,packet,150,Whatsapp
107,659.29907,326.54158,819.0,902.5,1020.0,777.0,0.00557,0.00779,0.00314,1.39817,43.0,796.27907,156.01987,814.0,876.0,1058.0,772.0,0.01348,0.01611,0.00052,1.19516,0.67324,0.71333,0.0,0.0,0.0,0.0,0.0,0.0,0.0,1,0.0,1.0,150,packet,150,Whatsapp
99,662.49495,336.35144,809.0,928.5,1020.0,767.0,0.00639,0.00839,0.00325,1.3125,51.0,768.70588,159.92526,776.0,874.5,992.0,734.0,0.01259,0.01643,0.00042,1.30488,0.62588,0.66,0.0,0.0,0.0,0.0,0.0,0.0,0.0,1,0.0,1.0,150,packet,150,Whatsapp
106,658.07547,315.88873,780.5,916.0,988.0,738.5,0.00575,0.00873,0.0022,1.51714,44.0,759.0,189.45748,815.5,856.25,1050.0,773.5,0.01233,0.01554,0.00061,1.26031,0.67624,0.70667,0.0,0.0,0.0,0.0,0.0,0.0,0.0,1,0.0,1.0,150,packet,150,Whatsapp
123,683.96748,309.6824,849.0,926.5,1009.0,807.0,0.0061,0.00895,0.00248,1.46673,27.0,829.62963,251.58198,918.0,974.0,1022.0,876.0,0.02652,0.04598,0.00306,1.7339,0.78973,0.82,0.0,0.0,0.0,0.0,0.0,0.0,0.0,1,0.0,1.0,150,packet,150,Whatsapp
133,647.8797,332.74945,810.0,931.0,1032.0,768.0,0.00497,0.00678,0.00216,1.36291,17.0,895.88235,204.9209,982.0,1002.0,1056.0,940.0,0.0405,0.05476,0.00217,1.35205,0.8498,0.88667,0.0,0.0,0.0,0.0,0.0,0.0,0.0,1,0.0,1.0,150,packet,150,Whatsapp
27,851.0,224.78203,862.0,996.5,1066.0,820.0,0.02455,0.04488,0.00034,1.82799,123.0,635.71545,315.51714,777.0,899.5,1010.0,735.0,0.00538,0.00845,0.00106,1.57118,0.22711,0.18,0.0,0.0,0.0,0.0,0.0,0.0,0.0,1,0.0,1.0,150,packet,150,Whatsapp
121,562.97521,329.51488,648.0,851.0,1022.0,606.0,0.00642,0.00905,0.00112,1.40901,29.0,822.96552,205.3096,850.0,951.0,1055.0,808.0,0.02619,0.04792,0.00035,1.82942,0.74055,0.80667,0.0,0.0,0.0,0.0,0.0,0.0,0.0,1,0.0,1.0,150,packet,150,Whatsapp
123,608.96748,322.97069,746.0,916.0,1006.0,704.0,0.00604,0.00816,0.00122,1.35112,27.0,792.14815,297.55195,952.0,989.5,1030.0,910.0,0.02683,0.04741,0.00168,1.76687,0.77788,0.82,0.0,0.0,0.0,0.0,0.0,0.0,0.0,1,0.0,1.0,150,packet,150,Whatsapp
125,660.216,336.2646,828.0,931.0,1015.0,786.0,0.00561,0.00862,0.0011,1.53698,25.0,833.92,228.80715,877.0,923.0,1077.0,835.0,0.02465,0.04806,0.00023,1.94921,0.79833,0.83333,0.0,0.0,0.0,0.0,0.0,0.0,0.0,1,0.0,1.0,150,packet,150,Whatsapp
125,656.76,320.92111,797.0,907.0,1003.0,755.0,0.00579,0.009,0.00115,1.55529,25.0,765.4,309.57545,882.0,1031.0,1082.0,840.0,0.02258,0.03749,0.00116,1.66026,0.81098,0.83333,0.0,0.0,0.0,0.0,0.0,0.0,0.0,1,0.0,1.0,150,packet,150,Whatsapp
115,649.27826,322.84403,746.0,932.0,1025.0,704.0,0.00535,0.00912,0.0,1.70419,35.0,629.88571,346.64373,735.0,935.0,1052.0,693.0,0.01765,0.03369,0.00239,1.90883,0.77205,0.76667,0.0,0.0,0.0,0.0,0.0,0.0,0.0,1,0.0,1.0,150,packet,150,Whatsapp
106,695.66981,310.74705,831.0,940.0,994.0,789.0,0.00519,0.00822,0.0,1.58468,44.0,757.04545,281.07165,788.0,937.25,1046.0,746.0,0.01217,0.03622,0.00026,2.97651,0.68884,0.70667,0.0,0.0,0.0,0.0,0.0,0.0,0.0,1,0.0,1.0,150,packet,150,Whatsapp
44,813.25,137.61146,822.5,883.0,1020.0,780.5,0.0123,0.02638,0.00022,2.14415,106.0,726.61321,281.13686,842.0,915.75,991.0,800.0,0.0051,0.00954,0.00106,1.87176,0.31721,0.29333,0.0,0.0,0.0,0.0,0.0,0.0,0.0,1,0.0,1.0,150,packet,150,Whatsapp
109,713.77064,320.02169,870.0,928.0,1017.0,828.0,0.00512,0.00835,0.00109,1.63019,41.0,806.58537,138.85472,851.0,880.0,904.0,809.0,0.01211,0.03546,0.00021,2.92826,0.70173,0.72667,0.0,0.0,0.0,0.0,0.0,0.0,0.0,1,0.0,1.0,150,packet,150,Whatsapp
23,765.52174,272.43649,807.0,999.5,1025.0,765.0,0.02727,0.05309,0.00102,1.94662,127.0,712.66929,332.50247,872.0,949.5,1016.0,830.0,0.00506,0.00668,0.00165,1.32075,0.16285,0.15333,0.0,0.0,0.0,0.0,0.0,0.0,0.0,1,0.0,1.0,150,packet,150,Whatsapp
116,765.0,347.40528,944.0,995.5,1032.0,902.0,0.00576,0.0073,0.00236,1.2677,34.0,673.76471,319.3895,770.5,951.75,1049.0,728.5,0.0202,0.03645,0.00064,1.80458,0.79482,0.77333,0.0,0.0,0.0,0.0,0.0,0.0,0.0,1,0.0,1.0,150,packet,150,Whatsapp
35,844.48571,318.89876,1007.0,1043.0,1088.0,965.0,0.04743,0.17951,0.00039,3.78429,115.0,794.66957,298.11188,942.0,977.5,1026.0,900.0,0.01454,0.09983,0.0034,6.8649,0.24439,0.23333,0.0,0.0,0.0,0.0,0.0,0.0,0.0,2,1.06686,1.0,150,packet,150,Whatsapp
108,728.0,308.01834,861.5,939.25,998.0,819.5,0.00559,0.00681,0.00331,1.2184,42.0,932.52381,156.70935,945.0,1043.0,1058.0,903.0,0.01394,0.02427,0.00018,1.74137,0.66749,0.72,0.0,0.0,0.0,0.0,0.0,0.0,0.0,1,0.0,1.0,150,packet,150,Whatsapp
110,752.20909,278.58141,858.0,925.0,981.0,816.0,0.00495,0.00652,0.00317,1.31899,40.0,893.025,229.25635,956.5,982.0,1072.0,914.5,0.01353,0.02439,0.00021,1.80251,0.69847,0.73333,0.0,0.0,0.0,0.0,0.0,0.0,0.0,1,0.0,1.0,150,packet,150,Whatsapp
43,857.39535,264.64712,902.0,1045.0,1091.0,860.0,0.01301,0.02172,0.00024,1.66876,107.0,711.93458,328.89825,884.0,956.5,992.0,842.0,0.00496,0.00655,0.00288,1.3219,0.32614,0.28667,0.0,0.0,0.0,0.0,0.0,0.0,0.0,1,0.0,1.0,150,packet,150,Whatsapp
109,738.80734,346.8535,921.0,992.0,1023.0,879.0,0.00462,0.00596,0.00322,1.28827,41.0,785.2439,315.91754,949.0,999.0,1052.0,907.0,0.01095,0.01824,0.00024,1.66517,0.71439,0.72667,0.0,0.0,0.0,0.0,0.0,0.0,0.0,1,0.0,1.0,150,packet,150,Whatsapp
52,778.46154,256.97684,898.5,915.0,990.0,856.5,0.01051,0.0168,0.00034,1.59955,98.0,733.23469,320.62146,881.0,953.75,1009.0,839.0,0.00516,0.00662,0.00266,1.28222,0.36034,0.34667,0.0,0.0,0.0,0.0,0.0,0.0,0.0,1,0.0,1.0,150,packet,150,Whatsapp
106,764.75472,321.79335,914.5,962.0,1011.0,872.5,0.00476,0.0061,0.00343,1.28079,44.0,761.81818,283.24109,899.0,940.0,1007.0,857.0,0.01174,0.01725,0.00024,1.46958,0.70746,0.70667,0.0,0.0,0.0,0.0,0.0,0.0,0.0,1,0.0,1.0,150,packet,150,Whatsapp
55,805.96364,280.92529,928.0,1006.0,1033.0,886.0,0.01099,0.01644,0.00026,1.49615,95.0,783.16842,282.95351,856.0,971.0,1012.0,814.0,0.00628,0.00823,0.00312,1.31066,0.37335,0.36667,0.0,0.0,0.0,0.0,0.0,0.0,0.0,1,0.0,1.0,150,packet,150,Whatsapp
47,783.53191,305.91717,945.0,1011.0,1059.0,903.0,0.01274,0.01723,0.00038,1.35188,103.0,789.70874,245.43983,864.0,900.0,1008.0,822.0,0.00554,0.0075,0.00356,1.35368,0.31165,0.31333,0.0,0.0,0.0,0.0,0.0,0.0,0.0,1,0.0,1.0,150,packet,150,Whatsapp
58,806.17241,303.05651,936.0,1006.0,1078.0,894.0,0.00975,0.01452,0.00038,1.4889,92.0,793.86957,242.41786,859.5,920.0,1028.0,817.5,0.0061,0.01192,0.00214,1.95436,0.39032,0.38667,0.0,0.0,0.0,0.0,0.0,0.0,0.0,1,0.0,1.0,150,packet,150,Whatsapp
112,704.90179,320.66,841.0,882.75,1006.0,799.0,0.00595,0.00822,0.00256,1.37978,38.0,634.36842,306.48855,727.0,830.25,1089.0,685.0,0.0173,0.02053,0.00606,1.18657,0.76609,0.74667,0.0,0.0,0.0,0.0,0.0,0.0,0.0,1,0.0,1.0,150,packet,150,Whatsapp
107,704.88785,288.3655,772.0,894.0,1028.0,730.0,0.0082,0.00945,0.00384,1.15294,43.0,697.51163,324.16306,907.0,964.0,1022.0,865.0,0.02005,0.02326,0.01318,1.16029,0.71548,0.71333,0.0,0.0,0.0,0.0,0.0,0.0,0.0,1,0.0,1.0,150,packet,150,Whatsapp
115,725.57391,282.08812,830.0,915.0,1009.0,788.0,0.00692,0.00963,0.00281,1.39151,35.0,693.51429,345.17179,899.0,1009.5,1074.0,857.0,0.00804,0.03065,0.00084,3.81419,0.77465,0.76667,0.0,0.0,0.0,0.0,0.0,0.0,0.0,1,0.0,1.0,150,packet,150,Whatsapp
41,656.0,363.5854,806.0,976.0,1082.0,764.0,0.01907,0.0407,0.0008,2.13434,109.0,666.74312,334.27889,786.0,947.0,1025.0,744.0,0.00708,0.0081,0.00424,1.14302,0.27012,0.27333,0.0,0.0,0.0,0.0,0.0,0.0,0.0,1,0.0,1.0,150,packet,150,Whatsapp
108,758.36111,277.12834,838.5,949.75,1021.0,796.5,0.00721,0.00895,0.00319,1.24123,42.0,618.0,346.91649,792.0,925.0,1017.0,750.0,0.01836,0.03633,0.00181,1.97833,0.75935,0.72,0.0,0.0,0.0,0.0,0.0,0.0,0.0,1,0.0,1.0,150,packet,150,Whatsapp
112,734.95536,278.64777,838.0,911.25,1030.0,796.0,0.00697,0.00841,0.00311,1.20719,38.0,660.81579,308.52227,838.5,889.25,1010.0,796.5,0.01794,0.03717,0.00065,2.07267,0.76625,0.74667,0.0,0.0,0.0,0.0,0.0,0.0,0.0,1,0.0,1.0,150,packet,150,Whatsapp
113,712.46903,297.50187,846.0,909.0,1021.0,804.0,0.00713,0.00873,0.00213,1.22464,37.0,652.7027,344.72283,834.0,934.0,1083.0,792.0,0.02015,0.03129,0.00076,1.55309,0.76925,0.75333,0.0,0.0,0.0,0.0,0.0,0.0,0.0,1,0.0,1.0,150,packet,150,Whatsapp
117,750.73504,299.95742,875.0,951.0,1023.0,833.0,0.00735,0.00923,0.003,1.25586,33.0,804.18182,272.72446,899.0,961.0,1050.0,857.0,0.02528,0.03676,0.00088,1.45401,0.76797,0.78,0.0,0.0,0.0,0.0,0.0,0.0,0.0,1,0.0,1.0,150,packet,150,Whatsapp
30,808.8,237.66088,885.0,969.0,1001.0,843.0,0.02701,0.0515,0.00029,1.90655,120.0,747.825,255.48932,827.0,929.25,1013.0,785.0,0.00695,0.00824,0.00422,1.18623,0.21284,0.2,0.0,0.0,0.0,0.0,0.0,0.0,0.0,1,0.0,1.0,150,packet,150,Whatsapp
121,703.66116,296.94284,818.0,913.0,1027.0,776.0,0.00684,0.00838,0.00258,1.22421,29.0,878.06897,212.31774,957.0,989.0,1025.0,915.0,0.02852,0.0491,0.00033,1.72162,0.76978,0.80667,0.0,0.0,0.0,0.0,0.0,0.0,0.0,1,0.0,1.0,150,packet,150,Whatsapp
125,620.016,307.4512,688.0,906.0,1019.0,646.0,0.00625,0.00775,0.00221,1.24085,25.0,858.16,177.12768,882.0,956.0,1056.0,840.0,0.02526,0.04343,0.00028,1.71925,0.7832,0.83333,0.0,0.0,0.0,0.0,0.0,0.0,0.0,1,0.0,1.0,150,packet,150,Whatsapp
120,664.80833,295.60498,745.0,911.0,1020.0,703.0,0.00658,0.00801,0.00225,1.21785,30.0,811.56667,257.80298,902.0,943.25,1082.0,860.0,0.02658,0.0297,0.00401,1.11715,0.76617,0.8,0.0,0.0,0.0,0.0,0.0,0.0,0.0,1,0.0,1.0,150,packet,150,Whatsapp
122,723.82787,274.05177,808.5,930.75,1026.0,766.5,0.00693,0.00811,0.00383,1.17021,28.0,826.96429,290.44061,976.5,1034.0,1083.0,934.5,0.02723,0.03172,0.0019,1.16497,0.79226,0.81333,0.0,0.0,0.0,0.0,0.0,0.0,0.0,1,0.0,1.0,150,packet,150,Whatsapp
123,682.61789,277.37716,731.0,901.0,1022.0,689.0,0.00642,0.00728,0.00307,1.13377,27.0,881.11111,222.28216,968.0,1000.5,1037.0,926.0,0.029,0.03116,0.01011,1.07454,0.77922,0.82,0.0,0.0,0.0,0.0,0.0,0.0,0.0,1,0.0,1.0,150,packet,150,Whatsapp
126,688.74603,294.84351,782.5,906.5,1022.0,740.5,0.00609,0.00728,0.00285,1.19539,24.0,863.70833,228.05107,930.5,969.75,1029.0,888.5,0.02868,0.03034,0.01227,1.05807,0.80719,0.84,0.0,0.0,0.0,0.0,0.0,0.0,0.0,1,0.0,1.0,150,packet,150,Whatsapp
118,709.69492,280.56422,816.5,916.0,1014.0,774.5,0.00707,0.00915,0.00286,1.29395,32.0,799.875,279.84904,863.0,992.0,1030.0,821.0,0.02544,0.029,0.00367,1.13986,0.7659,0.78667,0.0,0.0,0.0,0.0,0.0,0.0,0.0,1,0.0,1.0,150,packet,150,Whatsapp
121,617.00826,321.1987,742.0,863.0,1018.0,700.0,0.00559,0.00614,0.00358,1.0989,29.0,711.03448,353.35588,791.0,1030.0,1068.0,749.0,0.02279,0.02324,0.01415,1.01989,0.78358,0.80667,0.0,0.0,0.0,0.0,0.0,0.0,0.0,1,0.0,1.0,150,packet,150,Whatsapp
115,633.90435,324.50934,750.0,913.5,1012.0,708.0,0.00575,0.00699,0.00243,1.21503,35.0,699.2,345.3696,878.0,1011.5,1080.0,836.0,0.02034,0.02413,0.01244,1.18648,0.74867,0.76667,0.0,0.0,0.0,0.0,0.0,0.0,0.0,1,0.0,1.0,150,packet,150,Whatsapp
115,727.83478,279.92288,841.0,910.0,1026.0,799.0,0.0066,0.0077,0.00388,1.1665,35.0,671.54286,329.92262,852.0,948.5,1049.0,810.0,0.02081,0.02157,0.01424,1.03655,0.78076,0.76667,0.0,0.0,0.0,0.0,0.0,0.0,0.0,1,0.0,1.0,150,packet,150,Whatsapp
114,689.88596,320.346,836.0,949.5,1020.0,794.0,0.00648,0.00808,0.00324,1.24616,36.0,662.83333,328.89254,801.5,951.25,1015.0,759.5,0.01918,0.02016,0.01292,1.05155,0.76722,0.76,0.0,0.0,0.0,0.0,0.0,0.0,0.0,1,0.0,1.0,150,packet,150,Whatsapp
37,681.81081,350.28913,915.0,967.0,1019.0,873.0,0.02042,0.02375,0.01177,1.16276,113.0,681.76991,288.14828,792.0,924.0,1023.0,750.0,0.00635,0.00826,0.00287,1.30151,0.24668,0.24667,0.0,0.0,0.0,0.0,0.0,0.0,0.0,1,0.0,1.0,150,packet,150,Whatsapp
32,668.5,326.48363,779.5,939.25,1033.0,737.5,0.02046,0.02618,0.00748,1.27947,118.0,713.39831,315.65195,870.5,946.75,1014.0,828.5,0.00671,0.00707,0.00386,1.05363,0.20263,0.21333,0.0,0.0,0.0,0.0,0.0,0.0,0.0,1,0.0,1.0,150,packet,150,Whatsapp
107,720.95327,311.73024,862.0,945.0,1016.0,820.0,0.00686,0.00759,0.00342,1.10642,43.0,631.95349,334.4853,783.0,876.5,1021.0,741.0,0.01605,0.03761,0.00062,2.34294,0.7395,0.71333,0.0,0.0,0.0,0.0,0.0,0.0,0.0,1,0.0,1.0,150,packet,150,Whatsapp
115,675.52174,311.04532,775.0,929.5,1015.0,733.0,0.0063,0.00673,0.00313,1.06761,35.0,687.74286,361.70796,925.0,984.0,1034.0,883.0,0.01688,0.03173,0.00131,1.87959,0.76344,0.76667,0.0,0.0,0.0,0.0,0.0,0.0,0.0,1,0.0,1.0,150,packet,150,Whatsapp
114,681.78947,331.87938,845.0,931.0,1027.0,803.0,0.00646,0.00778,0.0031,1.20461,36.0,700.77778,341.49704,939.5,964.0,1003.0,897.5,0.02135,0.03087,0.00344,1.44588,0.75495,0.76,0.0,0.0,0.0,0.0,0.0,0.0,0.0,1,0.0,1.0,150,packet,150,Whatsapp
33,662.93939,336.8833,832.0,928.0,1041.0,790.0,0.02188,0.04037,0.00102,1.84553,117.0,675.96581,314.86483,764.0,933.0,1027.0,722.0,0.00613,0.00702,0.00319,1.14629,0.21668,0.22,0.0,0.0,0.0,0.0,0.0,0.0,0.0,1,0.0,1.0,150,packet,150,Whatsapp
37,672.89189,327.49168,820.0,964.0,982.0,778.0,0.01898,0.03188,0.00199,1.67923,113.0,648.60177,325.20487,779.0,898.0,1020.0,737.0,0.00637,0.00781,0.00233,1.22614,0.25356,0.24667,0.0,0.0,0.0,0.0,0.0,0.0,0.0,1,0.0,1.0,150,packet,150,Whatsapp
114,674.79825,332.59464,840.0,940.25,1003.0,798.0,0.00652,0.00773,0.00313,1.18665,36.0,651.66667,328.4109,796.5,915.25,1074.0,754.5,0.01915,0.03295,0.00142,1.7209,0.7663,0.76,0.0,0.0,0.0,0.0,0.0,0.0,0.0,1,0.0,1.0,150,packet,150,Whatsapp
112,724.44643,334.85716,912.0,972.25,1022.0,870.0,0.00677,0.00788,0.00341,1.16331,38.0,688.02632,348.01569,883.5,990.25,1047.0,841.5,0.01956,0.03874,0.00143,1.98044,0.7563,0.74667,0.0,0.0,0.0,0.0,0.0,0.0,0.0,1,0.0,1.0,150,packet,150,Whatsapp
115,691.42609,338.89319,880.0,945.0,1014.0,838.0,0.00681,0.00805,0.00361,1.18224,35.0,670.68571,347.93692,918.0,948.0,1022.0,876.0,0.02115,0.04512,0.00128,2.13354,0.77207,0.76667,0.0,0.0,0.0,0.0,0.0,0.0,0.0,1,0.0,1.0,150,packet,150,Whatsapp
116,640.57759,324.96724,755.0,910.5,1006.0,713.0,0.00601,0.00752,0.00212,1.25261,34.0,711.94118,355.87382,904.5,982.75,1079.0,862.5,0.02042,0.03019,0.00222,1.47841,0.75429,0.77333,0.0,0.0,0.0,0.0,0.0,0.0,0.0,1,0.0,1.0,150,packet,150,Whatsapp
112,567.19643,332.31646,716.0,840.0,1009.0,674.0,0.00658,0.00698,0.00455,1.05986,38.0,659.97368,339.82104,834.5,946.75,1057.0,792.5,0.01888,0.02985,0.00223,1.58087,0.71696,0.74667,0.0,0.0,0.0,0.0,0.0,0.0,0.0,1,0.0,1.0,150,packet,150,Whatsapp
115,585.86957,357.5119,726.0,949.0,1013.0,684.0,0.00671,0.00735,0.00358,1.09591,35.0,654.8,341.09184,844.0,977.5,1017.0,802.0,0.01944,0.02296,0.00672,1.18102,0.74618,0.76667,0.0,0.0,0.0,0.0,0.0,0.0,0.0,1,0.0,1.0,150,packet,150,Whatsapp
115,630.23478,321.5188,758.0,912.5,1001.0,716.0,0.00627,0.00676,0.00329,1.07854,35.0,674.62857,346.61985,888.0,955.0,1014.0,846.0,0.02082,0.022,0.013,1.05668,0.75427,0.76667,0.0,0.0,0.0,0.0,0.0,0.0,0.0,1,0.0,1.0,150,packet,150,Whatsapp
116,617.40517,340.75788,744.5,925.75,1010.0,702.5,0.0066,0.00768,0.00341,1.16457,34.0,665.08824,382.89896,917.5,960.0,1044.0,875.5,0.02195,0.02439,0.01517,1.11097,0.76003,0.77333,0.0,0.0,0.0,0.0,0.0,0.0,0.0,1,0.0,1.0,150,packet,150,Whatsapp
113,669.31858,323.91385,823.0,933.0,1028.0,781.0,0.0065,0.00691,0.00481,1.06285,37.0,694.81081,365.92828,886.0,992.0,1080.0,844.0,0.02013,0.02071,0.01453,1.0285,0.74632,0.75333,0.0,0.0,0.0,0.0,0.0,0.0,0.0,1,0.0,1.0,150,packet,150,Whatsapp
117,661.93162,327.98243,765.0,949.0,1022.0,723.0,0.00621,0.00637,0.00381,1.025,33.0,657.06061,338.75798,834.0,971.0,1016.0,792.0,0.02228,0.02043,0.02077,0.91717,0.78126,0.78,0.0,0.0,0.0,0.0,0.0,0.0,0.0,1,0.0,1.0,150,packet,150,Whatsapp
115,615.09565,337.64643,779.0,880.0,1025.0,737.0,0.00594,0.00743,0.00298,1.25181,35.0,700.54286,311.42156,879.0,902.0,1050.0,837.0,0.01949,0.02101,0.01617,1.07817,0.7426,0.76667,0.0,0.0,0.0,0.0,0.0,0.0,0.0,1,0.0,1.0,150,packet,150,Whatsapp
29,681.93103,333.7265,854.0,960.0,1034.0,812.0,0.0239,0.02284,0.02182,0.95577,121.0,645.0,342.76621,791.0,934.0,1019.0,749.0,0.00595,0.00705,0.003,1.18505,0.20217,0.19333,0.0,0.0,0.0,0.0,0.0,0.0,0.0,1,0.0,1.0,150,packet,150,Whatsapp
29,770.24138,354.46576,928.0,1008.0,1040.0,886.0,0.02425,0.02587,0.01289,1.06676,121.0,633.41322,313.83571,757.0,869.0,1000.0,715.0,0.00591,0.00668,0.00294,1.12946,0.22567,0.19333,0.0,0.0,0.0,0.0,0.0,0.0,0.0,1,0.0,1.0,150,packet,150,Whatsapp
25,856.28,212.59511,907.0,972.0,1019.0,865.0,0.0291,0.03148,0.00828,1.08172,125.0,621.488,344.05854,753.0,936.0,1009.0,711.0,0.00583,0.00712,0.00289,1.22137,0.21603,0.16667,0.0,0.0,0.0,0.0,0.0,0.0,0.0,1,0.0,1.0,150,packet,150,Whatsapp
127,645.89764,325.56555,800.0,913.5,1005.0,758.0,0.00592,0.00703,0.00304,1.18811,23.0,909.56522,174.10862,956.0,985.0,1058.0,914.0,0.03037,0.03243,0.01662,1.06785,0.79679,0.84667,0.0,0.0,0.0,0.0,0.0,0.0,0.0,1,0.0,1.0,150,packet,150,Whatsapp
126,701.87302,297.03158,824.5,937.75,1008.0,782.5,0.00691,0.00853,0.00228,1.23395,24.0,861.16667,220.98165,915.0,967.5,1043.0,873.0,0.02845,0.0346,0.01056,1.21602,0.81057,0.84,0.0,0.0,0.0,0.0,0.0,0.0,0.0,1,0.0,1.0,150,packet,150,Whatsapp
117,671.02564,345.29382,839.0,935.0,1022.0,797.0,0.00607,0.00741,0.00208,1.22004,33.0,826.15152,240.88135,935.0,943.0,1063.0,893.0,0.01087,0.02315,0.00027,2.12972,0.74225,0.78,0.0,0.0,0.0,0.0,0.0,0.0,0.0,1,0.0,1.0,150,packet,150,Whatsapp
126,676.69048,312.16254,779.0,936.0,1027.0,737.0,0.00624,0.00741,0.00321,1.18831,24.0,815.33333,276.94489,918.0,977.25,1084.0,876.0,0.02333,0.03366,0.00231,1.44279,0.81334,0.84,0.0,0.0,0.0,0.0,0.0,0.0,0.0,1,0.0,1.0,150,packet,150,Whatsapp
136,638.32353,346.8114,845.0,908.25,1027.0,803.0,0.00593,0.0065,0.00346,1.09625,14.0,817.35714,279.42712,947.5,987.25,1038.0,905.5,0.04662,0.07184,0.0011,1.54113,0.88354,0.90667,0.0,0.0,0.0,0.0,0.0,0.0,0.0,1,0.0,1.0,150,packet,150,Whatsapp
128,651.02344,294.51564,740.0,846.25,1018.0,698.0,0.00504,0.00646,0.00214,1.28198,22.0,561.63636,396.87834,776.0,929.5,991.0,734.0,0.01585,0.02882,0.00103,1.81853,0.87087,0.85333,0.0,0.0,0.0,0.0,0.0,0.0,0.0,1,0.0,1.0,150,packet,150,Whatsapp
22,887.72727,249.4241,976.0,1004.0,1009.0,934.0,0.03659,0.0523,0.00494,1.42921,128.0,634.53906,324.66227,735.0,906.25,1009.0,693.0,0.00597,0.00728,0.00229,1.21877,0.19384,0.14667,0.0,0.0,0.0,0.0,0.0,0.0,0.0,1,0.0,1.0,150,packet,150,Whatsapp
122,649.47541,296.20654,765.0,861.5,1026.0,723.0,0.00608,0.0071,0.0031,1.16689,28.0,823.25,213.24879,852.5,964.0,1024.0,810.5,0.02503,0.04554,0.00031,1.81943,0.77464,0.81333,0.0,0.0,0.0,0.0,0.0,0.0,0.0,1,0.0,1.0,150,packet,150,Whatsapp
25,864.4,174.19713,847.0,962.0,1061.0,805.0,0.02759,0.04034,0.00132,1.46214,125.0,606.888,325.06635,764.0,888.0,1012.0,722.0,0.0052,0.00717,0.00246,1.37948,0.22171,0.16667,0.0,0.0,0.0,0.0,0.0,0.0,0.0,1,0.0,1.0,150,packet,150,Whatsapp
127,553.31496,352.8864,717.0,888.0,1025.0,675.0,0.00515,0.00541,0.00347,1.0496,23.0,817.95652,233.14625,815.0,998.5,1050.0,773.0,0.02879,0.05092,0.00052,1.76829,0.78882,0.84667,0.0,0.0,0.0,0.0,0.0,0.0,0.0,1,0.0,1.0,150,packet,150,Whatsapp
129,577.64341,350.03264,738.0,882.0,1024.0,696.0,0.00522,0.00589,0.00314,1.12726,21.0,860.42857,244.82269,978.0,1007.0,1044.0,936.0,0.02706,0.04878,0.00042,1.80254,0.80484,0.86,0.0,0.0,0.0,0.0,0.0,0.0,0.0,1,0.0,1.0,150,packet,150,Whatsapp
114,701.74561,300.77411,810.5,937.75,1019.0,768.5,0.00626,0.00696,0.00362,1.11098,36.0,662.88889,341.77102,801.0,940.25,1055.0,759.0,0.01936,0.02882,0.00163,1.48902,0.77024,0.76,0.0,0.0,0.0,0.0,0.0,0.0,0.0,1,0.0,1.0,150,packet,150,Whatsapp
27,872.66667,200.14254,919.0,958.5,987.0,877.0,0.03094,0.03201,0.01373,1.03473,123.0,616.22764,318.77019,720.0,889.5,1013.0,678.0,0.00701,0.00844,0.0032,1.20422,0.23714,0.18,0.0,0.0,0.0,0.0,0.0,0.0,0.0,1,0.0,1.0,150,packet,150,Whatsapp
111,601.68468,340.45005,714.0,927.5,1023.0,672.0,0.00654,0.01071,0.00262,1.63692,39.0,676.79487,336.75588,757.0,1001.5,1071.0,715.0,0.01897,0.02215,0.00835,1.16774,0.71674,0.74,0.0,0.0,0.0,0.0,0.0,0.0,0.0,1,0.0,1.0,150,packet,150,Whatsapp
44,741.56818,324.60496,859.0,962.0,1071.0,817.0,0.01432,0.01819,0.00177,1.26979,106.0,666.0,323.04433,831.0,874.0,985.0,789.0,0.0061,0.00757,0.00291,1.24191,0.3161,0.29333,0.0,0.0,0.0,0.0,0.0,0.0,0.0,1,0.0,1.0,150,packet,150,Whatsapp
109,702.69725,276.38368,817.0,853.0,1007.0,775.0,0.00869,0.00965,0.00529,1.11118,41.0,682.4878,366.76164,880.0,1006.0,1086.0,838.0,0.02174,0.02173,0.01938,0.99944,0.73242,0.72667,0.0,0.0,0.0,0.0,0.0,0.0,0.0,1,0.0,1.0,150,packet,150,Whatsapp
48,617.10417,322.06316,755.5,914.25,986.0,713.5,0.02151,0.02136,0.01402,0.99325,102.0,746.65686,247.72508,810.0,885.0,1009.0,768.0,0.00979,0.01114,0.00432,1.13867,0.28002,0.32,0.0,0.0,0.0,0.0,0.0,0.0,0.0,1,0.0,1.0,150,packet,150,Whatsapp
113,671.83186,302.15682,801.0,895.0,1019.0,759.0,0.00755,0.00956,0.0024,1.26637,37.0,722.56757,325.55711,911.0,937.0,1059.0,869.0,0.02226,0.0235,0.01427,1.05578,0.73956,0.75333,0.0,0.0,0.0,0.0,0.0,0.0,0.0,1,0.0,1.0,150,packet,150,Whatsapp
32,786.0,340.12516,922.0,1034.25,1072.0,880.0,0.02479,0.0255,0.01566,1.0284,118.0,645.63559,322.05028,756.5,883.0,1024.0,714.5,0.00678,0.00895,0.00259,1.32137,0.2482,0.21333,0.0,0.0,0.0,0.0,0.0,0.0,0.0,1,0.0,1.0,150,packet,150,Whatsapp
113,674.40708,305.55818,786.0,893.0,1025.0,744.0,0.0066,0.00811,0.00313,1.22776,37.0,797.08108,216.87764,809.0,960.0,1077.0,767.0,0.02018,0.02947,0.0007,1.46021,0.72098,0.75333,0.0,0.0,0.0,0.0,0.0,0.0,0.0,1,0.0,1.0,150,packet,150,Whatsapp
115,658.55652,285.62795,768.0,814.5,1021.0,726.0,0.00702,0.0079,0.00354,1.12569,35.0,891.65714,214.02242,872.0,1077.0,1081.0,830.0,0.02273,0.03066,0.00039,1.34874,0.70818,0.76667,0.0,0.0,0.0,0.0,0.0,0.0,0.0,1,0.0,1.0,150,packet,150,Whatsapp
110,657.8,270.80029,770.0,831.0,940.0,728.0,0.0063,0.00787,0.00279,1.24865,40.0,891.55,253.2398,1006.0,1062.0,1062.0,964.0,0.01692,0.03271,0.00028,1.93314,0.66986,0.73333,0.0,0.0,0.0,0.0,0.0,0.0,0.0,1,0.0,1.0,150,packet,150,Whatsapp
109,684.05505,253.79277,777.0,850.0,981.0,735.0,0.00719,0.0093,0.00279,1.29405,41.0,856.78049,212.78851,872.0,951.0,1054.0,830.0,0.01837,0.04341,0.00023,2.3625,0.67975,0.72667,0.0,0.0,0.0,0.0,0.0,0.0,0.0,1,0.0,1.0,150,packet,150,Whatsapp
99,713.19192,237.05873,778.0,811.0,1021.0,736.0,0.00697,0.00895,0.00234,1.28412,51.0,754.01961,295.29112,899.0,929.0,1019.0,857.0,0.01205,0.03144,0.00022,2.6083,0.6474,0.66,0.0,0.0,0.0,0.0,0.0,0.0,0.0,1,0.0,1.0,150,packet,150,Whatsapp
94,734.80851,243.09618,783.0,861.0,1014.0,741.0,0.00754,0.00947,0.00388,1.25521,56.0,782.82143,282.43679,914.0,941.0,987.0,872.0,0.01089,0.02759,0.00018,2.53473,0.61174,0.62667,0.0,0.0,0.0,0.0,0.0,0.0,0.0,1,0.0,1.0,150,packet,150,Whatsapp
95,712.41053,304.05161,831.0,942.0,1021.0,789.0,0.00702,0.00934,0.00212,1.33087,55.0,747.0,289.29871,865.0,916.0,986.0,823.0,0.01051,0.02948,0.00018,2.80545,0.62226,0.63333,0.0,0.0,0.0,0.0,0.0,0.0,0.0,1,0.0,1.0,150,packet,150,Whatsapp
47,769.7234,275.65865,867.0,940.5,1040.0,825.0,0.01312,0.03328,0.00017,2.53758,103.0,666.35922,290.17621,774.0,851.5,1006.0,732.0,0.00652,0.00792,0.00324,1.21351,0.34516,0.31333,0.0,0.0,0.0,0.0,0.0,0.0,0.0,1,0.0,1.0,150,packet,150,Whatsapp
100,667.57,278.03396,773.0,820.25,1024.0,731.0,0.00611,0.00714,0.0027,1.16958,50.0,756.62,296.69856,904.0,926.0,1028.0,862.0,0.01066,0.03035,0.00019,2.8475,0.63829,0.66667,0.0,0.0,0.0,0.0,0.0,0.0,0.0,1,0.0,1.0,150,packet,150,Whatsapp
47,883.95745,201.72701,912.0,977.0,1048.0,870.0,0.01517,0.03508,0.00018,2.31253,103.0,689.49515,253.57728,768.0,826.5,1011.0,726.0,0.00679,0.00756,0.00447,1.11229,0.36909,0.31333,0.0,0.0,0.0,0.0,0.0,0.0,0.0,1,0.0,1.0,150,packet,150,Whatsapp
42,885.30952,213.54351,935.0,976.0,1054.0,893.0,0.0162,0.03064,0.00018,1.89101,108.0,705.60185,278.71883,802.5,866.75,1015.0,760.5,0.00719,0.00753,0.0051,1.0477,0.32793,0.28,0.0,0.0,0.0,0.0,0.0,0.0,0.0,1,0.0,1.0,150,packet,150,Whatsapp
105,625.21905,311.4056,762.0,800.0,996.0,720.0,0.00577,0.00734,0.00231,1.27253,45.0,763.11111,307.35598,908.0,982.0,1066.0,866.0,0.01384,0.03448,0.00029,2.49118,0.65656,0.7,0.0,0.0,0.0,0.0,0.0,0.0,0.0,1,0.0,1.0,150,packet,150,Whatsapp
56,794.35714,293.81192,906.0,976.0,1066.0,864.0,0.01202,0.02387,0.00024,1.98495,94.0,752.1383,219.49897,778.0,883.25,1004.0,736.0,0.00749,0.009,0.00266,1.20093,0.3862,0.37333,0.0,0.0,0.0,0.0,0.0,0.0,0.0,1,0.0,1.0,150,packet,150,Whatsapp
95,696.08421,268.93105,766.0,836.5,996.0,724.0,0.00712,0.0093,0.00315,1.3071,55.0,770.34545,281.05413,889.0,954.5,1010.0,847.0,0.01234,0.02063,0.00024,1.67088,0.60949,0.63333,0.0,0.0,0.0,0.0,0.0,0.0,0.0,1,0.0,1.0,150,packet,150,Whatsapp
106,650.34906,288.37561,768.0,807.75,1018.0,726.0,0.00569,0.00753,0.00218,1.32292,44.0,790.11364,279.41678,915.5,938.75,1010.0,873.5,0.01225,0.01894,0.00023,1.54566,0.66476,0.70667,0.0,0.0,0.0,0.0,0.0,0.0,0.0,1,0.0,1.0,150,packet,150,Whatsapp
45,826.82222,314.19833,963.0,992.0,1074.0,921.0,0.01456,0.0229,0.00025,1.57329,105.0,641.6,266.27324,760.0,791.0,1022.0,718.0,0.00608,0.00765,0.00311,1.25846,0.35579,0.3,0.0,0.0,0.0,0.0,0.0,0.0,0.0,1,0.0,1.0,150,packet,150,Whatsapp
50,797.06,306.31516,934.0,975.0,1080.0,892.0,0.01374,0.02091,0.00055,1.52188,100.0,679.66,318.8982,797.0,896.0,1022.0,755.0,0.00676,0.00865,0.0028,1.27917,0.36963,0.33333,0.0,0.0,0.0,0.0,0.0,0.0,0.0,1,0.0,1.0,150,packet,150,Whatsapp
101,676.94059,301.99885,756.0,898.0,1020.0,714.0,0.00675,0.00932,0.00247,1.38093,49.0,781.34694,303.96271,926.0,991.0,1020.0,884.0,0.01256,0.01935,0.00029,1.54068,0.64104,0.67333,0.0,0.0,0.0,0.0,0.0,0.0,0.0,1,0.0,1.0,150,packet,150,Whatsapp
102,680.69608,262.45253,762.0,829.0,1019.0,720.0,0.00623,0.00744,0.00368,1.19409,48.0,788.79167,305.07424,911.0,988.0,1020.0,869.0,0.0127,0.01716,0.00035,1.35162,0.64712,0.68,0.0,0.0,0.0,0.0,0.0,0.0,0.0,1,0.0,1.0,150,packet,150,Whatsapp
109,666.94495,301.3337,768.0,883.0,1018.0,726.0,0.00632,0.00754,0.00306,1.19301,41.0,875.17073,215.90455,961.0,972.0,1022.0,919.0,0.01607,0.02694,0.00031,1.67607,0.66953,0.72667,0.0,0.0,0.0,0.0,0.0,0.0,0.0,1,0.0,1.0,150,packet,150,Whatsapp
109,663.18349,276.53552,759.0,785.0,1016.0,717.0,0.00603,0.00711,0.00292,1.1779,41.0,876.70732,254.84326,947.0,996.0,1079.0,905.0,0.01633,0.02717,0.00028,1.66367,0.66789,0.72667,0.0,0.0,0.0,0.0,0.0,0.0,0.0,1,0.0,1.0,150,packet,150,Whatsapp
41,913.65854,131.06703,946.0,969.0,1014.0,904.0,0.01636,0.02807,0.00027,1.71547,109.0,702.13761,303.9395,828.0,914.0,1012.0,786.0,0.00646,0.00942,0.00234,1.45819,0.32862,0.27333,0.0,0.0,0.0,0.0,0.0,0.0,0.0,1,0.0,1.0,150,packet,150,Whatsapp
109,700.3945,267.6434,789.0,855.0,1018.0,747.0,0.00605,0.0082,0.00291,1.35391,41.0,883.65854,215.89718,949.0,960.0,1077.0,907.0,0.01516,0.02609,0.00035,1.72156,0.67816,0.72667,0.0,0.0,0.0,0.0,0.0,0.0,0.0,1,0.0,1.0,150,packet,150,Whatsapp
108,694.18519,239.77231,771.0,821.25,959.0,729.0,0.00646,0.00786,0.00415,1.21709,42.0,885.33333,212.42306,941.0,986.0,1043.0,899.0,0.01562,0.02685,0.00033,1.71889,0.66846,0.72,0.0,0.0,0.0,0.0,0.0,0.0,0.0,1,0.0,1.0,150,packet,150,Whatsapp
109,658.54128,271.34975,772.0,819.0,1015.0,730.0,0.00574,0.00741,0.00282,1.29106,41.0,884.04878,183.74093,926.0,972.0,1017.0,884.0,0.01465,0.02615,0.0002,1.78529,0.66447,0.72667,0.0,0.0,0.0,0.0,0.0,0.0,0.0,1,0.0,1.0,150,packet,150,Whatsapp
111,689.52252,304.83603,825.0,877.0,1022.0,783.0,0.00611,0.00694,0.00336,1.13622,39.0,891.30769,221.97611,953.0,974.0,1043.0,911.0,0.01624,0.02684,0.00028,1.65314,0.68768,0.74,0.0,0.0,0.0,0.0,0.0,0.0,0.0,1,0.0,1.0,150,packet,150,Whatsapp
115,683.2087,269.30492,784.0,823.0,1002.0,742.0,0.00623,0.00873,0.00161,1.40272,35.0,881.08571,197.29027,899.0,942.0,1058.0,857.0,0.01354,0.02985,0.00018,2.20459,0.71814,0.76667,0.0,0.0,0.0,0.0,0.0,0.0,0.0,1,0.0,1.0,150,packet,150,Whatsapp
140,701.67857,270.56273,791.0,879.0,1016.0,749.0,0.00582,0.00821,0.00112,1.41192,10.0,638.2,371.11421,856.0,899.75,900.0,814.0,0.00108,0.00265,0.00015,2.45238,0.939,0.93333,0.0,0.0,0.0,0.0,0.0,0.0,0.0,1,0.0,1.0,150,packet,150,Whatsapp
112,704.70536,283.77546,791.5,902.0,1013.0,749.5,0.00538,0.0076,0.00114,1.41188,38.0,843.73684,314.13429,973.0,995.25,1083.0,931.0,0.01631,0.03495,0.00019,2.1433,0.71112,0.74667,0.0,0.0,0.0,0.0,0.0,0.0,0.0,1,0.0,1.0,150,packet,150,Whatsapp
18,786.5,369.2756,989.5,996.0,1012.0,947.5,0.04694,0.12246,0.00021,2.6089,132.0,688.77273,291.27311,792.0,902.25,1024.0,750.0,0.00606,0.0092,0.00103,1.51706,0.13473,0.12,0.0,0.0,0.0,0.0,0.0,0.0,0.0,1,0.0,1.0,150,packet,150,Whatsapp
116,643.46552,310.60143,776.0,865.0,988.0,734.0,0.00518,0.00735,0.00143,1.41874,34.0,831.08824,303.19557,947.0,974.5,1078.0,905.0,0.0155,0.03522,0.00021,2.27226,0.72539,0.77333,0.0,0.0,0.0,0.0,0.0,0.0,0.0,1,0.0,1.0,150,packet,150,Whatsapp
109,695.94495,298.31317,784.0,909.0,1015.0,742.0,0.00632,0.00867,0.0021,1.37171,41.0,895.87805,169.84587,939.0,960.0,1031.0,897.0,0.01459,0.03905,0.00018,2.67623,0.67376,0.72667,0.0,0.0,0.0,0.0,0.0,0.0,0.0,1,0.0,1.0,150,packet,150,Whatsapp
111,676.02703,278.09333,780.0,810.0,995.0,738.0,0.00543,0.00803,0.00136,1.47687,39.0,884.05128,183.61134,928.0,951.5,1005.0,886.0,0.01478,0.03075,0.00017,2.08041,0.68518,0.74,0.0,0.0,0.0,0.0,0.0,0.0,0.0,1,0.0,1.0,150,packet,150,Whatsapp
114,643.97368,340.61084,772.5,923.0,1018.0,730.5,0.00522,0.00692,0.00172,1.32511,36.0,865.88889,280.20476,947.5,1020.25,1054.0,905.5,0.01326,0.02344,0.00019,1.76813,0.70195,0.76,0.0,0.0,0.0,0.0,0.0,0.0,0.0,1,0.0,1.0,150,packet,150,Whatsapp
109,646.83486,330.71542,770.0,946.0,1008.0,728.0,0.00548,0.00726,0.00199,1.32568,41.0,902.34146,219.19327,942.0,999.0,1073.0,900.0,0.00761,0.03368,0.0002,4.42754,0.65585,0.72667,0.0,0.0,0.0,0.0,0.0,0.0,0.0,1,0.0,1.0,150,packet,150,Whatsapp
118,618.55085,314.81971,764.5,809.5,1027.0,722.5,0.00948,0.04923,0.00122,5.19334,32.0,913.84375,200.14387,951.0,980.0,1082.0,909.0,0.03245,0.11819,0.00016,3.64212,0.71395,0.78667,0.0,0.0,0.0,0.0,0.0,0.0,0.0,2,0.53497,1.0,150,packet,150,Whatsapp
117,648.34188,301.29258,770.0,811.0,1017.0,728.0,0.00508,0.00785,0.00133,1.54586,33.0,954.84848,155.2244,976.0,1051.0,1063.0,934.0,0.01698,0.03739,0.00017,2.20185,0.70652,0.78,0.0,0.0,0.0,0.0,0.0,0.0,0.0,1,0.0,1.0,150,packet,150,Whatsapp
117,595.63248,324.82631,766.0,826.0,1006.0,724.0,0.00491,0.00636,0.00199,1.29441,33.0,852.33333,231.64532,897.0,945.0,1056.0,855.0,0.01395,0.02885,0.0002,2.06846,0.71245,0.78,0.0,0.0,0.0,0.0,0.0,0.0,0.0,1,0.0,1.0,150,packet,150,Whatsapp
114,690.15789,307.42149,825.5,893.75,1012.0,783.5,0.01389,0.08768,0.00294,6.31185,36.0,903.11111,145.27613,912.0,972.5,1063.0,870.0,0.04406,0.17301,0.0002,3.92698,0.7076,0.76,0.0,0.0,0.0,0.0,0.0,0.0,0.0,2,0.93845,1.0,150,packet,150,Whatsapp
116,671.93103,280.67479,790.0,833.0,1010.0,748.0,0.00538,0.00661,0.00322,1.22998,34.0,894.61765,194.70793,920.0,1011.5,1062.0,878.0,0.01599,0.02639,0.00026,1.65024,0.7193,0.77333,0.0,0.0,0.0,0.0,0.0,0.0,0.0,1,0.0,1.0,150,packet,150,Whatsapp
113,687.99115,271.95534,787.0,859.0,1011.0,745.0,0.00567,0.00695,0.00317,1.22437,37.0,867.67568,273.17741,919.0,1001.0,1084.0,877.0,0.01705,0.02622,0.00024,1.53769,0.70774,0.75333,0.0,0.0,0.0,0.0,0.0,0.0,0.0,1,0.0,1.0,150,packet,150,Whatsapp
115,691.85217,272.74085,788.0,860.0,1014.0,746.0,0.00505,0.00988,0.0021,1.95676,35.0,861.8,235.78462,877.0,994.5,1082.0,835.0,0.01558,0.02569,0.00024,1.64858,0.72511,0.76667,0.0,0.0,0.0,0.0,0.0,0.0,0.0,1,0.0,1.0,150,packet,150,Whatsapp
113,699.28319,266.72118,777.0,837.0,1025.0,735.0,0.00591,0.00673,0.00323,1.13942,37.0,890.45946,132.96628,902.0,918.0,1063.0,860.0,0.01706,0.02856,0.00023,1.67454,0.70574,0.75333,0.0,0.0,0.0,0.0,0.0,0.0,0.0,1,0.0,1.0,150,packet,150,Whatsapp
36,886.55556,181.22461,922.0,974.0,1054.0,880.0,0.01896,0.03324,0.00018,1.75339,114.0,712.42105,248.85904,780.5,828.0,1024.0,738.5,0.00575,0.00765,0.00224,1.32956,0.28211,0.24,0.0,0.0,0.0,0.0,0.0,0.0,0.0,1,0.0,1.0,150,packet,150,Whatsapp
40,875.875,224.91223,894.0,1008.0,1079.0,852.0,0.01677,0.02645,0.00019,1.57742,110.0,763.08182,283.02891,872.0,954.0,1010.0,830.0,0.00629,0.00818,0.00329,1.30074,0.29448,0.26667,0.0,0.0,0.0,0.0,0.0,0.0,0.0,1,0.0,1.0,150,packet,150,Whatsapp
112,712.49107,277.52181,809.5,880.0,1016.0,767.5,0.00578,0.0064,0.00421,1.1075,38.0,856.0,232.37821,924.5,954.0,1060.0,882.5,0.01635,0.02649,0.00024,1.62053,0.71042,0.74667,0.0,0.0,0.0,0.0,0.0,0.0,0.0,1,0.0,1.0,150,packet,150,Whatsapp
112,680.83929,274.63221,767.0,810.5,1017.0,725.0,0.0052,0.00674,0.0033,1.29808,38.0,798.60526,326.38132,908.0,1000.0,1082.0,866.0,0.01466,0.02106,0.0003,1.43661,0.71532,0.74667,0.0,0.0,0.0,0.0,0.0,0.0,0.0,1,0.0,1.0,150,packet,150,Whatsapp
108,686.98148,269.37857,782.0,825.25,994.0,740.0,0.00587,0.00738,0.0039,1.25641,42.0,747.09524,300.68896,878.0,900.75,1073.0,836.0,0.0146,0.02404,0.00026,1.64648,0.70278,0.72,0.0,0.0,0.0,0.0,0.0,0.0,0.0,1,0.0,1.0,150,packet,150,Whatsapp
32,771.6875,296.49119,844.0,1067.0,1076.0,802.0,0.0136,0.02334,0.00026,1.71646,118.0,696.34746,313.84546,788.0,885.25,1025.0,746.0,0.00549,0.00716,0.00209,1.30308,0.23108,0.21333,0.0,0.0,0.0,0.0,0.0,0.0,0.0,1,0.0,1.0,150,packet,150,Whatsapp
98,729.66327,302.49979,792.0,963.5,1001.0,750.0,0.00535,0.00924,0.0,1.72696,52.0,769.48077,298.91737,874.0,907.0,1079.0,832.0,0.00653,0.02035,0.00017,3.11787,0.6412,0.65333,0.0,0.0,0.0,0.0,0.0,0.0,0.0,1,0.0,1.0,150,packet,150,Whatsapp
109,686.0,284.91341,776.0,824.0,1026.0,734.0,0.00556,0.00755,0.00129,1.35832,41.0,768.65854,357.60106,982.0,1027.0,1079.0,940.0,0.01361,0.05235,0.00026,3.84691,0.7035,0.72667,0.0,0.0,0.0,0.0,0.0,0.0,0.0,1,0.0,1.0,150,packet,150,Whatsapp
108,757.00926,301.00346,882.0,943.0,1026.0,840.0,0.00566,0.00773,0.00119,1.3658,42.0,753.52381,346.17139,901.5,1033.0,1066.0,859.5,0.01072,0.02462,0.00019,2.29661,0.72093,0.72,0.0,0.0,0.0,0.0,0.0,0.0,0.0,1,0.0,1.0,150,packet,150,Whatsapp
101,715.74257,274.86244,781.0,893.0,1027.0,739.0,0.00684,0.00953,0.0013,1.39382,49.0,722.83673,321.2028,884.0,936.0,1048.0,842.0,0.01273,0.02748,0.00027,2.15774,0.67116,0.67333,0.0,0.0,0.0,0.0,0.0,0.0,0.0,1,0.0,1.0,150,packet,150,Whatsapp
109,731.55046,252.88564,806.0,851.0,1006.0,764.0,0.00613,0.00886,0.00132,1.44482,41.0,768.34146,299.555,846.0,977.0,1068.0,804.0,0.01421,0.03315,0.00021,2.33359,0.71681,0.72667,0.0,0.0,0.0,0.0,0.0,0.0,0.0,1,0.0,1.0,150,packet,150,Whatsapp
105,709.32381,242.61812,799.0,825.0,1027.0,757.0,0.00568,0.00692,0.00283,1.21899,45.0,725.4,292.45265,851.0,892.0,1032.0,809.0,0.01309,0.03454,0.00019,2.6378,0.69527,0.7,0.0,0.0,0.0,0.0,0.0,0.0,0.0,1,0.0,1.0,150,packet,150,Whatsapp
104,724.65385,244.01382,804.0,825.25,1023.0,762.0,0.00632,0.0077,0.00354,1.21789,46.0,762.19565,321.94407,895.5,1000.75,1052.0,853.5,0.01267,0.02845,0.00017,2.24601,0.68249,0.69333,0.0,0.0,0.0,0.0,0.0,0.0,0.0,1,0.0,1.0,150,packet,150,Whatsapp
107,709.00935,247.519,795.0,828.5,998.0,753.0,0.0055,0.00685,0.00322,1.24579,43.0,749.04651,338.32143,865.0,1054.5,1072.0,823.0,0.01092,0.02947,0.00028,2.69811,0.70197,0.71333,0.0,0.0,0.0,0.0,0.0,0.0,0.0,1,0.0,1.0,150,packet,150,Whatsapp
103,752.35922,266.50801,848.0,891.5,1019.0,806.0,0.00619,0.00831,0.00261,1.34212,47.0,729.19149,328.95293,896.0,960.0,1027.0,854.0,0.01366,0.03157,0.00024,2.31061,0.69336,0.68667,0.0,0.0,0.0,0.0,0.0,0.0,0.0,1,0.0,1.0,150,packet,150,Whatsapp
39,792.92308,285.6368,889.0,981.0,1061.0,847.0,0.05697,0.26562,0.00022,4.66233,111.0,711.22523,275.27554,809.0,850.0,1027.0,767.0,0.0197,0.14361,0.00219,7.29131,0.28146,0.26,0.0,0.0,0.0,0.0,0.0,0.0,0.0,2,1.51657,1.0,150,packet,150,Whatsapp
109,683.26606,273.60648,795.0,837.0,1021.0,753.0,0.00537,0.0071,0.00251,1.32188,41.0,771.7561,320.5206,880.0,1023.0,1083.0,838.0,0.01402,0.01894,0.00044,1.35129,0.70182,0.72667,0.0,0.0,0.0,0.0,0.0,0.0,0.0,1,0.0,1.0,150,packet,150,Whatsapp
36,836.13889,317.76172,918.0,1055.25,1086.0,876.0,0.01628,0.02474,0.00032,1.51934,114.0,683.41228,246.40431,785.0,809.0,967.0,743.0,0.00539,0.00646,0.00289,1.19844,0.27869,0.24,0.0,0.0,0.0,0.0,0.0,0.0,0.0,1,0.0,1.0,150,packet,150,Whatsapp
39,783.84615,289.89517,875.0,899.0,1070.0,833.0,0.01569,0.0257,0.00028,1.63864,111.0,702.86486,277.71051,797.0,858.0,1022.0,755.0,0.00547,0.00624,0.00304,1.14149,0.28152,0.26,0.0,0.0,0.0,0.0,0.0,0.0,0.0,1,0.0,1.0,150,packet,150,Whatsapp
107,676.46729,291.35216,796.0,823.0,1020.0,754.0,0.00564,0.00758,0.00259,1.34368,43.0,782.16279,298.96752,868.0,922.0,1071.0,826.0,0.01423,0.02107,0.00025,1.4801,0.68275,0.71333,0.0,0.0,0.0,0.0,0.0,0.0,0.0,1,0.0,1.0,150,packet,150,Whatsapp
35,864.8,187.95255,904.0,944.0,1076.0,862.0,0.01774,0.02713,0.00022,1.5293,115.0,708.36522,259.36056,801.0,827.0,1015.0,759.0,0.00559,0.00748,0.00238,1.33831,0.2709,0.23333,0.0,0.0,0.0,0.0,0.0,0.0,0.0,1,0.0,1.0,150,packet,150,Whatsapp
110,675.68182,260.44626,781.0,809.75,1027.0,739.0,0.00546,0.00639,0.0028,1.17177,40.0,772.75,297.733,893.0,956.0,1051.0,851.0,0.01503,0.02204,0.00023,1.46624,0.70628,0.73333,0.0,0.0,0.0,0.0,0.0,0.0,0.0,1,0.0,1.0,150,packet,150,Whatsapp
109,681.80734,266.76315,792.0,828.0,1005.0,750.0,0.00514,0.00642,0.00238,1.25079,41.0,773.14634,293.78328,868.0,947.0,1044.0,826.0,0.01359,0.01961,0.00027,1.44328,0.701,0.72667,0.0,0.0,0.0,0.0,0.0,0.0,0.0,1,0.0,1.0,150,packet,150,Whatsapp
104,751.79808,250.27421,819.0,842.0,1025.0,777.0,0.00622,0.00719,0.00315,1.1561,46.0,755.86957,298.22166,865.0,904.75,1081.0,823.0,0.01384,0.01835,0.00054,1.32578,0.69218,0.69333,0.0,0.0,0.0,0.0,0.0,0.0,0.0,1,0.0,1.0,150,packet,150,Whatsapp
42,749.59524,343.06379,903.0,1015.0,1077.0,861.0,0.01466,0.01877,0.00346,1.28032,108.0,723.66667,245.40824,808.0,828.5,1024.0,766.0,0.00588,0.00692,0.0042,1.1761,0.28715,0.28,0.0,0.0,0.0,0.0,0.0,0.0,0.0,1,0.0,1.0,150,packet,150,Whatsapp
100,766.19,227.23753,812.0,854.0,1008.0,770.0,0.00655,0.00855,0.00398,1.30425,50.0,743.76,290.12629,872.5,919.0,1067.0,830.5,0.01296,0.0187,0.00088,1.44267,0.67324,0.66667,0.0,0.0,0.0,0.0,0.0,0.0,0.0,1,0.0,1.0,150,packet,150,Whatsapp
104,763.24038,219.4453,821.0,864.0,1023.0,779.0,0.00636,0.00831,0.00417,1.30572,46.0,756.0,308.96412,853.0,986.25,1076.0,811.0,0.01456,0.02799,0.00054,1.92269,0.69536,0.69333,0.0,0.0,0.0,0.0,0.0,0.0,0.0,1,0.0,1.0,150,packet,150,Whatsapp
108,707.64815,259.18327,792.5,832.5,1015.0,750.5,0.00569,0.00742,0.00268,1.30516,42.0,762.38095,297.5804,856.0,997.0,1064.0,814.0,0.01339,0.01973,0.0004,1.47292,0.70474,0.72,0.0,0.0,0.0,0.0,0.0,0.0,0.0,1,0.0,1.0,150,packet,150,Whatsapp
107,704.1215,266.379,799.0,827.0,1021.0,757.0,0.00568,0.0079,0.0021,1.3915,43.0,737.18605,270.89381,844.0,860.0,1013.0,802.0,0.01243,0.02463,0.00022,1.98085,0.70386,0.71333,0.0,0.0,0.0,0.0,0.0,0.0,0.0,1,0.0,1.0,150,packet,150,Whatsapp
135,726.74815,262.70848,806.0,874.0,1018.0,764.0,0.0057,0.00697,0.00244,1.22195,15.0,693.2,355.28828,838.0,852.0,1054.0,796.0,0.01264,0.02928,0.00018,2.31643,0.90417,0.9,0.0,0.0,0.0,0.0,0.0,0.0,0.0,1,0.0,1.0,150,packet,150,Whatsapp
112,706.66071,248.45816,785.0,833.0,999.0,743.0,0.00564,0.00658,0.0034,1.16694,38.0,870.13158,262.85229,900.0,1052.0,1082.0,858.0,0.01508,0.03087,0.00018,2.04696,0.70533,0.74667,0.0,0.0,0.0,0.0,0.0,0.0,0.0,1,0.0,1.0,150,packet,150,Whatsapp
128,753.54688,243.27013,810.5,904.0,1025.0,768.5,0.00616,0.00746,0.00368,1.21208,22.0,906.59091,78.96067,868.0,934.75,1087.0,826.0,0.01758,0.03743,0.00014,2.12869,0.82865,0.85333,0.0,0.0,0.0,0.0,0.0,0.0,0.0,1,0.0,1.0,150,packet,150,Whatsapp
117,714.0,265.47213,793.0,867.0,1019.0,751.0,0.00601,0.00825,0.00242,1.37338,33.0,819.69697,260.36344,881.0,958.0,1072.0,839.0,0.01386,0.02814,0.00019,2.03055,0.7554,0.78,0.0,0.0,0.0,0.0,0.0,0.0,0.0,1,0.0,1.0,150,packet,150,Whatsapp
117,686.83761,263.91005,785.0,841.0,1017.0,743.0,0.00523,0.00702,0.00211,1.34252,33.0,894.45455,149.65275,861.0,1033.0,1050.0,819.0,0.01525,0.03382,0.00017,2.21723,0.73136,0.78,0.0,0.0,0.0,0.0,0.0,0.0,0.0,1,0.0,1.0,150,packet,150,Whatsapp
45,752.51111,316.5674,881.0,975.0,1045.0,839.0,0.01374,0.03808,0.0002,2.77076,105.0,702.78095,303.71898,814.0,915.0,1027.0,772.0,0.00574,0.0086,0.00107,1.49802,0.31455,0.3,0.0,0.0,0.0,0.0,0.0,0.0,0.0,1,0.0,1.0,150,packet,150,Whatsapp
107,674.01869,286.37006,810.0,847.0,956.0,768.0,0.00541,0.00731,0.00216,1.34977,43.0,695.48837,354.30905,888.0,910.0,1072.0,846.0,0.014,0.02971,0.00151,2.12133,0.70688,0.71333,0.0,0.0,0.0,0.0,0.0,0.0,0.0,1,0.0,1.0,150,packet,150,Whatsapp
45,769.93333,341.05773,884.0,1056.0,1076.0,842.0,0.01427,0.03293,0.00023,2.30776,105.0,743.11429,254.85893,790.0,860.0,1018.0,748.0,0.00596,0.00771,0.00204,1.29381,0.3075,0.3,0.0,0.0,0.0,0.0,0.0,0.0,0.0,1,0.0,1.0,150,packet,150,Whatsapp
111,722.69369,286.22107,797.0,922.0,1024.0,755.0,0.00589,0.00794,0.00126,1.34753,39.0,791.05128,289.99628,872.0,944.0,1083.0,830.0,0.01098,0.02969,0.00024,2.70453,0.72224,0.74,0.0,0.0,0.0,0.0,0.0,0.0,0.0,1,0.0,1.0,150,packet,150,Whatsapp
111,704.86486,297.11991,825.0,912.0,1026.0,783.0,0.0057,0.00783,0.00211,1.37467,39.0,829.66667,315.13459,936.0,1022.0,1077.0,894.0,0.00327,0.01007,0.0002,3.08298,0.70743,0.74,0.0,0.0,0.0,0.0,0.0,0.0,0.0,1,0.0,1.0,150,packet,150,Whatsapp
118,728.25424,247.73322,806.0,877.75,998.0,764.0,0.01844,0.13593,0.00311,7.37105,32.0,958.1875,170.07249,1041.0,1075.25,1083.0,999.0,0.06881,0.26797,0.00023,3.8943,0.73702,0.78667,0.0,0.0,0.0,0.0,0.0,0.0,0.0,2,1.48006,1.0,150,packet,150,Whatsapp
111,748.79279,240.30949,821.0,865.0,1003.0,779.0,0.0062,0.00683,0.00319,1.10206,39.0,870.71795,269.03988,844.0,1059.5,1084.0,802.0,0.01795,0.02802,0.00022,1.56114,0.70994,0.74,0.0,0.0,0.0,0.0,0.0,0.0,0.0,1,0.0,1.0,150,packet,150,Whatsapp
113,749.79646,280.13916,824.0,939.0,1025.0,782.0,0.00632,0.00763,0.0025,1.20842,37.0,895.08108,244.06085,880.0,1061.0,1083.0,838.0,0.01681,0.02628,0.00023,1.56341,0.71897,0.75333,0.0,0.0,0.0,0.0,0.0,0.0,0.0,1,0.0,1.0,150,packet,150,Whatsapp
111,761.05405,280.57039,879.0,932.5,1012.0,837.0,0.00605,0.01226,0.00164,2.02443,39.0,868.15385,124.13135,873.0,899.5,1061.0,831.0,0.01546,0.02599,0.00028,1.68059,0.71388,0.74,0.0,0.0,0.0,0.0,0.0,0.0,0.0,1,0.0,1.0,150,packet,150,Whatsapp
114,683.83333,280.19426,794.0,843.0,993.0,752.0,0.0054,0.00639,0.00273,1.18463,36.0,921.47222,197.27512,923.0,1051.25,1087.0,881.0,0.01655,0.02712,0.0002,1.63879,0.70149,0.76,0.0,0.0,0.0,0.0,0.0,0.0,0.0,1,0.0,1.0,150,packet,150,Whatsapp
112,746.5,261.68523,823.5,875.0,1027.0,781.5,0.00623,0.00801,0.00241,1.28635,38.0,869.23684,188.65569,876.5,927.0,1077.0,834.5,0.01808,0.02809,0.00035,1.55397,0.71681,0.74667,0.0,0.0,0.0,0.0,0.0,0.0,0.0,1,0.0,1.0,150,packet,150,Whatsapp
36,899.75,247.15227,955.0,1060.5,1074.0,913.0,0.01698,0.02764,0.00026,1.62809,114.0,699.97368,273.98574,798.0,860.75,1022.0,756.0,0.00543,0.00657,0.00243,1.2101,0.28872,0.24,0.0,0.0,0.0,0.0,0.0,0.0,0.0,1,0.0,1.0,150,packet,150,Whatsapp
108,693.00926,295.74878,818.0,852.0,1023.0,776.0,0.00594,0.00769,0.00289,1.29498,42.0,758.07143,367.3627,901.0,1043.75,1073.0,859.0,0.01402,0.01825,0.00034,1.30138,0.70156,0.72,0.0,0.0,0.0,0.0,0.0,0.0,0.0,1,0.0,1.0,150,packet,150,Whatsapp
113,682.0708,287.99554,786.0,838.0,1026.0,744.0,0.00535,0.0073,0.0024,1.36579,37.0,826.2973,270.65515,883.0,1015.0,1075.0,841.0,0.01527,0.02512,0.00031,1.64453,0.71599,0.75333,0.0,0.0,0.0,0.0,0.0,0.0,0.0,1,0.0,1.0,150,packet,150,Whatsapp
106,717.58491,272.69715,804.0,858.0,1017.0,762.0,0.00577,0.00765,0.00273,1.32494,44.0,742.27273,297.0607,858.0,909.0,1065.0,816.0,0.01272,0.01698,0.00036,1.3345,0.69961,0.70667,0.0,0.0,0.0,0.0,0.0,0.0,0.0,1,0.0,1.0,150,packet,150,Whatsapp
101,747.70297,269.79646,832.0,887.0,1000.0,790.0,0.00641,0.00846,0.00224,1.32029,49.0,723.77551,275.1184,816.0,851.0,1031.0,774.0,0.01345,0.0229,0.00097,1.70318,0.68045,0.67333,0.0,0.0,0.0,0.0,0.0,0.0,0.0,1,0.0,1.0,150,packet,150,Whatsapp
44,698.84091,355.91795,865.0,923.5,1055.0,823.0,0.01268,0.02706,0.00023,2.13367,106.0,697.10377,243.93484,782.5,828.75,913.0,740.5,0.00532,0.00771,0.00151,1.44816,0.29385,0.29333,0.0,0.0,0.0,0.0,0.0,0.0,0.0,1,0.0,1.0,150,packet,150,Whatsapp
33,853.84848,308.63592,992.0,1062.0,1082.0,950.0,0.01884,0.07206,0.00019,3.82521,117.0,684.46154,274.95195,788.0,841.0,994.0,746.0,0.00518,0.00811,0.00084,1.56577,0.26027,0.22,0.0,0.0,0.0,0.0,0.0,0.0,0.0,1,0.0,1.0,150,packet,150,Whatsapp
20,749.45,342.76398,875.0,977.5,1079.0,833.0,0.01424,0.02278,0.00024,1.59911,130.0,675.93846,298.29138,805.0,853.0,1015.0,763.0,0.00545,0.00815,0.00111,1.49442,0.14572,0.13333,0.0,0.0,0.0,0.0,0.0,0.0,0.0,1,0.0,1.0,150,packet,150,Whatsapp
150,668.26,289.69332,787.0,850.25,1017.0,745.0,0.00502,0.00682,0.0011,1.35795,0.0,0.0,0.0,0.0,0.0,0.0,0.0,0.0,0.0,0.0,0.0,1.0,1.0,0.0,0.0,0.0,0.0,0.0,0.0,0.0,1,0.0,1.0,150,packet,150,Whatsapp
111,557.68468,323.86239,721.0,831.5,1004.0,679.0,0.00436,0.00661,0.00105,1.51651,39.0,547.48718,400.8812,911.0,943.0,958.0,869.0,0.00586,0.01462,0.00026,2.49461,0.74353,0.74,0.0,0.0,0.0,0.0,0.0,0.0,0.0,1,0.0,1.0,150,packet,150,Whatsapp
50,880.8,192.10986,909.0,951.0,1073.0,867.0,0.01496,0.03365,0.00017,2.24847,100.0,647.79,359.25816,823.5,949.0,1026.0,781.5,0.00756,0.00899,0.00285,1.19007,0.40471,0.33333,0.0,0.0,0.0,0.0,0.0,0.0,0.0,1,0.0,1.0,150,packet,150,Whatsapp
106,678.91509,341.73859,893.5,956.0,1026.0,851.5,0.00678,0.00789,0.00347,1.16312,44.0,850.70455,232.42795,911.0,939.25,1020.0,869.0,0.01674,0.03847,0.0002,2.29811,0.65784,0.70667,0.0,0.0,0.0,0.0,0.0,0.0,0.0,1,0.0,1.0,150,packet,150,Whatsapp
36,899.80556,127.26194,918.0,941.0,1002.0,876.0,0.01512,0.03307,0.00015,2.18681,114.0,598.34211,379.40264,818.0,953.75,1018.0,776.0,0.00571,0.00694,0.00231,1.21601,0.32199,0.24,0.0,0.0,0.0,0.0,0.0,0.0,0.0,1,0.0,1.0,150,packet,150,Whatsapp
104,630.86538,324.0919,751.5,872.5,1027.0,709.5,0.00646,0.0078,0.00337,1.20829,46.0,868.76087,147.77512,901.0,923.25,946.0,859.0,0.01347,0.03192,0.00018,2.37037,0.62147,0.69333,0.0,0.0,0.0,0.0,0.0,0.0,0.0,1,0.0,1.0,150,packet,150,Whatsapp
114,635.20175,281.59101,741.5,816.0,1017.0,699.5,0.02703,0.22682,0.00277,8.39198,36.0,884.38889,196.20458,918.0,975.25,1049.0,876.0,0.08588,0.40737,0.0002,4.74351,0.6946,0.76,0.0,0.0,0.0,0.0,0.0,0.0,0.0,2,2.42623,1.0,150,packet,150,Whatsapp
115,680.61739,292.83183,803.0,868.5,1020.0,761.0,0.00562,0.00568,0.00492,1.01076,35.0,942.0,210.35725,1048.0,1068.0,1087.0,1006.0,0.01797,0.02779,0.00019,1.54652,0.70362,0.76667,0.0,0.0,0.0,0.0,0.0,0.0,0.0,1,0.0,1.0,150,packet,150,Whatsapp
117,645.97436,312.03581,790.0,859.0,1026.0,748.0,0.0051,0.00514,0.00416,1.00754,33.0,890.48485,216.36937,879.0,1066.0,1080.0,837.0,0.01633,0.02568,0.00022,1.5725,0.72004,0.78,0.0,0.0,0.0,0.0,0.0,0.0,0.0,1,0.0,1.0,150,packet,150,Whatsapp
117,666.19658,280.35747,810.0,832.0,1025.0,768.0,0.00513,0.0061,0.00319,1.18982,33.0,878.54545,193.34474,863.0,1026.0,1065.0,821.0,0.01693,0.02707,0.00022,1.59883,0.72889,0.78,0.0,0.0,0.0,0.0,0.0,0.0,0.0,1,0.0,1.0,150,packet,150,Whatsapp
33,922.39394,163.4564,879.0,1059.0,1081.0,837.0,0.01864,0.02932,0.00024,1.57309,117.0,713.99145,294.90565,799.0,904.0,1021.0,757.0,0.00563,0.00658,0.00449,1.16943,0.26706,0.22,0.0,0.0,0.0,0.0,0.0,0.0,0.0,1,0.0,1.0,150,packet,150,Whatsapp
110,684.41818,282.35021,801.5,837.0,1018.0,759.5,0.00571,0.00594,0.00436,1.04029,40.0,832.1,156.69202,849.0,859.75,1021.0,807.0,0.01555,0.02781,0.0002,1.78768,0.69343,0.73333,0.0,0.0,0.0,0.0,0.0,0.0,0.0,1,0.0,1.0,150,packet,150,Whatsapp
114,727.7193,258.00165,807.0,856.75,1018.0,765.0,0.00586,0.00588,0.00458,1.00285,36.0,918.02778,206.08689,964.0,1031.5,1080.0,922.0,0.01725,0.02725,0.00025,1.57933,0.71512,0.76,0.0,0.0,0.0,0.0,0.0,0.0,0.0,1,0.0,1.0,150,packet,150,Whatsapp
117,693.22222,305.00069,812.0,883.0,1010.0,770.0,0.0054,0.00601,0.00387,1.11363,33.0,892.24242,253.47728,927.0,1072.0,1079.0,885.0,0.01684,0.02734,0.00038,1.62324,0.73366,0.78,0.0,0.0,0.0,0.0,0.0,0.0,0.0,1,0.0,1.0,150,packet,150,Whatsapp
113,676.43363,291.24785,791.0,866.0,991.0,749.0,0.00549,0.00623,0.00417,1.13592,37.0,891.27027,243.41519,926.0,1012.0,1076.0,884.0,0.01685,0.027,0.00033,1.60181,0.6986,0.75333,0.0,0.0,0.0,0.0,0.0,0.0,0.0,1,0.0,1.0,150,packet,150,Whatsapp
116,650.75,308.64537,794.0,865.0,1015.0,752.0,0.00518,0.00572,0.00325,1.10471,34.0,875.41176,187.90566,874.0,958.25,1071.0,832.0,0.01642,0.03043,0.00024,1.85371,0.71721,0.77333,0.0,0.0,0.0,0.0,0.0,0.0,0.0,1,0.0,1.0,150,packet,150,Whatsapp
116,709.25862,295.95585,835.0,925.75,1019.0,793.0,0.00549,0.00583,0.00421,1.06235,34.0,858.11765,118.16931,871.0,898.0,930.0,829.0,0.01911,0.03056,0.00032,1.59922,0.73821,0.77333,0.0,0.0,0.0,0.0,0.0,0.0,0.0,1,0.0,1.0,150,packet,150,Whatsapp
29,845.58621,265.51051,877.0,1019.0,1085.0,835.0,0.02384,0.07035,0.00042,2.951,121.0,672.05785,287.0803,794.0,848.0,1009.0,752.0,0.00555,0.00786,0.00152,1.41625,0.23169,0.19333,0.0,0.0,0.0,0.0,0.0,0.0,0.0,1,0.0,1.0,150,packet,150,Whatsapp
43,862.74419,214.65701,872.0,1013.0,1086.0,830.0,0.01348,0.03772,0.00018,2.79765,107.0,673.76636,320.02312,798.0,889.0,1027.0,756.0,0.00523,0.00682,0.00208,1.30348,0.33975,0.28667,0.0,0.0,0.0,0.0,0.0,0.0,0.0,1,0.0,1.0,150,packet,150,Whatsapp
115,656.84348,296.45801,779.0,837.0,1017.0,737.0,0.00504,0.00692,0.00245,1.37213,35.0,861.11429,184.71674,848.0,934.5,1085.0,806.0,0.01685,0.0423,0.00015,2.50995,0.7148,0.76667,0.0,0.0,0.0,0.0,0.0,0.0,0.0,1,0.0,1.0,150,packet,150,Whatsapp
119,670.23529,305.10736,800.0,880.5,1016.0,758.0,0.00522,0.00622,0.00264,1.19323,31.0,916.3871,148.7617,884.0,1003.0,1053.0,842.0,0.02054,0.04408,0.00016,2.14579,0.73737,0.79333,0.0,0.0,0.0,0.0,0.0,0.0,0.0,1,0.0,1.0,150,packet,150,Whatsapp
38,871.36842,186.77955,893.5,962.5,1030.0,851.5,0.016,0.0344,0.00018,2.14964,112.0,687.76786,276.97489,807.0,852.0,982.0,765.0,0.00542,0.00733,0.00226,1.35258,0.30063,0.25333,0.0,0.0,0.0,0.0,0.0,0.0,0.0,1,0.0,1.0,150,packet,150,Whatsapp
121,676.43802,272.88859,779.0,827.0,978.0,737.0,0.00552,0.00592,0.00358,1.07303,29.0,919.44828,222.6464,962.0,1082.0,1084.0,920.0,0.01435,0.04053,0.00018,2.82474,0.75428,0.80667,0.0,0.0,0.0,0.0,0.0,0.0,0.0,1,0.0,1.0,150,packet,150,Whatsapp
113,687.32743,334.84685,815.0,950.0,1023.0,773.0,0.00506,0.00618,0.00293,1.22044,37.0,890.2973,195.03664,907.0,937.0,1077.0,865.0,0.01299,0.03245,0.00019,2.49892,0.70219,0.75333,0.0,0.0,0.0,0.0,0.0,0.0,0.0,1,0.0,1.0,150,packet,150,Whatsapp
112,702.15179,276.22129,798.5,871.0,1019.0,756.5,0.00578,0.00803,0.00212,1.38881,38.0,899.73684,184.7584,885.0,1016.25,1078.0,843.0,0.01553,0.04031,0.00018,2.59493,0.69698,0.74667,0.0,0.0,0.0,0.0,0.0,0.0,0.0,1,0.0,1.0,150,packet,150,Whatsapp
35,907.14286,197.78417,870.0,1039.0,1078.0,828.0,0.01851,0.03906,0.00018,2.11081,115.0,697.49565,276.40214,809.0,852.5,1007.0,767.0,0.00542,0.00783,0.00104,1.44449,0.28358,0.23333,0.0,0.0,0.0,0.0,0.0,0.0,0.0,1,0.0,1.0,150,packet,150,Whatsapp
118,704.0678,255.16644,793.0,832.75,1023.0,751.0,0.00553,0.00737,0.00138,1.33253,32.0,909.4375,157.13687,865.0,1039.5,1086.0,823.0,0.01472,0.0386,0.00021,2.62177,0.74058,0.78667,0.0,0.0,0.0,0.0,0.0,0.0,0.0,1,0.0,1.0,150,packet,150,Whatsapp
113,647.0708,302.98137,795.0,839.0,1007.0,753.0,0.00513,0.00672,0.00125,1.3103,37.0,903.81081,202.3004,908.0,1037.0,1073.0,866.0,0.01425,0.03252,0.00018,2.28272,0.68618,0.75333,0.0,0.0,0.0,0.0,0.0,0.0,0.0,1,0.0,1.0,150,packet,150,Whatsapp
115,657.37391,282.74919,774.0,838.5,1022.0,732.0,0.0138,0.09347,0.00298,6.77454,35.0,836.77143,236.2321,857.0,982.5,1058.0,815.0,0.04601,0.17879,0.00018,3.88615,0.72077,0.76667,0.0,0.0,0.0,0.0,0.0,0.0,0.0,2,1.00512,1.0,150,packet,150,Whatsapp
37,785.72973,311.19974,892.0,1022.0,1071.0,850.0,0.01508,0.02076,0.00041,1.3761,113.0,651.43363,281.32801,772.0,844.0,992.0,730.0,0.00527,0.00649,0.00304,1.2325,0.28312,0.24667,0.0,0.0,0.0,0.0,0.0,0.0,0.0,1,0.0,1.0,150,packet,150,Whatsapp
106,670.22642,285.68499,776.0,842.75,1027.0,734.0,0.00528,0.00637,0.00321,1.20576,44.0,728.20455,288.58736,845.0,881.0,1037.0,803.0,0.01254,0.01831,0.0004,1.45956,0.68918,0.70667,0.0,0.0,0.0,0.0,0.0,0.0,0.0,1,0.0,1.0,150,packet,150,Whatsapp
108,682.55556,282.47551,777.0,853.0,1025.0,735.0,0.00549,0.0061,0.00388,1.11136,42.0,760.47619,336.93862,862.0,1017.0,1077.0,820.0,0.01304,0.01956,0.00026,1.5001,0.6977,0.72,0.0,0.0,0.0,0.0,0.0,0.0,0.0,1,0.0,1.0,150,packet,150,Whatsapp
115,682.61739,280.00402,785.0,823.0,1025.0,743.0,0.00539,0.00589,0.00359,1.09247,35.0,861.14286,264.3407,878.0,1050.5,1085.0,836.0,0.01595,0.02521,0.00021,1.58115,0.72257,0.76667,0.0,0.0,0.0,0.0,0.0,0.0,0.0,1,0.0,1.0,150,packet,150,Whatsapp
111,659.11712,309.99226,804.0,854.0,1024.0,762.0,0.00532,0.00721,0.00266,1.35492,39.0,791.02564,322.47866,880.0,1032.0,1076.0,838.0,0.01429,0.01975,0.0006,1.38161,0.7034,0.74,0.0,0.0,0.0,0.0,0.0,0.0,0.0,1,0.0,1.0,150,packet,150,Whatsapp
117,648.17094,296.04661,804.0,830.0,1017.0,762.0,0.00493,0.00713,0.00224,1.44692,33.0,901.69697,217.91359,892.0,1069.0,1083.0,850.0,0.01747,0.02733,0.00035,1.56417,0.7182,0.78,0.0,0.0,0.0,0.0,0.0,0.0,0.0,1,0.0,1.0,150,packet,150,Whatsapp
117,667.51282,291.53454,793.0,866.0,1024.0,751.0,0.00521,0.00728,0.00261,1.39672,33.0,883.0303,143.48234,877.0,946.0,1072.0,835.0,0.01663,0.02713,0.00035,1.63172,0.72827,0.78,0.0,0.0,0.0,0.0,0.0,0.0,0.0,1,0.0,1.0,150,packet,150,Whatsapp
113,652.25664,300.69747,795.0,831.0,1027.0,753.0,0.00499,0.00657,0.00309,1.31623,37.0,818.78378,204.19997,867.0,901.0,934.0,825.0,0.01502,0.0266,0.00036,1.77104,0.7087,0.75333,0.0,0.0,0.0,0.0,0.0,0.0,0.0,1,0.0,1.0,150,packet,150,Whatsapp
119,682.19328,282.04303,809.0,830.0,1027.0,767.0,0.0054,0.00744,0.00226,1.37817,31.0,938.25806,165.76664,982.0,1060.0,1081.0,940.0,0.01704,0.02684,0.00026,1.57478,0.73622,0.79333,0.0,0.0,0.0,0.0,0.0,0.0,0.0,1,0.0,1.0,150,packet,150,Whatsapp
116,679.25862,270.61954,795.0,827.0,1018.0,753.0,0.00522,0.0059,0.0033,1.12915,34.0,892.17647,201.83401,862.0,1056.25,1083.0,820.0,0.01565,0.02575,0.00033,1.64471,0.72203,0.77333,0.0,0.0,0.0,0.0,0.0,0.0,0.0,1,0.0,1.0,150,packet,150,Whatsapp
36,842.0,294.46788,921.5,1045.75,1082.0,879.5,0.01529,0.02496,0.00039,1.63212,114.0,654.77193,289.81025,801.0,833.0,1018.0,759.0,0.00505,0.00673,0.00233,1.3329,0.28881,0.24,0.0,0.0,0.0,0.0,0.0,0.0,0.0,1,0.0,1.0,150,packet,150,Whatsapp
107,659.79439,291.89928,796.0,830.0,1016.0,754.0,0.00547,0.00747,0.00254,1.3651,43.0,743.67442,315.07871,855.0,945.0,1072.0,813.0,0.0126,0.01769,0.00065,1.40416,0.68825,0.71333,0.0,0.0,0.0,0.0,0.0,0.0,0.0,1,0.0,1.0,150,packet,150,Whatsapp
123,768.13008,240.94205,833.0,899.0,1024.0,791.0,0.00601,0.00893,0.00212,1.48617,27.0,766.0,336.90794,871.0,999.0,1074.0,829.0,0.01209,0.01683,0.0003,1.39181,0.82041,0.82,0.0,0.0,0.0,0.0,0.0,0.0,0.0,1,0.0,1.0,150,packet,150,Whatsapp
100,747.48,293.45812,860.5,961.25,1024.0,818.5,0.00615,0.00792,0.00304,1.28742,50.0,910.82,170.71739,908.0,1017.0,1073.0,866.0,0.00907,0.03248,0.00021,3.5794,0.6214,0.66667,0.0,0.0,0.0,0.0,0.0,0.0,0.0,1,0.0,1.0,150,packet,150,Whatsapp
113,700.17699,272.54452,812.0,856.0,1027.0,770.0,0.0057,0.00815,0.00308,1.43018,37.0,828.94595,261.04581,875.0,969.0,1078.0,833.0,0.01201,0.02943,0.0002,2.45083,0.72064,0.75333,0.0,0.0,0.0,0.0,0.0,0.0,0.0,1,0.0,1.0,150,packet,150,Whatsapp
108,689.14815,281.75534,792.0,856.25,1013.0,750.0,0.00539,0.0098,0.00213,1.81869,42.0,789.33333,256.47442,852.5,883.0,1073.0,810.5,0.01191,0.03102,0.00019,2.60523,0.69184,0.72,0.0,0.0,0.0,0.0,0.0,0.0,0.0,1,0.0,1.0,150,packet,150,Whatsapp
41,710.56098,304.30513,850.0,864.0,1076.0,808.0,0.01319,0.02632,0.00031,1.99628,109.0,708.6422,283.182,813.0,863.0,1016.0,771.0,0.00529,0.00649,0.00309,1.22636,0.27387,0.27333,0.0,0.0,0.0,0.0,0.0,0.0,0.0,1,0.0,1.0,150,packet,150,Whatsapp
109,700.08257,290.42042,802.0,857.0,1026.0,760.0,0.0059,0.00804,0.00259,1.36302,41.0,757.70732,343.01883,865.0,1022.0,1054.0,823.0,0.01113,0.02601,0.0003,2.33738,0.71068,0.72667,0.0,0.0,0.0,0.0,0.0,0.0,0.0,1,0.0,1.0,150,packet,150,Whatsapp
114,697.11404,257.20276,784.5,821.0,962.0,742.5,0.00537,0.00685,0.00245,1.27646,36.0,904.0,240.90247,989.5,1051.25,1075.0,947.5,0.01462,0.02797,0.00018,1.91307,0.70947,0.76,0.0,0.0,0.0,0.0,0.0,0.0,0.0,1,0.0,1.0,150,packet,150,Whatsapp
111,679.30631,306.94463,797.0,928.5,1011.0,755.0,0.0058,0.00809,0.00207,1.3948,39.0,801.71795,339.62007,882.0,1058.0,1081.0,840.0,0.01507,0.03084,0.00021,2.04673,0.70688,0.74,0.0,0.0,0.0,0.0,0.0,0.0,0.0,1,0.0,1.0,150,packet,150,Whatsapp
117,647.98291,296.6095,764.0,833.0,1023.0,722.0,0.00496,0.00639,0.00114,1.28922,33.0,900.72727,159.12607,869.0,1069.0,1078.0,827.0,0.01332,0.03906,0.00017,2.93166,0.71836,0.78,0.0,0.0,0.0,0.0,0.0,0.0,0.0,1,0.0,1.0,150,packet,150,Whatsapp
112,695.70536,263.69617,795.5,851.0,1017.0,753.5,0.00562,0.0089,0.0005,1.58349,38.0,870.73684,177.37867,859.0,904.0,1082.0,817.0,0.01613,0.03645,0.00018,2.25926,0.70193,0.74667,0.0,0.0,0.0,0.0,0.0,0.0,0.0,1,0.0,1.0,150,packet,150,Whatsapp
110,675.54545,299.9221,828.0,858.0,1020.0,786.0,0.00518,0.00823,0.00113,1.59032,40.0,740.475,299.16893,848.0,922.75,1052.0,806.0,0.01389,0.03021,0.00027,2.17539,0.71501,0.73333,0.0,0.0,0.0,0.0,0.0,0.0,0.0,1,0.0,1.0,150,packet,150,Whatsapp
35,891.08571,193.89914,866.0,1012.0,1083.0,824.0,0.04688,0.17931,0.00022,3.82489,115.0,670.72174,279.61671,791.0,834.0,1010.0,749.0,0.01378,0.09209,0.00244,6.68236,0.28792,0.23333,0.0,0.0,0.0,0.0,0.0,0.0,0.0,2,0.99023,1.0,150,packet,150,Whatsapp
37,911.62162,207.79724,879.0,1041.0,1079.0,837.0,0.01855,0.02756,0.00027,1.48529,113.0,735.0354,291.43775,824.0,951.0,999.0,782.0,0.00591,0.00667,0.00425,1.12807,0.28881,0.24667,0.0,0.0,0.0,0.0,0.0,0.0,0.0,1,0.0,1.0,150,packet,150,Whatsapp
114,709.05263,281.02469,804.0,888.25,1018.0,762.0,0.00597,0.00765,0.00349,1.28171,36.0,898.36111,235.95811,988.0,1020.0,1064.0,946.0,0.01698,0.02636,0.00034,1.55254,0.71423,0.76,0.0,0.0,0.0,0.0,0.0,0.0,0.0,1,0.0,1.0,150,packet,150,Whatsapp
111,691.00901,266.78414,775.0,837.0,1017.0,733.0,0.00556,0.00651,0.00308,1.17254,39.0,809.30769,276.4786,840.0,1063.0,1081.0,798.0,0.01435,0.0229,0.00022,1.59566,0.70847,0.74,0.0,0.0,0.0,0.0,0.0,0.0,0.0,1,0.0,1.0,150,packet,150,Whatsapp
110,674.00909,297.28149,778.0,826.0,1013.0,736.0,0.0055,0.0069,0.00272,1.2536,40.0,785.35,335.77497,1007.0,1037.0,1077.0,965.0,0.01485,0.01879,0.00041,1.26541,0.70239,0.73333,0.0,0.0,0.0,0.0,0.0,0.0,0.0,1,0.0,1.0,150,packet,150,Whatsapp
106,740.12264,257.72113,803.5,890.0,1021.0,761.5,0.00598,0.00675,0.00356,1.12813,44.0,791.09091,311.72072,861.0,1032.0,1081.0,819.0,0.01403,0.02154,0.00026,1.53474,0.69267,0.70667,0.0,0.0,0.0,0.0,0.0,0.0,0.0,1,0.0,1.0,150,packet,150,Whatsapp
108,712.72222,246.76323,791.5,852.0,974.0,749.5,0.00558,0.0076,0.00236,1.36251,42.0,750.66667,338.53449,859.0,1034.5,1076.0,817.0,0.01441,0.01909,0.00028,1.32453,0.70942,0.72,0.0,0.0,0.0,0.0,0.0,0.0,0.0,1,0.0,1.0,150,packet,150,Whatsapp
109,688.63303,321.86674,803.0,912.0,1024.0,761.0,0.00543,0.00669,0.00321,1.23309,41.0,767.63415,356.49566,882.0,1056.0,1083.0,840.0,0.01257,0.01926,0.00284,1.53263,0.70457,0.72667,0.0,0.0,0.0,0.0,0.0,0.0,0.0,1,0.0,1.0,150,packet,150,Whatsapp
124,695.41935,293.04635,784.5,896.25,1009.0,742.5,0.0059,0.0098,0.0,1.66178,26.0,779.46154,300.63538,851.5,973.0,1071.0,809.5,0.02767,0.08486,0.00026,3.06705,0.80971,0.82667,0.0,0.0,0.0,0.0,0.0,0.0,0.0,1,0.0,1.0,150,packet,150,Whatsapp
96,714.3125,263.7773,795.0,841.0,1026.0,753.0,0.00565,0.00897,0.00042,1.58672,54.0,818.96296,276.67189,874.0,968.0,1065.0,832.0,0.0097,0.02437,0.00019,2.51263,0.60794,0.64,0.0,0.0,0.0,0.0,0.0,0.0,0.0,1,0.0,1.0,150,packet,150,Whatsapp
110,665.94545,286.39102,770.0,858.5,1003.0,728.0,0.00492,0.00715,0.00109,1.45423,40.0,821.55,218.24034,881.5,928.0,958.0,839.5,0.01364,0.03674,0.00022,2.69288,0.69032,0.73333,0.0,0.0,0.0,0.0,0.0,0.0,0.0,1,0.0,1.0,150,packet,150,Whatsapp
108,636.7037,298.79887,774.5,868.5,1024.0,732.5,0.00597,0.00757,0.00353,1.26835,42.0,822.33333,243.42366,898.0,929.0,965.0,856.0,0.01546,0.02397,0.00022,1.54992,0.66566,0.72,0.0,0.0,0.0,0.0,0.0,0.0,0.0,1,0.0,1.0,150,packet,150,Whatsapp
49,856.22449,195.32456,889.0,923.0,967.0,847.0,0.01517,0.02582,0.00027,1.70214,101.0,647.67327,321.90436,787.0,911.0,1021.0,745.0,0.00716,0.00732,0.00532,1.02266,0.39075,0.32667,0.0,0.0,0.0,0.0,0.0,0.0,0.0,1,0.0,1.0,150,packet,150,Whatsapp
42,889.66667,161.40199,923.0,958.25,987.0,881.0,0.01655,0.02724,0.00031,1.6465,108.0,655.55556,309.93827,754.0,883.0,1027.0,712.0,0.00663,0.0075,0.00394,1.1315,0.34545,0.28,0.0,0.0,0.0,0.0,0.0,0.0,0.0,1,0.0,1.0,150,packet,150,Whatsapp
104,616.28846,327.36517,781.0,861.0,1027.0,739.0,0.00593,0.00619,0.00486,1.04412,46.0,773.30435,282.71178,924.0,938.75,973.0,882.0,0.01223,0.02067,0.00044,1.69053,0.64309,0.69333,0.0,0.0,0.0,0.0,0.0,0.0,0.0,1,0.0,1.0,150,packet,150,Whatsapp
103,689.84466,276.54255,751.0,813.0,1027.0,709.0,0.00688,0.00669,0.00596,0.97288,47.0,839.87234,243.15284,913.0,921.0,1061.0,871.0,0.01536,0.03253,0.00017,2.11767,0.64286,0.68667,0.0,0.0,0.0,0.0,0.0,0.0,0.0,1,0.0,1.0,150,packet,150,Whatsapp
48,739.14583,281.19077,869.0,897.0,998.0,827.0,0.01211,0.02533,0.00019,2.09226,102.0,622.26471,301.80415,746.0,836.0,1009.0,704.0,0.00554,0.00627,0.00331,1.13078,0.35855,0.32,0.0,0.0,0.0,0.0,0.0,0.0,0.0,1,0.0,1.0,150,packet,150,Whatsapp
107,676.18692,318.61925,784.0,910.0,1021.0,742.0,0.00576,0.00639,0.00403,1.10926,43.0,747.90698,299.02701,849.0,919.0,1077.0,807.0,0.01302,0.01929,0.00026,1.48119,0.69228,0.71333,0.0,0.0,0.0,0.0,0.0,0.0,0.0,1,0.0,1.0,150,packet,150,Whatsapp
116,686.34483,302.75611,795.0,885.75,998.0,753.0,0.00539,0.00541,0.00513,1.00535,34.0,873.61765,234.24673,911.0,1015.25,1068.0,869.0,0.01682,0.02762,0.00024,1.64207,0.72829,0.77333,0.0,0.0,0.0,0.0,0.0,0.0,0.0,1,0.0,1.0,150,packet,150,Whatsapp
109,698.33945,270.24061,798.0,856.0,1012.0,756.0,0.00558,0.00568,0.00403,1.01825,41.0,776.60976,338.81464,879.0,1038.0,1077.0,837.0,0.01336,0.01846,0.00037,1.38244,0.70507,0.72667,0.0,0.0,0.0,0.0,0.0,0.0,0.0,1,0.0,1.0,150,packet,150,Whatsapp
100,643.34,339.62798,798.0,912.0,979.0,756.0,0.00527,0.0059,0.00321,1.11894,50.0,797.18,350.14886,1016.5,1069.0,1075.0,974.5,0.00975,0.01512,0.00033,1.55164,0.61745,0.66667,0.0,0.0,0.0,0.0,0.0,0.0,0.0,1,0.0,1.0,150,packet,150,Whatsapp
120,721.875,298.08784,810.0,947.0,1022.0,768.0,0.00539,0.00704,0.00302,1.30445,30.0,791.6,301.92765,852.5,1006.75,1087.0,810.5,0.01661,0.02346,0.00033,1.41257,0.78484,0.8,0.0,0.0,0.0,0.0,0.0,0.0,0.0,1,0.0,1.0,150,packet,150,Whatsapp
96,679.53125,304.54919,793.5,899.0,1021.0,751.5,0.00664,0.00925,0.00225,1.39199,54.0,780.18519,321.02273,949.0,973.0,1084.0,907.0,0.01162,0.02423,0.00018,2.08582,0.6076,0.64,0.0,0.0,0.0,0.0,0.0,0.0,0.0,1,0.0,1.0,150,packet,150,Whatsapp
39,953.35897,194.80437,969.0,1056.0,1066.0,927.0,0.01647,0.0364,0.00017,2.20996,111.0,615.74775,347.69538,776.0,943.0,1025.0,734.0,0.00571,0.00663,0.00354,1.16066,0.35233,0.26,0.0,0.0,0.0,0.0,0.0,0.0,0.0,1,0.0,1.0,150,packet,150,Whatsapp
120,654.03333,340.90319,781.5,963.75,1017.0,739.5,0.00617,0.00714,0.00514,1.15665,30.0,789.66667,384.00611,966.0,1062.75,1068.0,924.0,0.01952,0.03341,0.00021,1.71118,0.76814,0.8,0.0,0.0,0.0,0.0,0.0,0.0,0.0,1,0.0,1.0,150,packet,150,Whatsapp
112,677.57143,316.9827,806.0,908.5,1028.0,764.0,0.00691,0.00918,0.00451,1.32915,38.0,896.42105,270.67281,977.0,986.0,1075.0,935.0,0.01996,0.03881,0.00026,1.94488,0.69019,0.74667,0.0,0.0,0.0,0.0,0.0,0.0,0.0,1,0.0,1.0,150,packet,150,Whatsapp
127,652.94488,330.82165,825.0,913.0,1023.0,783.0,0.00586,0.00704,0.00339,1.20175,23.0,935.17391,282.18567,1044.0,1054.0,1057.0,1002.0,0.0262,0.04912,0.00023,1.87443,0.79404,0.84667,0.0,0.0,0.0,0.0,0.0,0.0,0.0,1,0.0,1.0,150,packet,150,Whatsapp
108,711.02778,321.94684,859.5,918.25,1015.0,817.5,0.0073,0.00835,0.00539,1.14454,42.0,721.7619,362.02485,868.0,1032.5,1047.0,826.0,0.01804,0.02112,0.00477,1.17055,0.71697,0.72,0.0,0.0,0.0,0.0,0.0,0.0,0.0,1,0.0,1.0,150,packet,150,Whatsapp
49,897.63265,282.50705,985.0,1040.0,1045.0,943.0,0.01511,0.02377,0.00037,1.57306,101.0,772.88119,288.44284,895.0,932.0,1024.0,853.0,0.00732,0.00881,0.0057,1.20341,0.36039,0.32667,0.0,0.0,0.0,0.0,0.0,0.0,0.0,1,0.0,1.0,150,packet,150,Whatsapp
103,701.30097,314.31302,853.0,910.0,1006.0,811.0,0.00672,0.00857,0.00397,1.27383,47.0,921.76596,244.94109,1013.0,1028.5,1062.0,971.0,0.01492,0.02454,0.00029,1.64456,0.62509,0.68667,0.0,0.0,0.0,0.0,0.0,0.0,0.0,1,0.0,1.0,150,packet,150,Whatsapp
49,894.77551,292.64886,1023.0,1042.0,1076.0,981.0,0.01425,0.02217,0.00034,1.55548,101.0,716.21782,325.98195,899.0,942.0,1024.0,857.0,0.00688,0.00993,0.00443,1.44217,0.37737,0.32667,0.0,0.0,0.0,0.0,0.0,0.0,0.0,1,0.0,1.0,150,packet,150,Whatsapp
104,712.92308,306.84178,859.0,907.5,1013.0,817.0,0.00662,0.00827,0.00376,1.2506,46.0,894.5,227.55723,965.5,1002.75,1070.0,923.5,0.01331,0.02407,0.00026,1.80796,0.6431,0.69333,0.0,0.0,0.0,0.0,0.0,0.0,0.0,1,0.0,1.0,150,packet,150,Whatsapp
57,854.31579,330.48901,1020.0,1046.0,1069.0,978.0,0.01299,0.01959,0.00035,1.50893,93.0,794.21505,274.80726,897.0,945.0,1000.0,855.0,0.0076,0.01044,0.00452,1.37355,0.39733,0.38,0.0,0.0,0.0,0.0,0.0,0.0,0.0,1,0.0,1.0,150,packet,150,Whatsapp
98,716.79592,312.99827,874.0,898.0,1026.0,832.0,0.00663,0.00848,0.0042,1.27925,52.0,847.63462,328.98919,1029.0,1045.0,1060.0,987.0,0.0118,0.01792,0.00032,1.51769,0.61445,0.65333,0.0,0.0,0.0,0.0,0.0,0.0,0.0,1,0.0,1.0,150,packet,150,Whatsapp
103,737.74757,294.49205,856.0,902.0,1027.0,814.0,0.00714,0.00975,0.00427,1.36453,47.0,972.3617,184.35701,1021.0,1049.5,1068.0,979.0,0.01502,0.02604,0.00029,1.73383,0.62444,0.68667,0.0,0.0,0.0,0.0,0.0,0.0,0.0,1,0.0,1.0,150,packet,150,Whatsapp
103,755.47573,296.10435,899.0,945.0,1006.0,857.0,0.00768,0.01027,0.00591,1.33652,47.0,982.82979,175.57847,1043.0,1073.0,1084.0,1001.0,0.01551,0.02934,0.00034,1.89204,0.6275,0.68667,0.0,0.0,0.0,0.0,0.0,0.0,0.0,1,0.0,1.0,150,packet,150,Whatsapp
34,967.55882,255.94843,1060.0,1068.0,1079.0,1018.0,0.0244,0.09264,0.00019,3.79667,116.0,780.60345,267.9232,893.0,933.0,997.0,851.0,0.00697,0.00928,0.00497,1.33256,0.26649,0.22667,0.0,0.0,0.0,0.0,0.0,0.0,0.0,1,0.0,1.0,150,packet,150,Whatsapp
58,935.58621,202.75185,953.0,1029.75,1084.0,911.0,0.00903,0.02539,0.00015,2.81003,92.0,753.59783,324.19234,885.0,986.0,1028.0,843.0,0.006,0.0077,0.00528,1.28248,0.43905,0.38667,0.0,0.0,0.0,0.0,0.0,0.0,0.0,1,0.0,1.0,150,packet,150,Whatsapp
100,726.21,310.08713,879.0,932.5,1028.0,837.0,0.00686,0.00934,0.00402,1.36215,50.0,905.22,153.04983,933.0,946.0,1069.0,891.0,0.01189,0.03328,0.00013,2.79815,0.61605,0.66667,0.0,0.0,0.0,0.0,0.0,0.0,0.0,1,0.0,1.0,150,packet,150,Whatsapp
44,917.20455,210.18732,985.0,1044.5,1072.0,943.0,0.01477,0.0364,0.00017,2.46419,106.0,731.60377,296.79765,870.0,946.0,1007.0,828.0,0.00626,0.0079,0.00416,1.26146,0.34228,0.29333,0.0,0.0,0.0,0.0,0.0,0.0,0.0,1,0.0,1.0,150,packet,150,Whatsapp
99,707.10101,337.02916,891.0,973.0,1021.0,849.0,0.00638,0.00767,0.0052,1.20218,51.0,832.01961,316.2167,940.0,1057.0,1084.0,898.0,0.0116,0.03169,0.00019,2.73208,0.6226,0.66,0.0,0.0,0.0,0.0,0.0,0.0,0.0,1,0.0,1.0,150,packet,150,Whatsapp
61,827.29508,300.54439,941.0,1019.0,1086.0,899.0,0.0114,0.03075,0.00019,2.69762,89.0,795.76404,294.60429,899.0,956.0,1025.0,857.0,0.00706,0.00888,0.00613,1.25693,0.41608,0.40667,0.0,0.0,0.0,0.0,0.0,0.0,0.0,1,0.0,1.0,150,packet,150,Whatsapp
57,824.14035,310.38541,940.0,1047.0,1072.0,898.0,0.01188,0.02791,0.00019,2.34825,93.0,765.10753,305.68768,886.0,943.0,1022.0,844.0,0.00725,0.01007,0.00377,1.38751,0.39766,0.38,0.0,0.0,0.0,0.0,0.0,0.0,0.0,1,0.0,1.0,150,packet,150,Whatsapp
97,762.90722,284.54652,882.0,905.0,1019.0,840.0,0.00668,0.00941,0.00388,1.40753,53.0,827.77358,322.97244,925.0,1052.0,1083.0,883.0,0.01252,0.02812,0.00019,2.24545,0.62781,0.64667,0.0,0.0,0.0,0.0,0.0,0.0,0.0,1,0.0,1.0,150,packet,150,Whatsapp
52,895.94231,270.27653,987.5,1026.25,1083.0,945.5,0.01307,0.02948,0.00019,2.25519,98.0,796.0,280.57459,925.0,963.0,1000.0,883.0,0.00752,0.01,0.00353,1.32883,0.37392,0.34667,0.0,0.0,0.0,0.0,0.0,0.0,0.0,1,0.0,1.0,150,packet,150,Whatsapp
54,835.03704,264.61257,920.5,939.0,1003.0,878.5,0.01216,0.0271,0.00019,2.22919,96.0,746.0,305.21079,870.0,965.5,1002.0,828.0,0.00663,0.00883,0.00318,1.33012,0.38637,0.36,0.0,0.0,0.0,0.0,0.0,0.0,0.0,1,0.0,1.0,150,packet,150,Whatsapp
52,840.44231,273.24661,916.5,963.25,1051.0,874.5,0.01163,0.02113,0.00022,1.81746,98.0,702.38776,312.60651,819.0,944.0,1019.0,777.0,0.00595,0.00748,0.00512,1.25748,0.38834,0.34667,0.0,0.0,0.0,0.0,0.0,0.0,0.0,1,0.0,1.0,150,packet,150,Whatsapp
50,899.48,197.97669,936.0,960.0,1059.0,894.0,0.01367,0.02535,0.00016,1.85492,100.0,715.68,287.88518,843.5,883.0,1024.0,801.5,0.00659,0.01013,0.00431,1.53594,0.3859,0.33333,0.0,0.0,0.0,0.0,0.0,0.0,0.0,1,0.0,1.0,150,packet,150,Whatsapp
98,773.82653,264.40901,869.0,937.0,971.0,827.0,0.00704,0.00959,0.0055,1.36322,52.0,869.23077,258.50618,935.0,956.0,1081.0,893.0,0.01192,0.02031,0.00022,1.70301,0.62655,0.65333,0.0,0.0,0.0,0.0,0.0,0.0,0.0,1,0.0,1.0,150,packet,150,Whatsapp
56,790.30357,291.67331,922.5,954.0,1009.0,880.5,0.01167,0.0186,0.00028,1.59338,94.0,767.7234,272.6266,887.5,954.0,1002.0,845.5,0.00666,0.00909,0.00474,1.36544,0.38014,0.37333,0.0,0.0,0.0,0.0,0.0,0.0,0.0,1,0.0,1.0,150,packet,150,Whatsapp
57,804.78947,271.49733,921.0,952.0,1003.0,879.0,0.01106,0.01829,0.00024,1.65343,93.0,784.65591,292.10333,916.0,956.0,987.0,874.0,0.00694,0.00912,0.00539,1.31429,0.38599,0.38,0.0,0.0,0.0,0.0,0.0,0.0,0.0,1,0.0,1.0,150,packet,150,Whatsapp
59,795.10169,293.39218,918.0,948.0,1011.0,876.0,0.01053,0.01724,0.0003,1.63761,91.0,749.62637,303.58976,865.0,914.0,1002.0,823.0,0.00697,0.00975,0.00335,1.39902,0.40747,0.39333,0.0,0.0,0.0,0.0,0.0,0.0,0.0,1,0.0,1.0,150,packet,150,Whatsapp
58,817.58621,297.68498,949.0,971.0,1087.0,907.0,0.01162,0.01897,0.0003,1.63318,92.0,786.18478,276.22199,881.0,943.5,1007.0,839.0,0.00728,0.00962,0.0048,1.32097,0.39599,0.38667,0.0,0.0,0.0,0.0,0.0,0.0,0.0,1,0.0,1.0,150,packet,150,Whatsapp
92,777.95652,304.76116,897.5,949.0,1014.0,855.5,0.00667,0.01018,0.00319,1.52645,58.0,794.74138,294.88885,902.0,965.0,1051.0,860.0,0.01069,0.0187,0.00027,1.74943,0.60826,0.61333,0.0,0.0,0.0,0.0,0.0,0.0,0.0,1,0.0,1.0,150,packet,150,Whatsapp
99,712.08081,341.82335,888.0,940.5,1015.0,846.0,0.0067,0.00924,0.00323,1.3789,51.0,818.96078,309.30485,906.0,1085.0,1085.0,864.0,0.01189,0.01854,0.00027,1.55913,0.62795,0.66,0.0,0.0,0.0,0.0,0.0,0.0,0.0,1,0.0,1.0,150,packet,150,Whatsapp
58,823.24138,302.29155,955.0,993.0,1067.0,913.0,0.01188,0.01708,0.00059,1.4373,92.0,785.52174,284.70158,883.0,939.0,1009.0,841.0,0.00694,0.00836,0.0053,1.20497,0.39785,0.38667,0.0,0.0,0.0,0.0,0.0,0.0,0.0,1,0.0,1.0,150,packet,150,Whatsapp
61,854.59016,285.40155,993.0,1007.0,1077.0,951.0,0.01095,0.01662,0.00036,1.51762,89.0,844.03371,214.06785,917.0,952.0,992.0,875.0,0.00712,0.00973,0.00559,1.36668,0.40967,0.40667,0.0,0.0,0.0,0.0,0.0,0.0,0.0,1,0.0,1.0,150,packet,150,Whatsapp
89,839.78652,249.0711,909.0,957.0,1026.0,867.0,0.00798,0.01208,0.00416,1.51372,61.0,822.4918,286.95734,928.0,969.0,1087.0,886.0,0.01186,0.0171,0.00032,1.44199,0.59834,0.59333,0.0,0.0,0.0,0.0,0.0,0.0,0.0,1,0.0,1.0,150,packet,150,Whatsapp
54,818.57407,291.31449,959.0,1002.0,1040.0,917.0,0.01166,0.01778,0.00032,1.52476,96.0,763.91667,290.6317,870.0,960.0,1020.0,828.0,0.0066,0.00938,0.00317,1.42133,0.37607,0.36,0.0,0.0,0.0,0.0,0.0,0.0,0.0,1,0.0,1.0,150,packet,150,Whatsapp
93,803.22581,261.37528,875.0,950.0,1027.0,833.0,0.00665,0.01026,0.00206,1.54406,57.0,926.40351,216.30955,983.0,1037.0,1070.0,941.0,0.00131,0.00282,0.00011,2.16338,0.58586,0.62,0.0,0.0,0.0,0.0,0.0,0.0,0.0,1,0.0,1.0,150,packet,150,Whatsapp
92,802.30435,287.98965,924.0,982.0,1013.0,882.0,0.00751,0.01035,0.00533,1.3774,58.0,695.2069,318.1568,886.5,897.0,984.0,844.5,0.00891,0.02493,0.00022,2.79844,0.64671,0.61333,0.0,0.0,0.0,0.0,0.0,0.0,0.0,1,0.0,1.0,150,packet,150,Whatsapp
66,834.80303,302.41729,957.5,1024.25,1067.0,915.5,0.00963,0.0291,0.00017,3.02203,84.0,836.07143,258.96588,952.0,992.25,1021.0,910.0,0.00764,0.0095,0.00618,1.24452,0.43963,0.44,0.0,0.0,0.0,0.0,0.0,0.0,0.0,1,0.0,1.0,150,packet,150,Whatsapp
92,855.13043,216.87315,901.0,959.0,1021.0,859.0,0.00745,0.01085,0.00526,1.45597,58.0,802.74138,285.93438,912.0,940.0,1084.0,870.0,0.01191,0.03063,0.00019,2.57167,0.62822,0.61333,0.0,0.0,0.0,0.0,0.0,0.0,0.0,1,0.0,1.0,150,packet,150,Whatsapp
66,829.83333,289.77042,947.0,974.0,1045.0,905.0,0.01005,0.02118,0.00016,2.10757,84.0,846.70238,228.21803,925.0,980.0,1021.0,883.0,0.00804,0.01022,0.0055,1.27123,0.43505,0.44,0.0,0.0,0.0,0.0,0.0,0.0,0.0,1,0.0,1.0,150,packet,150,Whatsapp
101,784.71287,271.85171,857.0,921.0,1017.0,815.0,0.00697,0.00932,0.00522,1.33729,49.0,905.87755,236.88365,964.0,1018.0,1057.0,922.0,0.01389,0.03721,0.00017,2.6785,0.641,0.67333,0.0,0.0,0.0,0.0,0.0,0.0,0.0,1,0.0,1.0,150,packet,150,Whatsapp
49,973.46939,176.75535,1012.0,1080.0,1084.0,970.0,0.01265,0.03309,0.0001,2.61619,101.0,736.66337,309.67889,873.0,923.0,1019.0,831.0,0.00584,0.00893,0.0014,1.52761,0.39065,0.32667,0.0,0.0,0.0,0.0,0.0,0.0,0.0,1,0.0,1.0,150,packet,150,Whatsapp
51,911.72549,251.5367,994.0,1033.0,1057.0,952.0,0.01174,0.03424,0.00015,2.91601,99.0,709.78788,319.50521,839.0,936.0,1012.0,797.0,0.00609,0.00962,0.00105,1.57908,0.39821,0.34,0.0,0.0,0.0,0.0,0.0,0.0,0.0,1,0.0,1.0,150,packet,150,Whatsapp
97,725.39175,324.74791,895.0,935.0,1023.0,853.0,0.00765,0.01557,0.00207,2.03594,53.0,827.84906,309.4203,931.0,1009.0,1079.0,889.0,0.01321,0.03346,0.00016,2.53326,0.61593,0.64667,0.0,0.0,0.0,0.0,0.0,0.0,0.0,2,0.12431,1.0,150,packet,150,Whatsapp
96,789.19792,270.13359,892.0,961.0,1016.0,850.0,0.00643,0.01397,0.0,2.17384,54.0,865.88889,276.38524,964.0,987.0,1062.0,922.0,0.0105,0.0198,0.0002,1.88586,0.61837,0.64,0.0,0.0,0.0,0.0,0.0,0.0,0.0,1,0.0,1.0,150,packet,150,Whatsapp
97,683.56701,320.07966,868.0,890.0,1003.0,826.0,0.00598,0.01234,0.0,2.06499,53.0,838.09434,314.6296,953.0,1025.0,1059.0,911.0,0.0103,0.01866,0.00021,1.81236,0.59883,0.64667,0.0,0.0,0.0,0.0,0.0,0.0,0.0,1,0.0,1.0,150,packet,150,Whatsapp
100,703.49,327.01524,864.5,919.0,1007.0,822.5,0.00609,0.01304,0.0,2.1425,50.0,903.06,279.9248,1004.0,1028.75,1055.0,962.0,0.01245,0.02215,0.00023,1.77861,0.60907,0.66667,0.0,0.0,0.0,0.0,0.0,0.0,0.0,1,0.0,1.0,150,packet,150,Whatsapp
51,901.72549,256.38674,961.0,1028.0,1066.0,919.0,0.0117,0.02222,0.00016,1.89918,99.0,718.81818,333.15023,862.0,978.0,1015.0,820.0,0.00579,0.01205,0.00158,2.08061,0.39255,0.34,0.0,0.0,0.0,0.0,0.0,0.0,0.0,1,0.0,1.0,150,packet,150,Whatsapp
45,937.8,176.48816,948.0,1019.0,1084.0,906.0,0.01236,0.02494,0.00019,2.01767,105.0,715.95238,317.93588,863.0,941.0,1021.0,821.0,0.0053,0.01383,0.0,2.60879,0.35954,0.3,0.0,0.0,0.0,0.0,0.0,0.0,0.0,1,0.0,1.0,150,packet,150,Whatsapp
102,738.82353,306.22196,874.0,955.0,1025.0,832.0,0.00668,0.01756,0.0,2.62823,48.0,963.375,182.55166,1013.0,1032.5,1072.0,971.0,0.01256,0.02495,0.00018,1.98672,0.61973,0.68,0.0,0.0,0.0,0.0,0.0,0.0,0.0,1,0.0,1.0,150,packet,150,Whatsapp
99,725.85859,320.73684,858.0,954.0,1002.0,816.0,0.00629,0.01474,0.0,2.34588,51.0,848.17647,318.9536,962.0,1033.0,1061.0,920.0,0.01067,0.0194,0.00033,1.81798,0.62423,0.66,0.0,0.0,0.0,0.0,0.0,0.0,0.0,1,0.0,1.0,150,packet,150,Whatsapp
94,747.10638,311.27215,897.5,950.75,1006.0,855.5,0.00682,0.01381,0.00094,2.02432,56.0,910.125,193.42949,933.5,989.25,1069.0,891.5,0.01195,0.02463,0.00024,2.0607,0.57946,0.62667,0.0,0.0,0.0,0.0,0.0,0.0,0.0,1,0.0,1.0,150,packet,150,Whatsapp
52,930.96154,234.00723,1002.0,1039.0,1060.0,960.0,0.0121,0.02404,0.00027,1.9866,98.0,794.39796,273.68848,924.0,937.0,1015.0,882.0,0.00636,0.00882,0.00317,1.38647,0.38341,0.34667,0.0,0.0,0.0,0.0,0.0,0.0,0.0,1,0.0,1.0,150,packet,150,Whatsapp
95,725.06316,320.74984,863.0,954.0,1021.0,821.0,0.00633,0.00873,0.00389,1.37886,55.0,833.10909,287.74772,975.0,989.0,1036.0,933.0,0.01014,0.01816,0.0003,1.79076,0.60052,0.63333,0.0,0.0,0.0,0.0,0.0,0.0,0.0,1,0.0,1.0,150,packet,150,Whatsapp
96,762.03125,301.36624,895.5,973.0,1024.0,853.5,0.00655,0.0085,0.00515,1.29855,54.0,853.98148,299.79793,964.0,1010.25,1055.0,922.0,0.01031,0.01913,0.00025,1.85485,0.61336,0.64,0.0,0.0,0.0,0.0,0.0,0.0,0.0,1,0.0,1.0,150,packet,150,Whatsapp
92,737.77174,318.29843,899.5,933.0,1027.0,857.5,0.00676,0.00946,0.0034,1.39918,58.0,834.32759,309.39075,984.5,1011.0,1059.0,942.5,0.01065,0.01836,0.00035,1.72487,0.58379,0.61333,0.0,0.0,0.0,0.0,0.0,0.0,0.0,1,0.0,1.0,150,packet,150,Whatsapp
54,831.25926,280.49462,924.0,1021.25,1047.0,882.0,0.01107,0.0179,0.00033,1.61747,96.0,731.38542,301.73893,859.0,932.0,1028.0,817.0,0.00633,0.00946,0.00338,1.49456,0.38999,0.36,0.0,0.0,0.0,0.0,0.0,0.0,0.0,1,0.0,1.0,150,packet,150,Whatsapp
56,911.64286,235.78368,961.0,1020.5,1052.0,919.0,0.011,0.02201,0.00025,2.00047,94.0,755.64894,303.04236,880.5,952.5,1002.0,838.5,0.00626,0.00945,0.00315,1.50786,0.41817,0.37333,0.0,0.0,0.0,0.0,0.0,0.0,0.0,1,0.0,1.0,150,packet,150,Whatsapp
123,755.91057,289.80478,873.0,952.0,1021.0,831.0,0.00654,0.01097,0.00197,1.6765,27.0,972.37037,162.15497,1008.0,1011.0,1050.0,966.0,0.01134,0.02268,0.00028,2.00129,0.77981,0.82,0.0,0.0,0.0,0.0,0.0,0.0,0.0,1,0.0,1.0,150,packet,150,Whatsapp
107,721.46729,279.75681,843.0,914.5,1021.0,801.0,0.00616,0.00887,0.00377,1.4386,43.0,892.88372,215.40154,945.0,988.0,1084.0,903.0,0.00972,0.03378,0.00011,3.47417,0.66785,0.71333,0.0,0.0,0.0,0.0,0.0,0.0,0.0,1,0.0,1.0,150,packet,150,Whatsapp
103,716.06796,299.86924,856.0,909.0,1024.0,814.0,0.00608,0.00806,0.00373,1.32676,47.0,956.59574,184.8135,1012.0,1033.0,1074.0,970.0,0.01048,0.03062,0.00011,2.92252,0.62128,0.68667,0.0,0.0,0.0,0.0,0.0,0.0,0.0,1,0.0,1.0,150,packet,150,Whatsapp
93,736.16129,307.64591,890.0,959.0,1026.0,848.0,0.00671,0.00935,0.00338,1.39272,57.0,969.40351,161.62517,972.0,1028.0,1082.0,930.0,0.00983,0.0256,0.00013,2.60363,0.55337,0.62,0.0,0.0,0.0,0.0,0.0,0.0,0.0,1,0.0,1.0,150,packet,150,Whatsapp
104,739.75,300.83856,899.0,952.0,1013.0,857.0,0.00588,0.00769,0.00324,1.3075,46.0,979.91304,192.0859,1034.5,1058.0,1079.0,992.5,0.01014,0.03262,0.00012,3.2171,0.63055,0.69333,0.0,0.0,0.0,0.0,0.0,0.0,0.0,1,0.0,1.0,150,packet,150,Whatsapp
101,749.16832,308.90868,902.0,947.0,1014.0,860.0,0.00614,0.00945,0.00331,1.5383,49.0,910.34694,210.70325,961.0,993.0,1035.0,919.0,0.00966,0.03261,0.00011,3.37524,0.62912,0.67333,0.0,0.0,0.0,0.0,0.0,0.0,0.0,1,0.0,1.0,150,packet,150,Whatsapp
51,837.76471,337.33172,980.0,1046.0,1083.0,938.0,0.01214,0.03566,0.00014,2.93698,99.0,729.40404,302.02716,850.0,908.0,1002.0,808.0,0.00588,0.00872,0.00324,1.48212,0.37173,0.34,0.0,0.0,0.0,0.0,0.0,0.0,0.0,1,0.0,1.0,150,packet,150,Whatsapp
61,875.57377,259.19437,963.0,992.0,1043.0,921.0,0.00966,0.02608,0.00016,2.70127,89.0,752.66292,293.75435,900.0,937.0,1020.0,858.0,0.0065,0.01054,0.0013,1.62149,0.44362,0.40667,0.0,0.0,0.0,0.0,0.0,0.0,0.0,1,0.0,1.0,150,packet,150,Whatsapp
59,848.10169,296.8347,954.0,1046.0,1071.0,912.0,0.01045,0.03024,0.00016,2.89375,91.0,746.48352,295.91123,889.0,946.0,985.0,847.0,0.00636,0.00852,0.00218,1.33942,0.42417,0.39333,0.0,0.0,0.0,0.0,0.0,0.0,0.0,1,0.0,1.0,150,packet,150,Whatsapp
95,762.47368,302.75593,915.0,947.0,1025.0,873.0,0.00683,0.00975,0.00346,1.42852,55.0,849.4,305.83427,991.0,1018.0,1079.0,949.0,0.01091,0.02963,0.00016,2.71634,0.60792,0.63333,0.0,0.0,0.0,0.0,0.0,0.0,0.0,1,0.0,1.0,150,packet,150,Whatsapp
95,773.18947,269.85869,861.0,916.0,1011.0,819.0,0.00697,0.00992,0.00335,1.42435,55.0,929.16364,252.84345,1026.0,1038.0,1085.0,984.0,0.0112,0.0228,0.00017,2.03524,0.58971,0.63333,0.0,0.0,0.0,0.0,0.0,0.0,0.0,1,0.0,1.0,150,packet,150,Whatsapp
101,729.53465,311.29982,875.0,940.0,1020.0,833.0,0.0062,0.00983,0.00313,1.58398,49.0,989.28571,184.72395,1032.0,1065.0,1084.0,990.0,0.0124,0.02456,0.00017,1.98149,0.60318,0.67333,0.0,0.0,0.0,0.0,0.0,0.0,0.0,1,0.0,1.0,150,packet,150,Whatsapp
47,980.91489,181.91556,1040.0,1061.0,1080.0,998.0,0.01323,0.02538,0.00014,1.91772,103.0,748.8932,314.19254,894.0,957.0,1020.0,852.0,0.00638,0.01004,0.00235,1.57444,0.37409,0.31333,0.0,0.0,0.0,0.0,0.0,0.0,0.0,1,0.0,1.0,150,packet,150,Whatsapp
100,729.85,306.32602,863.0,958.75,1020.0,821.0,0.00616,0.00922,0.00323,1.49818,50.0,945.78,187.08279,994.0,1023.0,1085.0,952.0,0.01235,0.0239,0.00014,1.93519,0.60682,0.66667,0.0,0.0,0.0,0.0,0.0,0.0,0.0,1,0.0,1.0,150,packet,150,Whatsapp
58,848.48276,291.34724,964.0,985.0,1083.0,922.0,0.01061,0.01804,0.00022,1.69997,92.0,755.17391,322.62041,899.5,981.0,1020.0,857.5,0.00692,0.00972,0.00314,1.40408,0.41463,0.38667,0.0,0.0,0.0,0.0,0.0,0.0,0.0,1,0.0,1.0,150,packet,150,Whatsapp
94,784.62766,255.92186,877.5,899.0,1014.0,835.5,0.00672,0.01003,0.0032,1.4922,56.0,844.0,298.46351,954.5,1019.5,1076.0,912.5,0.01091,0.01768,0.00021,1.62041,0.60945,0.62667,0.0,0.0,0.0,0.0,0.0,0.0,0.0,1,0.0,1.0,150,packet,150,Whatsapp
61,848.59016,289.36348,976.0,1004.0,1008.0,934.0,0.00995,0.01804,0.00024,1.81233,89.0,797.24719,297.58727,913.0,995.0,1022.0,871.0,0.0069,0.01031,0.00329,1.49515,0.42181,0.40667,0.0,0.0,0.0,0.0,0.0,0.0,0.0,1,0.0,1.0,150,packet,150,Whatsapp
90,774.42222,282.7505,887.5,952.0,1009.0,845.5,0.00693,0.01116,0.00232,1.61067,60.0,829.96667,326.937,994.5,1023.0,1053.0,952.5,0.01037,0.01606,0.00026,1.54919,0.58327,0.6,0.0,0.0,0.0,0.0,0.0,0.0,0.0,1,0.0,1.0,150,packet,150,Whatsapp
59,841.89831,297.62886,975.0,1008.5,1037.0,933.0,0.01038,0.01727,0.00025,1.66435,91.0,772.52747,338.08882,943.0,993.0,1016.0,901.0,0.00637,0.008,0.00359,1.25518,0.41403,0.39333,0.0,0.0,0.0,0.0,0.0,0.0,0.0,1,0.0,1.0,150,packet,150,Whatsapp
101,736.88119,292.30952,874.0,919.0,968.0,832.0,0.00552,0.00806,0.00298,1.46103,49.0,858.08163,287.10105,990.0,1011.0,1047.0,948.0,0.01036,0.01769,0.00031,1.70713,0.639,0.67333,0.0,0.0,0.0,0.0,0.0,0.0,0.0,1,0.0,1.0,150,packet,150,Whatsapp
87,739.57471,285.36686,856.0,927.0,1010.0,814.0,0.00722,0.00909,0.00496,1.25988,63.0,834.44444,311.39215,958.0,1011.0,1065.0,916.0,0.00975,0.01746,0.00018,1.78953,0.55035,0.58,0.0,0.0,0.0,0.0,0.0,0.0,0.0,1,0.0,1.0,150,packet,150,Whatsapp
97,723.83505,322.0637,870.0,949.0,1016.0,828.0,0.00581,0.00921,0.00306,1.58549,53.0,826.60377,305.15492,962.0,993.0,1063.0,920.0,0.01069,0.01743,0.00028,1.63019,0.61578,0.64667,0.0,0.0,0.0,0.0,0.0,0.0,0.0,1,0.0,1.0,150,packet,150,Whatsapp
59,857.88136,302.08951,996.0,1020.0,1076.0,954.0,0.01044,0.01714,0.00026,1.64199,91.0,754.01099,298.88667,880.0,958.0,1004.0,838.0,0.00642,0.00957,0.00212,1.48995,0.42452,0.39333,0.0,0.0,0.0,0.0,0.0,0.0,0.0,1,0.0,1.0,150,packet,150,Whatsapp
95,784.0,275.67525,866.0,972.0,1027.0,824.0,0.00659,0.0101,0.00317,1.53281,55.0,853.56364,312.55584,981.0,1006.0,1059.0,939.0,0.00982,0.01717,0.00025,1.74788,0.61338,0.63333,0.0,0.0,0.0,0.0,0.0,0.0,0.0,1,0.0,1.0,150,packet,150,Whatsapp
100,709.86,303.92776,856.5,935.0,978.0,814.5,0.00611,0.01078,0.00111,1.76491,50.0,994.9,127.33,999.0,1055.25,1084.0,957.0,0.0122,0.03313,0.00015,2.71465,0.58797,0.66667,0.0,0.0,0.0,0.0,0.0,0.0,0.0,1,0.0,1.0,150,packet,150,Whatsapp
100,764.1,333.14314,927.0,984.25,1019.0,885.0,0.00671,0.01015,0.00131,1.5118,50.0,875.44,261.92053,960.5,979.75,1062.0,918.5,0.01285,0.03428,0.00012,2.66717,0.63579,0.66667,0.0,0.0,0.0,0.0,0.0,0.0,0.0,1,0.0,1.0,150,packet,150,Whatsapp
58,815.75862,319.1343,967.0,996.5,1027.0,925.0,0.00943,0.02444,0.00016,2.59135,92.0,743.20652,308.89517,872.0,929.0,1021.0,830.0,0.00586,0.00918,0.00198,1.5671,0.40898,0.38667,0.0,0.0,0.0,0.0,0.0,0.0,0.0,1,0.0,1.0,150,packet,150,Whatsapp
96,713.63542,321.76104,864.0,945.5,1022.0,822.0,0.0064,0.01097,0.00064,1.71384,54.0,828.0,317.86964,984.0,1007.75,1039.0,942.0,0.01126,0.03094,0.00015,2.74742,0.60509,0.64,0.0,0.0,0.0,0.0,0.0,0.0,0.0,1,0.0,1.0,150,packet,150,Whatsapp
55,821.09091,329.66547,978.0,1024.5,1052.0,936.0,0.01096,0.03202,0.00013,2.9216,95.0,713.97895,325.49299,864.0,953.0,1024.0,822.0,0.00623,0.00899,0.00121,1.4424,0.39969,0.36667,0.0,0.0,0.0,0.0,0.0,0.0,0.0,1,0.0,1.0,150,packet,150,Whatsapp
90,787.67778,267.75286,864.0,958.5,1011.0,822.0,0.00674,0.01115,0.00101,1.65283,60.0,843.16667,305.44117,965.5,993.75,1082.0,923.5,0.00934,0.02509,0.00016,2.6866,0.58356,0.6,0.0,0.0,0.0,0.0,0.0,0.0,0.0,1,0.0,1.0,150,packet,150,Whatsapp
92,784.40217,270.69697,867.0,943.0,1005.0,825.0,0.00735,0.01363,0.00151,1.8536,58.0,913.39655,224.78955,974.5,1031.0,1071.0,932.5,0.01154,0.0325,0.00013,2.81609,0.57666,0.61333,0.0,0.0,0.0,0.0,0.0,0.0,0.0,1,0.0,1.0,150,packet,150,Whatsapp
99,717.89899,335.5429,874.0,947.0,1017.0,832.0,0.00603,0.01027,0.00106,1.7023,51.0,819.62745,311.42115,971.0,993.5,1074.0,929.0,0.01051,0.02519,0.00017,2.39645,0.62966,0.66,0.0,0.0,0.0,0.0,0.0,0.0,0.0,1,0.0,1.0,150,packet,150,Whatsapp
91,748.10989,301.8865,860.0,927.0,999.0,818.0,0.00686,0.0109,0.00151,1.5887,59.0,846.27119,295.72879,963.0,1035.0,1075.0,921.0,0.01018,0.0214,0.00017,2.10274,0.57689,0.60667,0.0,0.0,0.0,0.0,0.0,0.0,0.0,1,0.0,1.0,150,packet,150,Whatsapp
92,760.54348,301.29887,881.0,998.0,1017.0,839.0,0.00663,0.00978,0.00447,1.47465,58.0,823.72414,289.12387,931.5,987.5,1061.0,889.5,0.01031,0.01808,0.00023,1.75386,0.59425,0.61333,0.0,0.0,0.0,0.0,0.0,0.0,0.0,1,0.0,1.0,150,packet,150,Whatsapp
58,854.91379,291.43795,954.0,1027.0,1086.0,912.0,0.00983,0.01801,0.00023,1.83117,92.0,718.53261,322.38208,880.5,942.0,1019.0,838.5,0.00636,0.00848,0.00315,1.33335,0.4286,0.38667,0.0,0.0,0.0,0.0,0.0,0.0,0.0,1,0.0,1.0,150,packet,150,Whatsapp
96,749.78125,304.70475,849.5,958.5,1023.0,807.5,0.00637,0.00935,0.00238,1.46853,54.0,857.64815,290.81483,982.5,1021.0,1085.0,940.5,0.01085,0.01828,0.00021,1.68403,0.60849,0.64,0.0,0.0,0.0,0.0,0.0,0.0,0.0,1,0.0,1.0,150,packet,150,Whatsapp
99,679.85859,344.91864,865.0,889.0,1021.0,823.0,0.00537,0.00738,0.0032,1.37464,51.0,829.39216,308.89164,953.0,1029.0,1062.0,911.0,0.01031,0.0174,0.00018,1.68814,0.61408,0.66,0.0,0.0,0.0,0.0,0.0,0.0,0.0,1,0.0,1.0,150,packet,150,Whatsapp
95,682.2,327.28975,811.0,908.0,1011.0,769.0,0.00644,0.0085,0.00231,1.31977,55.0,816.4,311.16342,943.0,1010.5,1045.0,901.0,0.01049,0.01799,0.00022,1.71554,0.59072,0.63333,0.0,0.0,0.0,0.0,0.0,0.0,0.0,1,0.0,1.0,150,packet,150,Whatsapp
56,875.14286,292.17151,977.0,1069.0,1079.0,935.0,0.01042,0.01839,0.0002,1.76496,94.0,735.11702,306.56039,876.0,949.0,1015.0,834.0,0.00619,0.00964,0.00238,1.55787,0.41494,0.37333,0.0,0.0,0.0,0.0,0.0,0.0,0.0,1,0.0,1.0,150,packet,150,Whatsapp
96,742.42708,334.49669,914.0,986.0,1022.0,872.0,0.00639,0.0085,0.00345,1.32923,54.0,807.59259,334.5213,974.0,994.0,1049.0,932.0,0.01086,0.01827,0.00034,1.6818,0.6204,0.64,0.0,0.0,0.0,0.0,0.0,0.0,0.0,1,0.0,1.0,150,packet,150,Whatsapp
98,733.45918,303.19204,877.0,930.5,1028.0,835.0,0.00626,0.00961,0.00249,1.53507,52.0,893.73077,299.96321,1028.0,1049.5,1075.0,986.0,0.01061,0.01668,0.00036,1.57152,0.60733,0.65333,0.0,0.0,0.0,0.0,0.0,0.0,0.0,1,0.0,1.0,150,packet,150,Whatsapp
57,833.31579,317.74646,983.0,1009.0,1074.0,941.0,0.01033,0.01754,0.00023,1.69871,93.0,732.44086,328.36992,910.0,959.0,1025.0,868.0,0.00589,0.00717,0.00344,1.21837,0.41083,0.38,0.0,0.0,0.0,0.0,0.0,0.0,0.0,1,0.0,1.0,150,packet,150,Whatsapp
55,854.18182,311.86367,948.0,1029.5,1079.0,906.0,0.01008,0.01799,0.00018,1.78451,95.0,730.53684,297.7696,881.0,930.0,1026.0,839.0,0.00607,0.00813,0.00316,1.33771,0.40367,0.36667,0.0,0.0,0.0,0.0,0.0,0.0,0.0,1,0.0,1.0,150,packet,150,Whatsapp
101,729.48515,310.80472,891.0,942.0,999.0,849.0,0.00618,0.00888,0.00337,1.4359,49.0,914.85714,260.78915,991.0,1041.0,1082.0,949.0,0.01109,0.02047,0.00021,1.84622,0.62172,0.67333,0.0,0.0,0.0,0.0,0.0,0.0,0.0,1,0.0,1.0,150,packet,150,Whatsapp
51,965.82353,215.46336,1039.0,1071.0,1087.0,997.0,0.01204,0.02291,0.00022,1.90236,99.0,738.55556,314.35662,893.0,946.0,1023.0,851.0,0.00612,0.00768,0.00329,1.25369,0.40251,0.34,0.0,0.0,0.0,0.0,0.0,0.0,0.0,1,0.0,1.0,150,packet,150,Whatsapp
101,746.81188,316.03151,884.0,952.0,1014.0,842.0,0.00617,0.00891,0.00313,1.44412,49.0,944.22449,208.48367,1014.0,1028.0,1070.0,972.0,0.01205,0.02388,0.00019,1.98164,0.61981,0.67333,0.0,0.0,0.0,0.0,0.0,0.0,0.0,1,0.0,1.0,150,packet,150,Whatsapp
63,840.90476,286.1615,930.0,998.5,1075.0,888.0,0.01087,0.01962,0.00024,1.80567,87.0,655.89655,321.59445,833.0,878.0,1022.0,791.0,0.00721,0.01168,0.00247,1.6201,0.48143,0.42,0.0,0.0,0.0,0.0,0.0,0.0,0.0,1,0.0,1.0,150,packet,150,Whatsapp
50,953.92,164.78493,996.0,1023.0,1075.0,954.0,0.01267,0.0252,0.00021,1.98984,100.0,748.93,291.38443,865.0,908.0,1023.0,823.0,0.00617,0.00882,0.00334,1.42962,0.38907,0.33333,0.0,0.0,0.0,0.0,0.0,0.0,0.0,1,0.0,1.0,150,packet,150,Whatsapp
99,701.29293,309.369,815.0,915.0,1023.0,773.0,0.00689,0.00852,0.00454,1.23618,51.0,991.03922,184.27462,1033.0,1082.0,1086.0,991.0,0.0122,0.02545,0.00023,2.08688,0.57871,0.66,0.0,0.0,0.0,0.0,0.0,0.0,0.0,1,0.0,1.0,150,packet,150,Whatsapp
110,686.92727,313.46679,797.0,942.75,995.0,755.0,0.00781,0.01013,0.00262,1.29622,40.0,920.8,248.70828,958.0,1062.0,1062.0,916.0,0.00568,0.01413,0.0001,2.48937,0.6723,0.73333,0.0,0.0,0.0,0.0,0.0,0.0,0.0,1,0.0,1.0,150,packet,150,Whatsapp
98,749.11224,293.44411,861.0,938.0,983.0,819.0,0.00687,0.01104,0.00254,1.60681,52.0,789.0,354.81458,974.0,1015.5,1084.0,932.0,0.01234,0.03177,0.00022,2.57487,0.64149,0.65333,0.0,0.0,0.0,0.0,0.0,0.0,0.0,1,0.0,1.0,150,packet,150,Whatsapp
57,970.63158,198.87567,1017.0,1047.0,1083.0,975.0,0.01223,0.0363,0.00012,2.96909,93.0,716.15054,310.99358,845.0,933.0,1025.0,803.0,0.00867,0.01289,0.00256,1.48731,0.45376,0.38,0.0,0.0,0.0,0.0,0.0,0.0,0.0,1,0.0,1.0,150,packet,150,Whatsapp
90,671.65556,320.59816,852.0,899.0,1018.0,810.0,0.00741,0.01016,0.00362,1.3713,60.0,866.68333,290.17216,1003.5,1032.0,1058.0,961.5,0.01061,0.0316,0.00014,2.9775,0.53756,0.6,0.0,0.0,0.0,0.0,0.0,0.0,0.0,1,0.0,1.0,150,packet,150,Whatsapp
88,729.38636,308.46123,865.5,919.0,1018.0,823.5,0.00666,0.00917,0.00371,1.37729,62.0,839.20968,297.22828,942.0,1015.0,1067.0,900.0,0.0094,0.0283,0.00012,3.00967,0.55229,0.58667,0.0,0.0,0.0,0.0,0.0,0.0,0.0,1,0.0,1.0,150,packet,150,Whatsapp
95,653.97895,328.35872,807.0,901.5,1027.0,765.0,0.00784,0.00954,0.00432,1.21715,55.0,887.98182,305.25098,990.0,1059.0,1087.0,948.0,0.01347,0.03607,0.00016,2.67682,0.55988,0.63333,0.0,0.0,0.0,0.0,0.0,0.0,0.0,1,0.0,1.0,150,packet,150,Whatsapp
57,900.82456,269.49635,977.0,1050.0,1084.0,935.0,0.01039,0.02807,0.00018,2.70285,93.0,653.12903,301.73902,811.0,865.0,901.0,769.0,0.0078,0.0121,0.00214,1.55105,0.4581,0.38,0.0,0.0,0.0,0.0,0.0,0.0,0.0,1,0.0,1.0,150,packet,150,Whatsapp
89,732.98876,313.27037,876.0,948.0,967.0,834.0,0.00648,0.01126,0.00122,1.73746,61.0,874.14754,282.61831,951.0,1031.0,1087.0,909.0,0.00784,0.02295,0.00012,2.92529,0.55024,0.59333,0.0,0.0,0.0,0.0,0.0,0.0,0.0,1,0.0,1.0,150,packet,150,Whatsapp
79,744.98734,326.77219,903.0,963.0,1028.0,861.0,0.00913,0.01305,0.00316,1.42985,71.0,835.09859,330.50491,975.0,1058.0,1071.0,933.0,0.00929,0.02371,0.00018,2.55106,0.49815,0.52667,0.0,0.0,0.0,0.0,0.0,0.0,0.0,1,0.0,1.0,150,packet,150,Whatsapp
64,867.07812,289.49948,991.5,1025.0,1081.0,949.5,0.01057,0.01825,0.00019,1.72642,86.0,684.03488,333.74173,843.0,893.0,1015.0,801.0,0.00781,0.01047,0.00371,1.34008,0.48542,0.42667,0.0,0.0,0.0,0.0,0.0,0.0,0.0,1,0.0,1.0,150,packet,150,Whatsapp
87,787.03448,323.30554,916.0,1002.0,1017.0,874.0,0.00768,0.01021,0.00363,1.32872,63.0,821.63492,336.49068,998.0,1023.0,1069.0,956.0,0.01012,0.01747,0.00019,1.72645,0.56948,0.58,0.0,0.0,0.0,0.0,0.0,0.0,0.0,1,0.0,1.0,150,packet,150,Whatsapp
64,861.67188,294.08104,997.5,1021.75,1059.0,955.5,0.01146,0.01924,0.00019,1.67827,86.0,710.25581,298.51973,820.0,899.0,1025.0,778.0,0.00832,0.01113,0.00368,1.3388,0.47447,0.42667,0.0,0.0,0.0,0.0,0.0,0.0,0.0,1,0.0,1.0,150,packet,150,Whatsapp
66,849.72727,268.11483,956.0,967.0,1039.0,914.0,0.01032,0.01802,0.0002,1.74722,84.0,701.79762,299.7085,845.0,901.0,1008.0,803.0,0.00818,0.01062,0.00385,1.29814,0.48753,0.44,0.0,0.0,0.0,0.0,0.0,0.0,0.0,1,0.0,1.0,150,packet,150,Whatsapp
89,786.80899,286.43527,891.0,973.0,1022.0,849.0,0.00721,0.01058,0.00349,1.46708,61.0,852.96721,313.53029,1002.0,1028.0,1084.0,960.0,0.01063,0.01802,0.00031,1.69621,0.57372,0.59333,0.0,0.0,0.0,0.0,0.0,0.0,0.0,1,0.0,1.0,150,packet,150,Whatsapp
83,731.72289,305.67927,868.0,951.0,995.0,826.0,0.00887,0.01111,0.004,1.2529,67.0,851.50746,300.28456,977.0,1032.0,1082.0,935.0,0.01077,0.01725,0.00031,1.60074,0.51563,0.55333,0.0,0.0,0.0,0.0,0.0,0.0,0.0,1,0.0,1.0,150,packet,150,Whatsapp
64,838.60938,297.3007,937.5,1030.0,1072.0,895.5,0.0106,0.0185,0.00028,1.7455,86.0,736.05814,305.87558,897.0,918.0,1013.0,855.0,0.00833,0.01108,0.00454,1.33103,0.45884,0.42667,0.0,0.0,0.0,0.0,0.0,0.0,0.0,1,0.0,1.0,150,packet,150,Whatsapp
89,773.93258,268.80843,871.0,916.0,1011.0,829.0,0.00757,0.01101,0.0033,1.45516,61.0,842.62295,296.99893,951.0,1031.0,1071.0,909.0,0.01088,0.01664,0.00028,1.52999,0.57266,0.59333,0.0,0.0,0.0,0.0,0.0,0.0,0.0,1,0.0,1.0,150,packet,150,Whatsapp
84,673.86905,335.14278,823.5,931.0,1012.0,781.5,0.00814,0.00988,0.00418,1.21391,66.0,870.24242,282.841,977.0,1049.0,1071.0,935.0,0.00995,0.01778,0.00024,1.78784,0.49636,0.56,0.0,0.0,0.0,0.0,0.0,0.0,0.0,1,0.0,1.0,150,packet,150,Whatsapp
64,853.95312,301.30769,961.0,1033.5,1065.0,919.0,0.01131,0.01928,0.00025,1.70481,86.0,736.94186,302.61816,868.0,927.0,1019.0,826.0,0.00843,0.01162,0.00479,1.37785,0.46304,0.42667,0.0,0.0,0.0,0.0,0.0,0.0,0.0,1,0.0,1.0,150,packet,150,Whatsapp
88,760.02273,293.54158,863.0,926.75,1013.0,821.0,0.00768,0.0123,0.00312,1.60261,62.0,826.80645,296.66897,923.0,994.0,1065.0,881.0,0.01046,0.01638,0.00031,1.56678,0.56611,0.58667,0.0,0.0,0.0,0.0,0.0,0.0,0.0,1,0.0,1.0,150,packet,150,Whatsapp
83,766.89157,300.36757,868.0,970.0,1019.0,826.0,0.00916,0.01097,0.00635,1.19732,67.0,857.32836,287.89034,956.0,1031.0,1062.0,914.0,0.01053,0.01865,0.00031,1.77153,0.52565,0.55333,0.0,0.0,0.0,0.0,0.0,0.0,0.0,1,0.0,1.0,150,packet,150,Whatsapp
43,857.5814,293.67339,985.0,995.0,1062.0,943.0,0.00974,0.01919,0.00021,1.97058,107.0,772.25234,290.50234,892.0,941.0,1028.0,850.0,0.00823,0.01144,0.00271,1.39007,0.30857,0.28667,0.0,0.0,0.0,0.0,0.0,0.0,0.0,1,0.0,1.0,150,packet,150,Whatsapp
67,720.95522,303.50123,839.0,922.0,1004.0,797.0,0.00744,0.01065,0.00276,1.43256,83.0,845.42169,311.6392,966.0,1043.0,1085.0,924.0,0.00521,0.02245,0.00019,4.30706,0.40772,0.44667,0.0,0.0,0.0,0.0,0.0,0.0,0.0,1,0.0,1.0,150,packet,150,Whatsapp
65,839.04615,292.37055,944.0,970.0,1084.0,902.0,0.00996,0.02878,0.00016,2.89102,85.0,719.18824,326.50403,888.0,936.0,1016.0,846.0,0.00859,0.01165,0.00372,1.35532,0.4715,0.43333,0.0,0.0,0.0,0.0,0.0,0.0,0.0,1,0.0,1.0,150,packet,150,Whatsapp
81,742.09877,322.93047,881.0,950.0,1012.0,839.0,0.00816,0.01042,0.00468,1.27629,69.0,851.0,303.65742,984.0,1042.0,1072.0,942.0,0.00893,0.02603,0.00013,2.91371,0.50585,0.54,0.0,0.0,0.0,0.0,0.0,0.0,0.0,1,0.0,1.0,150,packet,150,Whatsapp
88,753.63636,273.39695,870.0,919.0,1020.0,828.0,0.00732,0.01106,0.00212,1.51176,62.0,845.8871,304.44387,956.0,1044.0,1077.0,914.0,0.01011,0.02676,0.00017,2.64579,0.55841,0.58667,0.0,0.0,0.0,0.0,0.0,0.0,0.0,1,0.0,1.0,150,packet,150,Whatsapp
87,719.21839,303.79328,840.0,909.0,1018.0,798.0,0.00875,0.01173,0.00466,1.34071,63.0,807.69841,321.36004,980.0,1012.0,1022.0,938.0,0.01033,0.03165,0.00018,3.06431,0.5515,0.58,0.0,0.0,0.0,0.0,0.0,0.0,0.0,1,0.0,1.0,150,packet,150,Whatsapp
93,832.21505,237.35309,903.0,961.0,1025.0,861.0,0.0071,0.0112,0.0028,1.57793,57.0,843.17544,310.03068,981.0,1037.0,1057.0,939.0,0.00932,0.02262,0.00017,2.42811,0.61691,0.62,0.0,0.0,0.0,0.0,0.0,0.0,0.0,1,0.0,1.0,150,packet,150,Whatsapp
75,805.93333,226.45408,872.0,925.5,1013.0,830.0,0.00816,0.01172,0.00382,1.43719,75.0,861.06667,301.17452,986.0,1018.0,1084.0,944.0,0.00809,0.02393,0.00016,2.95815,0.48346,0.5,0.0,0.0,0.0,0.0,0.0,0.0,0.0,1,0.0,1.0,150,packet,150,Whatsapp
87,747.18391,260.39985,818.0,907.0,1021.0,776.0,0.00807,0.01212,0.00317,1.50191,63.0,814.95238,323.7585,962.0,1000.5,1084.0,920.0,0.01064,0.02856,0.00023,2.68536,0.55872,0.58,0.0,0.0,0.0,0.0,0.0,0.0,0.0,1,0.0,1.0,150,packet,150,Whatsapp
89,724.08989,301.22845,832.0,943.0,1026.0,790.0,0.00729,0.00955,0.0034,1.31046,61.0,866.90164,315.85371,991.0,1055.0,1084.0,949.0,0.01055,0.01879,0.00019,1.78074,0.54928,0.59333,0.0,0.0,0.0,0.0,0.0,0.0,0.0,1,0.0,1.0,150,packet,150,Whatsapp
92,732.11957,294.18446,849.0,941.25,999.0,807.0,0.00664,0.00969,0.00293,1.45945,58.0,814.77586,314.50098,959.0,995.75,1038.0,917.0,0.01024,0.01919,0.00018,1.87373,0.58768,0.61333,0.0,0.0,0.0,0.0,0.0,0.0,0.0,1,0.0,1.0,150,packet,150,Whatsapp
88,686.86364,339.14194,832.0,962.75,1010.0,790.0,0.00848,0.01139,0.0034,1.34317,62.0,896.98387,258.53274,969.0,1023.0,1078.0,927.0,0.01167,0.02001,0.00016,1.71402,0.52081,0.58667,0.0,0.0,0.0,0.0,0.0,0.0,0.0,1,0.0,1.0,150,packet,150,Whatsapp
85,704.05882,331.5326,874.0,934.0,1027.0,832.0,0.00777,0.01042,0.00435,1.34089,65.0,816.56923,301.63284,929.0,1003.0,1062.0,887.0,0.00987,0.01651,0.00017,1.67336,0.52997,0.56667,0.0,0.0,0.0,0.0,0.0,0.0,0.0,1,0.0,1.0,150,packet,150,Whatsapp
89,794.62921,245.89992,896.0,943.0,1017.0,854.0,0.00759,0.01106,0.00364,1.45674,61.0,858.34426,287.03903,948.0,1021.0,1085.0,906.0,0.01104,0.01797,0.00029,1.62704,0.5746,0.59333,0.0,0.0,0.0,0.0,0.0,0.0,0.0,1,0.0,1.0,150,packet,150,Whatsapp
67,844.92537,283.5379,975.0,1014.0,1069.0,933.0,0.01023,0.01723,0.00025,1.6842,83.0,719.28916,259.04014,786.0,893.0,996.0,744.0,0.00866,0.01164,0.00523,1.3442,0.48671,0.44667,0.0,0.0,0.0,0.0,0.0,0.0,0.0,1,0.0,1.0,150,packet,150,Whatsapp
87,755.62069,276.05273,866.0,918.0,1011.0,824.0,0.00799,0.01131,0.00417,1.41576,63.0,860.25397,300.39978,991.0,1015.0,1086.0,949.0,0.01106,0.01833,0.00023,1.65695,0.54812,0.58,0.0,0.0,0.0,0.0,0.0,0.0,0.0,1,0.0,1.0,150,packet,150,Whatsapp
65,847.33846,317.22161,971.0,1033.0,1086.0,929.0,0.01023,0.01801,0.00025,1.76062,85.0,804.23529,269.85729,879.0,974.0,1028.0,837.0,0.00737,0.01145,0.0022,1.55278,0.4462,0.43333,0.0,0.0,0.0,0.0,0.0,0.0,0.0,1,0.0,1.0,150,packet,150,Whatsapp
80,759.975,299.00635,883.0,946.25,1026.0,841.0,0.00995,0.01298,0.00509,1.30424,70.0,840.38571,306.07745,960.5,1020.0,1065.0,918.5,0.01058,0.01665,0.00029,1.57386,0.50824,0.53333,0.0,0.0,0.0,0.0,0.0,0.0,0.0,1,0.0,1.0,150,packet,150,Whatsapp
89,704.01124,288.84958,843.0,895.0,1014.0,801.0,0.00764,0.01018,0.00389,1.33164,61.0,853.78689,333.98621,994.0,1044.0,1083.0,952.0,0.01029,0.01719,0.00026,1.67046,0.54609,0.59333,0.0,0.0,0.0,0.0,0.0,0.0,0.0,1,0.0,1.0,150,packet,150,Whatsapp
94,731.32979,296.00925,876.0,930.0,1018.0,834.0,0.00704,0.00983,0.00326,1.3958,56.0,864.92857,288.34595,976.5,1029.25,1056.0,934.5,0.0105,0.01964,0.00028,1.87093,0.58666,0.62667,0.0,0.0,0.0,0.0,0.0,0.0,0.0,1,0.0,1.0,150,packet,150,Whatsapp
90,683.91111,292.63389,834.0,889.0,974.0,792.0,0.00754,0.00988,0.00342,1.30942,60.0,882.96667,300.99651,1021.0,1043.25,1083.0,979.0,0.011,0.02096,0.0003,1.90582,0.53743,0.6,0.0,0.0,0.0,0.0,0.0,0.0,0.0,1,0.0,1.0,150,packet,150,Whatsapp
92,743.70652,282.65294,854.0,896.5,1015.0,812.0,0.008,0.0123,0.00268,1.53718,58.0,954.68966,198.72553,990.0,1040.0,1084.0,948.0,0.01224,0.02467,0.00023,2.01612,0.5527,0.61333,0.0,0.0,0.0,0.0,0.0,0.0,0.0,1,0.0,1.0,150,packet,150,Whatsapp
117,755.34188,301.54594,904.0,956.0,1019.0,862.0,0.0074,0.01104,0.00124,1.49319,33.0,869.12121,275.57771,965.0,1027.0,1044.0,923.0,0.01125,0.01915,0.00026,1.7028,0.75498,0.78,0.0,0.0,0.0,0.0,0.0,0.0,0.0,1,0.0,1.0,150,packet,150,Whatsapp
62,708.80645,285.24646,816.0,891.25,1019.0,774.0,0.00736,0.01063,0.00317,1.44499,88.0,841.90909,303.3543,953.5,1026.5,1076.0,911.5,0.00418,0.01518,0.00013,3.63083,0.37232,0.41333,0.0,0.0,0.0,0.0,0.0,0.0,0.0,1,0.0,1.0,150,packet,150,Whatsapp
82,830.67073,248.57806,890.0,959.5,1023.0,848.0,0.00913,0.01327,0.00551,1.45338,68.0,850.07353,295.07075,952.0,1044.25,1076.0,910.0,0.0108,0.03043,0.00022,2.81752,0.54094,0.54667,0.0,0.0,0.0,0.0,0.0,0.0,0.0,1,0.0,1.0,150,packet,150,Whatsapp
83,831.79518,203.89601,859.0,958.0,1015.0,817.0,0.00828,0.01246,0.00436,1.50473,67.0,824.70149,314.25724,965.0,996.0,1067.0,923.0,0.0111,0.02816,0.00013,2.53618,0.55545,0.55333,0.0,0.0,0.0,0.0,0.0,0.0,0.0,1,0.0,1.0,150,packet,150,Whatsapp
68,857.17647,289.51618,939.0,1049.5,1086.0,897.0,0.01077,0.02619,0.00016,2.43134,82.0,795.81707,226.57923,838.0,943.0,1024.0,796.0,0.00882,0.01291,0.00237,1.46416,0.4718,0.45333,0.0,0.0,0.0,0.0,0.0,0.0,0.0,1,0.0,1.0,150,packet,150,Whatsapp
56,851.66071,309.64342,981.0,1042.75,1056.0,939.0,0.00997,0.03016,0.00013,3.02509,94.0,734.81915,318.96151,854.5,962.5,1001.0,812.5,0.00736,0.00908,0.00378,1.2338,0.40845,0.37333,0.0,0.0,0.0,0.0,0.0,0.0,0.0,1,0.0,1.0,150,packet,150,Whatsapp
85,799.65882,251.20596,855.0,970.0,1014.0,813.0,0.00852,0.0133,0.00216,1.56034,65.0,928.0,228.00756,1018.0,1037.0,1058.0,976.0,0.00996,0.03252,9e-05,3.26473,0.52982,0.56667,0.0,0.0,0.0,0.0,0.0,0.0,0.0,1,0.0,1.0,150,packet,150,Whatsapp
91,656.37363,297.28935,797.0,897.0,961.0,755.0,0.00801,0.01102,0.0035,1.3748,59.0,917.44068,223.18354,961.0,1022.0,1079.0,919.0,0.01184,0.03055,0.00017,2.58114,0.5246,0.60667,0.0,0.0,0.0,0.0,0.0,0.0,0.0,1,0.0,1.0,150,packet,150,Whatsapp
98,754.83673,280.50711,882.5,934.5,1023.0,840.5,0.00658,0.0089,0.00408,1.35157,52.0,978.51923,169.74568,1028.0,1063.5,1081.0,986.0,0.0117,0.03525,9e-05,3.0126,0.59247,0.65333,0.0,0.0,0.0,0.0,0.0,0.0,0.0,1,0.0,1.0,150,packet,150,Whatsapp
94,727.02128,279.91777,842.0,910.0,1009.0,800.0,0.0071,0.00967,0.00415,1.36306,56.0,886.375,289.80274,987.0,1001.0,1073.0,945.0,0.01178,0.02824,0.00015,2.39754,0.57927,0.62667,0.0,0.0,0.0,0.0,0.0,0.0,0.0,1,0.0,1.0,150,packet,150,Whatsapp
92,711.69565,323.22733,852.0,969.75,1027.0,810.0,0.00847,0.0108,0.00474,1.27452,58.0,950.84483,161.15304,968.5,1026.0,1082.0,926.5,0.01088,0.02309,0.00015,2.12215,0.54281,0.61333,0.0,0.0,0.0,0.0,0.0,0.0,0.0,1,0.0,1.0,150,packet,150,Whatsapp
96,720.08333,290.35771,868.0,922.0,985.0,826.0,0.00653,0.0091,0.00301,1.39378,54.0,945.62963,210.6608,995.5,1034.0,1077.0,953.5,0.01146,0.02414,0.00015,2.10532,0.57515,0.64,0.0,0.0,0.0,0.0,0.0,0.0,0.0,1,0.0,1.0,150,packet,150,Whatsapp
90,719.51111,301.96112,845.0,923.5,1026.0,803.0,0.007,0.00954,0.00325,1.36285,60.0,880.71667,296.81375,1002.0,1035.0,1086.0,960.0,0.01013,0.01835,0.00019,1.81181,0.55065,0.6,0.0,0.0,0.0,0.0,0.0,0.0,0.0,1,0.0,1.0,150,packet,150,Whatsapp
85,700.05882,314.49939,875.0,927.0,1013.0,833.0,0.00783,0.01054,0.00351,1.346,65.0,831.83077,280.795,942.0,984.0,1070.0,900.0,0.01045,0.01764,0.00022,1.6883,0.52393,0.56667,0.0,0.0,0.0,0.0,0.0,0.0,0.0,1,0.0,1.0,150,packet,150,Whatsapp
57,836.33333,315.26081,969.0,1053.0,1074.0,927.0,0.01069,0.01608,0.00029,1.50374,93.0,758.35484,296.52818,849.0,959.0,1027.0,807.0,0.00681,0.01026,0.00358,1.5067,0.40331,0.38,0.0,0.0,0.0,0.0,0.0,0.0,0.0,1,0.0,1.0,150,packet,150,Whatsapp
71,890.56338,293.33285,1004.0,1069.5,1085.0,962.0,0.01034,0.01689,0.00025,1.63345,79.0,814.1519,230.45146,869.0,942.5,1022.0,827.0,0.00889,0.01397,0.00343,1.57093,0.49573,0.47333,0.0,0.0,0.0,0.0,0.0,0.0,0.0,1,0.0,1.0,150,packet,150,Whatsapp
86,802.19767,229.31505,834.0,964.0,998.0,792.0,0.00847,0.01198,0.0041,1.41428,64.0,823.40625,304.91478,926.0,1011.0,1084.0,884.0,0.01046,0.01839,0.00028,1.75767,0.56694,0.57333,0.0,0.0,0.0,0.0,0.0,0.0,0.0,1,0.0,1.0,150,packet,150,Whatsapp
61,843.06557,307.33796,988.0,1036.0,1070.0,946.0,0.00998,0.01842,0.00026,1.84568,89.0,758.94382,234.49733,841.0,902.0,947.0,799.0,0.00648,0.00888,0.00389,1.37084,0.43226,0.40667,0.0,0.0,0.0,0.0,0.0,0.0,0.0,1,0.0,1.0,150,packet,150,Whatsapp
88,732.59091,289.70819,864.0,929.25,987.0,822.0,0.00765,0.01035,0.00325,1.3523,62.0,853.22581,310.11847,950.0,1024.0,1086.0,908.0,0.0099,0.0166,0.00025,1.67705,0.54928,0.58667,0.0,0.0,0.0,0.0,0.0,0.0,0.0,1,0.0,1.0,150,packet,150,Whatsapp
93,699.17204,313.27512,837.0,928.0,1005.0,795.0,0.00787,0.01073,0.00281,1.36441,57.0,880.50877,275.357,974.0,998.0,1061.0,932.0,0.01078,0.02012,0.00023,1.86723,0.56438,0.62,0.0,0.0,0.0,0.0,0.0,0.0,0.0,1,0.0,1.0,150,packet,150,Whatsapp
93,715.34409,304.47139,855.0,936.0,1024.0,813.0,0.00726,0.01104,0.00282,1.52009,57.0,943.15789,197.39041,992.0,1028.0,1063.0,950.0,0.01174,0.02295,0.00028,1.95466,0.55307,0.62,0.0,0.0,0.0,0.0,0.0,0.0,0.0,1,0.0,1.0,150,packet,150,Whatsapp
91,693.40659,298.55586,804.0,911.0,999.0,762.0,0.00711,0.01038,0.00209,1.45997,59.0,852.35593,278.09447,961.0,967.0,1072.0,919.0,0.01026,0.01638,0.0003,1.59637,0.55649,0.60667,0.0,0.0,0.0,0.0,0.0,0.0,0.0,1,0.0,1.0,150,packet,150,Whatsapp
62,824.30645,330.89179,976.0,1017.75,1047.0,934.0,0.01279,0.06673,0.00018,5.21873,88.0,741.35227,312.21507,863.5,969.0,1016.0,821.5,0.00876,0.01118,0.00567,1.27595,0.43927,0.41333,0.0,0.0,0.0,0.0,0.0,0.0,0.0,1,0.0,1.0,150,packet,150,Whatsapp
57,890.19298,309.11415,1032.0,1065.0,1076.0,990.0,0.00905,0.02231,0.00018,2.46557,93.0,732.56989,277.70524,835.0,922.0,978.0,793.0,0.00691,0.01064,0.00237,1.53867,0.42686,0.38,0.0,0.0,0.0,0.0,0.0,0.0,0.0,1,0.0,1.0,150,packet,150,Whatsapp
83,754.15663,328.44275,920.0,952.0,1025.0,878.0,0.00721,0.01065,0.00319,1.47804,67.0,847.55224,299.48599,988.0,1016.0,1060.0,946.0,0.0092,0.02645,0.00018,2.8749,0.52433,0.55333,0.0,0.0,0.0,0.0,0.0,0.0,0.0,1,0.0,1.0,150,packet,150,Whatsapp
82,742.73171,300.42921,841.0,943.0,1024.0,799.0,0.00861,0.01209,0.00422,1.40379,68.0,848.85294,323.6536,1009.5,1046.0,1064.0,967.5,0.01031,0.02928,0.00019,2.83945,0.51341,0.54667,0.0,0.0,0.0,0.0,0.0,0.0,0.0,1,0.0,1.0,150,packet,150,Whatsapp
88,755.22727,283.57061,872.5,941.0,1005.0,830.5,0.0077,0.01138,0.00233,1.47861,62.0,849.09677,314.87712,1011.0,1023.0,1046.0,969.0,0.01058,0.02868,0.00018,2.71102,0.558,0.58667,0.0,0.0,0.0,0.0,0.0,0.0,0.0,1,0.0,1.0,150,packet,150,Whatsapp
83,805.83133,209.12444,857.0,914.0,1015.0,815.0,0.00821,0.01296,0.00208,1.57956,67.0,851.22388,314.68619,970.0,1046.0,1084.0,928.0,0.0083,0.0204,0.00018,2.4595,0.53975,0.55333,0.0,0.0,0.0,0.0,0.0,0.0,0.0,1,0.0,1.0,150,packet,150,Whatsapp
92,708.30435,299.55597,802.5,937.5,1000.0,760.5,0.00807,0.00993,0.0046,1.23112,58.0,835.7931,313.75291,986.0,1032.0,1058.0,944.0,0.01057,0.03018,0.00016,2.85448,0.57342,0.61333,0.0,0.0,0.0,0.0,0.0,0.0,0.0,1,0.0,1.0,150,packet,150,Whatsapp
89,857.25843,210.24718,925.0,955.0,1023.0,883.0,0.00758,0.01215,0.00135,1.60245,61.0,827.09836,325.61678,949.0,998.0,1072.0,907.0,0.00966,0.03008,0.00014,3.1147,0.60195,0.59333,0.0,0.0,0.0,0.0,0.0,0.0,0.0,1,0.0,1.0,150,packet,150,Whatsapp
64,834.32812,331.70389,931.0,1039.0,1077.0,889.0,0.00932,0.02564,0.00015,2.752,86.0,770.84884,285.06415,878.0,971.75,1011.0,836.0,0.0067,0.00923,0.0033,1.37867,0.44613,0.42667,0.0,0.0,0.0,0.0,0.0,0.0,0.0,1,0.0,1.0,150,packet,150,Whatsapp
55,901.32727,297.08922,1014.0,1060.0,1083.0,972.0,0.01118,0.0214,0.00022,1.91498,95.0,715.33684,300.73117,840.0,889.0,1014.0,798.0,0.00642,0.00897,0.00241,1.39775,0.42179,0.36667,0.0,0.0,0.0,0.0,0.0,0.0,0.0,1,0.0,1.0,150,packet,150,Whatsapp
97,761.49485,286.97096,888.0,959.0,1027.0,846.0,0.00644,0.00904,0.00325,1.40454,53.0,887.11321,260.26899,1004.0,1011.0,1069.0,962.0,0.01166,0.02248,0.00018,1.92762,0.61105,0.64667,0.0,0.0,0.0,0.0,0.0,0.0,0.0,1,0.0,1.0,150,packet,150,Whatsapp
50,953.58,210.18526,1006.5,1035.0,1084.0,964.5,0.01247,0.02433,0.00018,1.95072,100.0,742.68,286.92528,876.0,947.0,1017.0,834.0,0.00608,0.00811,0.00322,1.33431,0.39098,0.33333,0.0,0.0,0.0,0.0,0.0,0.0,0.0,1,0.0,1.0,150,packet,150,Whatsapp
49,956.0,175.86718,991.0,1003.0,1036.0,949.0,0.01219,0.02326,0.00015,1.90768,101.0,746.56436,282.19207,876.0,926.0,1018.0,834.0,0.00612,0.00758,0.00263,1.23895,0.38319,0.32667,0.0,0.0,0.0,0.0,0.0,0.0,0.0,1,0.0,1.0,150,packet,150,Whatsapp
54,927.2963,202.26941,935.0,1054.0,1077.0,893.0,0.01124,0.02396,0.00014,2.13219,96.0,734.6875,283.44313,861.0,923.75,1001.0,819.0,0.00631,0.01329,0.00158,2.10706,0.41519,0.36,0.0,0.0,0.0,0.0,0.0,0.0,0.0,1,0.0,1.0,150,packet,150,Whatsapp
101,765.81188,297.64896,890.0,982.0,1008.0,848.0,0.00588,0.00805,0.00335,1.36934,49.0,902.55102,239.84434,952.0,1016.0,1071.0,910.0,0.01129,0.02167,0.00021,1.91896,0.63622,0.67333,0.0,0.0,0.0,0.0,0.0,0.0,0.0,1,0.0,1.0,150,packet,150,Whatsapp
55,861.83636,315.80073,1006.0,1032.0,1070.0,964.0,0.01119,0.01824,0.00035,1.62967,95.0,751.94737,290.6543,890.0,924.0,1025.0,848.0,0.00635,0.00908,0.00374,1.42966,0.39888,0.36667,0.0,0.0,0.0,0.0,0.0,0.0,0.0,1,0.0,1.0,150,packet,150,Whatsapp
91,795.05495,244.68191,896.0,924.0,1026.0,854.0,0.00675,0.01128,0.00248,1.67238,59.0,810.74576,324.21512,982.0,1008.0,1075.0,940.0,0.01023,0.01665,0.00026,1.62831,0.60199,0.60667,0.0,0.0,0.0,0.0,0.0,0.0,0.0,1,0.0,1.0,150,packet,150,Whatsapp
55,838.89091,309.10402,982.0,1029.5,1072.0,940.0,0.01113,0.01913,0.00022,1.71968,95.0,770.17895,288.75796,875.0,962.0,1025.0,833.0,0.00632,0.00864,0.00314,1.36625,0.38673,0.36667,0.0,0.0,0.0,0.0,0.0,0.0,0.0,1,0.0,1.0,150,packet,150,Whatsapp
61,852.60656,267.00128,946.0,997.0,1050.0,904.0,0.01002,0.01797,0.00022,1.79323,89.0,788.33708,279.03992,886.0,966.0,1012.0,844.0,0.00741,0.0099,0.00458,1.33545,0.42571,0.40667,0.0,0.0,0.0,0.0,0.0,0.0,0.0,1,0.0,1.0,150,packet,150,Whatsapp
65,807.56923,316.99881,951.0,1001.0,1020.0,909.0,0.00939,0.01675,0.00022,1.78443,85.0,787.58824,260.48865,900.0,941.0,1006.0,858.0,0.00682,0.00997,0.0037,1.46221,0.4395,0.43333,0.0,0.0,0.0,0.0,0.0,0.0,0.0,1,0.0,1.0,150,packet,150,Whatsapp
60,812.98333,300.67804,927.0,966.5,1061.0,885.0,0.01015,0.01805,0.00024,1.77881,90.0,790.25556,242.48329,872.0,928.0,1026.0,830.0,0.00673,0.0095,0.00336,1.41196,0.40682,0.4,0.0,0.0,0.0,0.0,0.0,0.0,0.0,1,0.0,1.0,150,packet,150,Whatsapp
93,813.96774,253.34406,906.0,953.0,1014.0,864.0,0.00722,0.0104,0.00271,1.44009,57.0,831.77193,284.99258,934.0,1005.0,1034.0,892.0,0.01059,0.01782,0.00021,1.68271,0.61489,0.62,0.0,0.0,0.0,0.0,0.0,0.0,0.0,1,0.0,1.0,150,packet,150,Whatsapp
93,724.53763,292.31212,844.0,910.0,1023.0,802.0,0.00627,0.00908,0.00325,1.44899,57.0,800.29825,307.93523,932.0,954.0,1069.0,890.0,0.01028,0.01639,0.00035,1.59487,0.59631,0.62,0.0,0.0,0.0,0.0,0.0,0.0,0.0,1,0.0,1.0,150,packet,150,Whatsapp
98,756.92857,285.59616,905.0,964.0,1028.0,863.0,0.00632,0.00847,0.00218,1.34142,52.0,883.42308,265.66327,937.0,981.5,1083.0,895.0,0.00768,0.02267,0.00016,2.94968,0.61756,0.65333,0.0,0.0,0.0,0.0,0.0,0.0,0.0,1,0.0,1.0,150,packet,150,Whatsapp
94,763.04255,303.78022,873.0,1025.5,1027.0,831.0,0.00551,0.00804,0.00214,1.45788,56.0,866.03571,309.60262,969.0,1031.0,1081.0,927.0,0.00791,0.02209,0.00012,2.79134,0.5966,0.62667,0.0,0.0,0.0,0.0,0.0,0.0,0.0,1,0.0,1.0,150,packet,150,Whatsapp
55,877.8,248.59521,931.0,995.0,1079.0,889.0,0.01281,0.08351,0.00017,6.52066,95.0,723.23158,296.32931,817.0,961.0,1027.0,775.0,0.00711,0.01122,0.0,1.57882,0.41269,0.36667,0.0,0.0,0.0,0.0,0.0,0.0,0.0,1,0.0,1.0,150,packet,150,Whatsapp
55,839.12727,307.28601,944.0,1009.0,1070.0,902.0,0.01077,0.02063,0.00018,1.91577,95.0,727.95789,289.51953,870.0,919.0,1020.0,828.0,0.00598,0.00969,0.00097,1.62132,0.40025,0.36667,0.0,0.0,0.0,0.0,0.0,0.0,0.0,1,0.0,1.0,150,packet,150,Whatsapp
106,790.53774,290.92773,919.0,979.0,1011.0,877.0,0.00547,0.0077,0.00317,1.40669,44.0,920.45455,253.02735,988.0,997.0,1075.0,946.0,0.01237,0.02431,0.00018,1.96482,0.67417,0.70667,0.0,0.0,0.0,0.0,0.0,0.0,0.0,1,0.0,1.0,150,packet,150,Whatsapp
88,708.65909,331.16547,870.0,954.0,1026.0,828.0,0.00756,0.00944,0.00368,1.2488,62.0,850.24194,296.91656,955.0,1003.0,1067.0,913.0,0.00995,0.01948,0.00022,1.95804,0.54192,0.58667,0.0,0.0,0.0,0.0,0.0,0.0,0.0,1,0.0,1.0,150,packet,150,Whatsapp
91,784.38462,266.01965,899.0,932.0,1016.0,857.0,0.0068,0.00929,0.00353,1.36722,59.0,864.72881,301.4853,951.0,1052.0,1070.0,909.0,0.0102,0.01935,0.00026,1.896,0.58317,0.60667,0.0,0.0,0.0,0.0,0.0,0.0,0.0,1,0.0,1.0,150,packet,150,Whatsapp
100,737.32,294.44337,844.0,970.5,1021.0,802.0,0.00664,0.00967,0.00328,1.45708,50.0,915.5,217.88816,966.0,1022.0,1043.0,924.0,0.01181,0.02346,0.00017,1.98565,0.61697,0.66667,0.0,0.0,0.0,0.0,0.0,0.0,0.0,1,0.0,1.0,150,packet,150,Whatsapp
99,737.22222,278.92892,828.0,943.0,998.0,786.0,0.00614,0.00896,0.00313,1.45967,51.0,948.2549,205.6619,974.0,1053.5,1064.0,932.0,0.01197,0.02318,0.00018,1.93675,0.60146,0.66,0.0,0.0,0.0,0.0,0.0,0.0,0.0,1,0.0,1.0,150,packet,150,Whatsapp
51,894.7451,269.40427,970.0,1020.5,1050.0,928.0,0.01194,0.02297,0.00017,1.92311,99.0,747.49495,317.93861,904.0,972.0,1021.0,862.0,0.00648,0.00897,0.00285,1.38393,0.38143,0.34,0.0,0.0,0.0,0.0,0.0,0.0,0.0,1,0.0,1.0,150,packet,150,Whatsapp
37,750.21622,291.92364,855.0,991.0,1009.0,813.0,0.00636,0.00765,0.00419,1.20243,23.0,932.13043,162.37887,942.0,980.0,1014.0,900.0,0.00932,0.02128,0.00018,2.28257,0.56422,0.61667,0.0,0.0,0.0,0.0,0.0,0.0,0.0,1,0.0,1.0,60,packet,150,Whatsapp
42,434.95238,12.02567,434.0,446.0,446.0,392.0,13.49685,32.96186,0.00054,2.44219,42.0,110.0,0.0,110.0,110.0,110.0,68.0,13.49687,32.96209,0.00126,2.4422,0.79815,0.5,0.0,0.0,0.0,0.0,0.0,0.0,0.0,15,39.49831,1.0,84,packet,150,Whatsapp
42,434.95238,12.02567,434.0,446.0,446.0,392.0,13.49683,32.9619,0.0003,2.4422,42.0,114.0,0.0,114.0,114.0,114.0,68.0,13.49676,32.96323,0.0,2.44231,0.79233,0.5,0.0,0.0,0.0,0.0,0.0,0.0,0.0,15,39.4881,1.0,84,packet,150,Whatsapp
42,434.95238,12.02567,434.0,446.0,446.0,392.0,13.49682,32.96191,0.0002,2.4422,42.0,114.0,0.0,114.0,114.0,114.0,68.0,13.49646,32.96269,0.00139,2.44232,0.79233,0.5,0.0,0.0,0.0,0.0,0.0,0.0,0.0,15,39.48435,1.0,84,packet,150,Whatsapp
30,86.6,112.42437,54.0,54.0,508.0,0.0,2.19689,11.59899,0.0012,5.27974,27.0,3325.14815,2803.58159,2838.0,5622.0,9798.0,2784.0,2.45003,12.22953,0.001,4.99159,0.02812,0.52632,0.03509,0.98246,0.03509,0.0,0.40351,0.0,0.45614,2,63.57294,0.0,57,packet,150,Whatsapp
12,504.33333,286.09623,704.0,704.0,706.0,650.0,6.49214,20.08012,0.12922,3.09299,20.0,221.75,228.60487,54.0,533.0,534.0,0.0,7.31699,21.09211,0.02227,2.88262,0.5771,0.375,0.0,1.0,0.0625,0.03125,0.53125,0.0,0.375,8,19.82689,0.0,32,packet,150,Whatsapp
