pkt_len_max,pkt_len_std,pkt_len_p50,pkt_len_p75,payload_median,iat_std,iat_p75_minus_p50,iat_p95_minus_p50,iat_cov_std_mean,iat_median,granularity,label
45314,8740.58962,509.0,8084.0,455.0,0.00801,0.00258,0.01383,2.53625,0.0003,50,Netflix
58454,14782.80515,848.5,13194.0,794.5,0.00687,0.00298,0.01608,1.81988,0.00059,50,Netflix
43854,13059.30262,510.0,15749.0,456.0,0.05604,0.00459,0.1157,3.0984,0.0004,50,Netflix
1494,199.47695,71.0,71.0,29.0,1.0823,0.17443,2.30815,2.46376,0.03927,50,Netflix
29254,6401.6723,546.0,1145.0,492.0,3.27625,0.01348,0.58215,5.11121,0.00078,50,Netflix
39474,9911.84097,1514.0,14654.0,1460.0,0.0017,0.00164,0.00454,1.42072,0.00024,50,Netflix
64294,24448.54464,6624.0,45314.0,6570.0,0.00578,0.00614,0.01403,1.36476,0.00064,50,Netflix
64294,15115.66565,834.0,17574.0,780.0,0.07422,0.0036,0.14085,3.20038,0.00031,50,Netflix
58454,11315.45282,1514.0,1514.0,1460.0,0.29412,0.00018,0.15465,5.35935,4e-05,50,Netflix
39474,9583.36173,832.5,13194.0,778.5,1.25277,0.00253,0.03528,6.4453,0.00038,50,Netflix
43854,12425.97384,217.5,21954.0,163.5,0.01305,0.00131,0.03658,2.73892,0.00036,50,Netflix
29254,8345.07188,784.0,14654.0,730.0,0.00108,0.00069,0.00332,1.3538,0.00027,50,Netflix
1494,199.38647,71.0,71.0,29.0,1.02527,0.17175,2.8428,2.35653,0.04135,50,Netflix
40934,7619.07149,1514.0,6989.0,1460.0,0.67026,0.00707,0.5651,3.65367,0.00075,50,Netflix
36554,8657.17096,844.5,8814.0,790.5,1.44845,0.00085,0.00605,6.88393,0.00037,50,Netflix
19034,6376.10601,784.0,8814.0,730.0,0.00086,0.00093,0.0021,1.1633,0.00017,50,Netflix
24874,5846.12878,1514.0,8449.0,1460.0,0.00071,0.00077,0.0021,1.07801,0.00018,50,Netflix
20494,5715.74617,2974.0,10274.0,2920.0,0.00093,0.00095,0.0024,1.14151,0.0002,50,Netflix
16114,4971.20888,1514.0,10274.0,1460.0,0.0006,0.00079,0.00147,0.98072,0.00019,50,Netflix
19034,5054.55289,1514.0,10274.0,1460.0,0.00063,0.00079,0.00126,0.97745,0.0003,50,Netflix
64294,15858.47672,2244.0,14654.0,2190.0,0.0022,0.00154,0.00596,1.509,0.00029,50,Netflix
64294,18759.97172,3704.0,24874.0,3650.0,0.01068,0.0029,0.00957,3.06636,0.00037,50,Netflix
58454,13858.58487,497.5,21224.0,443.5,0.00486,0.00152,0.01172,2.06406,0.00034,50,Netflix
58454,14449.39087,671.0,16114.0,617.0,0.00425,0.00119,0.01406,1.95482,0.00026,50,Netflix
64294,20493.59282,846.5,22684.0,792.5,0.05836,0.00472,0.01935,4.68436,0.00031,50,Netflix
64294,23412.32031,609.5,24874.0,555.5,0.00522,0.00172,0.01427,1.81992,0.00028,50,Netflix
64294,18051.17118,677.0,24509.0,623.0,0.03703,0.00217,0.01914,4.46103,0.00037,50,Netflix
64294,22490.90709,306.0,30714.0,246.0,0.02286,0.00188,0.02117,3.48246,0.00043,50,Netflix
64294,20303.40771,427.0,25969.0,373.0,0.02003,0.00551,0.0545,2.2076,0.00041,50,Netflix
58454,14803.23898,208.0,13924.0,154.0,0.02783,0.0043,0.06564,2.35548,0.00096,50,Netflix
56994,16565.22331,1169.0,24509.0,1115.0,0.00308,0.00193,0.00645,1.54071,0.00046,50,Netflix
64294,14315.26836,1514.0,12099.0,1460.0,0.0019,0.00096,0.00284,1.88547,0.00019,50,Netflix
40934,11852.0538,848.5,16114.0,794.5,0.00299,0.00126,0.00855,1.88509,0.00029,50,Netflix
64294,15997.78753,354.0,23414.0,300.0,0.00361,0.00122,0.01087,1.89117,0.00027,50,Netflix
52614,14213.36348,682.5,23414.0,628.5,0.00248,0.00202,0.00573,1.70743,0.00032,50,Netflix
59914,15678.52391,1514.0,23414.0,1460.0,0.00162,0.00174,0.00421,1.32224,0.0002,50,Netflix
52614,15339.75691,846.0,16114.0,792.0,0.04058,0.0021,0.06953,3.01208,0.00059,50,Netflix
58454,18357.55057,850.0,24509.0,796.0,0.00314,0.00218,0.00833,1.76575,0.00022,50,Netflix
64294,17709.64955,784.0,27429.0,730.0,0.00411,0.00116,0.00341,2.71367,0.00017,50,Netflix
64294,17076.02522,1200.5,18669.0,1146.5,0.0017,0.0009,0.00258,1.88392,0.00016,50,Netflix
52614,13632.80858,845.0,8084.0,791.0,0.62411,0.01302,0.79085,3.73409,0.00095,50,Netflix
1494,199.44142,71.0,71.0,29.0,1.13044,0.16799,2.76797,2.56528,0.03849,50,Netflix
11306,2490.61674,58.0,1518.0,0.0,6.73642,0.01516,6.71205,4.11864,0.00031,50,Netflix
38014,10108.48798,551.0,14654.0,497.0,0.1873,0.00269,0.04882,4.40123,0.00046,50,Netflix
55534,14679.57711,208.0,9179.0,154.0,0.32306,0.00203,0.0587,4.77217,0.00039,50,Netflix
23414,7084.29552,2244.0,11734.0,2190.0,0.00061,0.00081,0.00155,0.94374,0.00024,50,Netflix
58454,15257.95775,849.5,24874.0,795.5,0.00511,0.00125,0.01608,1.94421,0.00022,50,Netflix
64294,19216.5975,682.0,17939.0,628.0,0.00419,0.00204,0.0127,1.79205,0.00029,50,Netflix
64294,17661.3285,892.5,24874.0,838.5,0.00281,0.00248,0.00727,1.45293,0.00038,50,Netflix
64294,14770.38064,1514.0,24509.0,1460.0,0.00213,0.00114,0.00359,1.6507,0.00053,50,Netflix
64294,17295.01681,1514.0,20129.0,1460.0,0.0096,0.00243,0.02852,2.35715,0.00025,50,Netflix
58454,18115.87291,463.5,12464.0,409.5,0.02394,0.01188,0.07327,1.84583,0.00084,50,Netflix
58454,18693.93386,463.5,14289.0,409.5,0.02392,0.0133,0.07225,1.8298,0.00074,50,Netflix
64294,22244.89599,1333.5,39474.0,1279.5,0.01715,0.00583,0.04194,2.1029,0.00051,50,Netflix
56994,18038.65936,1145.5,18304.0,1091.5,0.01838,0.00155,0.04046,2.19666,0.00042,50,Netflix
64294,21021.13201,2244.0,27429.0,2190.0,0.01857,0.00354,0.04186,2.06366,0.00084,50,Netflix
42394,7708.89388,831.0,1153.0,777.0,0.55951,0.06416,1.30537,2.85327,0.00086,50,Netflix
55534,14039.128,2244.0,16114.0,2190.0,0.01408,0.00068,0.01372,3.47065,0.00038,50,Netflix
29254,7910.12856,1514.0,8814.0,1460.0,0.00062,0.00062,0.00148,0.92263,0.00041,50,Netflix
16114,3832.32619,1514.0,7354.0,1460.0,0.00115,0.00128,0.00305,1.20278,0.00023,50,Netflix
55534,13636.77516,784.0,13924.0,730.0,0.00349,0.00478,0.00808,1.36135,0.00032,50,Netflix
45314,10251.66181,620.5,13194.0,566.5,0.00612,0.00169,0.01426,2.15155,0.0003,50,Netflix
14654,5231.61008,784.0,6989.0,730.0,0.00081,0.00073,0.0018,1.07902,0.00031,50,Netflix
46774,9894.21158,641.5,13194.0,587.5,0.0024,0.00168,0.0057,1.6319,0.00026,50,Netflix
38014,9943.11364,1160.0,17209.0,1106.0,0.00244,0.00215,0.00525,1.44435,0.00051,50,Netflix
32174,9168.55448,648.5,12829.0,594.5,0.00428,0.00146,0.00784,1.9402,0.00076,50,Netflix
29254,10282.38105,784.0,11369.0,730.0,0.00286,0.00179,0.00355,1.87335,0.00031,50,Netflix
43854,11827.23293,1128.5,12829.0,1074.5,0.00231,0.00112,0.00446,1.85896,0.00021,50,Netflix
29254,9308.57347,1514.0,17574.0,1460.0,0.00089,0.00092,0.00261,1.12611,0.00019,50,Netflix
58454,12930.09566,864.0,16114.0,810.0,0.00228,0.00109,0.00421,1.80031,0.00026,50,Netflix
64294,20755.06217,845.0,19034.0,791.0,0.01172,0.001,0.02075,2.90771,0.00031,50,Netflix
48234,13348.912,2490.5,20129.0,2436.5,0.0069,0.00149,0.01452,2.63053,0.00031,50,Netflix
64294,16839.61716,1159.0,21224.0,1105.0,0.01379,0.00454,0.03629,1.8885,0.00076,50,Netflix
64294,20941.80534,12464.0,35094.0,12410.0,0.0073,0.00247,0.01988,1.9247,0.00034,50,Netflix
58454,16218.94489,1030.0,20494.0,976.0,0.00711,0.00238,0.01488,2.388,0.00032,50,Netflix
42394,9523.917,834.5,11734.0,780.5,0.06317,0.00259,0.01857,4.90998,0.00039,50,Netflix
21954,6416.62941,2244.0,10274.0,2190.0,0.00104,0.0015,0.00257,1.07018,0.00038,50,Netflix
23414,6282.34454,2244.0,9909.0,2190.0,0.00127,0.00171,0.00374,1.18357,0.00026,50,Netflix
58454,13579.97626,1333.5,11369.0,1279.5,0.01242,0.00086,0.03307,2.48367,0.0004,50,Netflix
30714,8292.8,784.0,11734.0,730.0,0.00201,0.00172,0.00524,1.23254,0.00047,50,Netflix
30714,8633.77391,784.0,13924.0,730.0,0.00195,0.00126,0.00521,1.51606,0.00034,50,Netflix
40934,11114.66078,832.5,16114.0,778.5,0.02313,0.00207,0.03351,3.02874,0.00049,50,Netflix
19034,6271.20563,1514.0,11369.0,1460.0,0.00086,0.00097,0.00233,1.03153,0.00028,50,Netflix
14654,5725.65764,1514.0,7354.0,1460.0,0.00076,0.00073,0.00188,1.00965,0.00039,50,Netflix
11734,4446.55698,1514.0,7354.0,1460.0,0.00061,0.00066,0.00161,1.00068,0.00027,50,Netflix
21954,6899.85558,784.0,10274.0,730.0,0.00098,0.00097,0.00295,1.16006,0.00018,50,Netflix
40934,10722.56444,1514.0,16479.0,1460.0,0.00182,0.00092,0.00522,1.51994,0.00041,50,Netflix
42394,11331.85751,784.0,19034.0,730.0,0.01078,0.00182,0.00738,3.09447,0.0003,50,Netflix
64294,18710.79859,2974.0,17574.0,2920.0,0.01497,0.00184,0.04201,2.21964,0.00048,50,Netflix
64294,18262.65038,1514.0,19034.0,1460.0,0.01901,0.00318,0.04581,1.90214,0.00075,50,Netflix
64294,19353.01325,4434.0,30714.0,4380.0,0.01618,0.00362,0.03574,1.89326,0.00063,50,Netflix
58454,15565.16824,682.0,18669.0,628.0,0.01056,0.00117,0.03545,2.24845,0.00034,50,Netflix
64294,19337.15623,1328.0,29619.0,1274.0,0.01671,0.00228,0.04101,2.04936,0.00093,50,Netflix
64294,16395.23618,2442.0,25604.0,2388.0,0.00687,0.00102,0.01026,2.81907,0.00021,50,Netflix
43854,11086.6213,5164.0,16114.0,5110.0,0.00468,0.00076,0.00251,2.9058,0.00027,50,Netflix
23414,7302.39401,2244.0,11734.0,2190.0,0.00072,0.00069,0.00205,1.21144,0.00017,50,Netflix
33634,12886.00135,981.5,25969.0,927.5,0.01132,0.00198,0.01386,3.23934,0.00029,50,Netflix
36554,11327.6789,1049.0,20494.0,995.0,0.00533,0.00084,0.00382,3.2435,0.00021,50,Netflix
43854,14116.29792,1159.0,27794.0,1105.0,0.00461,0.00197,0.01352,2.0203,0.00034,50,Netflix
36554,12970.40884,1224.5,25604.0,1170.5,0.00452,0.00078,0.0077,2.61157,0.00032,50,Netflix
64294,21240.84041,1333.5,27794.0,1279.5,0.0045,0.00176,0.01234,1.93957,0.0004,50,Netflix
64294,18857.3714,2490.5,27794.0,2436.5,0.0063,0.00215,0.01094,2.52142,0.00029,50,Netflix
64294,18270.5219,5164.0,28889.0,5110.0,0.01823,0.00175,0.01729,3.36746,0.00038,50,Netflix
49694,14773.60794,1514.0,14289.0,1460.0,0.12741,0.00281,0.29571,2.81181,0.00104,50,Netflix
64294,17667.70573,92.0,16844.0,32.0,0.02566,0.00248,0.07008,2.63177,0.00032,50,Netflix
64294,21357.72985,208.0,27064.0,154.0,0.14672,0.01252,0.17553,3.48802,0.00045,50,Netflix
33634,10926.45896,1514.0,14654.0,1460.0,0.00125,0.00089,0.00255,1.25987,0.0005,50,Netflix
42394,11699.3925,1030.0,14289.0,976.0,0.00116,0.00104,0.00317,1.18349,0.0003,50,Netflix
64294,24090.78856,1155.0,8449.0,1101.0,0.08941,0.01529,0.26465,2.0202,0.00039,50,Netflix
43854,12069.55733,339.5,14654.0,285.5,0.13231,0.00326,0.01949,5.45453,0.00041,50,Netflix
58454,15027.54793,1514.0,18304.0,1460.0,0.00273,0.00257,0.00535,1.8802,0.00019,50,Netflix
64294,19445.11731,2974.0,27429.0,2920.0,0.01149,0.00341,0.02243,2.50833,0.00038,50,Netflix
64294,23957.01191,54.0,27429.0,0.0,0.0055,0.00132,0.01526,1.77036,0.00033,50,Netflix
42394,6681.61808,1514.0,1514.0,1460.0,0.00357,0.00024,0.00882,2.94009,0.0,50,Netflix
39474,11518.51433,54.0,11004.0,0.0,0.12645,0.00064,0.01435,5.51558,0.00018,50,Netflix
58454,12615.48144,1514.0,1514.0,1460.0,0.00166,0.00019,0.0041,2.14141,9e-05,50,Netflix
64294,17828.58629,1004.0,5804.25,950.0,1.021,0.04586,0.41559,4.89687,0.00144,50,Netflix
62834,14353.10693,1333.0,9179.0,1279.0,0.01473,0.00102,0.02187,3.03509,0.00025,50,Netflix
40934,11986.13904,1514.0,1514.0,1460.0,0.00368,0.00029,0.00497,3.07845,0.0,50,Netflix
64294,15853.07459,747.5,16844.0,693.5,0.38859,0.00396,0.04009,6.00422,0.00081,50,Netflix
49694,12270.12222,1144.5,11734.0,1090.5,0.01093,0.00094,0.00477,3.88947,0.00033,50,Netflix
26334,8027.99091,837.0,5894.0,783.0,1.0002,0.00111,2.06962,3.30244,0.00075,50,Netflix
58454,15866.17979,834.5,23414.0,780.5,0.25456,0.00253,0.04473,5.89049,0.00106,50,Netflix
33634,11679.854,1514.0,4069.0,1460.0,0.0019,0.00101,0.00599,1.78567,0.00017,50,Netflix
45314,11816.63609,54.0,2974.0,0.0,0.00191,0.00034,0.00316,2.58219,0.00014,50,Netflix
52614,15551.63197,1334.5,17574.0,1280.5,0.00445,0.00203,0.01325,1.66226,0.00057,50,Netflix
56994,11354.29525,1514.0,14289.0,1460.0,0.00137,0.00139,0.00328,1.20038,0.00044,50,Netflix
29254,8900.43343,414.5,10274.0,360.5,0.00087,0.00093,0.00214,1.14412,0.00014,50,Netflix
51154,11237.10699,2974.0,14654.0,2920.0,0.00229,0.00153,0.00268,1.89363,0.00035,50,Netflix
64294,14463.17089,982.0,21589.0,928.0,0.00145,0.00113,0.00361,1.31045,0.00025,50,Netflix
30714,7973.59341,474.5,7354.0,420.5,0.26446,0.00104,0.04903,5.82718,0.0005,50,Netflix
58454,18167.68058,784.0,20494.0,730.0,0.00144,0.00227,0.00348,1.07489,0.00047,50,Netflix
45314,11570.86615,1514.0,2974.0,1460.0,0.00096,0.0007,0.00265,1.62705,0.0001,50,Netflix
64294,22670.16032,54.0,30714.0,0.0,0.00648,0.0016,0.01684,2.34609,0.00018,50,Netflix
58454,18087.23484,1030.5,24874.0,976.5,0.00233,0.00178,0.00599,1.42127,0.00031,50,Netflix
24874,9956.16055,1514.0,20494.0,1460.0,0.00186,0.00123,0.00551,1.43171,0.0002,50,Netflix
27794,7916.25384,1267.0,9544.0,1213.0,0.41198,0.00179,0.01518,6.62749,0.00022,50,Netflix
1514,640.406,1514.0,1514.0,1460.0,8e-05,5e-05,9e-05,2.73133,0.0,50,Netflix
58454,15013.36279,422.0,13194.0,368.0,2.74515,0.00342,2.56785,4.623,0.00097,50,Netflix
24874,6589.37321,1514.0,7354.0,1460.0,0.00367,0.00205,0.00841,1.63744,0.00033,50,Netflix
19034,5770.67655,784.0,10274.0,730.0,0.0025,0.00165,0.0056,1.76185,0.00018,50,Netflix
32174,8538.19185,1514.0,11734.0,1460.0,0.00237,0.00089,0.00756,1.68672,0.00027,50,Netflix
55534,9626.0846,784.0,12829.0,730.0,0.00325,0.001,0.00605,2.13238,0.00026,50,Netflix
14654,5644.67042,1514.0,5894.0,1460.0,0.00238,0.00103,0.00298,2.29961,0.00016,50,Netflix
64294,12756.12285,1514.0,9909.0,1460.0,0.00326,0.00119,0.00992,1.99747,0.00025,50,Netflix
58454,15406.67664,463.5,5894.0,409.5,0.60922,0.00989,0.74682,3.80392,0.00058,50,Netflix
43854,11238.74413,946.5,16114.0,892.5,0.30227,0.00305,0.15173,5.34686,0.00032,50,Netflix
46774,11065.23735,339.5,6259.0,285.5,0.61538,0.01389,1.32773,3.13361,0.00119,50,Netflix
64294,12417.42522,60.0,2974.0,6.0,0.626,0.00544,1.38706,3.11383,0.00035,50,Netflix
64294,18533.42726,834.5,27794.0,780.5,0.02808,0.00304,0.015,3.91447,0.00042,50,Netflix
58454,13228.14516,1514.0,13194.0,1460.0,0.00125,0.00171,0.00378,1.23086,0.0002,50,Netflix
35094,12119.27325,1514.0,24874.0,1460.0,0.00249,0.00212,0.00508,1.53104,0.00032,50,Netflix
48234,9118.86594,1514.0,4434.0,1460.0,0.00095,0.00039,0.00259,1.62003,0.00015,50,Netflix
27794,7094.68323,841.5,11004.0,787.5,0.00068,0.00085,0.00161,1.05662,0.00019,50,Netflix
30714,10472.0173,54.0,14654.0,0.0,0.00105,0.00157,0.00256,1.10763,0.00022,50,Netflix
24874,6617.58589,1514.0,11734.0,1460.0,0.00078,0.00076,0.00178,1.47835,0.00016,50,Netflix
38014,11638.82851,982.0,12829.0,928.0,0.0033,0.0013,0.0026,2.46101,0.0002,50,Netflix
58454,13087.66728,92.0,12099.0,32.0,0.52925,0.00245,0.02069,6.54386,0.00076,50,Netflix
23414,8002.07873,784.0,12829.0,730.0,0.00095,0.00097,0.00293,1.18368,0.00018,50,Netflix
32174,8588.74817,1024.5,17574.0,970.5,0.00105,0.00089,0.00314,1.28211,0.00017,50,Netflix
40934,11929.86991,1128.5,17574.0,1074.5,0.4991,0.00308,0.13132,5.97379,0.00039,50,Netflix
32174,9039.93519,2974.0,16114.0,2920.0,0.00102,0.00092,0.00254,1.06104,0.00048,50,Netflix
64294,13025.32752,252.0,18669.0,198.0,0.00186,0.00091,0.00435,1.55421,0.00019,50,Netflix
33634,8974.85644,1514.0,8449.0,1460.0,0.00123,0.00084,0.00302,1.61736,0.00017,50,Netflix
43854,7344.7723,1514.0,1514.0,1460.0,0.00117,3e-05,0.00116,3.47954,5e-05,50,Netflix
39474,11378.11263,1514.0,17209.0,1460.0,0.00504,0.00097,0.01112,2.4141,0.00049,50,Netflix
64294,15628.243,682.0,20129.0,628.0,0.50944,0.00437,0.02392,6.15778,0.00034,50,Netflix
64294,16763.66986,713.0,24874.0,659.0,0.00421,0.0011,0.01216,1.89098,0.0002,50,Netflix
46774,14435.08136,3704.0,23414.0,3650.0,0.00194,0.00258,0.00561,1.21293,0.00037,50,Netflix
33634,11383.41781,834.5,17574.0,780.5,0.07061,0.00131,0.0141,5.59534,0.00071,50,Netflix
24874,5243.08747,1514.0,1514.0,1460.0,0.00053,0.00011,0.00159,1.80384,5e-05,50,Netflix
43854,10155.38891,1514.0,12464.0,1460.0,0.00114,0.00116,0.00272,1.23957,0.00025,50,Netflix
58454,15395.9256,464.0,8814.0,410.0,0.02246,0.0019,0.01566,3.72195,0.0004,50,Netflix
33634,12236.15887,1514.0,21589.0,1460.0,0.01063,0.00148,0.01239,3.18287,0.00014,50,Netflix
39474,10454.6195,1514.0,17209.0,1460.0,0.00455,0.00123,0.00289,2.84217,0.00044,50,Netflix
54074,11770.34764,1514.0,16844.0,1460.0,0.00156,0.00074,0.00404,1.80497,0.00012,50,Netflix
42394,10875.7751,1514.0,17574.0,1460.0,0.00224,0.00101,0.00417,1.70224,0.00037,50,Netflix
38014,10017.91351,1148.0,10274.0,1094.0,1.07763,0.00157,0.48356,4.58999,0.00055,50,Netflix
64294,20458.40604,1128.5,26334.0,1074.5,0.51312,0.00437,0.10079,6.03184,0.00029,50,Netflix
64294,14956.42384,850.0,24874.0,796.0,0.00321,0.00128,0.00528,1.7629,0.00039,50,Netflix
64294,16117.91351,832.5,21954.0,778.5,0.40253,0.00222,0.01632,6.61569,0.00023,50,Netflix
58454,14181.13264,1514.0,6989.0,1460.0,0.00144,0.00108,0.00434,1.55576,0.00019,50,Netflix
33634,10994.72094,1514.0,6989.0,1460.0,0.00161,0.00077,0.00449,1.88747,0.00016,50,Netflix
48234,12326.1854,792.0,17574.0,738.0,0.01466,0.00129,0.02687,3.19373,0.00032,50,Netflix
58454,17441.18142,1514.0,20129.0,1460.0,0.08596,0.00374,0.0201,5.29231,0.00044,50,Netflix
24874,6289.60137,1514.0,1514.0,1460.0,0.00094,8e-05,0.00206,2.47284,4e-05,50,Netflix
58454,12453.71559,1514.0,4434.0,1460.0,0.01967,0.00042,0.00613,4.96622,0.00012,50,Netflix
64294,23037.12803,548.5,24874.0,494.5,0.67641,0.0136,0.1271,5.47182,0.0003,50,Netflix
8791,1505.16365,92.5,110.0,36.5,13.20813,0.00854,40.37062,2.37374,0.04575,50,Netflix
58454,16838.10949,463.5,13194.0,409.5,0.03784,0.00528,0.01754,3.32955,0.00091,50,Netflix
52614,12660.27953,2974.0,20494.0,2920.0,0.00161,0.00185,0.00429,1.24152,0.00027,50,Netflix
27794,10566.91325,62.0,19034.0,8.0,0.00138,0.00119,0.00412,1.34183,0.00029,50,Netflix
48234,11023.68647,1514.0,18304.0,1460.0,0.00108,0.00097,0.00257,1.19295,0.00032,50,Netflix
64294,21220.75859,425.0,17574.0,371.0,0.00503,0.0019,0.01453,2.27724,0.0002,50,Netflix
51154,16687.07829,2244.0,29254.0,2190.0,0.00224,0.00202,0.00591,1.3784,0.0002,50,Netflix
58454,15924.0427,1514.0,28889.0,1460.0,0.00206,0.0017,0.00295,1.4285,0.00059,50,Netflix
35094,10925.17714,1128.5,10639.0,1074.5,0.61824,0.01311,1.40839,3.04673,0.00112,50,Netflix
55534,13962.33669,1146.0,11734.0,1092.0,0.75742,0.00258,2.06622,2.88546,0.00042,50,Netflix
35094,11472.00779,834.5,14289.0,780.5,0.02656,0.00183,0.01749,3.73524,0.00044,50,Netflix
23414,8511.63722,1514.0,13194.0,1460.0,0.00076,0.00081,0.00173,0.91979,0.00037,50,Netflix
30714,8959.26237,1514.0,14289.0,1460.0,0.01227,0.00078,0.00326,4.88758,0.00022,50,Netflix
58454,14331.15394,208.0,25969.0,154.0,0.00483,0.00233,0.01438,1.84411,0.00032,50,Netflix
26334,8367.9273,1514.0,11734.0,1460.0,0.00074,0.00081,0.00198,0.94497,0.00035,50,Netflix
21954,7174.17319,1514.0,14654.0,1460.0,0.00061,0.00079,0.00151,0.99426,0.00023,50,Netflix
16114,5531.14598,784.0,10274.0,730.0,0.00043,0.00079,0.00104,0.86313,0.00019,50,Netflix
16114,5503.32858,1514.0,10274.0,1460.0,0.00051,0.00077,0.00135,0.89548,0.0002,50,Netflix
46774,10139.75857,549.5,11734.0,495.5,0.05614,0.00201,0.05044,4.01923,0.00039,50,Netflix
24874,7707.30667,784.0,14654.0,730.0,0.00093,0.00089,0.00281,1.24326,0.00019,50,Netflix
20494,7339.37222,1514.0,14654.0,1460.0,0.0007,0.00087,0.00194,1.03703,0.0002,50,Netflix
16114,6768.92618,1514.0,14654.0,1460.0,0.00057,0.00085,0.00143,0.97554,0.00021,50,Netflix
27794,8088.13646,784.0,15749.0,730.0,0.00071,0.00077,0.00185,1.07514,0.00026,50,Netflix
16114,6901.89424,1514.0,14654.0,1460.0,0.0005,0.00075,0.00092,0.87472,0.0003,50,Netflix
42394,11519.52969,849.5,10274.0,795.5,0.00242,0.00078,0.00355,1.96845,0.00036,50,Netflix
48234,9765.59939,2244.0,13194.0,2190.0,0.00088,0.0008,0.00163,1.23052,0.00026,50,Netflix
46774,13719.06353,1149.5,15749.0,1095.5,0.42962,0.00355,0.01692,6.58615,0.00046,50,Netflix
39474,12205.63493,2244.0,23414.0,2190.0,0.00165,0.00147,0.00436,1.32654,0.00033,50,Netflix
56994,14896.08463,546.0,18669.0,492.0,0.10016,0.00185,0.05103,4.83019,0.00033,50,Netflix
56994,13845.11156,1514.0,23414.0,1460.0,0.00204,0.0006,0.00509,1.62149,0.00045,50,Netflix
39474,10155.16857,208.0,13194.0,154.0,0.39588,0.00158,0.01434,6.58028,0.00065,50,Netflix
58454,15104.54816,66.0,1514.0,0.0,10.33284,0.06618,8.00305,4.21547,0.00177,50,Netflix
38014,10632.95508,1151.0,8084.0,1097.0,0.853,0.00189,2.56644,3.17006,0.00042,50,Netflix
48234,13816.87694,1333.5,23049.0,1279.5,0.00483,0.0016,0.00471,2.38833,0.00034,50,Netflix
43854,11190.91667,784.0,19034.0,730.0,0.00112,0.0017,0.00283,1.0955,0.00029,50,Netflix
42394,12418.72573,1146.0,6989.0,1092.0,0.62761,0.00204,1.4016,2.92701,0.00082,50,Netflix
40934,11446.79045,834.5,16844.0,780.5,1.11189,0.00334,0.04914,6.57217,0.00037,50,Netflix
32174,8427.41236,1146.0,11734.0,1092.0,0.1085,0.00085,0.13907,4.26741,0.00032,50,Netflix
64294,20830.01008,1147.0,18304.0,1093.0,0.70883,0.01303,0.96897,3.70388,0.00048,50,Netflix
64294,18523.67695,1152.0,21589.0,1098.0,0.49183,0.00434,0.02204,6.50684,0.00037,50,Netflix
49694,13967.2036,1133.0,16114.0,1079.0,0.4072,0.00367,0.04152,6.10769,0.00036,50,Netflix
42394,12157.39531,850.0,17574.0,796.0,0.00592,0.00142,0.01498,2.04273,0.00036,50,Netflix
26334,10691.18833,784.0,21589.0,730.0,0.00123,0.00079,0.00304,1.27335,0.00032,50,Netflix
35094,9520.46083,1321.0,11004.0,1267.0,0.12203,0.00078,0.00336,6.56702,0.00024,50,Netflix
43854,11049.68909,208.0,10274.0,154.0,0.00467,0.00078,0.01392,1.78557,0.0004,50,Netflix
35094,11613.53093,548.5,21589.0,494.5,0.21536,0.00189,0.03598,5.64374,0.00046,50,Netflix
45314,11328.1803,463.5,10274.0,409.5,0.14189,0.00107,0.01588,5.97458,0.00033,50,Netflix
51154,11998.20109,1514.0,23414.0,1460.0,0.00152,0.0009,0.00426,1.36653,0.0003,50,Netflix
33634,8943.02141,784.0,11369.0,730.0,0.00083,0.00084,0.00206,1.05708,0.0003,50,Netflix
64294,19162.00622,832.5,16114.0,778.5,0.03265,0.00188,0.03841,3.26293,0.00037,50,Netflix
21954,6914.42937,846.0,11734.0,792.0,0.00257,0.00079,0.00569,2.0662,0.00022,50,Netflix
35094,9574.8751,1153.0,11734.0,1099.0,0.5438,0.00221,0.48441,4.18149,0.00043,50,Netflix
39474,9941.90724,850.5,14654.0,796.5,0.00465,0.00229,0.0103,1.80646,0.00039,50,Netflix
20494,8288.94347,784.0,14654.0,730.0,0.0011,0.00176,0.00266,1.14417,0.00012,50,Netflix
39474,10055.43211,1146.5,18669.0,1092.5,0.7748,0.01164,2.04404,2.78937,0.0011,50,Netflix
35094,12203.24683,1332.5,23414.0,1278.5,0.0036,0.00111,0.00809,1.94258,0.00032,50,Netflix
29254,8790.31554,1514.0,13194.0,1460.0,0.00091,0.00097,0.00214,1.14201,0.00023,50,Netflix
40934,12275.62775,1190.0,14654.0,1136.0,0.00817,0.00069,0.01389,2.64245,0.00034,50,Netflix
36554,8862.24072,847.5,11369.0,793.5,0.33644,0.00148,0.00986,6.69899,0.00044,50,Netflix
19034,6669.11636,1514.0,10274.0,1460.0,0.00085,0.00109,0.00201,1.0128,0.00038,50,Netflix
30714,7829.52141,784.0,9909.0,730.0,0.00096,0.00105,0.00254,1.12809,0.00025,50,Netflix
32174,9225.76761,1514.0,11734.0,1460.0,0.00109,0.00178,0.00257,1.15037,0.00018,50,Netflix
64294,20166.09406,1331.0,22319.0,1277.0,1.09988,0.00411,0.01531,6.79697,0.00034,50,Netflix
43854,9174.14868,1146.0,8814.0,1092.0,0.60267,0.00202,1.14274,3.2234,0.00089,50,Netflix
45314,12915.28919,846.0,16114.0,792.0,1.69802,0.00149,0.00987,6.88587,0.00034,50,Netflix
58454,13276.004,682.0,20494.0,628.0,0.02498,0.00151,0.01224,4.6185,0.0003,50,Netflix
49694,10241.38694,850.0,2974.0,796.0,0.00954,0.0009,0.01952,3.24835,0.00016,50,Netflix
4434,1220.27255,802.0,1514.0,730.0,0.00081,0.00083,0.0025,1.26855,0.00017,50,Netflix
14654,4076.40785,1514.0,7354.0,1460.0,0.00077,0.00069,0.00234,1.17292,0.00024,50,Netflix
17574,4262.49994,1514.0,8449.0,1460.0,0.00069,0.00055,0.00175,1.13368,0.00027,50,Netflix
17574,4898.64269,784.0,8814.0,730.0,0.00075,0.00054,0.00221,1.2063,0.00022,50,Netflix
36554,7645.77341,784.0,8814.0,730.0,0.00133,0.00071,0.00318,1.48231,0.00024,50,Netflix
45314,13153.89853,832.5,12829.0,778.5,0.02639,0.00233,0.01452,4.49109,0.00047,50,Netflix
40934,11479.77833,339.5,9544.0,285.5,0.19678,0.01257,0.2755,3.75382,0.00049,50,Netflix
35094,11844.26148,1333.5,23414.0,1279.5,0.00242,0.00077,0.00289,1.89739,0.00064,50,Netflix
26334,9373.56386,1514.0,5894.0,1460.0,0.00071,0.00107,0.00182,1.09279,0.00014,50,Netflix
43854,11149.46465,1153.0,14654.0,1099.0,0.65178,0.00337,1.56635,2.83982,0.00081,50,Netflix
64294,20772.63495,834.5,19034.0,780.5,0.02848,0.00292,0.01453,3.92348,0.00067,50,Netflix
35094,10728.49739,849.0,11734.0,795.0,0.00231,0.00085,0.00384,1.93461,0.00026,50,Netflix
29254,9080.21409,2974.0,12829.0,2920.0,0.00078,0.00082,0.00173,1.0112,0.00044,50,Netflix
59914,14777.53219,849.0,20494.0,795.0,0.00418,0.00324,0.00946,1.56032,0.00056,50,Netflix
49694,13211.31404,1514.0,21589.0,1460.0,0.00243,0.00224,0.00576,1.43421,0.00036,50,Netflix
21954,7401.38854,1146.0,4069.0,1092.0,0.38963,0.00217,0.55758,3.43016,0.00098,50,Netflix
43854,13442.11891,1144.5,16844.0,1090.5,0.25377,0.00146,0.01547,6.48167,0.00044,50,Netflix
35094,9159.1055,548.5,11734.0,494.5,0.15615,0.00278,0.0484,4.53428,0.00042,50,Netflix
58454,17501.45497,832.5,23049.0,778.5,0.01976,0.00324,0.01652,3.21675,0.00064,50,Netflix
30714,9788.74374,1150.0,1514.0,1096.0,0.65248,0.00366,1.60157,2.82248,0.00033,50,Netflix
1518,536.38318,639.0,739.0,581.0,23.3702,6.55489,44.9913,2.24074,0.04439,50,Netflix
36554,11502.05735,671.0,20494.0,617.0,0.84565,0.00588,0.01715,6.71955,0.00031,50,Netflix
23414,7916.86262,1514.0,13194.0,1460.0,0.001,0.00091,0.00213,1.01907,0.00083,50,Netflix
58454,11470.19654,766.5,9909.0,712.5,0.0522,0.0005,0.01238,5.22525,0.00053,50,Netflix
58454,13381.99746,723.0,7354.0,669.0,0.6925,0.01336,2.01934,2.56615,0.00326,50,Netflix
30714,11751.3747,1514.0,15749.0,1460.0,0.00256,0.00062,0.00638,1.97282,0.00028,50,Netflix
55534,12193.9704,848.0,13194.0,794.0,0.42035,0.00109,0.0148,6.66088,0.00032,50,Netflix
64294,19177.64694,1149.5,25969.0,1095.5,0.03417,0.00334,0.0136,4.76486,0.00032,50,Netflix
64294,21072.39136,1144.5,24509.0,1090.5,0.24365,0.0133,0.27857,3.87,0.00043,50,Netflix
35094,11964.98902,672.0,21954.0,618.0,0.13613,0.00186,0.03273,4.43903,0.00051,50,Netflix
45314,11557.37429,1330.0,13194.0,1276.0,0.01234,0.0019,0.00382,4.14087,0.00025,50,Netflix
5394,1529.73889,58.0,1288.0,0.0,21.69601,0.0459,45.01078,2.23379,0.00177,50,Netflix
36554,10943.43015,1332.5,14289.0,1278.5,0.00225,0.00093,0.00301,1.76425,0.00038,50,Netflix
23414,7993.76333,2244.0,13194.0,2190.0,0.00071,0.00066,0.00162,0.95277,0.00042,50,Netflix
39474,9357.91504,339.5,9909.0,285.5,0.0131,0.0017,0.01087,3.46709,0.00072,50,Netflix
58454,14600.34677,832.5,11369.0,778.5,0.02366,0.00109,0.01458,4.19056,0.00046,50,Netflix
43854,12971.18065,551.0,17574.0,497.0,0.03906,0.00395,0.04401,3.1852,0.00039,50,Netflix
43854,11708.67554,548.5,12464.0,494.5,0.35075,0.0018,0.03118,6.12519,0.00039,50,Netflix
27794,9083.07762,1514.0,10274.0,1460.0,0.00071,0.00063,0.00144,0.97105,0.00047,50,Netflix
17574,7364.0177,784.0,14654.0,730.0,0.00062,0.00084,0.00161,1.00167,0.00019,50,Netflix
64294,11833.91022,1036.5,16114.0,982.5,0.48473,0.00061,0.00408,6.81872,0.00042,50,Netflix
58454,16959.50227,1159.0,19034.0,1105.0,0.02928,0.00288,0.00508,4.93642,0.00026,50,Netflix
64294,15527.26302,784.0,21954.0,730.0,0.00193,0.00129,0.00383,1.49892,0.00028,50,Netflix
32174,10117.13495,698.5,18669.0,638.5,0.00834,0.00099,0.00487,3.44951,0.00016,50,Netflix
64294,25907.98474,1332.5,48599.0,1278.5,0.00619,0.00299,0.01494,1.71039,0.00044,50,Netflix
39474,9367.13507,339.5,7354.0,285.5,0.29242,0.00501,0.03268,4.97497,0.00042,50,Netflix
45314,11123.97369,784.0,14289.0,730.0,0.00506,0.00073,0.005,3.11798,0.00036,50,Netflix
23414,7342.85124,1669.0,14654.0,1615.0,0.00071,0.00078,0.00211,1.06831,0.00019,50,Netflix
45314,11144.29784,848.0,14654.0,794.0,0.07847,0.0009,0.01102,5.72313,0.00048,50,Netflix
58454,15979.12473,2244.0,29254.0,2190.0,0.00709,0.00257,0.01051,2.47465,0.00028,50,Netflix
27794,8928.18352,784.0,12099.0,730.0,0.00132,0.00131,0.00302,1.21566,0.00027,50,Netflix
23414,7330.7402,383.0,12829.0,329.0,0.00082,0.00081,0.00221,1.14685,0.00022,50,Netflix
24874,6443.94449,2244.0,10274.0,2190.0,0.0007,0.00064,0.00196,1.12769,0.0002,50,Netflix
16114,6555.44877,1514.0,13194.0,1460.0,0.00072,0.00083,0.00178,1.12489,0.0002,50,Netflix
20494,5633.69358,598.0,10274.0,544.0,0.00053,0.0007,0.0012,1.01171,0.00019,50,Netflix
64294,13473.22933,1514.0,11734.0,1460.0,0.00213,0.00078,0.00188,2.62969,0.00016,50,Netflix
39474,11062.86417,1146.0,14289.0,1092.0,1.79055,0.01295,2.0549,3.97307,0.00075,50,Netflix
58454,17194.04599,852.0,21954.0,798.0,0.13565,0.00252,0.0148,6.04817,0.00052,50,Netflix
58454,14789.02759,68.0,16114.0,8.0,0.01047,0.00256,0.0106,2.97807,0.00018,50,Netflix
58454,14050.63327,1333.5,26334.0,1279.5,0.02523,0.00273,0.06614,2.77653,0.00041,50,Netflix
26334,8428.89245,784.0,7354.0,730.0,0.00075,0.00091,0.00182,1.18222,0.00014,50,Netflix
23414,7079.11656,909.0,10274.0,855.0,0.00058,0.00088,0.00145,0.95108,0.00013,50,Netflix
21954,6727.47975,1514.0,14289.0,1460.0,0.00059,0.00061,0.0014,1.03629,0.00037,50,Netflix
21954,6816.55847,1514.0,13194.0,1460.0,0.00081,0.00087,0.00254,1.25055,0.00013,50,Netflix
64294,15682.43987,700.0,12829.0,646.0,0.1539,0.00068,0.01492,6.24797,0.00026,50,Netflix
58454,15807.45176,1514.0,1514.0,1460.0,0.002,0.0003,0.00544,2.08956,0.00017,50,Netflix
64294,15466.55013,54.0,11734.0,0.0,0.00284,0.00104,0.00429,2.20311,0.0002,50,Netflix
51154,12451.29224,1514.0,13194.0,1460.0,0.00115,0.00093,0.00245,1.22883,0.00035,50,Netflix
64294,14270.81074,771.0,12464.0,717.0,0.00253,0.00079,0.00233,2.39623,0.0002,50,Netflix
64294,16415.82485,1712.0,20494.0,1658.0,0.00216,0.00073,0.00512,1.70958,0.00026,50,Netflix
64294,17878.30788,1148.0,17209.0,1094.0,0.38478,0.00421,0.48467,3.87081,0.0005,50,Netflix
64294,18922.43362,784.0,25969.0,730.0,0.00239,0.00158,0.00665,1.51808,0.00036,50,Netflix
64294,17370.80841,425.5,22684.0,371.5,0.00302,0.0007,0.00543,2.04628,0.00033,50,Netflix
52614,12020.05874,252.0,20494.0,198.0,0.00114,0.0009,0.00229,1.26054,0.00025,50,Netflix
52614,13828.87461,1514.0,21954.0,1460.0,0.0012,0.0009,0.00306,1.2245,0.00031,50,Netflix
52614,9652.2982,70.0,1139.5,16.0,0.58859,0.22685,1.91524,2.16169,0.00864,50,Netflix
58454,16745.48876,845.0,21954.0,791.0,0.59611,0.00362,0.03665,4.94689,0.00045,50,Netflix
64294,19322.8118,1514.0,24874.0,1460.0,0.00286,0.00352,0.0083,1.25334,0.00036,50,Netflix
64294,15100.2119,784.0,21589.0,730.0,0.00233,0.00172,0.00571,1.5082,0.00039,50,Netflix
64294,22509.1563,847.5,23779.0,793.5,0.56785,0.00486,0.04199,4.75257,0.00027,50,Netflix
58454,17812.09574,1514.0,16114.0,1460.0,0.00205,0.00091,0.00605,1.61435,0.00017,50,Netflix
64294,19529.17705,1013.5,27794.0,959.5,0.00339,0.00153,0.00895,1.89795,0.00021,50,Netflix
64294,15589.87426,784.0,20129.0,730.0,0.00216,0.00197,0.006,1.40302,0.00024,50,Netflix
58454,13251.94373,1155.0,22684.0,1101.0,0.00154,0.00161,0.00445,1.35874,0.00017,50,Netflix
64294,18778.64227,54.0,23414.0,0.0,0.00305,0.00081,0.00756,2.00983,0.0003,50,Netflix
64294,17453.81122,982.0,27794.0,928.0,0.00212,0.00153,0.00563,1.4813,0.00024,50,Netflix
64294,20979.64921,252.0,29254.0,198.0,0.00606,0.00116,0.01299,2.30594,0.00033,50,Netflix
64294,21617.55691,1150.5,27064.0,1096.5,0.52835,0.00119,0.03863,4.90941,0.00022,50,Netflix
64294,25847.99756,209.0,35824.0,155.0,0.00509,0.00034,0.01489,1.87018,0.00029,50,Netflix
40934,12963.74771,1514.0,27429.0,1460.0,0.01116,0.00059,0.00824,3.9096,0.00051,50,Netflix
55534,14107.38388,1514.0,23414.0,1460.0,0.00315,0.00184,0.00518,2.05617,0.00028,50,Netflix
64294,17681.92514,5894.0,27429.0,5840.0,0.24106,0.00103,0.05234,6.08232,0.00031,50,Netflix
64294,18767.20828,546.5,17209.0,492.5,2.65137,0.00186,0.03357,4.85849,0.0004,50,Netflix
58454,18139.83382,850.0,25969.0,796.0,0.50553,0.0008,0.00546,6.8129,0.0004,50,Netflix
64294,17960.37383,2974.0,25239.0,2920.0,0.0076,0.00173,0.01236,2.67999,0.00034,50,Netflix
64294,15838.24796,5164.0,24144.0,5110.0,0.01008,0.00091,0.01042,3.28524,0.00079,50,Netflix
64294,19692.94707,3704.0,27429.0,3650.0,0.53322,0.00072,0.0134,6.75263,0.00054,50,Netflix
64294,15597.62679,682.5,26334.0,628.5,0.23413,0.00165,0.00441,6.67753,0.00026,50,Netflix
55534,13262.71586,3704.0,23049.0,3650.0,0.00074,0.00108,0.00186,1.00376,0.00021,50,Netflix
58454,18741.56599,1346.5,26334.0,1292.5,0.00147,0.00173,0.00315,1.37323,0.00021,50,Netflix
64294,20048.16892,1514.0,27794.0,1460.0,0.00417,0.00134,0.01061,2.03212,0.00021,50,Netflix
64294,19663.18984,1330.0,27064.0,1276.0,0.27359,0.00112,0.04145,6.18865,0.00042,50,Netflix
1494,378.19529,71.0,74.75,29.0,1.29534,0.17794,2.54351,3.05192,0.02927,50,Netflix
59914,19905.94147,1145.5,16844.0,1091.5,0.6392,0.0026,0.01758,4.91382,0.0003,50,Netflix
64294,23378.89935,784.0,30349.0,730.0,0.00468,0.00162,0.01433,1.9573,0.0003,50,Netflix
64294,15218.99242,1191.5,21589.0,1137.5,0.00155,0.00138,0.00357,1.35229,0.0002,50,Netflix
33634,10498.56753,784.0,14654.0,730.0,0.00093,0.00094,0.00264,1.12154,0.00016,50,Netflix
29254,7562.91162,1514.0,5894.0,1460.0,0.00076,0.00024,0.00223,1.75747,0.00012,50,Netflix
23414,7491.6639,1514.0,13194.0,1460.0,0.00105,0.00073,0.00248,1.5157,0.00013,50,Netflix
51154,9882.42067,1514.0,14654.0,1460.0,0.00071,0.00074,0.00196,1.08354,0.00037,50,Netflix
54074,12029.23361,982.0,14654.0,928.0,0.00097,0.0009,0.00251,1.19519,0.00026,50,Netflix
64294,14359.58803,1331.0,21224.0,1277.0,0.15116,0.00063,0.01228,5.8671,0.00036,50,Netflix
64294,19164.21427,1150.5,21589.0,1096.5,0.57416,0.00079,0.02414,5.55529,0.00025,50,Netflix
49694,8894.43905,1514.0,2974.0,1460.0,0.00169,0.00061,0.0039,1.91077,0.00019,50,Netflix
8814,1517.02539,90.0,1514.0,0.0,0.00126,0.00119,0.00324,1.61912,0.00013,50,Netflix
5894,1536.79146,802.0,2974.0,730.0,0.00123,0.00166,0.00302,1.3661,0.00014,50,Netflix
33634,6260.54189,802.0,4434.0,730.0,0.00189,0.00167,0.00546,1.546,0.00028,50,Netflix
64294,13624.26441,1514.0,11734.0,1460.0,0.0039,0.00094,0.01099,2.27379,0.00023,50,Netflix
42394,11358.04933,784.0,19034.0,730.0,0.00357,0.00096,0.01039,2.07858,0.00028,50,Netflix
43854,9581.72839,1463.5,14289.0,1409.5,0.00258,0.00186,0.00522,1.83441,0.00022,50,Netflix
43854,9658.09588,2974.0,15749.0,2920.0,0.00251,0.00105,0.00695,1.66601,0.00031,50,Netflix
23414,6971.15983,784.0,12829.0,730.0,0.00181,0.00078,0.00358,1.90098,0.00024,50,Netflix
27794,7030.41129,982.0,11734.0,928.0,0.00187,0.00132,0.00566,1.61228,0.00015,50,Netflix
29254,7326.7988,794.0,5894.0,730.0,0.00185,0.00141,0.00275,1.67215,0.00013,50,Netflix
17574,4609.33765,790.0,6989.0,730.0,0.00165,0.00183,0.00478,1.41163,0.00015,50,Netflix
14654,3739.42455,1514.0,5894.0,1460.0,0.00171,0.00081,0.00303,1.59656,0.00034,50,Netflix
48234,8532.39789,784.0,7354.0,730.0,0.00233,0.00076,0.00526,1.77747,0.00034,50,Netflix
64294,14787.1118,1514.0,8814.0,1460.0,0.00561,0.00121,0.01547,1.92405,0.00018,50,Netflix
13194,2315.33134,90.0,1514.0,0.0,0.00243,0.00076,0.00653,2.19401,0.00015,50,Netflix
26334,4589.89242,798.0,2974.0,730.0,0.0039,0.00074,0.01086,2.32885,0.00023,50,Netflix
19034,4694.2122,1514.0,5894.0,1460.0,0.00423,0.00098,0.01445,1.97858,0.00022,50,Netflix
27794,5625.37218,790.0,5894.0,730.0,0.00417,0.00198,0.01478,1.93477,0.00032,50,Netflix
19034,3675.56986,802.0,2974.0,730.0,0.00397,0.00253,0.01334,1.70314,0.00017,50,Netflix
14654,3056.79722,1514.0,2974.0,1460.0,0.0063,0.00216,0.02065,1.90135,0.00028,50,Netflix
11734,3611.36836,1514.0,7354.0,1460.0,0.00556,0.00244,0.01716,1.87265,0.00038,50,Netflix
11734,3012.55708,784.0,5529.0,730.0,0.00408,0.00147,0.01273,2.06331,0.00048,50,Netflix
8814,2068.02054,1514.0,2974.0,1460.0,0.00495,0.00164,0.01637,1.90734,0.00024,50,Netflix
16114,3598.36265,1331.0,2974.0,1277.0,0.11909,0.00376,0.02106,5.72935,0.00028,50,Netflix
13194,2843.4614,798.0,2974.0,730.0,0.00639,0.00462,0.02043,1.70784,0.00035,50,Netflix
16114,3606.73026,1514.0,2974.0,1460.0,0.01026,0.00289,0.02752,1.76058,0.00041,50,Netflix
16114,4290.56015,1331.0,7354.0,1277.0,0.47409,0.0034,0.0266,6.36193,0.00074,50,Netflix
33634,6402.28304,1339.5,7354.0,1285.5,0.34526,0.004,0.02249,6.48989,0.00023,50,Netflix
10274,2901.2806,90.0,2974.0,0.0,0.00951,0.00064,0.02342,2.45271,0.00022,50,Netflix
16114,3622.84476,1514.0,4434.0,1460.0,0.0074,0.00291,0.02213,1.84747,0.0005,50,Netflix
14654,3798.80665,1514.0,7354.0,1460.0,0.00505,0.00161,0.01578,1.89716,0.00046,50,Netflix
13194,3347.30315,1514.0,5894.0,1460.0,0.00576,0.00154,0.01812,1.8212,0.00088,50,Netflix
10274,2551.90375,1514.0,1514.0,1460.0,0.00875,0.00214,0.02567,1.80138,0.0005,50,Netflix
64294,14570.31783,54.5,8814.0,0.0,6.66202,0.00169,1.07944,5.27836,0.0002,50,Netflix
7354,2333.9222,1514.0,4069.0,1460.0,0.01011,0.00241,0.0258,1.74103,0.00046,50,Netflix
64294,20441.98541,2061.0,23049.0,2007.0,4.53988,0.00178,0.03803,6.87698,0.00033,50,Netflix
20494,4278.04992,627.5,2609.0,555.5,0.00294,0.00068,0.0061,2.39608,0.00012,50,Netflix
10274,2921.12915,790.0,2974.0,730.0,0.01031,0.003,0.02576,1.63143,0.0004,50,Netflix
10274,2563.57631,790.0,4434.0,730.0,0.0092,0.00224,0.0253,1.73032,0.00066,50,Netflix
13194,3016.57385,1514.0,2974.0,1460.0,0.01129,0.00116,0.0281,1.81683,0.00041,50,Netflix
13194,4283.74698,790.0,7354.0,730.0,0.00883,0.00267,0.02493,1.68122,0.00042,50,Netflix
16114,4102.39622,790.0,5894.0,730.0,0.00933,0.0024,0.02641,1.82647,0.00043,50,Netflix
13194,2884.31067,794.0,2974.0,730.0,0.00975,0.00142,0.02875,1.94332,0.00047,50,Netflix
13194,3839.65834,1514.0,7354.0,1460.0,0.00854,0.00549,0.02271,1.60914,0.00044,50,Netflix
7354,2999.62769,1514.0,5529.0,1460.0,0.0071,0.00407,0.01988,1.7186,0.00024,50,Netflix
35094,9668.50759,784.0,7354.0,730.0,0.00735,0.00416,0.02013,1.57532,0.00033,50,Netflix
36554,7881.57519,1514.0,1514.0,1460.0,0.00674,0.00135,0.02235,2.18887,0.00026,50,Netflix
8814,2813.06805,1514.0,4434.0,1460.0,0.00265,0.00254,0.0074,1.37202,0.00036,50,Netflix
10274,2996.23874,1514.0,4434.0,1460.0,0.00286,0.00251,0.00842,1.51457,0.00019,50,Netflix
21954,3922.89764,798.0,4434.0,730.0,0.00269,0.00263,0.0074,1.4826,0.00021,50,Netflix
27794,5754.06639,798.0,4434.0,730.0,0.00616,0.00245,0.01993,1.91001,0.0002,50,Netflix
21954,4862.61782,798.0,4434.0,730.0,0.00484,0.00235,0.01526,1.71582,0.00021,50,Netflix
19034,4929.52736,1514.0,7354.0,1460.0,0.00534,0.00533,0.0153,1.58717,0.00021,50,Netflix
17574,4283.65095,784.0,7354.0,730.0,0.0033,0.00335,0.01038,1.68468,0.0002,50,Netflix
14654,3319.27076,1514.0,4069.0,1460.0,0.00335,0.00282,0.00899,1.41536,0.00069,50,Netflix
35094,6608.75415,784.0,4434.0,730.0,0.00462,0.00147,0.01065,1.91614,0.00025,50,Netflix
33634,7714.32832,1514.0,10274.0,1460.0,0.00504,0.00135,0.01273,2.17318,0.00023,50,Netflix
17574,5145.83208,784.0,8449.0,730.0,0.00312,0.00141,0.00997,1.94908,0.00025,50,Netflix
19034,5291.24627,784.0,8814.0,730.0,0.00331,0.0017,0.00846,2.06485,0.00026,50,Netflix
58454,11847.33279,1030.0,7354.0,976.0,0.00816,0.00244,0.01496,2.3246,0.00022,50,Netflix
64294,17191.23637,318.5,4069.0,246.5,0.75402,0.00104,0.01737,6.77204,0.00032,50,Netflix
64294,17322.33822,975.5,12464.0,921.5,0.19196,0.00306,0.01699,6.21648,0.00034,50,Netflix
64294,18303.64914,4434.0,26699.0,4380.0,0.00426,0.00255,0.00728,1.83784,0.00031,50,Netflix
38014,11366.604,784.0,21589.0,730.0,0.00335,0.00172,0.00371,2.03182,0.00051,50,Netflix
58454,14706.01986,4434.0,20494.0,4380.0,0.00183,0.00152,0.00464,1.42051,0.00045,50,Netflix
42394,12456.59816,1514.0,15384.0,1460.0,0.00273,0.00093,0.00411,2.10358,0.00015,50,Netflix
64294,15450.54028,546.5,13194.0,492.5,0.35438,0.00224,0.03448,4.76938,0.00021,50,Netflix
64294,15005.95926,1514.0,24874.0,1460.0,0.00166,0.00071,0.00477,1.73894,0.00024,50,Netflix
64294,20238.35545,1093.0,25969.0,1039.0,0.00169,0.00255,0.00371,1.19464,0.00019,50,Netflix
64294,19309.48113,54.0,29254.0,0.0,0.003,0.00096,0.00346,2.19483,0.00022,50,Netflix
58454,15769.64917,6624.0,29254.0,6570.0,0.00288,0.00127,0.00681,1.77457,0.0005,50,Netflix
64294,17480.71848,1487.5,25239.0,1433.5,0.28199,0.00196,0.0173,6.41329,0.00023,50,Netflix
64294,20602.08116,1156.5,13924.0,1102.5,0.54973,0.00135,0.0051,6.8145,0.00032,50,Netflix
58454,15448.73131,846.0,5529.0,792.0,0.61833,0.00339,0.02357,5.34941,0.00027,50,Netflix
55534,14888.17602,1335.5,14654.0,1281.5,2.24247,0.0026,0.01546,6.8698,0.00043,50,Netflix
45314,14131.86485,1514.0,23049.0,1460.0,0.00289,0.0009,0.00875,1.83664,0.0003,50,Netflix
45314,12917.7909,54.0,21589.0,0.0,0.01788,0.00122,0.00771,4.37219,0.00039,50,Netflix
56994,15865.52261,1331.0,18669.0,1277.0,0.3116,0.00203,0.04958,6.12779,0.00061,50,Netflix
55534,13832.75514,1146.5,24874.0,1092.5,0.58058,0.00161,0.01312,6.75862,0.00033,50,Netflix
10274,2043.05322,318.5,1514.0,246.5,0.36132,0.00021,0.01831,6.69112,6e-05,50,Netflix
10274,2506.28037,850.0,1514.0,796.0,0.00543,0.00016,0.01082,2.98493,0.00011,50,Netflix
5894,1276.61253,1514.0,1514.0,1460.0,0.00097,0.00147,0.00245,1.19444,0.00022,50,Netflix
7354,1373.01357,1514.0,1514.0,1460.0,0.00242,0.00066,0.00628,2.12621,0.00017,50,Netflix
26334,4118.51874,802.0,2974.0,730.0,0.00281,0.00239,0.00733,1.64323,0.00022,50,Netflix
55534,13497.49985,802.0,7354.0,730.0,0.00698,0.00205,0.02126,2.14053,0.00023,50,Netflix
8814,2496.26898,1514.0,2974.0,1460.0,0.00501,0.00323,0.0158,1.6535,0.00023,50,Netflix
38014,7181.91377,82.0,1514.0,0.0,0.00878,0.00266,0.02763,2.12327,0.00016,50,Netflix
11734,3567.05473,1514.0,2974.0,1460.0,0.01047,0.00786,0.02998,1.62622,0.00036,50,Netflix
24874,7964.69811,1514.0,3704.0,1460.0,0.01104,0.00028,0.02934,1.85854,0.00013,50,Netflix
16114,5083.14888,1514.0,7354.0,1460.0,0.0044,0.00698,0.01128,1.27563,0.00073,50,Netflix
29254,7703.48908,1514.0,8814.0,1460.0,0.00645,0.0015,0.01998,1.98611,0.00029,50,Netflix
16114,5195.30286,2244.0,8814.0,2190.0,0.00501,0.00091,0.01517,1.79245,0.0003,50,Netflix
24874,5709.25342,1514.0,5894.0,1460.0,0.00435,0.00103,0.01285,2.24142,0.00029,50,Netflix
20494,5505.11,784.0,5894.0,730.0,0.00333,0.00316,0.01021,1.36869,0.00039,50,Netflix
42394,12837.43916,884.5,16479.0,830.5,1.4511,0.00203,0.01719,6.85347,0.00038,50,Netflix
19034,5130.31619,784.0,7354.0,730.0,0.00254,0.00287,0.00776,1.39779,0.00018,50,Netflix
16114,3942.43257,1514.0,5894.0,1460.0,0.00231,0.00221,0.00581,1.57217,0.00019,50,Netflix
21954,5145.88569,798.0,5894.0,730.0,0.00355,0.00261,0.01023,1.58489,0.00019,50,Netflix
30714,6697.50235,784.0,7354.0,730.0,0.00416,0.00235,0.01361,1.6199,0.00032,50,Netflix
33634,9860.95716,2974.0,11734.0,2920.0,0.00434,0.00253,0.01154,1.68504,0.0003,50,Netflix
61374,13727.45973,678.5,13194.0,624.5,0.08129,0.00209,0.02816,5.14844,0.00033,50,Netflix
46774,10033.13144,1514.0,5529.0,1460.0,0.00548,0.00254,0.01647,2.06104,0.00019,50,Netflix
43854,11129.90394,1514.0,10274.0,1460.0,0.00771,0.00237,0.02264,2.00986,0.00036,50,Netflix
21954,7370.67231,784.0,14289.0,730.0,0.00315,0.00063,0.00981,1.88334,0.00043,50,Netflix
24874,6457.44214,1514.0,8084.0,1460.0,0.00456,0.00097,0.01352,2.34159,0.00018,50,Netflix
14654,4511.6716,1514.0,5894.0,1460.0,0.00344,0.00131,0.0072,1.90072,0.00016,50,Netflix
10274,3866.76804,1514.0,6989.0,1460.0,0.00267,0.00216,0.00673,1.71076,0.00019,50,Netflix
10274,3436.30781,1514.0,5894.0,1460.0,0.00242,0.00189,0.0069,1.5278,0.00032,50,Netflix
49694,11863.74867,432.5,6989.0,378.5,0.24889,0.00342,0.02335,6.18724,0.00028,50,Netflix
24874,6428.83392,983.0,2609.0,929.0,0.52071,0.0025,0.03795,6.39231,0.0003,50,Netflix
64294,16145.76148,852.0,21954.0,798.0,1.11119,0.00114,0.02309,6.7999,0.00022,50,Netflix
48234,7482.54902,1514.0,1514.0,1460.0,0.00363,0.00011,0.00358,3.62247,2e-05,50,Netflix
8814,1707.34676,802.0,1514.0,730.0,0.00108,0.00089,0.00274,1.46183,0.0001,50,Netflix
8814,1933.51311,802.0,1514.0,730.0,0.00146,0.00087,0.00275,1.86734,0.00012,50,Netflix
32174,5561.6874,794.0,4434.0,730.0,0.00175,0.0025,0.00363,1.35151,0.00016,50,Netflix
32174,6276.3021,1514.0,6989.0,1460.0,0.00188,0.00263,0.00478,1.38083,0.00014,50,Netflix
23414,4860.638,2244.0,6989.0,2190.0,0.00139,0.00089,0.00346,1.33256,0.00036,50,Netflix
40934,7584.35923,1514.0,7354.0,1460.0,0.00091,0.00087,0.00247,1.14838,0.00037,50,Netflix
21954,6465.27829,1514.0,10274.0,1460.0,0.0018,0.00178,0.00486,1.41454,0.00028,50,Netflix
48234,12346.11591,309.5,11734.0,255.5,0.36564,0.00361,0.02467,6.44368,0.0005,50,Netflix
7354,1315.33192,802.0,1514.0,730.0,0.0028,0.00089,0.00235,3.10051,0.00011,50,Netflix
19034,4819.0073,790.0,6259.0,730.0,0.0047,0.00109,0.01479,2.2221,0.00032,50,Netflix
21954,5667.28296,784.0,8814.0,730.0,0.00362,0.00083,0.00838,2.00808,0.00034,50,Netflix
23414,5871.78561,1514.0,8449.0,1460.0,0.005,0.00542,0.01504,1.47211,0.00026,50,Netflix
8814,2630.84528,769.5,2974.0,715.5,0.02233,0.00155,0.02368,3.3081,0.0003,50,Netflix
14654,3567.88513,1514.0,5894.0,1460.0,0.00706,0.00412,0.01992,1.54102,0.00041,50,Netflix
17574,4319.66289,1514.0,7354.0,1460.0,0.00499,0.0031,0.01417,1.50041,0.00055,50,Netflix
24874,7123.67058,1155.5,7354.0,1101.5,0.51859,0.00174,0.02667,6.4632,0.00031,50,Netflix
23414,4367.7514,314.5,1514.0,246.5,0.05796,0.00165,0.02448,4.82725,0.00022,50,Netflix
20494,4873.51412,1514.0,7354.0,1460.0,0.00663,0.00681,0.01744,1.45861,0.00027,50,Netflix
16114,3866.53362,794.0,2974.0,730.0,0.00614,0.00312,0.01853,1.77555,0.00018,50,Netflix
13194,2684.33377,798.0,1514.0,730.0,0.00953,0.00181,0.02593,1.86779,0.0002,50,Netflix
16114,3963.14035,1514.0,7354.0,1460.0,0.0077,0.00092,0.02166,1.89501,0.00024,50,Netflix
14654,3915.52293,1514.0,7354.0,1460.0,0.00465,0.00278,0.01411,1.58445,0.00042,50,Netflix
8814,2962.20164,1514.0,5894.0,1460.0,0.00454,0.00154,0.0154,1.81041,0.00052,50,Netflix
10274,3322.77525,1514.0,7354.0,1460.0,0.00249,0.00213,0.00792,1.39971,0.00049,50,Netflix
8814,2811.87032,1514.0,4434.0,1460.0,0.00276,0.00234,0.00848,1.54385,0.00018,50,Netflix
14654,3213.3688,1514.0,2974.0,1460.0,0.00457,0.00194,0.01643,2.02805,0.00024,50,Netflix
33634,7986.07989,2974.0,7354.0,2920.0,0.00554,0.00209,0.01346,1.84224,0.0004,50,Netflix
14654,4435.70971,1514.0,5529.0,1460.0,0.00303,0.00167,0.00954,1.87703,0.00021,50,Netflix
10274,3551.85324,784.0,4434.0,730.0,0.00206,0.00172,0.00518,1.53416,0.00031,50,Netflix
14654,3607.64571,1514.0,4434.0,1460.0,0.00297,0.00108,0.0062,2.03472,0.00016,50,Netflix
8814,2261.33562,802.0,1514.0,730.0,0.00573,0.00236,0.01876,2.08115,0.00025,50,Netflix
11734,3047.65458,1514.0,4069.0,1460.0,0.0069,0.00371,0.01847,1.74827,0.00042,50,Netflix
24874,7008.92383,1514.0,9909.0,1460.0,0.00967,0.00063,0.02444,1.72948,0.00039,50,Netflix
30714,7305.83767,784.0,10274.0,730.0,0.00568,0.00329,0.01143,1.71082,0.00056,50,Netflix
17574,4697.57127,1514.0,8449.0,1460.0,0.00306,0.00258,0.00865,1.37936,0.00028,50,Netflix
7354,2831.53318,794.0,4434.0,730.0,0.00322,0.00194,0.00917,1.71413,0.00017,50,Netflix
20494,4084.66333,1514.0,7354.0,1460.0,0.00568,0.01044,0.01448,1.39481,0.00035,50,Netflix
27794,7269.8464,1143.0,6989.0,1089.0,1.65183,0.00238,0.02852,6.74192,0.00025,50,Netflix
24874,6217.20903,790.0,7354.0,730.0,0.01147,0.00359,0.02662,1.68108,0.00044,50,Netflix
35094,7920.29105,802.0,4434.0,730.0,0.00942,0.00069,0.02643,2.06196,0.00028,50,Netflix
17574,4754.993,790.0,8449.0,730.0,0.009,0.00048,0.02381,1.95125,0.00026,50,Netflix
38014,11272.9856,804.0,14289.0,750.0,0.38383,0.01246,0.01803,6.36709,0.0005,50,Netflix
30714,8954.44375,802.0,6989.0,730.0,0.00526,0.00247,0.0153,1.7228,0.00024,50,Netflix
4434,1196.27504,1514.0,1514.0,1460.0,0.00308,0.00174,0.00356,2.1742,0.00014,50,Netflix
14654,3312.00105,1514.0,4069.0,1460.0,0.00567,0.00238,0.01869,1.89029,0.00034,50,Netflix
21954,4449.14489,784.0,7354.0,730.0,0.00601,0.00064,0.017,1.9538,0.00029,50,Netflix
33634,6947.62955,844.5,5894.0,790.5,0.49229,0.00181,0.02592,6.45514,0.0003,50,Netflix
24874,5690.3301,1514.0,5894.0,1460.0,0.0048,0.00167,0.01527,1.77826,0.00039,50,Netflix
17574,4645.30143,794.0,4434.0,730.0,0.00627,0.0011,0.02138,2.12083,0.0002,50,Netflix
17574,3765.26736,1514.0,2974.0,1460.0,0.00555,0.00663,0.0132,1.37435,0.00028,50,Netflix
20494,4134.38829,1514.0,4434.0,1460.0,0.00562,0.00246,0.01558,1.72272,0.00043,50,Netflix
7354,2351.80077,794.0,4069.0,730.0,0.00575,0.00243,0.01828,1.78975,0.0003,50,Netflix
11734,3854.5106,1514.0,7354.0,1460.0,0.00659,0.00303,0.01965,1.59553,0.00039,50,Netflix
27794,5409.88614,1514.0,7354.0,1460.0,0.00418,0.00158,0.01061,2.10325,0.00018,50,Netflix
26334,4818.0,1514.0,7354.0,1460.0,0.00241,0.00097,0.00686,1.64876,0.00018,50,Netflix
20494,4580.67874,1514.0,7354.0,1460.0,0.0025,0.00197,0.00763,1.64187,0.00016,50,Netflix
11734,3290.15462,1514.0,5894.0,1460.0,0.00138,0.0009,0.0037,1.70218,0.00012,50,Netflix
29254,5852.324,1514.0,7354.0,1460.0,0.00182,0.00053,0.00388,1.88934,0.00034,50,Netflix
26334,5769.56829,2244.0,7354.0,2190.0,0.00155,0.00078,0.00415,1.54056,0.00025,50,Netflix
33634,6284.78703,1514.0,7354.0,1460.0,0.00163,0.00068,0.00429,1.56014,0.0003,50,Netflix
30714,5281.00386,1514.0,7354.0,1460.0,0.00201,0.00063,0.00589,1.78326,0.00037,50,Netflix
30714,5701.48226,784.0,7354.0,730.0,0.00164,0.001,0.00263,1.69275,0.00025,50,Netflix
17574,4053.33445,1514.0,7354.0,1460.0,0.0014,0.00102,0.00284,1.52733,0.00014,50,Netflix
17574,3939.72823,1514.0,7354.0,1460.0,0.00125,0.00074,0.00366,1.37816,0.00028,50,Netflix
39474,7707.61735,794.0,7354.0,730.0,0.00381,0.00112,0.00743,1.97659,0.00022,50,Netflix
26334,6441.49617,2244.0,7354.0,2190.0,0.00255,0.00242,0.00687,1.56126,0.00028,50,Netflix
19034,4833.46004,784.0,7354.0,730.0,0.00135,0.00135,0.00334,1.28797,0.00033,50,Netflix
19034,5760.99054,1514.0,7354.0,1460.0,0.00158,0.00256,0.00421,1.18781,0.00016,50,Netflix
27794,7054.62573,784.0,7354.0,730.0,0.00125,0.00204,0.00291,1.13175,0.00021,50,Netflix
21954,4822.51062,1514.0,7354.0,1460.0,0.00135,0.00091,0.00292,1.49612,0.00018,50,Netflix
24874,5085.83199,1514.0,7354.0,1460.0,0.00198,0.0009,0.00459,1.83882,0.00018,50,Netflix
58454,12007.02165,546.5,8814.0,492.5,0.57792,0.00261,0.0257,4.90283,0.00031,50,Netflix
64294,21410.51048,784.0,23414.0,730.0,0.00418,0.00328,0.01195,1.59895,0.00032,50,Netflix
49694,12518.89345,1503.0,20494.0,1449.0,0.00236,0.00088,0.00768,1.87532,0.00023,50,Netflix
52614,14088.47802,2974.0,20494.0,2920.0,0.00234,0.0008,0.00755,1.68893,0.00023,50,Netflix
46774,14168.01934,2974.0,18669.0,2920.0,0.00156,0.00176,0.00383,1.25895,0.0003,50,Netflix
27794,7577.2809,846.0,10639.0,792.0,1.06832,0.00656,0.03637,6.687,0.00033,50,Netflix
4716,759.68616,108.0,171.25,50.0,14.8906,21.15449,31.75465,1.65111,0.04871,50,Netflix
64294,18452.56282,1334.0,18304.0,1280.0,6.61421,0.0015,0.01771,5.5078,0.00038,50,Netflix
35094,10796.10522,784.0,21589.0,730.0,0.00174,0.00078,0.00437,1.75352,0.00025,50,Netflix
64294,13756.16996,1724.0,23414.0,1670.0,0.00881,0.0009,0.00576,3.59372,0.00026,50,Netflix
30714,11433.76701,1514.0,19034.0,1460.0,0.00104,0.00122,0.0025,1.04949,0.00047,50,Netflix
40934,11365.67248,1328.0,19764.0,1274.0,0.00121,0.00089,0.00303,1.36018,0.00024,50,Netflix
64294,12491.32179,784.0,20494.0,730.0,0.00123,0.0007,0.0039,1.39284,0.0002,50,Netflix
64294,21634.1261,784.0,24509.0,730.0,0.00479,0.00092,0.01035,2.43865,0.0002,50,Netflix
64294,22091.9796,983.5,25239.0,929.5,0.57629,0.00268,0.01613,5.24655,0.00027,50,Netflix
64294,20216.40598,855.5,25969.0,801.5,0.18121,0.0028,0.00769,6.51239,0.00023,50,Netflix
64294,21993.27704,422.0,33269.0,368.0,0.00311,0.00175,0.00611,2.04253,0.00016,50,Netflix
45314,13301.70118,425.0,24874.0,371.0,0.00201,0.00122,0.00495,1.61353,0.00017,50,Netflix
64294,18363.89834,1514.0,27794.0,1460.0,0.00176,0.00097,0.00507,1.59516,0.00028,50,Netflix
56994,16039.99011,1514.0,17209.0,1460.0,0.00235,0.00092,0.00615,1.95141,0.00016,50,Netflix
64294,21466.67312,546.0,27794.0,492.0,0.64536,0.00179,0.07041,4.88141,0.00042,50,Netflix
64294,22264.7751,851.5,28524.0,797.5,0.54624,0.00137,0.01386,6.7696,0.00024,50,Netflix
64294,18381.15654,2244.0,24509.0,2190.0,0.00421,0.0007,0.00448,2.88219,0.00022,50,Netflix
58454,15237.73226,1514.0,21954.0,1460.0,0.01832,0.00144,0.01642,3.99308,0.00023,50,Netflix
64294,15256.68596,498.0,17209.0,444.0,0.64963,0.00115,0.01982,4.85418,0.00021,50,Netflix
58454,15920.46308,1514.0,20859.0,1460.0,0.00203,0.00115,0.0038,1.64062,0.00024,50,Netflix
55534,12568.35299,1514.0,16114.0,1460.0,0.00098,0.00098,0.00276,1.18672,0.00019,50,Netflix
38014,9007.20447,800.5,13924.0,746.5,0.00093,0.0007,0.00276,1.47594,0.00013,50,Netflix
38014,9183.34197,2244.0,17574.0,2190.0,0.00082,0.00057,0.00192,1.09049,0.00046,50,Netflix
49694,11051.82235,252.0,17574.0,198.0,0.00096,0.00092,0.00275,1.1892,0.00018,50,Netflix
55534,10988.04962,784.0,17574.0,730.0,0.00089,0.00072,0.00244,1.16881,0.00043,50,Netflix
64294,18730.37734,1151.0,24509.0,1097.0,0.57324,0.00127,0.01208,6.79405,0.00017,50,Netflix
64294,17434.70488,851.5,24509.0,797.5,1.77516,0.00073,0.01067,6.83455,0.00054,50,Netflix
58454,17118.86902,850.5,21589.0,796.5,0.09715,0.00092,0.01168,6.12767,0.00048,50,Netflix
42394,13346.95711,1332.5,24874.0,1278.5,0.42012,0.00085,0.02026,6.69036,0.00041,50,Netflix
64294,21637.69712,671.5,30714.0,617.5,0.29978,0.00115,0.00516,6.71687,0.00037,50,Netflix
64294,22140.16464,1303.5,23414.0,1249.5,0.72923,0.00294,0.01835,6.71871,0.00048,50,Netflix
64294,20562.08311,2064.0,27429.0,2010.0,2.539,0.00296,0.02555,6.84819,0.00092,50,Netflix
64294,18125.56767,848.0,9909.0,794.0,0.43227,0.00165,0.01601,4.87058,0.0004,50,Netflix
62834,19077.84213,1514.0,10274.0,1460.0,0.6143,0.00098,0.00515,6.83698,0.00019,50,Netflix
64294,14813.23799,1514.0,17209.0,1460.0,0.00172,0.00153,0.0041,1.4473,0.00028,50,Netflix
64294,18856.4186,5164.0,28889.0,5110.0,0.00568,0.00149,0.00649,2.55125,0.00042,50,Netflix
45314,15495.95883,4434.0,27064.0,4380.0,0.00498,0.0009,0.00555,2.72581,0.00021,50,Netflix
64294,13997.50943,471.0,6989.0,417.0,0.56898,0.00097,0.03846,5.54254,0.00018,50,Netflix
64294,18741.19117,845.0,29254.0,791.0,0.47511,0.0014,0.00491,6.80482,0.00027,50,Netflix
29254,11364.91609,2974.0,23414.0,2920.0,0.00063,0.00087,0.00143,0.95987,0.0003,50,Netflix
36554,12834.71342,532.0,23414.0,478.0,0.09683,0.00088,0.00562,6.42207,0.00026,50,Netflix
64294,19523.547,850.0,25969.0,796.0,0.38828,0.00105,0.00412,6.7751,0.00033,50,Netflix
58454,20511.11379,500.5,30349.0,446.5,0.13804,0.00248,0.0038,6.47929,0.00025,50,Netflix
64294,16567.43266,1335.0,19399.0,1281.0,0.0024,0.00067,0.00331,2.20199,0.0003,50,Netflix
42394,13136.42132,1514.0,24509.0,1460.0,0.00077,0.00089,0.00201,1.13457,0.00027,50,Netflix
64294,19821.07106,583.5,27064.0,529.5,0.43649,0.00135,0.01651,5.13541,0.00046,50,Netflix
64294,19857.23716,850.5,28524.0,796.5,2.85812,0.00247,0.0238,6.87535,0.00042,50,Netflix
64294,16686.84237,1126.5,18669.0,1072.5,0.00161,0.00134,0.00406,1.41559,0.00024,50,Netflix
46774,14006.93918,847.5,21954.0,793.5,0.58037,0.00215,0.01703,5.67316,0.00024,50,Netflix
64294,21576.47985,682.5,30349.0,628.5,0.25136,0.00246,0.00622,6.57932,0.00035,50,Netflix
64294,19230.93559,432.5,27794.0,378.5,0.00292,0.00143,0.0053,1.90437,0.00022,50,Netflix
32174,11330.60779,339.0,17574.0,285.0,0.00097,0.00076,0.00225,1.39341,0.00016,50,Netflix
64294,21707.1582,848.5,27794.0,794.5,0.00963,0.00259,0.02589,2.25667,0.00041,50,Netflix
64294,24466.84555,1204.0,25604.0,1150.0,1.82905,0.00054,0.01496,6.85825,0.00024,50,Netflix
64294,18726.30624,1181.5,27064.0,1127.5,0.00309,0.00089,0.00458,2.14814,0.00033,50,Netflix
64294,15740.395,2244.0,23414.0,2190.0,0.00195,0.00125,0.00408,1.53186,0.00023,50,Netflix
64294,19042.44224,1339.5,25239.0,1285.5,0.52262,0.00118,0.01068,6.80756,0.00019,50,Netflix
64294,20898.72911,844.5,19764.0,790.5,1.6769,0.0012,0.02617,5.37268,0.00048,50,Netflix
64294,24102.48572,844.5,38014.0,790.5,0.7329,0.00249,0.0189,4.82795,0.00034,50,Netflix
64294,19687.12345,720.0,22684.0,666.0,0.07952,0.00222,0.01645,5.38619,0.00056,50,Netflix
64294,24887.02823,814.0,36189.0,760.0,6.38517,0.00265,1.80791,5.98297,0.00078,50,Netflix
64294,25332.29647,845.0,47869.0,791.0,0.65665,0.00317,0.97621,3.98656,0.00067,50,Netflix
64294,21764.56039,1514.0,31444.0,1460.0,0.00121,0.0009,0.00278,1.41056,0.00025,50,Netflix
64294,20009.5906,94.0,37649.0,40.0,0.00155,0.00096,0.00302,1.50304,0.00024,50,Netflix
64294,20070.37473,848.0,19764.0,794.0,0.39616,0.00064,0.0161,5.75021,0.00025,50,Netflix
64294,19127.77531,278.0,32904.0,224.0,0.00124,0.00087,0.00363,1.3418,0.0002,50,Netflix
64294,20994.15151,682.0,21589.0,628.0,0.17225,0.00089,0.038,4.64046,0.00034,50,Netflix
64294,20290.21111,851.0,25969.0,797.0,0.22054,0.00093,0.00369,6.70236,0.00025,50,Netflix
49694,12571.31453,613.5,12464.0,559.5,0.23392,0.00074,0.00396,6.7549,0.00014,50,Netflix
8814,1723.91545,802.0,1514.0,730.0,0.00081,0.00086,0.00198,1.28376,0.00015,50,Netflix
7354,1413.12617,850.5,1514.0,796.5,0.28123,0.00084,0.00606,6.7439,0.00014,50,Netflix
48234,13640.65116,3704.0,20129.0,3650.0,0.0016,0.00079,0.00448,1.64939,0.00024,50,Netflix
32174,11605.56133,2803.0,21224.0,2749.0,0.00114,0.00108,0.00322,1.28985,0.0002,50,Netflix
64294,14375.33371,845.0,22684.0,791.0,0.27036,0.00108,0.03472,4.95667,0.00036,50,Netflix
64294,19729.86762,1514.0,26334.0,1460.0,0.00256,0.00226,0.00561,1.77668,0.00021,50,Netflix
35094,13340.815,1514.0,26334.0,1460.0,0.0011,0.00152,0.00272,1.20383,0.00019,50,Netflix
64294,20237.68071,589.5,20494.0,535.5,0.40092,0.00232,0.01412,6.5938,0.00027,50,Netflix
64294,20996.4721,851.5,26334.0,797.5,0.50892,0.00059,0.01109,6.78497,0.00027,50,Netflix
64294,21226.37231,1150.5,29254.0,1096.5,0.00436,0.00043,0.00985,2.63447,0.00023,50,Netflix
64294,20092.12352,743.0,31444.0,689.0,0.55026,0.00095,0.02013,6.36022,0.00032,50,Netflix
64294,18143.76244,850.5,19399.0,796.5,4.48302,0.00081,0.037,6.44324,0.00049,50,Netflix
55534,16484.63562,1149.5,22684.0,1095.5,0.2935,0.00067,0.01023,6.73437,0.00029,50,Netflix
58454,19395.48319,2974.0,25969.0,2920.0,0.00338,0.00134,0.00544,2.03067,0.00052,50,Netflix
58454,17065.32299,982.0,27794.0,928.0,0.00295,0.00124,0.00339,1.94146,0.00046,50,Netflix
46774,14550.74411,12464.0,27429.0,12410.0,0.00625,0.001,0.00685,3.01605,0.00035,50,Netflix
64294,20483.46325,847.5,26334.0,793.5,0.22913,0.00197,0.01026,6.58804,0.00025,50,Netflix
64294,19792.56083,980.5,23414.0,926.5,0.77366,0.00111,0.01715,4.79665,0.00021,50,Netflix
64294,17690.65731,850.0,27064.0,796.0,1.58193,0.00107,0.01085,6.87866,0.00042,50,Netflix
64294,17916.44686,546.0,25604.0,492.0,0.63974,0.00138,0.03311,4.84777,0.00032,50,Netflix
64294,17765.36066,1220.5,2609.0,1166.5,1.05331,0.00087,0.03918,5.82893,0.0002,50,Netflix
64294,21975.09934,1159.5,29984.0,1105.5,0.13039,0.00074,0.02176,6.07233,0.00038,50,Netflix
64294,19636.86546,1514.0,15749.0,1460.0,0.00564,0.00087,0.01105,2.52783,0.00028,50,Netflix
64294,15370.65922,784.0,21954.0,730.0,0.00231,0.00147,0.00732,1.60058,0.00024,50,Netflix
64294,15944.12346,250.0,20494.0,196.0,0.27942,0.00096,0.0133,6.60777,0.00028,50,Netflix
64294,16421.42761,679.0,25604.0,625.0,0.00269,0.0009,0.00747,1.87498,0.00026,50,Netflix
64294,17861.51624,1146.0,28889.0,1092.0,0.55708,0.00277,0.01401,6.75221,0.00034,50,Netflix
64294,22867.08566,851.5,24874.0,797.5,6.59444,0.00262,0.01782,5.53986,0.00046,50,Netflix
52614,18235.79154,1514.0,30349.0,1460.0,0.006,0.00079,0.00849,2.73008,0.00032,50,Netflix
64294,20344.30033,840.0,19399.0,786.0,0.57352,0.00092,0.01691,4.85614,0.00025,50,Netflix
64294,18727.55529,609.5,24874.0,555.5,0.00091,0.00096,0.00253,1.23655,0.00018,50,Netflix
64294,19622.48926,814.0,24509.0,760.0,0.59501,0.00096,0.01775,5.31984,0.00017,50,Netflix
64294,19674.67507,850.5,33634.0,796.5,1.84586,0.00282,0.04071,6.60813,0.00083,50,Netflix
64294,22935.89858,1154.0,27064.0,1100.0,2.12371,0.00213,0.02436,4.9755,0.00092,50,Netflix
64294,20033.45619,848.5,27429.0,794.5,0.30843,0.00102,0.01419,6.50965,0.0006,50,Netflix
64294,17178.82136,1334.0,13194.0,1280.0,0.5661,0.00187,0.02706,5.7632,0.00019,50,Netflix
64294,9490.23316,90.0,2974.0,0.0,0.00348,0.00014,0.00239,4.1299,8e-05,50,Netflix
64294,14617.20986,850.5,10274.0,796.5,1.00098,0.00303,0.01715,6.79986,0.00034,50,Netflix
24874,7315.36391,802.0,8814.0,730.0,0.00141,0.00262,0.00342,1.18881,0.00017,50,Netflix
39474,8224.02616,802.0,9909.0,730.0,0.00258,0.00251,0.00715,1.48045,0.00022,50,Netflix
59914,10180.24876,802.0,4069.0,730.0,0.00404,0.00245,0.01128,1.67936,0.00047,50,Netflix
19034,4575.7042,802.0,5529.0,730.0,0.00135,0.00113,0.00383,1.39518,0.00017,50,Netflix
16114,3518.36371,794.0,4434.0,730.0,0.00155,0.00188,0.00404,1.12387,0.00036,50,Netflix
24874,5265.8053,1514.0,4434.0,1460.0,0.00206,0.00148,0.00525,1.52605,0.00019,50,Netflix
20494,5376.29017,1514.0,5894.0,1460.0,0.00325,0.00252,0.00928,1.73533,0.00022,50,Netflix
21954,5740.69277,790.0,8449.0,730.0,0.00297,0.00246,0.00626,1.55278,0.00044,50,Netflix
21954,5715.69759,1514.0,5529.0,1460.0,0.0115,0.00095,0.00858,3.79506,0.00032,50,Netflix
13194,3362.75011,802.0,2974.0,730.0,0.00458,0.00181,0.0117,2.26879,0.00023,50,Netflix
11734,3451.88862,458.5,6989.0,404.5,0.00671,0.0024,0.0065,2.68462,0.00033,50,Netflix
39474,11203.43802,1006.0,15384.0,952.0,0.6352,0.0076,0.01772,4.85179,0.00032,50,Netflix
35094,9313.90918,1149.5,17209.0,1095.5,0.01759,0.00296,0.01177,3.69667,0.00036,50,Netflix
43854,11802.86973,1514.0,16114.0,1460.0,0.00324,0.00153,0.00966,1.5963,0.0005,50,Netflix
56994,13897.63563,2974.0,17209.0,2920.0,0.00242,0.00296,0.00702,1.20925,0.00038,50,Netflix
58454,16212.94338,2244.0,24874.0,2190.0,0.0037,0.00144,0.0112,1.62413,0.00042,50,Netflix
49694,12169.22043,1514.0,23049.0,1460.0,0.00198,0.00227,0.00594,1.26733,0.00038,50,Netflix
42394,9147.7593,784.0,13924.0,730.0,0.00116,0.00111,0.00312,1.16473,0.00029,50,Netflix
38014,9815.54474,580.5,10274.0,526.5,0.13781,0.00182,0.01294,6.19279,0.00031,50,Netflix
64294,21352.04007,867.0,27794.0,813.0,0.30189,0.00098,0.01472,6.43686,0.00026,50,Netflix
61374,17907.51279,848.0,24874.0,794.0,0.56628,0.00224,0.01527,5.43736,0.0004,50,Netflix
59914,17093.45155,1514.0,29254.0,1460.0,0.00172,0.00259,0.00459,1.14229,0.00019,50,Netflix
52614,14353.71323,1514.0,24509.0,1460.0,0.00126,0.00258,0.00276,1.1288,0.00016,50,Netflix
45314,10750.55832,743.5,17574.0,689.5,0.00092,0.00123,0.00254,1.14159,0.00015,50,Netflix
473,57.94799,70.0,70.0,1.0,23.86692,44.95785,48.55391,1.19978,0.05023,50,Netflix
64294,21067.57179,845.0,27429.0,791.0,0.687,0.00247,0.94457,4.10264,0.00034,50,Netflix
17574,4378.29542,851.0,4434.0,797.0,3.40943,0.00646,0.031,6.84997,0.00078,50,Netflix
58454,14756.51981,1514.0,26334.0,1460.0,0.00223,0.00075,0.00765,1.79712,0.00029,50,Netflix
24874,7317.49903,1514.0,4434.0,1460.0,0.00291,0.00261,0.00859,1.36403,0.00034,50,Netflix
64294,15663.71709,319.5,23049.0,265.5,0.00706,0.00103,0.00652,3.26659,0.00024,50,Netflix
42394,11035.2823,1514.0,8084.0,1460.0,0.00603,0.00173,0.01511,2.04946,0.0003,50,Netflix
52614,11903.79761,849.5,20494.0,795.5,0.29096,0.00141,0.01331,6.49641,0.00044,50,Netflix
42394,11811.2035,987.0,20494.0,933.0,0.01808,0.00196,0.01239,3.69683,0.00034,50,Netflix
29254,9477.59312,784.0,20494.0,730.0,0.00216,0.0018,0.0066,1.39561,0.00033,50,Netflix
64294,15026.71677,433.5,14654.0,379.5,0.37965,0.00146,0.01168,6.69147,0.00024,50,Netflix
56994,13668.75049,2244.0,18669.0,2190.0,0.00286,0.0023,0.00893,1.61896,0.0002,50,Netflix
64294,15713.3988,784.0,20129.0,730.0,0.00247,0.0024,0.00741,1.50806,0.00027,50,Netflix
40934,11516.09648,1514.0,20494.0,1460.0,0.00149,0.00218,0.00404,1.21948,0.00029,50,Netflix
1494,199.45795,71.0,71.0,29.0,1.2346,0.16937,2.51888,2.47041,0.04652,50,Netflix
64294,21165.17363,707.0,23414.0,653.0,0.75766,0.0033,0.31899,4.4601,0.00034,50,Netflix
56994,15321.62705,3704.0,20494.0,3650.0,0.00257,0.00127,0.00616,1.69459,0.00034,50,Netflix
64294,13769.47735,1029.5,21589.0,975.5,0.00209,0.00156,0.0048,1.54109,0.00032,50,Netflix
64294,18063.35696,1514.0,21954.0,1460.0,0.00192,0.00217,0.00548,1.37524,0.00029,50,Netflix
52614,13091.47411,982.0,19399.0,928.0,0.00122,0.00088,0.00333,1.33905,0.00026,50,Netflix
64294,22859.9768,391.0,25604.0,337.0,0.56613,0.00374,0.03577,5.45587,0.00047,50,Netflix
64294,19583.37971,565.5,28524.0,511.5,2.11357,0.00129,0.01792,5.35839,0.00053,50,Netflix
58454,18462.04445,604.0,15749.0,550.0,0.39748,0.00109,0.01267,6.61809,0.00046,50,Netflix
64294,17128.89832,849.5,21954.0,795.5,0.36254,0.00075,0.00745,6.77079,0.00028,50,Netflix
45314,12908.54688,4434.0,24874.0,4380.0,0.00178,0.00077,0.00551,1.60807,0.00032,50,Netflix
33634,11248.23912,83.5,23049.0,29.5,0.00129,0.0008,0.0036,1.48436,0.00022,50,Netflix
23414,10183.60204,784.0,21589.0,730.0,0.00077,0.00066,0.0012,1.09286,0.0004,50,Netflix
38014,10675.37645,513.0,18669.0,459.0,0.15155,0.00075,0.01113,6.34562,0.00037,50,Netflix
64294,19818.27535,72.0,27794.0,12.5,6.66503,0.00105,1.01872,5.285,0.0002,50,Netflix
64294,18970.64219,849.0,25969.0,795.0,0.30643,0.00098,0.00803,6.70943,0.00032,50,Netflix
64294,14849.94114,502.5,26334.0,448.5,0.24563,0.00054,0.00601,6.72188,0.00036,50,Netflix
64294,19573.8537,682.5,25604.0,628.5,0.56632,0.00116,0.01382,6.16647,0.00036,50,Netflix
64294,23676.87249,300.0,42394.0,246.0,2.17289,0.00108,0.01228,6.88529,0.00046,50,Netflix
64294,22268.63295,54.0,29984.0,0.0,0.00258,0.00174,0.00832,1.65986,0.00029,50,Netflix
1494,199.46753,71.0,71.0,29.0,1.17069,0.17432,2.52842,2.38831,0.0405,50,Netflix
64294,21916.48717,971.5,23414.0,917.5,0.47065,0.00147,0.01348,6.69507,0.00028,50,Netflix
59914,18436.77422,1021.0,27794.0,967.0,0.91795,0.00166,0.01115,6.83261,0.00043,50,Netflix
58454,16191.50114,339.5,20129.0,285.5,0.08481,0.0026,0.02639,5.25076,0.00077,50,Netflix
64294,20357.14654,849.5,30349.0,795.5,0.84168,0.0009,0.01527,6.74329,0.00037,50,Netflix
58454,15369.40017,1145.0,11734.0,1091.0,0.58239,0.00281,0.01635,5.38363,0.00027,50,Netflix
64294,17234.95216,5894.0,27064.0,5840.0,0.0013,0.00059,0.0032,1.4187,0.00039,50,Netflix
64294,20027.42753,1095.0,24144.0,1041.0,0.40731,0.00151,0.0086,6.76594,0.00026,50,Netflix
58454,14349.29608,846.0,5894.0,792.0,0.88756,0.00122,0.01467,6.782,0.00064,50,Netflix
52614,14920.95469,1330.5,20494.0,1276.5,0.01659,0.00156,0.01739,3.28419,0.00065,50,Netflix
46774,12531.51688,546.0,17574.0,492.0,0.55517,0.00111,0.00927,6.81303,0.00033,50,Netflix
64294,24298.3067,1155.0,42759.0,1101.0,1.12188,0.0016,0.01321,5.13772,0.00034,50,Netflix
58454,16852.54776,463.5,19034.0,409.5,1.99777,0.0077,0.08311,4.93472,0.00099,50,Netflix
40934,10545.72835,1160.5,13194.0,1106.5,0.42675,0.00125,0.00733,6.76329,0.00022,50,Netflix
58454,15531.43581,4434.0,23414.0,4380.0,0.00775,0.00165,0.00828,2.62399,0.00061,50,Netflix
43854,12345.96308,519.5,14654.0,465.5,0.10442,0.00096,0.01808,6.08521,0.00023,50,Netflix
35094,9735.23046,1514.0,1514.0,1460.0,0.00096,0.00018,0.00153,2.38324,7e-05,50,Netflix
1494,199.45029,71.0,71.0,29.0,1.34488,0.17348,3.17267,2.37639,0.0427,50,Netflix
64294,16783.06775,1333.0,26334.0,1279.0,0.00267,0.00073,0.00574,1.87489,0.0004,50,Netflix
61374,17136.95453,1316.0,24509.0,1262.0,0.00162,0.00118,0.00413,1.47073,0.00018,50,Netflix
51154,14937.7337,784.0,21589.0,730.0,0.00119,0.00086,0.00263,1.29045,0.00034,50,Netflix
64294,16706.71004,425.0,26334.0,371.0,0.00132,0.00175,0.00376,1.24094,0.00015,50,Netflix
58454,17049.84466,1514.0,27794.0,1460.0,0.00308,0.00183,0.00655,1.77996,0.00022,50,Netflix
64294,20518.45452,671.0,27429.0,617.0,0.18063,0.00164,0.01599,6.16288,0.0002,50,Netflix
64294,25657.40619,595.5,24874.0,541.5,0.29848,0.00029,0.02745,6.37135,0.00014,50,Netflix
64294,19580.485,2065.0,25969.0,2011.0,1.69748,0.00058,0.01822,6.86435,0.0005,50,Netflix
58454,19164.87195,852.5,28889.0,798.5,0.41788,0.00104,0.00454,6.78106,0.00046,50,Netflix
64294,19441.39197,1514.0,30349.0,1460.0,0.00113,0.00076,0.00223,1.20896,0.00049,50,Netflix
58454,20897.4862,1151.0,29254.0,1097.0,0.24403,0.00185,0.01999,4.78857,0.00074,50,Netflix
64294,23058.89018,624.5,24509.0,570.5,0.33248,0.00161,0.02082,6.47465,0.0003,50,Netflix
64294,22857.74279,1514.0,34364.0,1460.0,0.00573,0.00181,0.00613,2.68629,0.00037,50,Netflix
64294,20480.88553,360.5,21954.0,306.5,0.30585,0.00126,0.03352,6.44917,0.00027,50,Netflix
64294,22413.26283,1147.5,25969.0,1093.5,0.30857,0.0017,0.0129,6.6425,0.00044,50,Netflix
64294,20719.87559,374.0,22319.0,320.0,0.61895,0.00175,0.02008,6.69201,0.00049,50,Netflix
6181,1260.78817,58.0,70.0,0.0,18.25777,11.10887,44.96626,1.75158,0.0432,50,Netflix
64294,24703.96958,846.5,33999.0,792.5,0.3109,0.00057,0.02601,4.68777,0.0002,50,Netflix
64294,26145.75945,300.0,42394.0,246.0,0.33522,0.00089,0.01506,6.61651,0.00027,50,Netflix
64294,23010.75901,546.5,23779.0,492.5,0.15463,0.00265,0.02377,5.8172,0.00024,50,Netflix
64294,19592.7114,400.0,29619.0,346.0,0.00157,0.00086,0.00273,1.61117,0.00028,50,Netflix
64294,21737.69969,846.5,35094.0,792.5,0.35851,0.00106,0.00385,6.74883,0.00028,50,Netflix
64294,15518.1929,1073.5,20129.0,1019.5,4.78961,0.00311,0.02253,6.88674,0.00066,50,Netflix
64294,24478.88281,546.0,15749.0,492.0,1.27848,0.00117,0.03325,6.78128,0.00016,50,Netflix
64294,23253.35881,546.5,19034.0,492.5,0.57505,0.00166,0.04809,5.43309,0.00031,50,Netflix
64294,20127.34357,972.5,24874.0,918.5,0.37815,0.00095,0.02981,6.52744,0.00025,50,Netflix
64294,19372.64396,1514.0,11734.0,1460.0,0.71485,0.00111,0.04417,6.65251,0.00028,50,Netflix
64294,19345.9221,849.5,28524.0,795.5,0.32514,0.00072,0.00424,6.75484,0.00037,50,Netflix
64294,24562.53353,845.0,33634.0,791.0,0.24951,0.00293,0.04832,4.76604,0.00033,50,Netflix
64294,22616.50746,54.0,31444.0,0.0,0.00147,0.0005,0.00365,1.77213,0.0002,50,Netflix
64294,21540.03802,373.5,31444.0,319.5,0.39331,0.0006,0.00786,6.78001,0.0002,50,Netflix
64294,19092.51415,1253.0,22684.0,1199.0,0.0015,0.00075,0.00163,2.01901,0.00016,50,Netflix
64294,19987.39295,1152.5,34364.0,1098.5,0.26097,0.00089,0.01024,6.36365,0.00027,50,Netflix
58454,16953.50392,851.5,20494.0,797.5,1.05713,0.00252,0.00967,6.84327,0.00055,50,Netflix
64294,23692.1739,1760.5,37649.0,1706.5,0.00136,0.0009,0.00315,1.38394,0.00026,50,Netflix
64294,19818.69365,973.5,21224.0,919.5,0.29756,0.00106,0.01661,6.62943,0.00018,50,Netflix
64294,25317.98395,851.5,46774.0,797.5,0.29008,0.00098,0.00571,6.72302,0.00024,50,Netflix
64294,20067.22763,4434.0,35094.0,4380.0,0.6011,0.00284,0.01242,6.72687,0.00041,50,Netflix
64294,22094.53449,1514.0,30349.0,1460.0,0.00521,0.00124,0.01344,2.15318,0.00024,50,Netflix
64294,22788.69923,849.5,38744.0,795.5,7.12001,0.00224,5.29118,4.56317,0.00098,50,Netflix
64294,24695.18575,546.5,35459.0,492.5,0.55303,0.00153,0.03872,5.08911,0.00031,50,Netflix
64294,29652.25014,2244.0,64294.0,2190.0,0.29965,0.0003,0.05344,5.79717,6e-05,50,Netflix
64294,26306.00828,1436.0,53709.0,1382.0,0.33949,0.00248,0.02021,6.43647,0.00062,50,Netflix
64294,27087.15995,1421.0,54439.0,1367.0,0.00174,0.00073,0.00328,1.95442,0.00023,50,Netflix
64294,21184.42848,1514.0,26699.0,1460.0,0.00343,0.00089,0.00925,2.03299,0.00025,50,Netflix
64294,19466.55653,707.0,18304.0,653.0,0.6167,0.00257,0.03606,5.17452,0.00027,50,Netflix
58454,18996.9289,850.0,23414.0,796.0,1.54844,0.00243,0.04095,5.00053,0.00062,50,Netflix
64294,18542.96687,845.0,27429.0,791.0,0.16678,0.00071,0.01584,6.38311,0.00052,50,Netflix
64294,23665.99351,850.5,29984.0,796.5,1.0002,0.00066,0.03063,6.7743,0.00038,50,Netflix
64294,22181.60884,1335.0,34729.0,1281.0,0.18887,0.0022,0.03684,6.08768,0.00025,50,Netflix
64294,19889.14354,1420.0,25604.0,1366.0,0.1322,0.00162,0.00328,6.51883,0.00016,50,Netflix
49694,15646.38273,300.0,24509.0,246.0,0.1931,0.00059,0.00642,6.64047,0.00035,50,Netflix
58454,17157.14776,1065.5,20859.0,1011.5,0.53032,0.00098,0.01203,6.69794,0.00039,50,Netflix
46774,13824.72834,2244.0,17574.0,2190.0,0.00893,0.00135,0.0091,3.37004,0.00023,50,Netflix
64294,20127.1489,1049.0,29254.0,995.0,0.32061,0.00251,0.01677,6.47552,0.00051,50,Netflix
64294,19075.69138,305.5,27794.0,251.5,0.38338,0.00251,0.00938,4.76942,0.00029,50,Netflix
58454,18841.98613,2065.0,27064.0,2011.0,0.9182,0.00064,0.00532,6.86919,0.00036,50,Netflix
58454,18336.05604,1760.5,32539.0,1706.5,0.00116,0.00097,0.0032,1.14489,0.00033,50,Netflix
64294,16816.36087,3704.0,24874.0,3650.0,0.00261,0.00093,0.00326,1.95415,0.00037,50,Netflix
1494,199.43469,71.0,71.0,29.0,1.16825,0.16482,2.52344,2.35011,0.04761,50,Netflix
64294,19105.25574,546.0,24874.0,492.0,0.50345,0.00126,0.02075,6.61604,0.00042,50,Netflix
64294,26660.73364,1334.0,47504.0,1280.0,0.00759,0.0014,0.01944,2.46534,0.00027,50,Netflix
64294,26015.92655,1160.5,51154.0,1106.5,0.42569,0.00191,0.01753,6.56429,0.00027,50,Netflix
64294,25741.79296,383.0,47869.0,329.0,0.00744,0.00036,0.00564,4.21385,0.00022,50,Netflix
64294,27821.92116,546.0,58454.0,492.0,0.17631,0.00046,0.03475,4.63101,0.00015,50,Netflix
64294,22099.78757,546.5,29984.0,492.5,1.12872,0.00252,0.04854,4.99351,0.00041,50,Netflix
1247,183.90067,99.5,130.75,43.5,12.97732,14.9036,31.76309,1.59315,0.04868,50,Netflix
64294,26234.56584,1514.0,50789.0,1460.0,1.01742,0.00262,0.03563,6.70194,0.00063,50,Netflix
64294,23946.11888,1149.0,32904.0,1095.0,0.4039,0.00372,0.05258,5.19847,0.00036,50,Netflix
64294,25075.44211,979.0,41299.0,925.0,0.53687,0.00138,0.03442,6.57416,0.00076,50,Netflix
64294,19396.4503,1514.0,24144.0,1460.0,0.00497,0.00081,0.00282,3.25841,0.00029,50,Netflix
64294,20258.19218,1155.0,29984.0,1101.0,0.55921,0.0008,0.06363,5.49016,0.0002,50,Netflix
58454,19180.54313,1293.5,26334.0,1239.5,0.74742,0.00131,0.00238,6.8507,0.00053,50,Netflix
64294,24316.66667,546.5,34364.0,492.5,1.33166,0.00115,0.03677,5.73492,0.00037,50,Netflix
64294,23412.83422,746.0,21589.0,692.0,0.52075,0.00313,0.03904,6.23135,0.0008,50,Netflix
64294,24757.52038,461.5,43489.0,407.5,0.77018,0.0015,0.02135,6.73864,0.00032,50,Netflix
58454,18730.136,671.0,12464.0,617.0,0.24248,0.00112,0.00669,6.67215,0.00028,50,Netflix
64294,20627.06381,672.0,31444.0,618.0,0.77371,0.00158,0.03829,6.65613,0.00048,50,Netflix
45314,12397.24426,4254.0,19034.0,4200.0,0.01073,0.00179,0.03179,2.52415,0.00098,50,Netflix
40934,10822.49066,784.0,16114.0,730.0,0.00114,0.00175,0.00289,1.07138,0.0002,50,Netflix
64294,14226.77976,215.0,17574.0,161.0,0.00226,0.00155,0.00375,1.77695,0.00024,50,Netflix
58454,14191.44033,2244.0,20494.0,2190.0,0.00246,0.00194,0.00372,1.74316,0.00022,50,Netflix
64294,14466.35311,3704.0,18669.0,3650.0,0.00495,0.00143,0.00704,2.34104,0.00028,50,Netflix
62834,15079.64447,5894.0,23049.0,5840.0,0.00625,0.00104,0.01264,2.51058,0.00062,50,Netflix
46774,14470.59923,1155.0,20129.0,1101.0,0.59427,0.00186,0.01496,5.24279,0.00024,50,Netflix
58454,15092.40154,1160.0,21954.0,1106.0,0.54794,0.00082,0.01009,6.81611,0.00032,50,Netflix
64294,21058.51,3704.0,26334.0,3650.0,1.6061,0.00397,0.03939,6.766,0.00062,50,Netflix
46774,15379.56119,5164.0,23779.0,5110.0,0.00184,0.00134,0.00509,1.4862,0.00024,50,Netflix
49694,12647.60255,1155.0,19034.0,1101.0,0.00159,0.00101,0.00274,1.73507,0.00018,50,Netflix
56994,14636.58484,1885.0,21589.0,1831.0,0.00323,0.00099,0.0038,2.22158,0.00021,50,Netflix
64294,14816.9128,4434.0,27794.0,4380.0,0.00377,0.00142,0.00975,1.96864,0.00024,50,Netflix
64294,18480.04496,546.5,27794.0,492.5,0.55965,0.0013,0.0385,4.81839,0.0003,50,Netflix
45314,13950.17585,5164.0,27429.0,5110.0,0.0016,0.0008,0.00499,1.51394,0.00026,50,Netflix
58454,17927.23043,1509.5,27794.0,1455.5,0.00202,0.00097,0.00371,1.77559,0.00021,50,Netflix
64294,17731.80515,771.0,29254.0,717.0,0.00154,0.00111,0.00436,1.42662,0.00018,50,Netflix
64294,16761.40624,2244.0,23414.0,2190.0,0.00142,0.00091,0.00292,1.53854,0.00019,50,Netflix
64294,18621.93228,5894.0,27429.0,5840.0,0.00465,0.00222,0.01061,2.17127,0.00034,50,Netflix
64294,21343.9498,1152.0,29254.0,1098.0,0.55435,0.00172,0.01905,6.55098,0.00035,50,Netflix
64294,21149.37304,845.0,15019.0,791.0,0.5768,0.001,0.01626,5.55794,0.00023,50,Netflix
64294,14099.12558,784.0,16844.0,730.0,0.00229,0.00127,0.00576,1.7155,0.00016,50,Netflix
64294,13614.0107,1317.0,18669.0,1263.0,0.0023,0.00087,0.00352,2.066,0.00017,50,Netflix
64294,19481.84677,294.0,23414.0,240.0,0.22784,0.00134,0.01598,6.38394,0.00029,50,Netflix
58454,16411.80869,682.0,24144.0,628.0,0.57618,0.00084,0.0144,5.40269,0.00046,50,Netflix
64294,22711.49482,1154.0,27064.0,1100.0,3.77476,0.0016,0.04335,5.15023,0.00036,50,Netflix
64294,20548.24588,317.5,28159.0,263.5,0.22613,0.00152,0.02677,6.17217,0.00033,50,Netflix
58454,18499.32724,1152.5,16114.0,1098.5,3.45457,0.0028,0.7872,6.05863,0.00138,50,Netflix
64294,23407.74651,851.5,40569.0,797.5,0.07153,0.00199,0.01144,5.89955,0.00024,50,Netflix
64294,18091.22464,1514.0,23414.0,1460.0,0.0025,0.00097,0.00254,2.203,0.00023,50,Netflix
58454,17452.29486,1222.5,25604.0,1168.5,0.25389,0.00209,0.01255,6.53032,0.00034,50,Netflix
64294,16999.44152,784.0,27794.0,730.0,0.00119,0.00186,0.00301,1.11086,0.00029,50,Netflix
39474,13653.67954,168.5,26334.0,114.5,0.00158,0.00104,0.00262,1.63509,0.00019,50,Netflix
64294,21206.68589,99.5,27429.0,45.5,0.17605,0.00053,0.03298,6.15103,0.00018,50,Netflix
64294,25116.48563,1146.0,29254.0,1092.0,0.19584,0.00091,0.01561,6.42074,0.00019,50,Netflix
64294,25134.39692,306.5,33269.0,252.5,0.3332,0.00285,0.03274,6.29701,0.0002,50,Netflix
64294,15760.46264,1158.5,24874.0,1104.5,0.10347,0.0009,0.00647,6.42527,0.00031,50,Netflix
58454,15410.36228,787.0,25969.0,733.0,0.43268,0.00094,0.01537,6.66738,0.00029,50,Netflix
64294,25317.85569,8084.0,39109.0,8030.0,3.38216,0.00098,0.01281,6.90063,0.00027,50,Netflix
59914,18736.86253,844.5,20129.0,790.5,0.60877,0.0009,0.01656,5.11652,0.00052,50,Netflix
64294,24065.10814,849.5,32174.0,795.5,6.53644,0.00184,2.0669,5.34661,0.00081,50,Netflix
64294,26027.05659,300.0,38744.0,246.0,0.30223,0.00077,0.01589,6.55504,0.00024,50,Netflix
64294,22807.63926,1514.0,29984.0,1460.0,0.3115,0.00146,0.01578,6.62639,0.00035,50,Netflix
64294,22541.92895,1152.5,34364.0,1098.5,0.79497,0.00164,0.02698,5.15052,0.0007,50,Netflix
58454,17314.6631,767.5,18669.0,713.5,0.392,0.00079,0.01236,6.72424,0.00046,50,Netflix
64294,23036.01167,711.5,36189.0,657.5,1.10534,0.00167,0.66715,4.5295,0.00034,50,Netflix
64294,21544.94442,604.5,29254.0,550.5,1.18358,0.00114,0.04172,4.82248,0.00029,50,Netflix
58454,16556.94647,1514.0,2609.0,1460.0,0.00531,0.00036,0.00255,3.75634,0.00014,50,Netflix
58454,19863.20141,54.0,23049.0,0.0,0.00363,0.001,0.01192,2.15956,0.0002,50,Netflix
64294,17132.46596,1514.0,1514.0,1460.0,0.36445,0.00038,0.0095,6.78838,5e-05,50,Netflix
64294,21195.60167,1148.5,23414.0,1094.5,0.66211,0.00167,0.031,4.81785,0.00029,50,Netflix
64294,23105.15756,1254.0,33999.0,1200.0,0.12713,0.00247,0.0138,6.04237,0.0002,50,Netflix
64294,24810.13028,546.0,33634.0,492.0,0.75369,0.00219,0.85153,4.06592,0.00031,50,Netflix
64294,27626.1822,1152.0,52249.0,1098.0,1.22257,0.00057,0.02886,4.82029,0.00021,50,Netflix
64294,21670.47744,1152.5,32174.0,1098.5,0.4861,0.00119,0.01684,6.02347,0.00043,50,Netflix
64294,23317.98369,848.5,23049.0,794.5,1.22046,0.00228,1.65805,4.07081,0.00049,50,Netflix
64294,24818.01183,1150.5,41299.0,1096.5,1.93429,0.00127,0.04582,5.08036,0.00064,50,Netflix
64294,24295.46047,973.5,30714.0,919.5,0.20826,0.00289,0.03332,5.66155,0.00022,50,Netflix
64294,17136.01375,503.5,26334.0,449.5,0.26085,0.00118,0.0059,6.67942,0.00022,50,Netflix
64294,22748.3224,848.5,25239.0,794.5,0.22233,0.00098,0.01503,6.40752,0.00025,50,Netflix
64294,24563.57795,1152.0,42394.0,1098.0,1.32393,0.00225,0.01756,5.50613,0.00046,50,Netflix
64294,19345.2146,849.0,27064.0,795.0,0.51053,0.00064,0.00684,6.81126,0.0005,50,Netflix
64294,23765.7857,849.0,32904.0,795.0,0.33666,0.00413,0.05821,6.17747,0.00027,50,Netflix
64294,23446.41815,1514.0,42394.0,1460.0,0.00125,0.00082,0.00307,1.38429,0.00022,50,Netflix
64294,24677.37742,798.0,40934.0,744.0,0.0031,0.00149,0.00709,1.73254,0.00023,50,Netflix
64294,21168.69208,847.5,36189.0,793.5,0.22434,0.00094,0.01075,6.62301,0.00017,50,Netflix
64294,21380.63309,1335.0,27429.0,1281.0,0.39776,0.00093,0.00472,6.78643,0.00022,50,Netflix
55534,15906.48277,153.0,23049.0,99.0,0.00115,0.00103,0.00254,1.53175,0.00013,50,Netflix
64294,18445.95915,1196.5,23414.0,1142.5,0.12818,0.00094,0.01241,6.36421,0.00038,50,Netflix
64294,20469.04591,300.5,28524.0,246.5,0.44984,0.00088,0.00427,6.80662,0.00031,50,Netflix
64294,20186.7172,1862.0,33634.0,1808.0,0.00137,0.00078,0.00263,1.53222,0.00026,50,Netflix
64294,19860.04266,1145.5,30714.0,1091.5,0.11332,0.00109,0.01395,6.05563,0.00018,50,Netflix
64294,21467.78356,851.5,30349.0,797.5,0.5197,0.00051,0.00691,6.82588,0.00026,50,Netflix
64294,22578.93032,487.5,30714.0,433.5,0.01331,0.00076,0.00796,4.33697,0.00016,50,Netflix
64294,24046.55813,1147.0,35094.0,1093.0,0.63204,0.00122,0.01644,4.90368,0.00031,50,Netflix
64294,27493.68605,1335.0,58089.0,1281.0,3.2045,0.00308,0.02564,6.53465,0.00036,50,Netflix
64294,19214.06318,65.0,17209.0,5.5,0.01884,0.00122,0.01454,3.88414,0.0002,50,Netflix
64294,21047.08055,1152.5,33269.0,1098.5,3.25506,0.00158,0.03215,5.8265,0.00055,50,Netflix
64294,17739.58583,682.5,25604.0,628.5,0.43316,0.00073,0.00295,6.81298,0.00035,50,Netflix
64294,26090.63732,60.0,51884.0,0.0,0.80785,0.0014,0.01967,6.72761,0.00042,50,Netflix
64294,23355.33391,2794.0,42394.0,2740.0,0.39593,0.00094,0.01923,5.06756,0.0004,50,Netflix
64294,25066.47643,54.0,28159.0,0.0,0.0042,0.00135,0.01104,2.2353,0.00028,50,Netflix
64294,24163.51035,352.0,42394.0,298.0,0.1463,0.00248,0.0202,5.94141,0.00034,50,Netflix
64294,20623.72401,546.0,29984.0,492.0,0.45267,0.00076,0.01615,5.4993,0.0003,50,Netflix
64294,25947.60616,546.5,40934.0,492.5,6.43847,0.00112,3.53918,5.52492,0.00029,50,Netflix
64294,25034.87966,546.0,42029.0,492.0,1.53496,0.00297,0.01566,5.67629,0.00037,50,Netflix
64294,25123.18364,748.5,23414.0,694.5,0.27648,0.00163,0.0762,5.05176,0.00023,50,Netflix
64294,18096.39548,621.5,16844.0,567.5,1.98896,0.00105,0.69804,4.98506,0.00038,50,Netflix
64294,23029.27642,1146.0,34364.0,1092.0,0.91344,0.00373,0.70533,4.30642,0.00034,50,Netflix
64294,26420.81688,1514.0,56629.0,1460.0,0.21372,0.002,0.01196,6.51895,0.00042,50,Netflix
64294,29194.95314,728.0,62834.0,674.0,0.92038,0.00201,0.04803,4.75386,0.0003,50,Netflix
64294,27109.16301,206.0,46774.0,152.0,0.68753,0.00129,0.05183,4.94087,0.00032,50,Netflix
64294,27343.25246,682.0,50789.0,628.0,0.5709,0.00049,0.329,5.13492,8e-05,50,Netflix
64294,26082.39088,1155.5,52249.0,1101.5,0.97566,0.00222,0.03297,4.80714,0.0006,50,Netflix
58454,22461.78565,5894.0,41664.0,5840.0,0.01826,0.00089,0.02138,3.77588,0.00045,50,Netflix
64294,21500.40201,1159.5,35094.0,1105.5,1.28239,0.00158,0.03387,5.26233,0.00032,50,Netflix
64294,15827.47745,54.0,23414.0,0.0,0.00088,0.00059,0.00157,1.30657,0.00027,50,Netflix
64294,18798.03572,470.0,27429.0,416.0,0.00707,0.00068,0.00749,3.45247,0.00032,50,Netflix
64294,18800.36715,1149.5,31809.0,1095.5,0.205,0.0008,0.00367,6.69188,0.00039,50,Netflix
64294,19488.97383,259.0,27794.0,205.0,0.16872,0.00171,0.00398,6.57578,0.00023,50,Netflix
64294,19759.81816,849.0,26334.0,795.0,0.18686,0.00078,0.01978,5.58799,0.00017,50,Netflix
64294,20383.60831,1367.5,32174.0,1313.5,0.00114,0.00084,0.00212,1.40741,0.00025,50,Netflix
36554,15048.11187,305.5,28159.0,251.5,0.39369,0.00077,0.01259,6.69812,0.00024,50,Netflix
64294,19530.75912,733.0,29254.0,679.0,0.27459,0.00129,0.03413,5.06502,0.00041,50,Netflix
64294,21801.06104,54.0,29619.0,0.0,0.00135,0.00052,0.00393,1.59567,0.00018,50,Netflix
64294,17047.0588,304.0,19034.0,250.0,0.00105,0.00092,0.00311,1.31772,0.00018,50,Netflix
64294,18307.49621,786.5,20494.0,732.5,0.28834,0.00081,0.01603,5.40858,0.00034,50,Netflix
42394,15395.37982,5894.0,29254.0,5840.0,0.00067,0.00076,0.00126,1.04641,0.00027,50,Netflix
55534,15554.65031,454.0,27429.0,400.0,0.00692,0.00082,0.00176,4.2009,0.00016,50,Netflix
64294,25006.12529,912.0,27794.0,858.0,0.17649,0.0008,0.0065,6.56083,0.00021,50,Netflix
64294,27153.79019,848.5,52249.0,794.5,0.25607,0.00054,0.02189,6.34977,0.00015,50,Netflix
1494,199.49664,71.0,71.0,29.0,1.20797,0.16561,2.5174,2.56833,0.04712,50,Netflix
64294,24264.74578,848.5,30714.0,794.5,0.40908,0.00099,0.03599,4.97135,0.00022,50,Netflix
64294,24729.25866,757.5,34729.0,703.5,4.85245,0.00075,0.00302,6.91909,0.00025,50,Netflix
64294,27798.88225,24874.0,59549.0,24820.0,5.62551,0.00096,0.02855,6.89885,0.00029,50,Netflix
64294,14613.8987,1514.0,1514.0,1460.0,0.29551,0.00016,0.00607,6.81131,0.0,50,Netflix
14654,6113.01923,752.5,11004.0,698.5,0.02786,0.00036,0.00053,6.09038,8e-05,50,Spotify
14654,6129.25325,4444.0,8814.0,4380.0,0.00023,0.00028,0.00044,0.92791,0.00016,50,Spotify
14654,3721.33623,785.5,1514.0,731.5,0.05185,0.00048,0.03921,4.14373,6e-05,50,Spotify
10274,2959.9857,245.0,2974.0,173.0,0.00242,0.0003,0.00106,3.4627,4e-05,50,Spotify
1292,578.6232,142.0,1292.0,100.0,0.48878,0.01084,0.06268,5.87953,0.00021,50,Spotify
6292,1252.07556,101.5,1288.0,59.5,1.47874,0.02187,0.06758,4.75984,0.0001,50,Spotify
14654,4777.32692,400.0,1514.0,346.0,3.88041,0.01015,0.02432,6.84513,0.00012,50,Spotify
29254,5429.11549,400.0,2974.0,346.0,0.00429,0.00047,0.01186,1.84657,7e-05,50,Spotify
5894,1569.85881,245.0,2974.0,173.0,0.0024,0.00072,0.00733,2.41202,5e-05,50,Spotify
5894,1456.05072,802.0,2974.0,730.0,0.0011,0.00066,0.0014,2.00312,7e-05,50,Spotify
5894,1433.5188,802.0,2974.0,730.0,0.00096,0.0007,0.00132,1.94006,6e-05,50,Spotify
4434,1425.55668,802.0,2974.0,730.0,0.00049,0.00072,0.00112,1.2404,3e-05,50,Spotify
2974,1232.39838,802.0,2974.0,730.0,0.00046,0.0006,0.00113,1.21877,7e-05,50,Spotify
4434,1512.6149,802.0,2974.0,730.0,0.00052,0.00076,0.00146,1.30166,3e-05,50,Spotify
4434,1527.69363,802.0,2974.0,730.0,0.0006,0.00081,0.00147,1.32155,3e-05,50,Spotify
5894,1721.85657,802.0,2974.0,730.0,0.00042,0.00067,0.00098,1.04769,9e-05,50,Spotify
5894,1830.79716,802.0,2974.0,730.0,0.0005,0.00084,0.0012,1.05548,6e-05,50,Spotify
2974,1430.29323,90.0,2974.0,0.0,0.0004,0.00059,0.00096,1.11374,8e-05,50,Spotify
5894,1936.90888,1514.0,2974.0,1460.0,0.00036,0.00055,0.00072,0.95435,0.00015,50,Spotify
5894,2037.12231,1514.0,4434.0,1460.0,0.00041,0.00067,0.00103,1.02669,6e-05,50,Spotify
5894,1661.3997,66.0,2974.0,0.0,0.00042,0.00078,0.00101,1.01702,7e-05,50,Spotify
5894,1782.74169,2244.0,2974.0,2190.0,0.00045,0.00071,0.00096,1.03634,0.00012,50,Spotify
5894,1733.95563,66.0,2974.0,0.0,0.00038,0.00054,0.00091,1.10553,7e-05,50,Spotify
5894,1723.10463,1514.0,2974.0,1460.0,0.00036,0.00028,0.00067,0.96641,0.00036,50,Spotify
5894,1832.25469,794.0,2974.0,730.0,0.00042,0.0007,0.001,1.03947,8e-05,50,Spotify
7354,2170.96887,794.0,2974.0,730.0,0.00044,0.00071,0.00111,1.06093,8e-05,50,Spotify
4434,1964.54536,82.0,4434.0,0.0,0.00042,0.0007,0.001,1.14894,4e-05,50,Spotify
4434,2143.07028,794.0,4434.0,730.0,0.00045,0.00068,0.0011,1.07551,0.0001,50,Spotify
4434,2190.0,2244.0,4434.0,2190.0,0.0004,0.00043,0.00068,0.8956,0.0004,50,Spotify
8814,2301.34792,1514.0,4434.0,1460.0,0.00048,0.00044,0.00096,1.02805,0.00037,50,Spotify
8814,2279.21986,794.0,4434.0,730.0,0.00046,0.0007,0.00105,1.01039,0.00012,50,Spotify
8814,2739.90309,794.0,5894.0,730.0,0.0005,0.00079,0.0012,1.09629,7e-05,50,Spotify
5894,2181.09079,790.0,4434.0,730.0,0.00046,0.00054,0.00102,1.0716,0.00015,50,Spotify
8814,2639.3946,790.0,4434.0,730.0,0.0004,0.00054,0.00093,0.95702,0.0002,50,Spotify
8814,2424.07105,790.0,4434.0,730.0,0.00037,0.00065,0.00083,0.9796,0.00012,50,Spotify
8814,2457.39439,798.0,4434.0,730.0,0.00061,0.0006,0.00105,1.29226,0.00015,50,Spotify
8814,2473.41447,798.0,4434.0,730.0,0.00042,0.00064,0.0009,1.16335,8e-05,50,Spotify
13194,3215.49762,255.5,5894.0,201.5,0.00776,0.00039,0.00577,3.80386,0.00056,50,Spotify
7354,3240.43818,1514.0,5894.0,1460.0,0.00046,0.00049,0.00069,0.93517,0.00042,50,Spotify
7354,2387.64147,82.0,4434.0,0.0,0.00049,0.00089,0.00126,1.08283,6e-05,50,Spotify
5894,2598.95003,802.0,5894.0,730.0,0.00049,0.00081,0.00115,1.17151,5e-05,50,Spotify
7354,2839.79273,802.0,5894.0,730.0,0.00344,0.00067,0.00115,3.97235,5e-05,50,Spotify
5894,2640.18451,802.0,5894.0,730.0,0.0005,0.00076,0.00118,1.21636,4e-05,50,Spotify
7354,2687.91209,802.0,5894.0,730.0,0.0035,0.0007,0.00151,3.96002,5e-05,50,Spotify
5894,2771.84876,802.0,5894.0,730.0,0.00058,0.00079,0.00148,1.2577,6e-05,50,Spotify
5894,2579.81537,1514.0,5894.0,1460.0,0.00277,0.0003,0.00131,2.98635,0.00055,50,Spotify
5894,2550.10353,90.0,5894.0,0.0,0.00045,0.00069,0.00098,1.17808,7e-05,50,Spotify
7354,2616.65974,1514.0,4434.0,1460.0,0.00241,0.00079,0.00143,3.29327,6e-05,50,Spotify
5894,2656.28279,802.0,5894.0,730.0,0.00044,0.00075,0.00114,1.14548,4e-05,50,Spotify
5894,2713.46895,802.0,5894.0,730.0,0.00463,0.00066,0.00108,3.69677,8e-05,50,Spotify
11734,3823.56692,794.0,5894.0,730.0,0.00032,0.00057,0.00076,0.94281,8e-05,50,Spotify
8814,3050.64924,794.0,5894.0,730.0,0.00387,0.00058,0.00074,4.23405,0.00014,50,Spotify
7354,2817.09147,2244.0,5894.0,2190.0,0.00379,0.00066,0.00097,4.14651,6e-05,50,Spotify
10274,3009.14151,66.0,5894.0,0.0,0.00044,0.00064,0.0011,1.20094,5e-05,50,Spotify
11734,3413.55099,802.0,5894.0,730.0,0.0055,0.00067,0.00138,4.64429,5e-05,50,Spotify
7354,3650.0,3704.0,7354.0,3650.0,0.0004,0.00037,0.00078,0.99611,0.00031,50,Spotify
11734,3848.71114,794.0,7354.0,730.0,0.00437,0.00075,0.00117,4.22063,9e-05,50,Spotify
10274,3728.5566,488.5,6989.0,434.5,0.01166,0.00076,0.01065,3.81005,7e-05,50,Spotify
8814,3341.50256,245.0,5529.0,173.0,0.00045,0.00046,0.00091,1.67119,4e-05,50,Spotify
8814,3389.13893,245.0,6989.0,173.0,0.00039,0.00047,0.00095,1.47888,5e-05,50,Spotify
13194,3782.30469,245.0,6989.0,173.0,0.00035,0.00058,0.00085,1.25487,3e-05,50,Spotify
8814,3775.09743,802.0,8814.0,730.0,0.0004,0.00062,0.00106,1.2399,5e-05,50,Spotify
11734,4576.21354,802.0,8814.0,730.0,0.00061,0.00074,0.00134,1.22409,0.00011,50,Spotify
11734,4268.19398,802.0,7354.0,730.0,0.00042,0.00071,0.00104,1.1555,6e-05,50,Spotify
10274,4571.0519,798.0,8814.0,730.0,0.00041,0.00065,0.00097,1.02329,0.00013,50,Spotify
11734,5284.05509,2974.0,10274.0,2920.0,0.00825,0.00051,0.00083,4.96793,0.00039,50,Spotify
6292,959.99587,186.5,1288.0,144.5,1.39258,0.03334,0.40705,5.62253,0.00167,50,Spotify
14654,3240.31897,142.0,1514.0,88.0,0.00188,0.00046,0.00538,2.11376,7e-05,50,Spotify
5894,2115.3431,66.0,4434.0,0.0,0.00127,0.00073,0.00109,2.33976,6e-05,50,Spotify
8814,2365.96087,66.0,4434.0,0.0,0.00046,0.0006,0.00125,1.07201,0.00011,50,Spotify
11734,3141.84978,784.0,5894.0,730.0,0.00128,0.00064,0.00106,2.34862,0.0001,50,Spotify
7354,2502.19506,498.0,4434.0,438.0,0.00049,0.00053,0.00089,1.18985,0.00017,50,Spotify
5894,2725.89254,1076.0,5894.0,1022.0,0.00041,0.00064,0.00097,1.03852,9e-05,50,Spotify
8814,2817.49322,784.0,5894.0,730.0,0.00071,0.00066,0.00114,1.53775,0.0001,50,Spotify
36554,8924.97191,1109.0,4434.0,1055.0,3.27524,0.0009,0.1655,6.7158,0.00014,50,Spotify
5894,1928.36955,952.0,2974.0,898.0,0.00453,0.00024,0.00404,3.2014,0.0005,50,Spotify
4434,2127.1061,1520.0,4434.0,1460.0,0.00045,0.00038,0.00084,1.00099,0.00042,50,Spotify
4434,1923.21664,802.0,4434.0,730.0,0.00049,0.00061,0.00107,1.04704,0.00023,50,Spotify
4434,1808.568,802.0,4069.0,730.0,0.00054,0.00094,0.00128,1.14562,5e-05,50,Spotify
4434,1748.71272,802.0,2974.0,730.0,0.00052,0.00083,0.00128,1.22378,4e-05,50,Spotify
4434,1687.2285,802.0,2974.0,730.0,0.00051,0.00087,0.00128,1.29913,5e-05,50,Spotify
96,2.1,81.0,81.0,39.0,1.49994,1.42581,2.71577,1.51577,0.42235,50,Spotify
11734,5453.3516,1044.5,11734.0,990.5,2.24798,0.00072,0.00097,6.91994,9e-05,50,Spotify
6292,1247.00662,78.0,684.25,36.0,0.62817,0.01714,0.04758,6.19388,0.00037,50,Spotify
11734,5055.06339,241.0,10274.0,176.0,0.00044,0.00062,0.00103,1.33228,4e-05,50,Spotify
14654,5711.51362,508.5,11734.0,436.5,0.00038,0.00061,0.00088,1.23821,7e-05,50,Spotify
14654,5683.24473,794.0,10274.0,730.0,0.0004,0.00059,0.00096,1.10874,8e-05,50,Spotify
14654,6381.20711,802.0,13194.0,730.0,0.00048,0.00071,0.00115,1.12405,6e-05,50,Spotify
14654,5692.80063,802.0,9544.0,730.0,0.00051,0.00064,0.00144,1.42681,5e-05,50,Spotify
14654,6180.98505,802.0,12829.0,730.0,0.00046,0.00071,0.0012,1.15867,5e-05,50,Spotify
14654,6271.38239,802.0,13194.0,730.0,0.00044,0.00053,0.00126,1.32721,4e-05,50,Spotify
14654,6471.4262,802.0,14654.0,730.0,0.0005,0.00076,0.00127,1.26924,4e-05,50,Spotify
14654,4708.77583,802.0,5894.0,730.0,0.00022,0.00027,0.00056,1.28432,3e-05,50,Spotify
14654,5978.17305,1514.0,8084.0,1460.0,0.0026,0.00044,0.00084,4.21718,6e-05,50,Spotify
14654,6148.26937,1514.0,12099.0,1460.0,0.00228,0.00028,0.00042,4.00748,0.0002,50,Spotify
14654,6237.27458,1514.0,12829.0,1460.0,0.0024,0.00042,0.00092,4.03516,8e-05,50,Spotify
14654,4947.71364,262.0,2974.0,208.0,0.04377,0.00039,0.01245,5.30573,7e-05,50,Spotify
14654,5214.02616,245.0,1514.0,173.0,0.00027,0.00044,0.00069,1.35831,2e-05,50,Spotify
13194,3530.17818,245.0,2974.0,173.0,0.00035,0.00037,0.0009,1.58105,2e-05,50,Spotify
14654,4786.56613,418.0,5164.0,346.0,0.00027,0.00037,0.00061,1.24697,5e-05,50,Spotify
14654,4305.05341,245.0,4434.0,173.0,0.00025,0.00028,0.00067,1.4182,3e-05,50,Spotify
14654,4756.78071,802.0,1514.0,730.0,0.0004,0.00041,0.00115,1.57466,2e-05,50,Spotify
14654,4198.52134,802.0,2609.0,730.0,0.00038,0.00044,0.001,1.50602,3e-05,50,Spotify
11734,2747.6214,802.0,1514.0,730.0,0.00038,2e-05,0.00079,1.92363,1e-05,50,Spotify
14654,3646.88626,802.0,4434.0,730.0,0.00038,0.0004,0.00091,1.60244,2e-05,50,Spotify
14654,3944.94334,1514.0,2974.0,1460.0,0.00027,0.00015,0.00068,1.60971,2e-05,50,Spotify
14654,5043.55046,90.0,6989.0,0.0,0.00034,0.00033,0.00084,1.54172,3e-05,50,Spotify
14654,4208.80884,802.0,4069.0,730.0,0.00021,0.00026,0.00045,1.53249,3e-05,50,Spotify
35094,5427.89592,93.0,1493.5,39.0,3.72937,0.00596,0.08198,4.99878,0.00015,50,Spotify
1292,548.22663,78.0,1265.75,36.0,1.59551,0.03899,2.92276,3.89541,0.00055,50,Spotify
87,0.84,81.0,81.0,39.0,2.22573,0.79137,1.56225,2.0104,0.42037,50,Spotify
11734,3870.5431,260.0,5894.0,206.0,6.36412,0.00033,0.00077,6.92524,0.00034,50,Spotify
81,0.0,81.0,81.0,39.0,1.77729,0.00477,1.55649,1.99665,0.41996,50,Spotify
13194,5046.03087,93.0,5529.0,39.0,9.0578,0.00076,8.25218,4.27419,9e-05,50,Spotify
5042,1035.80337,411.0,1292.0,369.0,0.10468,0.00037,0.0401,5.15413,4e-05,50,Spotify
10274,3337.78014,117.0,7354.0,63.0,6.61068,0.00073,0.46155,5.44242,0.00019,50,Spotify
10274,3531.03753,142.0,4069.0,88.0,0.00278,0.00077,0.00486,2.4692,0.00013,50,Spotify
11734,4501.4838,242.5,8814.0,188.5,0.00041,0.00048,0.00064,0.88272,0.0004,50,Spotify
11734,4413.91504,761.5,8814.0,697.5,0.00045,0.00063,0.001,1.15468,0.0001,50,Spotify
20494,5082.54464,334.0,8814.0,274.0,0.00044,0.00058,0.00089,1.14085,0.00011,50,Spotify
13194,4870.60631,1240.0,10274.0,1186.0,0.0005,0.00066,0.00121,1.10872,0.0001,50,Spotify
14654,5675.00904,90.0,6989.0,3.5,10.78528,0.00032,28.79715,3.78403,0.0002,50,Spotify
14654,5906.85038,2974.0,6989.0,2920.0,0.00019,0.00029,0.00034,0.82317,0.00014,50,Spotify
14654,6046.40217,2250.0,12464.0,2190.0,0.00022,0.00041,0.00051,0.90869,6e-05,50,Spotify
14654,5885.11351,798.0,5894.0,730.0,0.00024,0.00041,0.00054,1.03044,4e-05,50,Spotify
14654,5266.16448,802.0,5894.0,730.0,0.00029,0.00038,0.00075,1.3279,4e-05,50,Spotify
14654,5071.01665,1514.0,5894.0,1460.0,0.00027,0.00042,0.00069,1.24697,4e-05,50,Spotify
14654,5542.61854,90.0,6989.0,0.0,0.00024,0.00039,0.00058,1.1839,4e-05,50,Spotify
14654,5839.15743,1514.0,9544.0,1460.0,0.00112,0.00037,0.00107,2.87914,6e-05,50,Spotify
20494,5322.80693,90.0,7354.0,0.0,0.00422,0.00023,0.00046,5.43265,7e-05,50,Spotify
14654,5877.7131,790.0,7354.0,730.0,0.00492,0.00032,0.00046,5.25968,0.00012,50,Spotify
81,0.0,81.0,81.0,39.0,2.40751,1.31282,1.56986,2.0782,0.42011,50,Spotify
87,0.84,81.0,81.0,39.0,1.43597,1.43414,1.57801,1.44134,0.42101,50,Spotify
14654,4276.27078,72.0,4069.0,15.0,9.74642,0.00032,17.98493,3.97847,0.00017,50,Spotify
81,0.0,81.0,81.0,39.0,2.4196,0.00426,1.56078,2.17671,0.42003,50,Spotify
87,0.84,81.0,81.0,39.0,1.79508,0.00488,1.56772,2.11213,0.41695,50,Spotify
97,19.36555,77.0,96.25,23.0,12.86613,0.23916,29.9167,1.74589,0.04831,50,Spotify
81,0.0,81.0,81.0,39.0,0.75209,0.41111,1.75461,2.22721,0.00394,50,Spotify
81,0.0,81.0,81.0,39.0,1.46599,0.23401,1.7883,2.42768,0.18611,50,Spotify
14654,4424.17687,802.0,4434.0,730.0,0.00018,0.0002,0.00046,1.44528,3e-05,50,Spotify
7354,1947.70097,479.0,1514.0,407.0,0.00048,0.00018,0.00112,2.03833,2e-05,50,Spotify
7354,2298.5717,90.0,2974.0,0.0,0.00153,0.00012,0.00171,3.16042,2e-05,50,Spotify
13194,2709.6416,1514.0,1514.0,1460.0,0.00283,2e-05,0.00025,6.35664,0.0,50,Spotify
11734,2079.05859,90.0,1514.0,0.0,0.00011,1e-05,0.00034,2.50742,1e-05,50,Spotify
14654,2958.18423,377.5,1514.0,323.5,0.00092,1e-05,0.00021,5.79323,1e-05,50,Spotify
13194,2158.55107,276.0,1514.0,204.0,0.00037,1e-05,0.00033,3.68666,0.0,50,Spotify
10274,2135.42574,223.5,1514.0,151.5,0.00065,4e-05,0.00081,3.28215,1e-05,50,Spotify
10274,2319.61088,558.5,2609.0,504.5,0.00035,2e-05,0.00045,3.19617,1e-05,50,Spotify
14654,4280.74288,90.0,2974.0,0.0,0.00044,4e-05,0.00051,3.57241,1e-05,50,Spotify
14654,4914.67754,431.0,4069.0,377.0,0.00261,4e-05,0.00123,4.12423,4e-05,50,Spotify
6292,1243.69728,240.5,1288.0,198.5,0.62954,0.00983,0.04613,6.3528,0.00017,50,Spotify
14654,5505.751,66.0,7354.0,3.5,13.64148,0.0127,45.00871,2.82387,0.00012,50,Spotify
19034,5243.36342,1514.0,6989.0,1460.0,0.00031,0.0004,0.00058,1.28535,4e-05,50,Spotify
14654,6138.26261,90.0,12464.0,0.0,0.00025,0.00042,0.00058,1.1475,4e-05,50,Spotify
14654,3983.73418,1514.0,4434.0,1460.0,0.00031,0.0002,0.00092,1.63957,3e-05,50,Spotify
14654,3594.94436,802.0,4434.0,730.0,0.00024,0.00014,0.00057,1.64138,2e-05,50,Spotify
14654,3327.92777,90.0,1514.0,0.0,0.00028,1e-05,0.0007,1.86506,2e-05,50,Spotify
14654,3898.39602,1514.0,4434.0,1460.0,0.00031,2e-05,0.00085,2.11121,2e-05,50,Spotify
14654,4958.30225,90.0,7354.0,0.0,0.00028,0.00043,0.00072,1.43214,3e-05,50,Spotify
14654,3987.93605,1514.0,2974.0,1460.0,0.00228,4e-05,0.00098,4.69523,1e-05,50,Spotify
13194,3346.00421,802.0,2974.0,730.0,0.00021,1e-05,0.00056,2.01999,1e-05,50,Spotify
14654,4233.90358,1514.0,1514.0,1460.0,0.00285,0.00042,0.00103,4.66208,2e-05,50,Spotify
14654,4328.65335,802.0,4434.0,730.0,0.00024,0.00028,0.00058,1.5847,1e-05,50,Spotify
14654,5379.68381,490.5,5894.0,436.5,0.01419,0.00045,0.01867,3.82391,5e-05,50,Spotify
14654,5852.55778,1514.0,7354.0,1460.0,0.00025,0.00044,0.00057,1.11419,3e-05,50,Spotify
14654,3930.65143,802.0,1514.0,730.0,0.00033,0.00035,0.00093,1.63143,2e-05,50,Spotify
14654,3539.04927,802.0,2974.0,730.0,0.00081,5e-05,0.00056,3.3514,2e-05,50,Spotify
8814,2842.96564,1514.0,4434.0,1460.0,0.00043,6e-05,0.00137,1.96218,2e-05,50,Spotify
14654,5793.3657,1514.0,7354.0,1460.0,0.00817,0.00044,0.00069,5.83069,3e-05,50,Spotify
14654,3753.04113,802.0,4434.0,730.0,0.00658,0.00047,0.001,5.27403,3e-05,50,Spotify
81,0.0,81.0,81.0,39.0,1.00493,1.43616,1.568,1.17259,0.41978,50,Spotify
87,0.84,81.0,81.0,39.0,2.19183,0.0049,1.56561,2.08272,0.41909,50,Spotify
96,2.1,81.0,81.0,39.0,2.41915,0.00579,1.55518,2.17644,0.41918,50,Spotify
87,0.84,81.0,81.0,39.0,1.78996,0.00612,1.57337,1.9744,0.41944,50,Spotify
10274,3076.75093,903.0,1211.5,849.0,0.02224,0.00128,0.05936,2.48038,9e-05,50,Spotify
10274,3125.40991,354.5,1514.0,300.5,0.00258,0.00031,0.00595,2.82915,6e-05,50,Spotify
81,0.0,81.0,81.0,39.0,1.43727,1.43394,1.58083,1.43276,0.42074,50,Spotify
5042,827.96699,81.0,1288.0,39.0,0.66659,0.00795,0.05477,5.72869,0.00035,50,Spotify
14654,2900.0101,90.0,1514.0,1.0,13.45296,0.01519,45.00384,2.96413,0.00029,50,Spotify
14654,5978.65459,2250.0,7354.0,2190.0,0.00025,0.0004,0.00055,0.98862,8e-05,50,Spotify
14654,5603.6872,802.0,7354.0,730.0,0.00034,0.00048,0.00084,1.23751,3e-05,50,Spotify
14654,5728.76845,1532.0,9544.0,1460.0,0.00027,0.00045,0.00065,1.10764,3e-05,50,Spotify
14654,5345.70968,802.0,7354.0,730.0,0.00029,0.00042,0.00074,1.25059,5e-05,50,Spotify
14654,4898.3759,802.0,7354.0,730.0,0.00035,0.00042,0.00067,1.46308,4e-05,50,Spotify
14654,4962.25002,802.0,7354.0,730.0,0.00036,0.0003,0.00098,1.58341,3e-05,50,Spotify
14654,5933.92051,802.0,9544.0,730.0,0.00023,0.00037,0.00049,0.98562,8e-05,50,Spotify
14654,5353.16383,802.0,7354.0,730.0,0.00062,0.00041,0.00082,2.04613,4e-05,50,Spotify
14654,5325.35278,1514.0,7354.0,1460.0,0.0034,0.0004,0.00076,4.9088,4e-05,50,Spotify
32174,6335.51902,802.0,4434.0,730.0,0.00549,0.00043,0.0131,3.29425,4e-05,50,Spotify
87,0.84,81.0,81.0,39.0,2.4073,0.00498,1.56843,2.18172,0.41932,50,Spotify
97,19.4251,77.0,94.0,23.0,12.86955,0.01679,29.91826,1.7479,0.04436,50,Spotify
81,0.0,81.0,81.0,39.0,1.78234,0.00359,1.56061,2.0134,0.41995,50,Spotify
82,10.9912,82.0,82.0,28.0,14.95914,0.0153,0.02267,0.97713,29.94941,50,Spotify
81,0.0,81.0,81.0,39.0,2.22167,0.81326,1.56352,1.99945,0.42084,50,Spotify
13194,3861.29287,533.5,1297.0,479.5,0.0296,0.00096,0.02852,3.70254,0.00012,50,Spotify
87,0.84,81.0,81.0,39.0,1.56307,1.4466,2.67974,1.56383,0.42065,50,Spotify
81,0.0,81.0,81.0,39.0,1.79053,1.10602,1.56663,1.89855,0.42089,50,Spotify
87,0.84,81.0,81.0,39.0,2.40683,0.00222,1.57351,2.16826,0.42088,50,Spotify
81,0.0,81.0,81.0,39.0,0.78503,0.3428,1.51679,1.99945,0.07783,50,Spotify
81,0.0,81.0,81.0,39.0,0.55049,0.06064,1.60531,1.26182,0.36164,50,Spotify
81,0.0,81.0,81.0,39.0,1.45653,1.43461,1.84926,1.47086,0.42106,50,Spotify
80,6.59397,63.0,66.0,1.0,22.41942,44.95593,44.96424,1.06119,0.0486,50,Spotify
87,0.84,81.0,81.0,39.0,2.37196,0.00202,1.57045,2.24847,0.42029,50,Spotify
97,19.36555,77.0,96.25,23.0,12.87198,0.02265,29.92735,1.74805,0.04374,50,Spotify
80,6.61163,57.5,66.0,1.0,22.45769,44.94614,44.95314,1.0187,0.05859,50,Spotify
81,0.0,81.0,81.0,39.0,1.75463,0.00557,1.55545,2.06299,0.41999,50,Spotify
66,5.35672,65.0,65.0,11.0,29.1771,59.79517,59.95923,1.25405,0.05372,50,Spotify
87,0.84,81.0,81.0,39.0,2.26175,0.29915,1.57138,2.03911,0.42169,50,Spotify
14654,5837.03423,142.0,9909.0,88.0,0.00262,0.00075,0.00847,2.05923,9e-05,50,Spotify
14654,6119.82924,1069.5,11369.0,1015.5,0.00031,0.00039,0.00084,1.10142,8e-05,50,Spotify
29254,7169.45081,802.0,14289.0,730.0,0.00025,0.00028,0.00051,1.38918,5e-05,50,Spotify
43854,7941.35118,122.0,7354.0,54.0,0.00088,9e-05,0.0004,4.0226,4e-05,50,Spotify
81,0.0,81.0,81.0,39.0,1.52164,1.42996,2.44431,1.51222,0.42097,50,Spotify
87,0.84,81.0,81.0,39.0,1.7776,0.62006,1.55713,1.86107,0.42192,50,Spotify
81,0.0,81.0,81.0,39.0,1.76428,0.00499,1.55615,2.00398,0.42071,50,Spotify
81,0.0,81.0,81.0,39.0,2.05915,0.11062,1.56736,1.94046,0.42082,50,Spotify
87,0.84,81.0,81.0,39.0,1.81169,1.44095,2.115,1.64878,0.42121,50,Spotify
97,19.4251,77.0,94.0,23.0,12.8712,0.00486,29.92054,1.74846,0.04552,50,Spotify
81,0.0,81.0,81.0,39.0,1.75832,0.00359,1.56067,2.08351,0.42005,50,Spotify
82,11.0,71.0,82.0,17.0,14.96029,0.01278,0.02054,0.9772,29.95359,50,Spotify
96,2.2458,81.0,81.0,39.0,2.40027,0.12052,1.5609,2.17976,0.4201,50,Spotify
81,0.0,81.0,81.0,39.0,0.66216,0.00413,1.56268,1.62445,0.41567,50,Spotify
81,0.0,81.0,81.0,39.0,0.6746,0.00656,1.54854,1.33492,0.41621,50,Spotify
81,0.0,81.0,81.0,39.0,1.4675,0.00243,1.56573,1.67217,0.42028,50,Spotify
87,0.84,81.0,81.0,39.0,2.40326,0.1264,1.57163,2.14379,0.42099,50,Spotify
13194,4744.47728,142.0,5164.0,88.0,0.00351,0.00071,0.00862,2.4083,0.0001,50,Spotify
14654,6264.67609,1514.0,13194.0,1460.0,0.00037,0.00039,0.00104,1.15107,9e-05,50,Spotify
29254,7197.9965,1514.0,14654.0,1460.0,0.00018,0.00023,0.00041,0.97914,8e-05,50,Spotify
14654,6911.24707,802.0,14654.0,730.0,0.00015,8e-05,0.00044,1.31664,5e-05,50,Spotify
14654,4586.93411,258.0,4069.0,186.0,0.00087,7e-05,0.00075,3.77945,4e-05,50,Spotify
81,0.0,81.0,81.0,39.0,1.7589,0.06391,1.56368,1.95322,0.4206,50,Spotify
87,0.84,81.0,81.0,39.0,2.10008,0.57689,1.57463,1.92713,0.42034,50,Spotify
81,0.0,81.0,81.0,39.0,1.73348,1.44128,2.40881,1.63205,0.42213,50,Spotify
97,19.36555,77.0,96.25,23.0,12.87072,0.00781,29.9222,1.74842,0.0449,50,Spotify
87,0.84,81.0,81.0,39.0,1.77217,0.27419,1.55955,1.90363,0.42056,50,Spotify
6292,970.47514,375.0,1291.0,333.0,0.11996,0.0036,0.03777,5.06754,0.00032,50,Spotify
13194,3515.56114,141.0,1514.0,87.0,0.00185,0.00028,0.00379,2.87873,3e-05,50,Spotify
14654,6196.98742,421.5,13924.0,367.5,0.0008,0.00047,0.00199,1.70684,0.0001,50,Spotify
14654,6347.08224,1240.0,14289.0,1186.0,0.00106,0.00017,0.00059,3.49123,5e-05,50,Spotify
14654,6556.09628,1514.0,14654.0,1460.0,0.00055,8e-05,0.0004,3.20942,4e-05,50,Spotify
14654,5833.71235,802.0,8084.0,730.0,0.00054,6e-05,0.00048,3.1607,4e-05,50,Spotify
17574,5831.08241,1514.0,6989.0,1460.0,0.00024,5e-05,0.00028,2.23542,5e-05,50,Spotify
81,0.0,81.0,81.0,39.0,2.4052,0.58732,1.56375,2.08993,0.42042,50,Spotify
81,0.0,81.0,81.0,39.0,1.872,0.00328,1.85976,1.86655,0.41945,50,Spotify
87,0.84,81.0,81.0,39.0,2.03383,1.41761,1.57402,1.81491,0.42101,50,Spotify
81,0.0,81.0,81.0,39.0,1.77735,0.00367,1.56944,2.158,0.41975,50,Spotify
10274,2987.68943,784.0,4434.0,730.0,0.00118,0.00057,0.00124,2.05821,0.00015,50,Spotify
8814,3391.09532,1514.0,5894.0,1460.0,0.0004,0.00069,0.00092,0.97726,8e-05,50,Spotify
86,0.0,86.0,86.0,44.0,63.19293,26.96051,180.68082,1.47972,3.05253,50,Spotify
87,0.84,81.0,81.0,39.0,2.4083,0.00495,1.57086,2.17159,0.41911,50,Spotify
80,6.59397,63.0,66.0,1.0,22.42121,44.96009,44.96672,1.06126,0.0459,50,Spotify
81,0.0,81.0,81.0,39.0,0.61097,0.04581,1.59058,1.44591,0.37302,50,Spotify
81,0.0,81.0,81.0,39.0,0.88171,0.14354,1.70511,1.56685,0.27739,50,Spotify
80,7.04205,66.0,66.0,1.0,22.44174,44.95585,44.96274,1.01884,0.05015,50,Spotify
97,19.4251,77.0,94.0,23.0,12.87074,0.01902,29.91936,1.74824,0.0449,50,Spotify
81,0.0,81.0,81.0,39.0,1.56787,0.00414,1.56306,1.85915,0.41966,50,Spotify
1292,556.62001,339.0,1292.0,297.0,73.91815,0.0376,4.90139,6.66927,0.00064,50,Spotify
13194,4537.75745,142.5,2609.0,88.5,0.00621,0.00062,0.00635,3.42446,0.00011,50,Spotify
29254,8128.93597,784.0,13194.0,730.0,0.00035,0.00042,0.00088,0.92776,0.0002,50,Spotify
56994,9711.93571,938.0,14654.0,884.0,0.00029,0.00018,0.0004,1.55362,7e-05,50,Spotify
58454,13550.85074,789.0,14654.0,735.0,0.00017,9e-05,0.00049,1.16603,8e-05,50,Spotify
82,11.0,71.0,82.0,17.0,14.96158,0.02222,0.02652,0.97724,29.94864,50,Spotify
87,0.84,81.0,81.0,39.0,2.41916,0.0025,1.55963,2.17419,0.42066,50,Spotify
81,0.0,81.0,81.0,39.0,1.7902,0.00576,1.55828,1.991,0.41895,50,Spotify
65,5.38888,65.0,65.0,11.0,29.43122,59.79172,59.96709,1.20184,0.05368,50,Spotify
87,0.84,81.0,81.0,39.0,2.03851,1.42941,1.93375,1.74566,0.42189,50,Spotify
81,0.0,81.0,81.0,39.0,2.00261,0.00391,1.56615,2.01882,0.41955,50,Spotify
87,0.84,81.0,81.0,39.0,2.41932,1.32874,1.56211,2.09999,0.42054,50,Spotify
81,0.0,81.0,81.0,39.0,1.80086,1.2504,1.55367,1.91614,0.42078,50,Spotify
81,0.0,81.0,81.0,39.0,1.63387,0.00763,2.92232,1.71123,0.42003,50,Spotify
97,19.306,77.0,94.0,23.0,12.87242,0.01004,29.92289,1.74865,0.04466,50,Spotify
14654,4241.40149,142.0,1514.0,88.0,0.00402,0.00091,0.00736,2.63554,0.0001,50,Spotify
14654,4794.40389,90.0,2974.0,0.0,0.00096,0.00044,0.00269,1.78605,4e-05,50,Spotify
14654,4596.81836,492.0,2974.0,438.0,0.0014,0.00034,0.00431,2.37859,5e-05,50,Spotify
6292,1245.61075,207.5,1288.0,165.5,0.62435,0.01848,0.05779,6.19413,0.00022,50,Spotify
8814,2765.24077,1058.0,4434.0,1004.0,0.00042,0.00079,0.00098,1.00819,6e-05,50,Spotify
8814,2905.36332,2244.0,4434.0,2190.0,0.00041,0.00069,0.00094,0.98866,8e-05,50,Spotify
11734,3682.44302,2244.0,5894.0,2190.0,0.00044,0.00063,0.00095,1.01456,0.00017,50,Spotify
14654,4386.71086,3704.0,7354.0,3650.0,0.00052,0.00083,0.00132,1.04147,8e-05,50,Spotify
8814,4114.10785,798.0,8814.0,730.0,0.00046,0.00056,0.00084,1.0099,0.00028,50,Spotify
14654,4357.38106,794.0,7354.0,730.0,0.00048,0.0007,0.00107,1.03468,0.00017,50,Spotify
14654,4092.68556,798.0,7354.0,730.0,0.0005,0.00086,0.00131,1.07707,7e-05,50,Spotify
14654,4079.97006,74.0,7354.0,0.0,0.00038,0.00064,0.00092,1.08419,6e-05,50,Spotify
14654,4544.58245,2244.0,7354.0,2190.0,0.00049,0.00086,0.00119,1.02625,6e-05,50,Spotify
14654,4724.9895,784.0,8814.0,730.0,0.00042,0.0007,0.00096,1.00377,8e-05,50,Spotify
14654,5525.20792,2974.0,10274.0,2920.0,0.00041,0.00067,0.00083,0.95282,0.00017,50,Spotify
14654,6640.73742,5894.0,13194.0,5840.0,0.00045,0.00079,0.00111,0.95852,8e-05,50,Spotify
14654,6530.09961,1514.0,14654.0,1460.0,0.00036,0.00047,0.00104,1.16966,4e-05,50,Spotify
14654,5995.64051,794.0,10274.0,730.0,0.00107,0.00057,0.00094,2.04835,0.0002,50,Spotify
14654,7296.64122,7360.0,14654.0,7300.0,0.00222,0.00048,0.00073,2.8006,0.00046,50,Spotify
14654,7044.91852,1514.0,14654.0,1460.0,0.00118,0.00088,0.00097,2.00837,8e-05,50,Spotify
14654,6039.79523,1514.0,9909.0,1460.0,0.00201,0.00042,0.00127,3.72317,3e-05,50,Spotify
14654,5706.10482,802.0,8084.0,730.0,0.00245,0.00055,0.00137,3.82205,3e-05,50,Spotify
14654,6084.98845,1514.0,11369.0,1460.0,0.00085,0.00073,0.00112,2.01143,4e-05,50,Spotify
87,0.84,81.0,81.0,39.0,2.17618,1.42662,1.56158,1.94113,0.42134,50,Spotify
81,0.0,81.0,81.0,39.0,1.79698,0.01175,1.57425,2.13931,0.41022,50,Spotify
87,0.84,81.0,81.0,39.0,2.4212,0.00462,1.56217,2.17963,0.41935,50,Spotify
81,0.0,81.0,81.0,39.0,0.58009,0.25393,1.76008,1.4922,0.16549,50,Spotify
81,0.0,81.0,81.0,39.0,1.08798,0.06846,1.61337,1.84908,0.35374,50,Spotify
14654,5199.79788,784.0,10274.0,730.0,0.00064,0.00048,0.001,1.506,0.00015,50,Spotify
14654,4846.80134,90.0,2974.0,1.0,12.37092,0.00231,45.00185,3.14936,0.00038,50,Spotify
14654,7074.6002,3704.0,14654.0,3650.0,0.00041,0.00057,0.00074,0.96709,0.00023,50,Spotify
14654,6609.8507,1514.0,14654.0,1460.0,0.00032,0.00036,0.00078,0.98292,0.00013,50,Spotify
14654,6044.04733,2244.0,12099.0,2190.0,0.00022,0.00035,0.00043,0.92574,8e-05,50,Spotify
14654,5833.86478,2244.0,7354.0,2190.0,0.00021,0.00033,0.00039,0.90279,0.00012,50,Spotify
14654,6428.57746,2974.0,14654.0,2920.0,0.00023,0.0004,0.00051,0.95567,5e-05,50,Spotify
14654,6524.15829,10274.0,14289.0,10220.0,0.00049,0.00019,0.00029,1.63546,0.00025,50,Spotify
14654,7162.60237,3722.0,14654.0,3650.0,0.00375,0.00027,0.00077,4.96755,6e-05,50,Spotify
14654,6482.19366,1130.0,14654.0,1076.0,0.0117,0.0001,0.00046,5.21086,6e-05,50,Spotify
14654,6487.65913,1514.0,14654.0,1460.0,0.00017,0.00026,0.00044,1.05346,5e-05,50,Spotify
29254,7245.00295,2244.0,14654.0,2190.0,0.0029,0.00027,0.00047,4.90434,6e-05,50,Spotify
81,0.0,81.0,81.0,39.0,1.76832,0.01226,1.57241,2.22559,0.41004,50,Spotify
87,0.84,81.0,81.0,39.0,2.40809,0.00447,1.56648,2.14989,0.42012,50,Spotify
14654,6381.0045,60.5,13194.0,1.0,8.90447,0.00029,0.00575,4.84659,0.00011,50,Spotify
81,0.0,81.0,81.0,39.0,1.77009,0.67222,1.55726,1.88704,0.42091,50,Spotify
87,0.84,81.0,81.0,39.0,1.70088,0.53297,2.58131,1.71038,0.42019,50,Spotify
14654,5354.8228,141.5,6989.0,87.5,0.00508,0.00064,0.00767,3.13937,0.0001,50,Spotify
11734,3022.40552,979.5,1514.0,925.5,0.02076,0.0003,0.03789,3.3889,6e-05,50,Spotify
43854,8357.32363,1514.0,13194.0,1460.0,0.00034,0.00034,0.00097,1.14977,0.00011,50,Spotify
14654,7177.79716,5894.0,14654.0,5840.0,0.00023,5e-05,0.00041,1.40721,7e-05,50,Spotify
14654,6582.72527,233.0,14654.0,176.0,12.05753,0.00031,43.39223,3.35533,0.00012,50,Spotify
14654,6326.51348,2244.0,14289.0,2190.0,0.00015,0.00018,0.00042,1.04989,6e-05,50,Spotify
29254,7427.36885,2974.0,14654.0,2920.0,0.0002,0.00027,0.00045,1.10402,5e-05,50,Spotify
30714,7737.94491,784.0,14654.0,730.0,0.00015,0.00014,0.0004,1.06578,7e-05,50,Spotify
14654,6984.60094,2974.0,14654.0,2920.0,0.00226,8e-05,0.00041,4.8188,7e-05,50,Spotify
14654,6983.57116,1520.0,14654.0,1460.0,0.0028,9e-05,0.00045,5.25962,5e-05,50,Spotify
30714,7907.95835,775.5,14654.0,721.5,0.00849,0.00016,0.0037,4.4973,5e-05,50,Spotify
14654,6766.79016,802.0,14654.0,730.0,0.00015,9e-05,0.00046,1.23984,4e-05,50,Spotify
14654,6737.72117,802.0,14289.0,730.0,0.00016,0.00011,0.00047,1.48756,2e-05,50,Spotify
14654,6726.96973,1514.0,14654.0,1460.0,0.00443,8e-05,0.00053,6.05992,2e-05,50,Spotify
97,19.37678,94.0,96.25,40.0,13.2154,29.90756,29.92141,1.65754,0.04498,50,Spotify
82,11.0,71.0,82.0,17.0,16.11883,0.01474,0.01971,1.01236,29.95505,50,Spotify
81,0.0,81.0,81.0,39.0,2.12793,1.43245,1.56043,1.86855,0.42251,50,Spotify
81,0.0,81.0,81.0,39.0,1.77693,0.00314,1.5537,2.0583,0.41972,50,Spotify
14654,3367.10711,117.0,1514.0,63.0,9.45227,0.00026,14.63576,4.04709,2e-05,50,Spotify
11734,2816.79484,139.0,687.0,85.0,9.52894,0.00066,15.57426,4.02432,0.00032,50,Spotify
2974,650.4788,328.5,836.75,274.5,0.00071,0.00044,0.00207,1.74323,0.0,50,Spotify
2974,732.36211,354.0,1429.5,300.0,0.06461,0.00041,0.02814,4.38369,0.0,50,Spotify
1514,430.3498,139.0,346.5,85.0,0.00214,0.00033,0.00581,2.12733,0.00035,50,Spotify
4434,990.36116,311.5,1113.75,257.5,0.00043,0.00038,0.0012,1.43505,6e-05,50,Spotify
2974,641.49276,429.0,1381.0,375.0,0.0007,0.00023,0.00163,2.03491,0.0,50,Spotify
1399,433.42139,139.0,354.0,85.0,0.02031,0.00038,0.00711,4.70543,0.0003,50,Spotify
4434,870.57704,140.0,381.0,86.0,0.00037,0.00034,0.00094,1.29481,9e-05,50,Spotify
5894,1080.95744,548.5,1496.25,494.5,0.0013,0.00013,0.00347,2.74128,0.0,50,Spotify
4434,812.80381,704.5,1395.75,650.5,0.00578,0.00016,0.01093,3.0451,0.0,50,Spotify
1514,454.26609,140.0,328.75,86.0,0.0099,0.00052,0.01106,3.63634,0.00028,50,Spotify
2974,831.19536,329.0,1077.25,275.0,0.00084,0.0005,0.00212,1.84013,5e-05,50,Spotify
2974,714.94332,365.5,1392.0,311.5,0.00416,0.00012,0.00894,2.90496,0.0,50,Spotify
2974,599.14487,295.5,849.5,241.5,0.01097,0.00077,0.01847,3.44215,6e-05,50,Spotify
2974,775.08564,139.5,354.75,85.5,0.00112,0.00052,0.00254,1.77345,0.00013,50,Spotify
2974,705.52079,354.0,1330.0,300.0,0.00252,0.00024,0.00613,2.95049,0.0,50,Spotify
1514,542.80887,356.5,1152.75,302.5,0.00521,0.00045,0.01057,2.466,0.0,50,Spotify
2974,697.45291,155.0,353.0,101.0,0.00143,0.00039,0.00199,2.25154,0.00013,50,Spotify
4422,1455.88024,1510.0,2966.0,1456.0,0.00235,0.0005,0.00071,2.96898,0.00037,50,Spotify
10246,1953.64602,1510.0,2966.0,1456.0,0.00045,0.0003,0.00057,0.90996,0.00055,50,Spotify
29254,6715.04894,90.0,7354.0,3.5,9.47231,0.00031,14.88012,4.03995,6e-05,50,Spotify
14654,6346.95565,1172.0,14654.0,1118.0,0.00011,5e-05,0.0003,1.18168,5e-05,50,Spotify
29254,9258.24209,6624.0,14654.0,6570.0,0.00013,0.00013,0.00033,0.87677,9e-05,50,Spotify
14654,7114.02136,2244.0,14654.0,2190.0,0.00248,6e-05,0.00035,5.24871,7e-05,50,Spotify
1514,502.46046,354.0,1146.75,300.0,0.15254,0.00108,0.04662,5.25074,8e-05,50,Spotify
14654,4044.3329,377.0,2609.0,323.0,0.64736,0.00013,0.0064,6.28696,5e-05,50,Spotify
14654,4707.93561,248.0,2974.0,194.0,0.00177,3e-05,0.00476,2.76619,3e-05,50,Spotify
16114,5629.44413,533.0,4069.0,479.0,0.00058,8e-05,0.00043,2.88707,3e-05,50,Spotify
14654,6176.76917,1224.0,12829.0,1170.0,0.00664,0.00014,0.02024,2.8258,6e-05,50,Spotify
36554,8127.43945,1514.0,6624.0,1460.0,0.00015,2e-05,0.00033,2.51133,1e-05,50,Spotify
13194,4091.08318,90.0,4069.0,0.0,0.03385,4e-05,0.00951,6.02201,2e-05,50,Spotify
26334,5770.46172,400.0,5894.0,346.0,0.07741,6e-05,0.00919,6.43786,4e-05,50,Spotify
1292,563.99324,252.5,1292.0,210.5,0.68539,0.05816,1.19516,3.5905,0.00044,50,Spotify
14654,4133.07886,217.0,1514.0,163.0,2.05978,0.00049,0.00373,6.91433,0.0001,50,Spotify
4434,862.36545,140.0,509.0,86.0,0.02182,0.00032,0.01293,4.64366,0.00025,50,Spotify
4434,993.31725,140.0,842.75,86.0,0.00058,0.00022,0.00147,1.8085,0.00014,50,Spotify
2974,915.41245,356.0,1514.0,302.0,0.00065,9e-05,0.0016,2.61801,0.0,50,Spotify
4434,853.60981,590.0,1395.25,536.0,0.00507,0.00017,0.00319,4.23268,0.0,50,Spotify
4434,834.93935,140.0,997.25,86.0,0.04269,0.00041,0.00432,6.18253,0.00012,50,Spotify
1514,540.24956,329.0,1057.75,275.0,0.01801,0.00095,0.0077,4.25151,0.0001,50,Spotify
2974,750.7844,140.0,558.75,86.0,0.00059,0.00016,0.00103,1.64935,0.00024,50,Spotify
4434,1076.68121,328.0,1327.75,274.0,0.00057,0.00024,0.00131,1.77291,7e-05,50,Spotify
2974,764.04976,521.0,1402.5,467.0,0.0012,0.00018,0.00259,2.4593,0.0,50,Spotify
1514,491.93607,140.0,350.75,86.0,0.00995,0.0003,0.01091,3.72225,0.00012,50,Spotify
2974,697.22973,549.0,1436.75,495.0,0.0007,0.00011,0.0021,2.23385,0.0,50,Spotify
2974,593.60688,139.0,451.25,85.0,0.00594,0.00069,0.01226,2.75901,0.00024,50,Spotify
2974,643.035,365.5,1372.0,311.5,0.00342,0.00015,0.00722,2.51057,0.0,50,Spotify
2974,602.31723,140.0,428.25,86.0,0.00355,0.00059,0.00798,2.3676,0.0001,50,Spotify
2974,786.98285,353.5,1418.0,299.5,0.00182,0.00032,0.0026,2.66728,4e-05,50,Spotify
1514,519.32211,343.5,860.0,289.5,0.0027,0.00056,0.00533,2.55289,0.0001,50,Spotify
1514,507.44596,386.0,1150.75,332.0,0.01712,9e-05,0.04938,2.87575,7e-05,50,Spotify
1292,571.56863,124.0,1292.0,82.0,1.17852,0.03436,1.51713,4.31476,5e-05,50,Spotify
8790,3816.55978,93.0,8426.0,39.0,2.46114,0.00057,0.04715,6.84203,0.00023,50,Spotify
29254,7236.61882,1220.5,14289.0,1166.5,2.47369,8e-05,0.00881,6.90707,4e-05,50,Spotify
14654,5285.88254,802.0,1514.0,730.0,0.00013,0.0001,0.00045,1.75236,2e-05,50,Spotify
14654,4907.32505,90.0,1514.0,0.0,0.0002,3e-05,0.00045,1.96803,2e-05,50,Spotify
14654,4594.62267,802.0,1514.0,730.0,0.00015,3e-05,0.00043,2.12046,0.0,50,Spotify
14654,6281.28262,802.0,14289.0,730.0,0.00012,0.0001,0.0003,1.58456,2e-05,50,Spotify
14654,5528.54012,245.0,8814.0,173.0,0.0001,7e-05,0.00021,1.43982,3e-05,50,Spotify
14654,4080.67672,1514.0,5529.0,1460.0,0.00015,2e-05,0.00031,2.34593,2e-05,50,Spotify
17574,5151.38794,1130.0,6989.0,1076.0,0.0118,6e-05,0.00241,5.18407,2e-05,50,Spotify
11734,2584.35347,610.5,1143.75,556.5,0.13671,0.00037,0.04293,5.16976,8e-05,50,Spotify
16114,4712.00842,141.5,1312.5,87.5,2.13536,0.00104,0.04439,6.79584,0.00011,50,Spotify
87,0.84,81.0,81.0,39.0,2.40152,0.01832,1.5684,2.15279,0.42143,50,Spotify
11734,2573.18541,915.5,1514.0,861.5,0.04202,0.00034,0.10138,2.7392,6e-05,50,Spotify
16114,5107.52711,722.5,2974.0,668.5,2.38668,0.00035,0.14316,6.66819,8e-05,50,Spotify
1292,559.10292,115.0,1291.0,73.0,0.63967,0.03446,0.89831,3.80842,0.0007,50,Spotify
11734,2303.80495,354.0,1481.75,300.0,2.27196,0.00074,0.02261,6.38394,9e-05,50,Spotify
2974,556.32951,139.0,318.25,85.0,0.01035,0.00024,0.02007,2.94008,0.00026,50,Spotify
2974,722.56479,344.0,1391.75,290.0,0.00094,0.00022,0.00185,2.2236,0.0,50,Spotify
1514,517.26358,343.0,1048.75,289.0,0.01203,0.00049,0.01097,3.8304,7e-05,50,Spotify
2974,550.45028,140.0,458.75,86.0,0.00983,0.00065,0.03096,2.22945,0.00012,50,Spotify
4434,786.45351,356.5,1137.5,302.5,0.00657,0.00012,0.00852,3.407,0.0,50,Spotify
6292,943.74189,146.0,412.0,104.0,2.66486,0.00947,0.05311,6.64253,0.00053,50,Spotify
13194,3634.81867,476.0,1514.0,422.0,2.60442,0.00084,0.03855,6.85214,0.00011,50,Spotify
11734,3047.8459,636.0,1249.0,582.0,0.13989,0.00025,0.06077,5.18641,8e-05,50,Spotify
29254,7723.33696,662.5,10639.0,608.5,2.74796,7e-05,0.00359,6.91061,7e-05,50,Spotify
32174,6818.70588,233.0,4069.0,173.0,0.00038,2e-05,0.00041,3.47698,1e-05,50,Spotify
64294,12291.83601,406.0,14654.0,346.0,0.00105,8e-05,0.00082,3.78079,5e-05,50,Spotify
58454,13134.30766,2874.0,14654.0,2820.0,0.00965,5e-05,0.00065,6.2784,7e-05,50,Spotify
1292,573.0189,263.5,1292.0,221.5,1.3507,0.0384,1.10241,4.27677,0.00029,50,Spotify
80,7.47607,63.0,66.0,1.0,22.34315,44.95304,44.95913,1.10553,0.05128,50,Spotify
81,0.0,81.0,81.0,39.0,1.46218,1.42564,2.02082,1.45299,0.4211,50,Spotify
11734,1820.6224,139.0,1024.0,85.0,7.06476,0.00043,0.00873,5.11246,0.00034,50,Spotify
2974,639.06709,336.0,1014.0,282.0,0.00065,0.00067,0.00124,1.76628,0.0,50,Spotify
2974,623.64426,348.5,1102.5,294.5,0.02943,0.00101,0.01545,5.12243,0.0001,50,Spotify
2974,757.36218,336.5,908.75,282.5,0.00111,0.00039,0.00346,1.90141,5e-05,50,Spotify
1514,486.32622,139.5,343.75,85.5,0.00128,0.00015,0.00337,2.05814,0.00024,50,Spotify
2974,937.61797,353.0,1376.5,299.0,0.00101,0.00015,0.00272,2.0165,0.0,50,Spotify
2974,628.89504,348.5,1205.25,294.5,0.01946,0.00036,0.0282,2.71039,0.0,50,Spotify
20494,5066.32448,377.0,4069.0,323.0,7.16221,0.00033,0.01798,5.0646,5e-05,50,Spotify
43854,11993.61017,495.0,14654.0,441.0,7.15502,0.00016,0.04537,5.06216,5e-05,50,Spotify
14654,7227.81654,798.0,14654.0,730.0,0.0001,8e-05,0.00026,1.07755,4e-05,50,Spotify
40934,8435.36398,1532.0,14654.0,1460.0,0.00019,7e-05,0.00024,1.66836,5e-05,50,Spotify
58454,13023.66047,1514.0,14654.0,1460.0,0.00772,0.00016,0.00141,4.87134,7e-05,50,Spotify
16114,4162.24819,831.5,1514.0,777.5,0.04921,0.00025,0.02986,4.99483,5e-05,50,Spotify
19034,5194.94456,400.0,2974.0,346.0,0.0071,0.00015,0.01415,2.65755,0.0,50,Spotify
21954,4136.09475,203.0,912.25,149.0,0.14881,0.00044,0.20471,3.99444,9e-05,50,Spotify
2974,681.5982,140.0,612.75,86.0,0.00212,0.00018,0.00237,2.923,0.00024,50,Spotify
4434,1025.62472,342.5,1062.0,288.5,0.0009,0.00034,0.00229,2.05775,0.0,50,Spotify
2974,828.65105,405.5,1469.0,351.5,0.00188,0.00014,0.00565,2.7788,0.0,50,Spotify
2974,804.5302,353.0,990.75,299.0,0.02781,0.0009,0.01489,4.12456,7e-05,50,Spotify
2974,546.69678,139.0,214.25,85.0,0.00038,0.0002,0.00077,0.98408,0.00036,50,Spotify
4434,930.1433,347.0,1473.0,293.0,0.00074,9e-05,0.00153,2.73972,0.0,50,Spotify
2974,724.66786,354.0,1417.5,300.0,0.00444,0.00016,0.0038,3.90304,0.0,50,Spotify
26262,5373.23002,77.5,8426.0,20.5,7.59429,0.01206,12.78747,4.06458,0.00037,50,Spotify
32174,9284.91643,1514.0,13194.0,1460.0,0.37164,6e-05,0.01499,6.72897,6e-05,50,Spotify
29254,6253.07348,90.0,4069.0,0.0,0.00013,3e-05,0.00036,1.65617,2e-05,50,Spotify
14654,6275.57916,1514.0,13924.0,1460.0,0.00015,7e-05,0.00046,1.59515,3e-05,50,Spotify
14654,4926.55109,90.0,1514.0,0.0,0.00015,3e-05,0.00043,1.789,2e-05,50,Spotify
27794,6892.46187,1514.0,2609.0,1460.0,0.0005,3e-05,0.00048,3.49004,2e-05,50,Spotify
14654,4559.99356,90.0,5529.0,0.0,7e-05,2e-05,0.00014,1.65544,2e-05,50,Spotify
14654,5559.25463,802.0,7354.0,730.0,0.0001,3e-05,0.00025,1.61337,2e-05,50,Spotify
14654,4614.81882,400.0,2974.0,346.0,0.30989,8e-05,0.01052,6.38426,4e-05,50,Spotify
1514,452.50998,139.5,409.5,85.5,0.22452,0.00026,0.03278,5.75181,0.00034,50,Spotify
2974,741.70711,353.5,1448.0,299.5,0.00185,0.0006,0.0027,2.89503,0.0,50,Spotify
2974,637.9016,329.0,1049.0,275.0,0.00643,0.0013,0.01171,3.02573,8e-05,50,Spotify
1514,445.73392,139.0,351.25,85.0,0.0098,0.0003,0.00248,5.00558,0.00024,50,Spotify
2974,716.73577,354.0,1426.25,300.0,0.00096,0.00021,0.00146,2.73286,0.0,50,Spotify
4434,759.52644,358.0,1233.0,304.0,0.02371,0.00016,0.04149,3.59444,0.0,50,Spotify
17526,4607.2002,300.5,8790.0,246.5,0.33106,0.00075,0.00201,6.75663,0.0001,50,Spotify
80,7.06552,60.0,66.0,1.0,22.4211,44.95484,44.95943,1.06132,0.05254,50,Spotify
6292,1246.21989,149.5,991.0,107.5,0.4474,0.01066,0.08102,4.4174,0.00048,50,Spotify
14654,5732.04748,664.5,8814.0,610.5,0.31343,0.00015,0.02417,6.60762,4e-05,50,Spotify
38014,9780.81487,1303.0,14654.0,1249.0,0.0003,7e-05,0.00059,1.96687,6e-05,50,Spotify
58454,10129.13409,5904.0,14654.0,5840.0,0.00017,0.0001,0.00041,1.47258,4e-05,50,Spotify
14654,6933.77307,802.0,14654.0,730.0,0.00016,8e-05,0.00042,1.37185,5e-05,50,Spotify
64294,10326.55608,2244.0,14654.0,2190.0,0.0345,0.0001,0.01727,5.22112,5e-05,50,Spotify
32174,6557.89314,400.0,4799.0,346.0,0.31091,0.00047,0.03259,5.86165,0.0,50,Spotify
14654,4046.54591,250.0,1514.0,196.0,0.00273,9e-05,0.00591,3.10225,3e-05,50,Spotify
36554,6843.17942,99.0,2974.0,27.0,0.00026,8e-05,0.00036,2.36195,2e-05,50,Spotify
24874,4636.94141,123.0,1514.0,51.0,6e-05,4e-05,0.00013,1.59548,1e-05,50,Spotify
11734,2481.95563,1082.0,1514.0,1028.0,0.00431,7e-05,0.00483,4.08152,1e-05,50,Spotify
29254,8962.0812,90.0,13559.0,0.0,0.0002,6e-05,0.00057,1.60972,6e-05,50,Spotify
14654,3634.75168,90.0,2974.0,15.5,0.00158,0.0001,0.00096,4.03067,3e-05,50,Spotify
14654,4575.41124,802.0,5894.0,730.0,0.00161,0.0001,0.00125,3.82336,5e-05,50,Spotify
14654,4324.58343,336.0,1495.0,282.0,0.19459,0.00037,0.06123,4.8838,8e-05,50,Spotify
2974,523.96929,139.0,140.0,85.0,0.00124,6e-05,0.00187,2.03397,0.00039,50,Spotify
2974,867.88733,358.0,1425.5,304.0,0.00224,0.0,0.00781,3.29342,0.0,50,Spotify
2974,680.80295,369.0,1383.0,315.0,0.03078,0.00012,0.0454,4.16202,0.0,50,Spotify
87,0.84,81.0,81.0,39.0,1.67622,0.00858,1.56978,1.86285,0.419,50,Spotify
8790,4288.17607,74.5,8790.0,20.5,0.28271,0.00024,0.02437,6.54023,0.0007,50,Spotify
6292,1032.46483,154.0,1288.0,112.0,0.22198,0.00659,0.05566,5.31556,0.00042,50,Spotify
14654,4434.19884,663.5,6989.0,609.5,0.22921,0.00012,0.00456,6.71481,4e-05,50,Spotify
32174,8103.10515,573.0,14654.0,519.0,0.00088,8e-05,0.00052,4.00164,3e-05,50,Spotify
17574,7164.16567,1524.0,14654.0,1460.0,0.00013,0.00011,0.00036,1.22592,5e-05,50,Spotify
24874,7570.3618,2258.0,14654.0,2190.0,0.00017,8e-05,0.0003,1.42128,5e-05,50,Spotify
24874,6865.40286,1297.0,14654.0,1243.0,0.00745,7e-05,0.00054,4.65492,5e-05,50,Spotify
29254,6689.28514,1514.0,8084.0,1460.0,0.00024,0.0001,0.00049,1.89158,2e-05,50,Spotify
13194,2448.72013,141.0,1514.0,87.0,0.22589,8e-05,0.02305,5.89245,4e-05,50,Spotify
5894,1417.95779,616.0,1514.0,562.0,0.00158,0.00028,0.00173,3.04668,3e-05,50,Spotify
11734,2383.09505,90.0,1514.0,0.0,0.00218,0.00014,0.00603,2.67615,3e-05,50,Spotify
11734,2562.42327,895.0,1514.0,841.0,0.00094,0.00024,0.00227,2.31086,2e-05,50,Spotify
13194,3008.82203,503.0,1514.0,449.0,0.01545,0.00013,0.04681,3.25198,2e-05,50,Spotify
13194,2710.97629,400.0,1488.0,346.0,0.10754,0.0003,0.16904,3.51505,6e-05,50,Spotify
13194,3757.23449,503.0,1514.0,449.0,0.0054,0.0001,0.01185,2.49866,6e-05,50,Spotify
13194,3120.1315,424.0,1514.0,370.0,0.00268,7e-05,0.00802,2.70086,4e-05,50,Spotify
13194,3335.87298,461.0,1514.0,407.0,0.01273,0.00011,0.0255,3.12734,0.0,50,Spotify
14654,3995.59325,269.0,1514.0,215.0,0.007,0.00028,0.02126,2.5942,4e-05,50,Spotify
14654,3626.21506,219.0,1514.0,165.0,0.20907,0.00813,0.02277,5.87871,8e-05,50,Spotify
14654,4053.20231,269.0,1514.0,215.0,0.20985,0.00034,0.04014,5.97,9e-05,50,Spotify
13194,3864.09814,253.0,1514.0,199.0,0.00232,0.00021,0.00576,2.53696,9e-05,50,Spotify
14654,4144.89871,688.0,1438.5,634.0,0.0469,0.00036,0.03616,4.39543,9e-05,50,Spotify
1292,588.96958,240.0,1292.0,198.0,1.10099,0.02869,2.52144,3.67243,8e-05,50,Spotify
81,0.0,81.0,81.0,39.0,2.39773,0.0048,1.55544,2.19192,0.42092,50,Spotify
87,0.84,81.0,81.0,39.0,2.26951,0.16026,1.56917,2.15396,0.42124,50,Spotify
81,0.0,81.0,81.0,39.0,0.71317,0.26671,1.80803,1.67447,0.15466,50,Spotify
81,0.0,81.0,81.0,39.0,1.3237,0.00948,1.57323,2.00846,0.41186,50,Spotify
81,0.0,81.0,81.0,39.0,1.78724,0.00566,1.56142,2.43588,0.41705,50,Spotify
14654,4557.26025,142.0,1486.25,88.0,0.00298,0.00081,0.00865,2.16829,8e-05,50,Spotify
14654,4529.48743,415.5,4434.0,361.5,0.00117,0.00025,0.00135,2.94016,6e-05,50,Spotify
16114,5522.32406,915.0,3704.0,861.0,0.00297,0.00019,0.00445,3.24627,6e-05,50,Spotify
14654,5042.35313,977.0,2974.0,923.0,0.00131,0.00012,0.00129,3.42914,5e-05,50,Spotify
87,0.84,81.0,81.0,39.0,1.7466,0.00217,1.55888,1.94344,0.42109,50,Spotify
81,0.0,81.0,81.0,39.0,2.40258,0.15608,1.56304,2.08737,0.42276,50,Spotify
14654,4368.31626,90.0,1514.0,0.5,15.7487,0.01556,45.01076,2.44819,0.00012,50,Spotify
16114,4680.91771,400.0,1514.0,346.0,9.32476,0.00043,12.91963,4.09429,7e-05,50,Spotify
2974,559.26339,139.0,343.75,85.0,7.13182,0.00139,0.03397,5.07356,0.00011,50,Spotify
2974,665.26294,139.0,281.75,85.0,0.00841,0.0003,0.00924,3.57621,0.00032,50,Spotify
2974,785.66504,328.0,942.75,274.0,0.00085,4e-05,0.00222,2.42801,2e-05,50,Spotify
1514,538.63435,377.0,1315.75,323.0,0.00956,0.00012,0.01488,3.40148,0.0,50,Spotify
1514,346.58381,139.0,140.0,85.0,0.00829,0.00022,0.0044,4.07994,0.00032,50,Spotify
2974,615.2998,139.0,439.25,85.0,0.00044,5e-05,0.00116,2.43457,1e-05,50,Spotify
2974,839.13658,257.5,743.25,203.5,0.00072,4e-05,0.00152,3.06525,1e-05,50,Spotify
7354,1195.12987,353.0,1291.75,299.0,0.00247,0.00024,0.00366,2.71765,0.0,50,Spotify
5894,1049.59918,139.0,814.0,85.0,0.01056,0.00045,0.00903,4.05725,4e-05,50,Spotify
2974,663.58167,139.0,352.75,85.0,0.00101,0.00013,0.00297,2.0932,0.00023,50,Spotify
5894,977.14774,139.0,653.75,85.0,0.00079,0.00019,0.00203,2.13502,4e-05,50,Spotify
10274,1653.30201,95.5,1441.25,23.5,0.00096,7e-05,0.00224,2.78701,2e-05,50,Spotify
2974,655.44845,343.5,1363.5,289.5,0.00493,0.00015,0.00389,4.03574,0.0,50,Spotify
2974,538.68756,217.5,376.5,163.5,0.00906,0.00087,0.02023,2.30015,0.0001,50,Spotify
1514,444.74986,139.0,140.0,85.0,0.01029,0.00023,0.00723,4.35915,0.00013,50,Spotify
2974,786.53695,336.0,1125.0,282.0,0.00122,0.0002,0.0017,2.64019,0.0,50,Spotify
2974,722.08829,74.0,962.5,0.0,0.00057,1e-05,0.00116,3.5377,1e-05,50,Spotify
1514,517.63431,82.0,753.25,0.0,0.00123,4e-05,0.00151,3.35648,1e-05,50,Spotify
4434,756.5709,183.0,481.0,129.0,0.00419,0.00055,0.01108,2.37065,8e-05,50,Spotify
1514,478.40857,140.0,540.25,86.0,0.00491,0.00026,0.00535,3.63505,0.00014,50,Spotify
2974,711.65313,354.0,1349.0,300.0,0.00237,0.00015,0.00235,3.38924,0.0,50,Spotify
1514,552.9873,790.0,1394.75,736.0,0.04825,0.00012,0.01786,5.46144,0.0,50,Spotify
14654,5212.30274,142.0,1477.75,88.0,0.71639,0.00109,0.30561,5.19742,0.00011,50,Spotify
14654,5373.82418,110.5,5894.0,56.5,0.00058,0.0001,0.00049,2.70631,3e-05,50,Spotify
14654,5327.85516,378.0,6624.0,324.0,0.52247,0.00036,0.00652,6.84921,7e-05,50,Spotify
1292,467.90873,123.0,501.75,81.0,47.361,0.02485,12.61609,5.44792,0.03972,50,Spotify
14654,4445.73048,115.5,1514.0,59.0,0.09502,0.00011,0.03579,5.64636,2e-05,50,Spotify
14654,5068.15399,378.0,2974.0,324.0,0.3106,0.00031,0.01951,6.17197,6e-05,50,Spotify
65,5.38888,65.0,65.0,11.0,29.42665,59.7973,59.97385,1.20165,0.05393,50,Spotify
1292,603.23312,238.5,1292.0,196.5,1.2315,0.03084,0.06538,6.47101,2e-05,50,Spotify
87,0.84,81.0,81.0,39.0,1.46866,1.22907,2.04269,1.47702,0.42162,50,Spotify
97,19.56856,94.0,97.0,40.0,14.02698,29.90197,29.91045,1.42956,0.05094,50,Spotify
96,2.1,81.0,81.0,39.0,1.6627,0.00409,1.55986,1.84893,0.42114,50,Spotify
81,0.0,81.0,81.0,39.0,1.76796,0.00397,1.54886,2.08172,0.42159,50,Spotify
87,0.84,81.0,81.0,39.0,2.28078,0.06167,1.56025,2.16824,0.42032,50,Spotify
14654,5004.29137,342.0,2974.0,288.0,0.00483,0.00019,0.00535,3.42477,0.00013,50,Spotify
14654,5430.17026,400.0,4069.0,346.0,0.00131,0.0003,0.00085,3.05711,7e-05,50,Spotify
14654,5703.22318,450.5,7354.0,396.5,0.00055,0.00038,0.00063,1.89533,6e-05,50,Spotify
86,0.0,86.0,86.0,44.0,54.12382,26.9981,157.35196,1.60768,3.01576,50,Spotify
81,0.0,81.0,81.0,39.0,1.48716,1.45124,2.24888,1.41632,0.42098,50,Spotify
82,11.0,71.0,82.0,17.0,14.96148,0.01235,0.01894,0.97725,29.95633,50,Spotify
87,0.84,81.0,81.0,39.0,1.75279,0.04807,1.56211,1.90664,0.42107,50,Spotify
81,0.0,81.0,81.0,39.0,2.3983,0.1425,1.55727,2.14498,0.4214,50,Spotify
87,0.84,81.0,81.0,39.0,2.07791,0.07139,1.56742,1.9854,0.42077,50,Spotify
81,0.0,81.0,81.0,39.0,0.79932,0.01961,1.58051,1.66276,0.40138,50,Spotify
81,0.0,81.0,81.0,39.0,1.59176,0.00484,1.55675,2.25731,0.41755,50,Spotify
81,0.0,81.0,81.0,39.0,1.78211,0.00556,1.56463,2.49282,0.41644,50,Spotify
97,19.45416,94.0,97.0,40.0,14.02452,29.90282,29.91314,1.4284,0.0515,50,Spotify
87,0.84,81.0,81.0,39.0,1.7562,0.03615,1.5573,2.00612,0.42172,50,Spotify
986,319.41101,908.0,956.25,866.0,0.00545,0.00454,0.01592,1.55697,0.00016,50,whatsapp
971,184.3527,910.0,958.0,868.0,0.00837,0.00347,0.01494,2.09438,0.00026,50,whatsapp
1080,237.66332,933.5,971.5,891.5,0.00624,0.00319,0.01622,1.62969,0.00137,50,whatsapp
1015,249.97472,936.0,957.0,894.0,0.00671,0.00394,0.013,1.67682,0.00122,50,whatsapp
1026,314.12729,914.5,961.0,872.5,0.00574,0.00468,0.01169,1.39496,0.00185,50,whatsapp
1026,317.95787,907.0,998.25,865.0,0.0079,0.00295,0.01854,2.04703,0.00045,50,whatsapp
973,145.99449,902.0,945.0,860.0,0.00802,0.0039,0.01505,1.95441,0.00134,50,whatsapp
1055,313.94326,914.0,1016.0,872.0,0.00461,0.00282,0.00921,1.14583,0.00329,50,whatsapp
1041,293.42258,898.0,939.5,856.0,0.00598,0.00576,0.01465,1.56574,0.0006,50,whatsapp
1017,288.53297,917.0,957.25,875.0,0.00516,0.00536,0.01285,1.35526,0.00111,50,whatsapp
1028,270.6929,918.0,959.0,876.0,0.00423,0.00476,0.00939,1.30671,0.00115,50,whatsapp
1017,365.51837,901.0,984.5,859.0,0.00515,0.00183,0.01257,1.36547,0.00192,50,whatsapp
1078,302.05074,897.0,943.25,855.0,0.00469,0.00468,0.01246,1.28983,0.00135,50,whatsapp
996,242.42888,923.0,944.0,881.0,0.00612,0.00504,0.01441,1.70457,0.00029,50,whatsapp
1006,278.06165,918.5,949.0,876.5,0.0074,0.00378,0.01772,1.93136,0.00069,50,whatsapp
969,258.65547,910.0,919.0,868.0,0.00686,0.00377,0.0124,1.71335,0.00179,50,whatsapp
1052,301.20359,887.0,990.5,845.0,0.00399,0.00409,0.00934,1.31837,0.00112,50,whatsapp
1026,296.50802,918.0,968.0,876.0,0.00613,0.00395,0.01144,1.69572,0.00126,50,whatsapp
1002,322.0299,926.0,943.75,884.0,0.00767,0.00376,0.01903,2.03688,0.00044,50,whatsapp
1064,299.30334,906.0,995.0,864.0,0.00497,0.00417,0.01121,1.28868,0.00209,50,whatsapp
996,275.37807,913.0,968.5,871.0,0.00673,0.00346,0.0153,2.11132,0.00025,50,whatsapp
1087,299.83878,926.0,965.0,884.0,0.00605,0.00306,0.01299,1.62639,0.00132,50,whatsapp
1087,307.3796,891.5,984.0,849.5,0.00449,0.00467,0.01064,1.16753,0.00215,50,whatsapp
1011,299.22117,931.0,981.75,889.0,0.00528,0.00531,0.01558,1.45072,0.00028,50,whatsapp
1023,337.78297,908.0,957.0,866.0,0.00609,0.00443,0.01984,1.69672,0.00047,50,whatsapp
1068,381.05485,913.0,1016.25,871.0,0.00445,0.00329,0.00816,1.69133,0.00063,50,whatsapp
995,284.00104,883.0,935.75,841.0,0.00647,0.00476,0.0131,1.6373,0.00116,50,whatsapp
1028,280.9679,922.5,967.75,880.5,0.00777,0.00434,0.02252,1.87804,0.00017,50,whatsapp
1039,292.67248,915.5,960.0,873.5,0.00597,0.0047,0.01293,1.58064,0.0011,50,whatsapp
976,301.33658,935.0,956.0,893.0,0.00633,0.00451,0.01794,1.60378,0.00093,50,whatsapp
1082,290.64335,911.0,927.0,869.0,0.00392,0.00389,0.0095,1.18756,0.00173,50,whatsapp
1084,319.03811,905.5,910.0,863.5,0.00544,0.00475,0.01462,1.48064,0.00135,50,whatsapp
949,297.75468,895.0,946.5,853.0,0.00501,0.00348,0.01227,1.81098,0.0002,50,whatsapp
1014,349.22666,907.0,916.0,865.0,0.00475,0.00531,0.01112,1.37056,0.00122,50,whatsapp
1083,316.65064,910.0,933.25,868.0,0.00495,0.00383,0.00856,1.59825,0.00117,50,whatsapp
1014,367.53777,928.0,976.75,886.0,0.00667,0.0039,0.01389,1.72999,0.00027,50,whatsapp
1012,360.37502,932.0,973.75,890.0,0.0045,0.00515,0.0106,1.43255,0.00027,50,whatsapp
1065,342.84199,887.0,1010.5,845.0,0.00331,0.00289,0.00729,1.19039,0.00159,50,whatsapp
1053,321.09762,876.5,915.0,834.5,0.00381,0.00321,0.0088,1.07432,0.00229,50,whatsapp
940,325.63594,879.0,928.25,837.0,0.00944,0.00227,0.00986,2.81504,0.0002,50,whatsapp
1003,316.46636,900.5,920.0,858.5,0.00528,0.0041,0.01714,1.76792,7e-05,50,whatsapp
1081,330.5117,911.0,921.0,869.0,0.00439,0.0042,0.01145,1.41146,0.00099,50,whatsapp
1009,329.77935,879.0,943.75,837.0,0.00695,0.00305,0.01822,1.75111,0.0012,50,whatsapp
978,338.69286,904.0,920.0,862.0,0.004,0.00496,0.00955,1.3654,0.00075,50,whatsapp
986,319.58616,894.0,938.0,852.0,0.00393,0.00299,0.01187,1.57111,0.0002,50,whatsapp
1067,376.17238,908.0,940.25,866.0,0.00507,0.00435,0.011,1.4091,0.00128,50,whatsapp
1024,349.28537,901.0,952.0,859.0,0.00434,0.00257,0.00737,1.52671,0.00112,50,whatsapp
1027,331.90593,950.5,1001.0,908.5,0.00491,0.00422,0.01189,1.23878,0.00211,50,whatsapp
963,294.43193,884.0,917.0,842.0,0.00575,0.0043,0.01073,1.86501,0.00029,50,whatsapp
1016,344.34196,960.0,999.0,918.0,0.00507,0.00356,0.01404,1.37688,0.00189,50,whatsapp
1081,337.82743,927.0,983.0,885.0,0.00637,0.00335,0.01133,2.07848,0.00025,50,whatsapp
1057,334.97388,874.0,993.75,832.0,0.00577,0.00339,0.01257,1.58954,0.00124,50,whatsapp
1026,327.7529,905.5,947.0,863.5,0.00532,0.00284,0.0158,1.42585,0.00186,50,whatsapp
1026,331.44287,921.0,934.0,879.0,0.006,0.00305,0.00666,1.87096,0.00114,50,whatsapp
1053,364.09788,968.0,990.0,926.0,0.00582,0.00436,0.01372,1.64462,0.00067,50,whatsapp
1063,324.40451,894.0,936.0,852.0,0.00449,0.00266,0.01256,1.43531,0.00112,50,whatsapp
1009,315.52218,903.5,998.75,861.5,0.00597,0.00284,0.0139,1.62277,0.00137,50,whatsapp
1056,329.68273,902.0,954.0,860.0,0.00504,0.00341,0.0118,1.62375,0.00101,50,whatsapp
1025,362.69135,923.5,948.25,881.5,0.00494,0.00432,0.01129,1.32485,0.00123,50,whatsapp
1022,258.11718,933.0,959.0,891.0,0.00452,0.00488,0.01091,1.37451,0.00107,50,whatsapp
1080,291.41914,941.0,989.0,899.0,0.00581,0.0033,0.01466,1.44698,0.00216,50,whatsapp
1051,300.07111,950.0,989.0,908.0,0.00566,0.00456,0.0099,1.73695,0.00063,50,whatsapp
1025,338.56484,911.5,1009.0,869.5,0.00423,0.00526,0.01135,1.22924,0.00113,50,whatsapp
1032,325.48523,867.0,960.0,825.0,0.00518,0.00445,0.00859,1.56516,0.00103,50,whatsapp
1052,348.29726,888.0,950.0,846.0,0.00625,0.0034,0.01575,1.65647,0.00067,50,whatsapp
1053,318.14179,907.5,949.0,865.5,0.00402,0.00369,0.01083,1.33522,0.0011,50,whatsapp
998,329.35511,916.5,949.0,874.5,0.00521,0.0039,0.01328,1.37433,0.00191,50,whatsapp
1007,353.34753,930.0,952.0,888.0,0.00571,0.00434,0.0166,1.61249,0.00029,50,whatsapp
1047,324.87828,902.0,950.0,860.0,0.00431,0.0035,0.01135,1.26122,0.00162,50,whatsapp
1047,342.58738,948.5,954.0,906.5,0.00506,0.00437,0.01528,1.43847,0.00035,50,whatsapp
1005,324.96486,897.0,937.25,855.0,0.00523,0.00451,0.01343,1.50843,0.00074,50,whatsapp
1023,267.66206,920.0,995.0,878.0,0.00708,0.0052,0.00977,1.90775,0.00056,50,whatsapp
1025,299.06011,918.5,956.0,876.5,0.00511,0.00504,0.01358,1.41708,0.00036,50,whatsapp
1016,327.75148,941.0,992.0,899.0,0.00552,0.00519,0.01241,1.69528,0.00022,50,whatsapp
952,320.23095,891.0,910.25,849.0,0.00528,0.00617,0.01425,1.56383,0.00017,50,whatsapp
1087,329.62269,903.0,1011.5,861.0,0.00365,0.00307,0.00846,1.15742,0.00212,50,whatsapp
1016,327.14619,862.5,903.0,820.5,0.00516,0.00437,0.01181,1.35752,0.0011,50,whatsapp
996,317.14271,921.0,966.0,879.0,0.00451,0.00368,0.00934,1.56991,0.00073,50,whatsapp
1063,328.08023,900.0,966.0,858.0,0.006,0.00419,0.01573,1.53009,0.00175,50,whatsapp
1067,262.54869,893.0,939.5,851.0,0.00582,0.00274,0.01468,1.49742,0.00181,50,whatsapp
957,254.05139,913.0,935.0,871.0,0.005,0.00379,0.00913,1.60661,0.00101,50,whatsapp
1048,298.00528,904.0,980.5,862.0,0.00604,0.00291,0.01353,1.47944,0.00226,50,whatsapp
1013,296.3897,901.0,931.75,859.0,0.00846,0.0033,0.01983,2.37332,6e-05,50,whatsapp
1008,305.81063,901.0,952.0,859.0,0.00614,0.00328,0.00775,1.89866,0.00103,50,whatsapp
1016,309.18914,901.0,942.0,859.0,0.00562,0.00398,0.01303,1.54332,0.00121,50,whatsapp
1058,309.22171,926.0,990.0,884.0,0.006,0.003,0.01648,1.80845,0.00019,50,whatsapp
966,333.21036,917.0,948.75,875.0,0.00722,0.00158,0.01943,2.08773,0.00014,50,whatsapp
1087,322.32887,917.0,958.0,875.0,0.00815,0.00101,0.02092,2.41326,0.00015,50,whatsapp
1033,338.08734,891.0,925.0,849.0,0.00655,0.00458,0.01234,1.7639,0.00096,50,whatsapp
1026,352.34054,921.0,966.0,879.0,0.00595,0.00423,0.01519,1.75576,0.00042,50,whatsapp
976,329.34205,912.5,943.0,870.5,0.00592,0.00416,0.01336,1.84051,0.00038,50,whatsapp
1017,324.78767,896.0,937.0,854.0,0.0061,0.00464,0.01277,1.5983,0.00072,50,whatsapp
980,311.98385,914.0,958.0,872.0,0.0043,0.00308,0.01123,1.61634,0.00035,50,whatsapp
1020,315.09098,904.5,922.0,862.5,0.00524,0.00426,0.01465,1.35827,0.00126,50,whatsapp
1027,317.14239,899.0,963.0,857.0,0.00755,0.00373,0.02041,1.85826,0.00107,50,whatsapp
1015,323.42374,920.0,1002.0,878.0,0.00492,0.00327,0.01501,1.73202,0.00032,50,whatsapp
1012,299.97813,925.0,948.0,883.0,0.00398,0.00369,0.00778,1.26418,0.00148,50,whatsapp
1025,293.31536,965.0,1014.75,923.0,0.00475,0.00367,0.01049,1.39521,0.00174,50,whatsapp
983,341.58576,913.0,940.0,871.0,0.00509,0.004,0.01048,1.68565,0.00021,50,whatsapp
1072,330.53051,939.0,996.75,897.0,0.0051,0.00419,0.01203,1.3283,0.00219,50,whatsapp
1077,324.80645,883.5,988.0,841.5,0.00552,0.00412,0.01454,1.36001,0.00216,50,whatsapp
1004,370.54477,949.0,979.0,907.0,0.00394,0.00369,0.01015,1.55629,0.00054,50,whatsapp
960,312.57972,890.0,905.0,848.0,0.00685,0.00325,0.01975,1.8139,0.00088,50,whatsapp
1068,304.0852,893.5,936.0,851.5,0.006,0.00325,0.01542,1.5153,0.00214,50,whatsapp
993,337.76351,913.0,947.75,871.0,0.00417,0.00285,0.01202,1.57113,0.0005,50,whatsapp
1005,334.56184,895.0,974.0,853.0,0.00376,0.00476,0.00844,1.18916,0.00151,50,whatsapp
1022,352.54334,898.0,948.0,856.0,0.0058,0.00356,0.01091,1.49386,0.00167,50,whatsapp
1024,313.97509,892.5,985.0,850.5,0.00501,0.00388,0.0123,1.67654,0.00027,50,whatsapp
989,305.06014,920.0,965.0,878.0,0.00566,0.00369,0.01354,1.48839,0.0017,50,whatsapp
1039,326.83144,912.5,989.0,870.5,0.00446,0.00343,0.0085,1.3646,0.00143,50,whatsapp
1079,358.69279,894.0,980.0,852.0,0.00636,0.00364,0.00639,1.9776,0.00126,50,whatsapp
915,276.622,881.5,897.0,839.5,0.00711,0.00435,0.01557,1.9106,0.00099,50,whatsapp
1086,257.02575,911.0,942.75,869.0,0.00693,0.00335,0.01474,2.00381,0.00026,50,whatsapp
1018,316.00013,911.5,964.0,869.5,0.00577,0.00512,0.01343,1.50869,0.00034,50,whatsapp
940,310.08968,847.5,913.0,805.5,0.00456,0.00466,0.01113,1.25984,0.00127,50,whatsapp
1059,330.4727,897.0,940.0,855.0,0.00503,0.00311,0.01146,1.2928,0.00211,50,whatsapp
1064,357.0186,914.0,975.5,872.0,0.0068,0.00289,0.01317,2.11926,0.00027,50,whatsapp
1021,318.33116,903.0,945.0,861.0,0.00457,0.00425,0.00883,1.22482,0.00199,50,whatsapp
1058,326.92531,903.0,916.25,861.0,0.00634,0.00307,0.01629,1.66523,0.00152,50,whatsapp
1026,321.27332,868.0,937.0,826.0,0.00463,0.00381,0.0101,1.42685,0.00095,50,whatsapp
1054,336.395,920.5,962.0,878.5,0.00516,0.00275,0.01431,1.37978,0.00188,50,whatsapp
1002,295.15723,881.0,931.0,839.0,0.00554,0.00478,0.01555,1.32227,0.00127,50,whatsapp
999,254.20102,905.0,924.0,863.0,0.00496,0.0045,0.01204,1.36767,0.00147,50,whatsapp
1029,304.75413,922.0,944.0,880.0,0.00646,0.00336,0.01744,1.67047,0.00109,50,whatsapp
1028,356.68953,891.0,938.25,849.0,0.00603,0.00434,0.01613,1.50374,0.00026,50,whatsapp
1013,321.5495,900.0,971.5,858.0,0.00413,0.00239,0.00883,1.19174,0.00224,50,whatsapp
987,325.18604,892.0,932.0,850.0,0.00479,0.00376,0.01205,1.40256,0.00183,50,whatsapp
1064,334.9798,872.0,945.0,830.0,0.00475,0.00418,0.01053,1.1981,0.00216,50,whatsapp
970,342.02696,911.5,958.5,869.5,0.0051,0.0041,0.01567,1.38665,0.00106,50,whatsapp
998,325.36117,910.0,931.5,868.0,0.0065,0.00581,0.01655,1.67337,0.00035,50,whatsapp
1055,372.99417,885.0,988.25,843.0,0.00491,0.00444,0.00946,1.50459,0.00112,50,whatsapp
981,290.77037,905.0,923.0,863.0,0.00603,0.00452,0.01781,1.53627,0.00109,50,whatsapp
962,338.79523,893.5,899.75,851.5,0.00618,0.0028,0.01501,1.63279,0.00126,50,whatsapp
1053,315.13283,917.0,926.0,875.0,0.0067,0.00329,0.01233,1.80511,0.00123,50,whatsapp
951,298.80082,916.5,928.75,874.5,0.00767,0.00293,0.02572,1.88403,0.00078,50,whatsapp
1070,238.04433,918.0,987.0,876.0,0.00879,0.00378,0.02538,2.12828,0.00033,50,whatsapp
1019,282.05481,931.0,966.5,889.0,0.00819,0.00267,0.02351,1.66611,0.00208,50,whatsapp
1018,210.66313,897.0,920.0,855.0,0.01142,0.00504,0.03873,2.13801,0.0002,50,whatsapp
1065,286.10083,913.0,1065.0,871.0,0.00544,0.00398,0.01635,1.67583,0.00022,50,whatsapp
995,208.67115,895.0,906.0,853.0,0.00818,0.0049,0.02632,1.59171,0.00182,50,whatsapp
997,323.6936,897.0,940.0,855.0,0.00655,0.003,0.01654,1.55944,0.00168,50,whatsapp
1005,276.09385,919.0,941.0,877.0,0.00684,0.00628,0.01348,1.66432,0.00053,50,whatsapp
991,298.35529,939.0,957.0,897.0,0.00815,0.0041,0.01941,1.73841,0.00124,50,whatsapp
1023,282.69129,910.0,930.0,868.0,0.00774,0.00327,0.01392,1.98091,0.00129,50,whatsapp
989,282.01798,892.0,929.75,850.0,0.009,0.00392,0.02131,2.1172,0.00014,50,whatsapp
967,259.33216,906.0,942.5,864.0,0.00725,0.0046,0.02162,1.61082,0.00021,50,whatsapp
1023,287.67096,921.5,932.5,879.5,0.00647,0.00601,0.01502,1.65143,0.0004,50,whatsapp
1070,302.83409,907.0,1007.0,865.0,0.0063,0.00626,0.015,1.48387,0.00085,50,whatsapp
1004,304.26468,918.0,947.0,876.0,0.00755,0.00595,0.02402,1.67666,0.00026,50,whatsapp
1078,345.20111,910.0,970.75,868.0,0.00633,0.00319,0.01307,1.87876,0.00033,50,whatsapp
1017,297.43955,947.0,1009.0,905.0,0.00571,0.00637,0.01312,1.36959,0.001,50,whatsapp
1072,319.22916,901.0,1025.25,859.0,0.00651,0.00339,0.01759,1.56468,0.0015,50,whatsapp
1058,286.47984,931.5,1006.5,889.5,0.00949,0.00527,0.03196,1.8465,0.00043,50,whatsapp
1077,280.91584,903.0,973.75,861.0,0.00579,0.00565,0.01688,1.54549,0.00023,50,whatsapp
1051,292.47847,951.0,1020.0,909.0,0.00568,0.00458,0.01148,1.57622,0.00075,50,whatsapp
1070,289.78286,903.0,931.0,861.0,0.00732,0.00426,0.01351,1.48156,0.00213,50,whatsapp
1019,288.50055,982.0,1006.0,940.0,0.00683,0.00618,0.01712,1.49419,0.00105,50,whatsapp
1023,301.08944,958.0,985.75,916.0,0.00761,0.00485,0.02035,1.84548,0.00033,50,whatsapp
1014,216.67635,895.5,1003.5,853.5,0.00622,0.00556,0.0154,1.43484,0.0018,50,whatsapp
1049,317.43879,998.0,1025.5,956.0,0.00564,0.00524,0.0145,1.38833,0.00093,50,whatsapp
1074,264.03134,911.0,964.0,869.0,0.00816,0.00621,0.02451,1.78891,0.00024,50,whatsapp
1032,242.45962,876.0,1000.0,834.0,0.00825,0.00409,0.02151,1.91589,0.00086,50,whatsapp
1052,219.99057,912.0,959.75,870.0,0.00921,0.004,0.01988,2.31036,0.00028,50,whatsapp
1072,277.50647,910.0,1013.0,868.0,0.00581,0.00468,0.01603,1.39875,0.00158,50,whatsapp
1049,325.30219,945.0,996.0,903.0,0.00854,0.00475,0.0199,1.73758,0.00162,50,whatsapp
1074,253.8782,869.5,896.0,827.5,0.00614,0.00447,0.01165,1.60363,0.00153,50,whatsapp
1024,272.6302,948.0,1014.0,906.0,0.00817,0.0061,0.01429,1.91596,0.00038,50,whatsapp
1021,281.86083,943.0,979.0,901.0,0.00771,0.00373,0.0222,2.01363,0.0002,50,whatsapp
1086,295.93479,882.0,1032.0,840.0,0.00789,0.00461,0.02224,1.71154,0.0014,50,whatsapp
1081,316.13795,943.0,991.0,901.0,0.00745,0.00523,0.01938,1.64096,0.00027,50,whatsapp
998,224.41654,903.5,935.0,861.5,0.00615,0.00324,0.01179,1.60237,0.00183,50,whatsapp
1055,290.60336,938.0,1005.0,896.0,0.00832,0.00399,0.01859,1.98689,0.00121,50,whatsapp
1027,256.13991,926.0,949.0,884.0,0.00864,0.00384,0.01866,2.0642,0.00041,50,whatsapp
1037,244.78882,951.5,1013.75,909.5,0.00474,0.00528,0.01196,1.26476,0.0013,50,whatsapp
1056,305.33031,906.0,988.0,864.0,0.00728,0.00368,0.01844,1.43959,0.00215,50,whatsapp
1071,304.77896,910.0,973.5,868.0,0.00626,0.00442,0.01288,1.46919,0.00156,50,whatsapp
1038,281.86211,953.0,1012.0,911.0,0.00787,0.00397,0.01886,1.83594,0.00041,50,whatsapp
1000,248.50503,935.0,973.75,893.0,0.0079,0.00339,0.01729,1.91768,0.0007,50,whatsapp
999,313.01767,952.0,989.25,910.0,0.00879,0.0033,0.02392,1.91797,0.0002,50,whatsapp
1032,266.79116,952.0,1009.75,910.0,0.00643,0.00244,0.01381,1.61075,0.00163,50,whatsapp
1062,278.81861,926.0,984.0,884.0,0.00828,0.00458,0.01747,1.82211,0.00055,50,whatsapp
1033,241.41566,969.0,1026.75,927.0,0.00794,0.00442,0.01824,1.93217,0.00023,50,whatsapp
1013,299.96815,890.0,952.0,848.0,0.00755,0.00453,0.02259,1.84999,0.00028,50,whatsapp
1042,221.43978,945.0,1003.5,903.0,0.0071,0.0045,0.0236,1.65734,0.00097,50,whatsapp
1029,266.74103,926.0,999.25,884.0,0.00931,0.00443,0.02259,1.97459,0.00067,50,whatsapp
1038,230.38979,899.0,964.0,857.0,0.00744,0.00318,0.01669,1.7233,0.00204,50,whatsapp
1071,284.84594,936.0,1013.0,894.0,0.00651,0.00215,0.01419,1.57858,0.00204,50,whatsapp
1051,269.02351,920.0,992.5,878.0,0.0055,0.00436,0.01347,1.41795,0.00105,50,whatsapp
991,277.22318,917.0,969.75,875.0,0.00657,0.00642,0.01659,1.58217,0.00043,50,whatsapp
1032,303.72185,921.5,966.5,879.5,0.00643,0.00522,0.01534,1.51226,0.00108,50,whatsapp
1062,288.9587,919.0,943.0,877.0,0.00843,0.00224,0.01056,2.34169,0.00076,50,whatsapp
1018,251.65187,949.0,963.75,907.0,0.01015,0.00456,0.01434,1.85344,0.00193,50,whatsapp
1067,260.78248,941.5,951.0,899.5,0.00445,0.0042,0.00703,1.50496,0.00107,50,whatsapp
1083,310.32612,927.0,993.5,885.0,0.0082,0.00389,0.01337,1.6265,0.00235,50,whatsapp
1022,223.61368,913.0,983.0,871.0,0.00797,0.00365,0.00947,1.9174,0.00132,50,whatsapp
1064,272.06584,933.5,989.75,891.5,0.0095,0.00434,0.01651,2.07287,0.00099,50,whatsapp
1010,261.9688,914.0,940.25,872.0,0.00686,0.00285,0.01859,1.87299,0.00103,50,whatsapp
1017,271.07726,913.0,958.0,871.0,0.00538,0.00405,0.00966,1.37806,0.00223,50,whatsapp
1047,275.77693,916.0,957.0,874.0,0.00654,0.00497,0.01657,1.53392,0.00135,50,whatsapp
1024,191.43137,918.0,952.75,876.0,0.00686,0.00701,0.0189,1.6107,0.00034,50,whatsapp
1075,298.28671,967.0,988.0,925.0,0.00576,0.00486,0.01382,1.30288,0.00226,50,whatsapp
1033,272.93064,916.0,1032.5,874.0,0.00866,0.00674,0.01927,1.81785,0.00036,50,whatsapp
1064,243.45509,939.0,974.75,897.0,0.00941,0.00483,0.01841,2.00092,0.00021,50,whatsapp
1007,310.49848,882.0,947.75,840.0,0.009,0.003,0.02299,2.08059,0.0,50,whatsapp
968,267.02856,912.0,935.0,870.0,0.00855,0.00327,0.02338,2.1005,0.00038,50,whatsapp
954,189.09546,916.0,926.0,874.0,0.00967,0.00102,0.0243,2.21952,5e-05,50,whatsapp
940,248.43687,891.5,917.25,849.5,0.00944,0.00478,0.02213,2.26214,0.00015,50,whatsapp
948,291.39194,904.0,928.0,862.0,0.00905,0.0018,0.02088,2.36368,0.00034,50,whatsapp
1075,259.95567,964.0,982.0,922.0,0.00975,0.00161,0.02534,2.30194,0.00026,50,whatsapp
1086,237.01305,939.0,945.0,897.0,0.01327,0.00149,0.04399,2.54414,5e-05,50,whatsapp
1008,208.90409,910.0,981.25,868.0,0.01015,0.00214,0.02425,2.71389,0.00013,50,whatsapp
1018,217.115,938.0,951.0,896.0,0.00972,0.00274,0.02872,2.41084,0.00016,50,whatsapp
1051,228.40834,920.0,941.75,878.0,0.00949,0.00339,0.0275,2.23674,0.0002,50,whatsapp
955,211.49449,909.0,918.25,867.0,0.01247,0.00504,0.04255,2.32176,9e-05,50,whatsapp
995,216.74995,922.0,951.75,880.0,0.01017,0.00106,0.02494,2.31675,0.0,50,whatsapp
1086,228.65536,904.5,915.0,862.5,0.01259,0.00011,0.02794,2.97051,0.0,50,whatsapp
952,235.8392,905.0,941.0,863.0,0.0084,0.00066,0.02287,2.09217,6e-05,50,whatsapp
1060,272.04954,900.0,912.0,858.0,0.00745,0.00604,0.02072,1.79887,0.00023,50,whatsapp
972,212.85337,902.5,933.5,860.5,0.01121,0.00113,0.03007,2.38853,7e-05,50,whatsapp
1058,220.69991,902.0,958.25,860.0,0.00756,0.00478,0.02057,1.85554,6e-05,50,whatsapp
1020,200.62405,879.0,973.5,837.0,0.00711,0.00656,0.02004,1.62034,0.00011,50,whatsapp
976,244.49536,928.0,951.5,886.0,0.00976,0.00513,0.01748,2.17541,0.00028,50,whatsapp
1086,240.74421,950.0,971.0,908.0,0.00793,0.00634,0.0178,1.8712,0.00021,50,whatsapp
1012,252.18365,897.0,961.75,855.0,0.00875,0.00415,0.01783,2.06951,0.00064,50,whatsapp
1086,217.88607,932.0,973.0,890.0,0.00857,0.00457,0.02164,1.83419,0.00069,50,whatsapp
1075,239.67667,903.0,949.0,861.0,0.00911,0.00507,0.02358,1.7159,0.0012,50,whatsapp
1015,212.18831,925.0,966.5,883.0,0.00873,0.00543,0.01612,2.21212,0.00011,50,whatsapp
1040,256.86394,917.0,929.0,875.0,0.00721,0.0046,0.01773,1.68671,0.00124,50,whatsapp
987,205.27154,934.0,954.0,892.0,0.0089,0.00569,0.02463,1.97004,0.00013,50,whatsapp
1007,219.93676,925.0,960.25,883.0,0.00869,0.00444,0.02881,1.76065,0.00136,50,whatsapp
1023,206.46007,945.5,959.0,903.5,0.00707,0.00397,0.00971,1.6918,0.00235,50,whatsapp
975,290.55259,880.0,911.75,838.0,0.0085,0.00338,0.01296,1.99973,0.00092,50,whatsapp
1024,256.02237,914.5,930.5,872.5,0.00581,0.00489,0.01228,1.4213,0.00142,50,whatsapp
963,265.91532,899.0,906.75,857.0,0.00569,0.00491,0.01095,1.59281,0.00116,50,whatsapp
1027,237.37225,913.0,994.75,871.0,0.00809,0.00564,0.02171,1.81313,0.00075,50,whatsapp
1027,287.62785,885.5,932.0,843.5,0.00913,0.00207,0.02208,2.10626,0.00115,50,whatsapp
1017,273.49633,918.0,924.75,876.0,0.00744,0.00488,0.01464,1.8788,0.00068,50,whatsapp
1043,266.48364,929.0,1005.5,887.0,0.00601,0.00547,0.01484,1.46299,0.00121,50,whatsapp
1025,246.48718,923.0,959.5,881.0,0.00844,0.00393,0.02189,2.10442,0.00026,50,whatsapp
1013,262.03886,905.5,920.75,863.5,0.00706,0.00366,0.00988,1.7219,0.00181,50,whatsapp
990,266.34732,935.5,957.0,893.5,0.00865,0.00268,0.01779,1.77764,0.00267,50,whatsapp
993,221.10857,915.0,937.75,873.0,0.00631,0.00474,0.01628,1.50724,0.00124,50,whatsapp
1059,221.74211,930.0,942.0,888.0,0.01123,0.0047,0.03018,1.9876,0.0011,50,whatsapp
1009,239.80759,911.0,983.5,869.0,0.00639,0.00439,0.01383,1.72163,0.00084,50,whatsapp
1071,293.56061,916.5,991.0,874.5,0.00722,0.00588,0.02168,1.63167,0.00031,50,whatsapp
1061,304.51778,864.0,964.5,822.0,0.00918,0.00362,0.02387,2.26577,0.00011,50,whatsapp
997,246.17128,898.0,962.5,856.0,0.00785,0.0045,0.02084,1.86689,0.00067,50,whatsapp
1081,316.54894,933.0,966.0,891.0,0.00742,0.00406,0.01846,1.50865,0.00227,50,whatsapp
965,225.03877,915.0,932.0,873.0,0.00662,0.00619,0.01943,1.53985,0.00095,50,whatsapp
1075,250.22913,970.0,995.5,928.0,0.00668,0.00583,0.01517,1.69,0.00024,50,whatsapp
1037,269.7894,939.0,967.25,897.0,0.00793,0.00694,0.01901,1.72977,0.0004,50,whatsapp
969,283.9921,886.0,933.5,844.0,0.00754,0.00402,0.01783,1.28927,0.0034,50,whatsapp
994,281.19942,879.0,952.75,837.0,0.00864,0.01114,0.01979,1.461,0.0,50,whatsapp
1060,265.92627,930.0,937.0,888.0,0.00734,0.00664,0.01546,1.39162,0.0017,50,whatsapp
1060,254.68475,898.5,932.0,856.5,0.0063,0.00386,0.01794,1.81676,0.00016,50,whatsapp
995,211.20738,886.5,954.0,844.5,0.00663,0.00486,0.01536,1.40259,0.00171,50,whatsapp
1079,232.58693,937.5,1001.5,895.5,0.00882,0.00548,0.02492,1.83506,0.00082,50,whatsapp
1079,265.52938,852.0,949.0,810.0,0.00638,0.00533,0.01592,1.54555,0.00098,50,whatsapp
1065,291.71836,939.0,960.75,897.0,0.0076,0.00667,0.02132,1.48957,0.00106,50,whatsapp
1053,256.08741,942.0,985.0,900.0,0.00575,0.00485,0.01562,1.493,0.00108,50,whatsapp
1053,214.45139,930.0,953.0,888.0,0.00632,0.00407,0.01639,1.38334,0.00212,50,whatsapp
992,260.58462,917.5,946.0,875.5,0.00655,0.00614,0.01481,1.58167,0.00015,50,whatsapp
983,257.2321,906.0,962.0,864.0,0.0066,0.00539,0.01762,1.53168,0.00025,50,whatsapp
1042,286.96368,937.0,977.75,895.0,0.00928,0.00156,0.01862,2.0611,0.00012,50,whatsapp
1075,253.86713,892.0,953.25,850.0,0.00596,0.00518,0.01679,1.57104,0.0003,50,whatsapp
958,276.73577,905.0,910.75,863.0,0.01123,0.00619,0.01837,2.18236,0.00027,50,whatsapp
1019,229.73047,917.0,937.0,875.0,0.00971,0.01434,0.02921,1.51273,0.0,50,whatsapp
984,278.67867,922.0,965.0,880.0,0.00897,0.01461,0.023,1.45685,0.0,50,whatsapp
1021,320.33715,922.0,977.25,880.0,0.00677,0.00496,0.01426,1.27229,0.00241,50,whatsapp
955,298.06334,911.0,949.0,869.0,0.00639,0.0051,0.01519,1.47434,0.00103,50,whatsapp
1019,284.77699,944.0,990.0,902.0,0.00837,0.00681,0.02566,1.62557,0.0,50,whatsapp
1074,391.81022,846.5,914.0,804.5,0.00261,0.00161,0.007,1.7402,0.0002,50,whatsapp
1007,312.60042,939.0,974.5,897.0,0.00398,0.00274,0.01179,1.81002,0.00022,50,whatsapp
1073,264.33136,913.0,935.0,871.0,0.00726,0.00495,0.02107,1.64654,0.00033,50,whatsapp
1037,278.93697,973.5,1037.0,931.5,0.00601,0.00396,0.01941,1.65786,0.00036,50,whatsapp
1047,288.15089,878.0,942.75,836.0,0.0064,0.00422,0.01236,1.35125,0.00205,50,whatsapp
993,289.80849,949.0,958.75,907.0,0.00693,0.00496,0.01641,1.12083,0.0043,50,whatsapp
1064,336.06002,888.0,966.0,846.0,0.00855,0.00294,0.02526,1.99336,0.00029,50,whatsapp
1060,263.9259,971.0,1015.75,929.0,0.00321,0.00257,0.00601,1.83336,0.00023,50,whatsapp
1056,368.99816,847.0,999.75,805.0,0.00407,0.00235,0.00928,1.07166,0.00315,50,whatsapp
1056,337.1551,931.0,997.5,889.0,0.00815,0.00517,0.01595,1.66118,0.00129,50,whatsapp
1019,319.96235,947.5,999.25,905.5,0.00517,0.00476,0.01072,1.30695,0.00154,50,whatsapp
1022,331.30829,864.0,972.0,822.0,0.00356,0.00348,0.00649,1.05815,0.00232,50,whatsapp
1065,343.17044,850.0,984.0,808.0,0.00505,0.00408,0.0073,1.18782,0.0031,50,whatsapp
1021,349.07357,901.0,985.5,859.0,0.00478,0.00547,0.01249,1.22995,0.00155,50,whatsapp
1041,393.92023,562.5,994.0,520.5,0.00694,0.00826,0.01697,1.45498,0.00039,50,whatsapp
1075,349.69628,509.0,846.0,467.0,0.00608,0.00625,0.01525,1.47858,0.00056,50,whatsapp
1010,304.12223,707.0,896.5,665.0,0.007,0.00723,0.01246,1.15938,0.00405,50,whatsapp
986,297.59824,713.5,961.0,671.5,0.00583,0.00358,0.01258,1.19005,0.00358,50,whatsapp
1027,278.91723,747.5,806.0,705.5,0.00724,0.00627,0.01937,1.19985,0.00291,50,whatsapp
1018,313.39005,635.0,857.75,593.0,0.00352,0.0041,0.0055,1.03284,0.00253,50,whatsapp
1041,353.01465,793.0,922.0,751.0,0.00707,0.00549,0.01806,1.44564,0.00185,50,whatsapp
971,342.67,656.5,849.0,614.5,0.0053,0.00505,0.01441,1.52497,0.00051,50,whatsapp
1038,286.97823,808.5,967.5,766.5,0.00361,0.0023,0.01017,1.43118,0.00079,50,whatsapp
1090,306.74602,736.0,788.0,694.0,0.00566,0.00439,0.00927,1.40138,0.00211,50,whatsapp
1073,325.05848,789.5,921.25,747.5,0.00794,0.00419,0.01785,1.7588,0.00109,50,whatsapp
995,266.60825,761.5,804.75,719.5,0.00639,0.00575,0.01774,1.40347,0.0009,50,whatsapp
1082,262.20445,742.5,786.0,700.5,0.00704,0.00466,0.02072,1.53363,0.00108,50,whatsapp
1013,303.37883,756.0,803.0,714.0,0.00482,0.00316,0.01112,1.20949,0.00238,50,whatsapp
972,305.43422,753.5,824.5,711.5,0.00396,0.00223,0.00844,1.28286,0.00201,50,whatsapp
1066,263.64356,798.0,894.0,756.0,0.00537,0.0035,0.01292,1.0634,0.00373,50,whatsapp
1078,272.59252,800.5,949.0,758.5,0.01676,0.0042,0.0109,2.49044,0.00376,50,whatsapp
1079,339.42449,830.0,934.0,788.0,0.00649,0.00334,0.01244,1.39941,0.00235,50,whatsapp
1049,262.5905,787.0,837.25,745.0,0.00516,0.0053,0.01004,1.19348,0.00208,50,whatsapp
1079,347.90244,846.0,1019.0,804.0,0.00612,0.00522,0.01725,1.39894,0.00138,50,whatsapp
1020,271.3885,829.5,899.75,787.5,0.0049,0.00395,0.01235,1.07362,0.00344,50,whatsapp
1026,323.43742,755.0,903.75,713.0,0.00719,0.00491,0.01672,1.4179,0.00213,50,whatsapp
1026,299.34464,911.0,975.0,869.0,0.0053,0.00608,0.01116,1.29645,0.00131,50,whatsapp
1026,301.90579,903.5,920.0,861.5,0.00587,0.00339,0.00786,1.19142,0.00404,50,whatsapp
1035,300.94875,904.0,918.0,862.0,0.00679,0.00675,0.01735,1.28822,0.00212,50,whatsapp
988,322.60796,825.0,938.0,783.0,0.00677,0.00929,0.01795,1.35439,0.00024,50,whatsapp
1032,346.85331,853.5,924.0,811.5,0.00595,0.00467,0.01627,1.34606,0.00136,50,whatsapp
1022,356.79138,962.5,1017.5,920.5,0.00381,0.00357,0.00709,1.08637,0.00268,50,whatsapp
986,346.05615,933.0,951.0,891.0,0.00645,0.00413,0.01776,1.43144,0.0022,50,whatsapp
1020,302.08347,961.0,979.0,919.0,0.00564,0.00373,0.01009,1.25431,0.00316,50,whatsapp
987,296.77749,930.0,960.75,888.0,0.00675,0.00594,0.01481,1.39341,0.00196,50,whatsapp
1025,308.72957,931.0,963.5,889.0,0.00458,0.00339,0.00892,1.1228,0.0029,50,whatsapp
1023,338.52433,945.5,957.75,903.5,0.00471,0.00448,0.00966,1.14987,0.00217,50,whatsapp
1060,325.56056,940.0,972.0,898.0,0.00666,0.00417,0.01387,1.50295,0.00213,50,whatsapp
1019,325.51589,855.0,963.75,813.0,0.00519,0.00454,0.01346,1.37408,0.0012,50,whatsapp
983,237.21331,896.0,951.0,854.0,0.00839,0.00648,0.02528,1.6183,0.00081,50,whatsapp
1029,300.26755,957.5,1002.0,915.5,0.00602,0.00415,0.01726,1.52473,0.00053,50,whatsapp
1002,328.48144,969.0,980.75,927.0,0.00453,0.00364,0.00957,0.99832,0.00363,50,whatsapp
1067,290.3539,945.0,968.75,903.0,0.00544,0.0044,0.01387,1.38382,0.00184,50,whatsapp
1020,314.28077,817.5,956.0,775.5,0.00561,0.00453,0.01556,1.45524,0.00105,50,whatsapp
1024,305.47793,839.0,964.0,797.0,0.0065,0.00483,0.01572,1.55257,0.00125,50,whatsapp
1049,279.0878,934.0,990.0,892.0,0.00515,0.00452,0.01298,1.14396,0.00247,50,whatsapp
1018,296.86268,929.5,979.0,887.5,0.00485,0.00342,0.01019,1.26223,0.00207,50,whatsapp
1021,309.97693,905.0,963.0,863.0,0.00833,0.00511,0.02563,1.62063,0.00162,50,whatsapp
1029,306.60073,907.5,968.0,865.5,0.00626,0.00306,0.01521,1.50507,0.00196,50,whatsapp
1016,283.05478,932.0,990.0,890.0,0.00632,0.00427,0.01526,1.53017,0.00178,50,whatsapp
1077,289.60165,912.0,983.0,870.0,0.00599,0.00436,0.01037,1.38185,0.0023,50,whatsapp
1036,305.56539,857.0,976.0,815.0,0.00605,0.00356,0.01418,1.28901,0.0024,50,whatsapp
1063,288.98744,925.0,948.0,883.0,0.00485,0.00352,0.01011,1.18563,0.00293,50,whatsapp
1021,309.44116,922.0,970.5,880.0,0.00636,0.00198,0.01271,1.50802,0.00289,50,whatsapp
1047,304.29811,914.0,959.75,872.0,0.00811,0.00562,0.02004,1.46025,0.00191,50,whatsapp
1045,360.37927,958.5,996.0,916.5,0.00536,0.00393,0.01359,1.26654,0.00212,50,whatsapp
997,332.82002,897.5,982.0,855.5,0.00283,0.00355,0.00482,0.9322,0.00272,50,whatsapp
1051,339.27794,894.0,965.0,852.0,0.00442,0.00348,0.01127,1.28238,0.00183,50,whatsapp
1014,289.92741,945.5,959.75,903.5,0.00583,0.0034,0.01505,1.36,0.00208,50,whatsapp
1018,362.85431,961.0,974.0,919.0,0.0072,0.00338,0.01668,1.52473,0.0021,50,whatsapp
1003,318.36133,959.0,973.0,917.0,0.00533,0.00394,0.00876,1.26327,0.00242,50,whatsapp
993,287.13845,976.0,984.0,934.0,0.00759,0.00357,0.01944,1.72242,0.00171,50,whatsapp
1041,300.22385,875.5,973.0,833.5,0.00677,0.0045,0.01961,1.55863,0.00121,50,whatsapp
1025,314.38859,965.0,997.5,923.0,0.00552,0.00449,0.0128,1.172,0.003,50,whatsapp
1024,313.6906,924.0,982.5,882.0,0.00744,0.00407,0.0204,1.73411,0.00107,50,whatsapp
1021,259.20218,920.0,991.0,878.0,0.00537,0.00332,0.01265,1.34972,0.00207,50,whatsapp
1004,285.57386,863.0,977.0,821.0,0.0071,0.00513,0.01741,1.44753,0.00161,50,whatsapp
1053,298.65897,937.5,968.5,895.5,0.00558,0.00325,0.0136,1.35517,0.00205,50,whatsapp
1013,320.00508,956.0,997.5,914.0,0.00708,0.00552,0.01857,1.36257,0.00207,50,whatsapp
1028,298.24721,915.0,973.0,873.0,0.00437,0.00416,0.01119,1.31849,0.0011,50,whatsapp
1020,299.51028,920.5,974.0,878.5,0.00795,0.00231,0.01983,1.66058,0.00218,50,whatsapp
1000,304.89443,974.5,984.0,932.5,0.00637,0.00387,0.01978,1.50445,0.00137,50,whatsapp
1032,342.12888,896.0,962.0,854.0,0.00507,0.00436,0.00995,1.26389,0.00214,50,whatsapp
1056,346.16465,850.0,974.0,808.0,0.00624,0.00303,0.0156,1.50586,0.00141,50,whatsapp
1056,309.14922,945.0,967.0,903.0,0.00534,0.00592,0.01303,1.29367,0.00144,50,whatsapp
1032,301.88341,891.0,958.0,849.0,0.00644,0.00457,0.01298,1.72124,0.00016,50,whatsapp
1016,294.32975,931.0,961.0,889.0,0.00874,0.00509,0.02002,1.78045,0.0011,50,whatsapp
1024,318.48347,943.0,981.0,901.0,0.00571,0.00292,0.01214,1.03601,0.00418,50,whatsapp
1012,320.66723,959.0,987.0,917.0,0.00791,0.00204,0.01669,1.38822,0.00442,50,whatsapp
1086,311.34771,985.0,1013.0,943.0,0.00662,0.00455,0.0202,1.44113,0.00172,50,whatsapp
1041,276.09041,918.0,971.0,876.0,0.00711,0.00425,0.02041,1.60017,0.00124,50,whatsapp
1009,324.09878,952.0,978.0,910.0,0.00668,0.00287,0.01668,1.38172,0.003,50,whatsapp
1050,262.24078,959.0,987.0,917.0,0.00764,0.00663,0.0159,1.62477,0.0003,50,whatsapp
1027,290.87305,920.0,974.0,878.0,0.00523,0.00567,0.01352,1.18927,0.00201,50,whatsapp
1027,299.0069,920.0,993.0,878.0,0.00653,0.00633,0.01515,1.54113,0.00063,50,whatsapp
1076,327.36402,890.0,992.0,848.0,0.00675,0.00412,0.01751,1.7451,0.00079,50,whatsapp
990,343.32065,900.0,965.0,858.0,0.00549,0.00523,0.01517,1.34226,0.0009,50,whatsapp
1032,297.35243,925.0,975.0,883.0,0.00573,0.0066,0.01565,1.26238,0.00104,50,whatsapp
1027,332.55179,893.0,955.0,851.0,0.00546,0.00403,0.01248,1.41196,0.00163,50,whatsapp
1020,351.92787,905.0,962.0,863.0,0.00523,0.00296,0.01511,1.34955,0.00227,50,whatsapp
1050,328.52028,943.0,996.0,901.0,0.00588,0.00419,0.01385,1.39673,0.00213,50,whatsapp
1012,283.79545,866.5,992.0,824.5,0.00708,0.00517,0.01943,1.45115,0.00113,50,whatsapp
1049,254.42582,904.0,969.0,862.0,0.00779,0.00646,0.0216,1.74392,0.00018,50,whatsapp
1026,289.72991,918.0,990.0,876.0,0.00504,0.00441,0.01115,1.21582,0.00212,50,whatsapp
1060,314.04502,935.0,959.0,893.0,0.00667,0.00357,0.01921,1.4202,0.00184,50,whatsapp
1059,342.8758,949.0,970.75,907.0,0.00648,0.0052,0.01678,1.49894,0.00108,50,whatsapp
1022,283.40872,964.0,985.75,922.0,0.00602,0.0048,0.016,1.38808,0.0013,50,whatsapp
1057,319.9837,854.0,992.0,812.0,0.00679,0.00446,0.01558,1.6535,0.0008,50,whatsapp
1046,266.21222,881.0,959.0,839.0,0.00462,0.00535,0.01064,1.13809,0.00198,50,whatsapp
1020,310.53406,925.0,949.5,883.0,0.00579,0.00681,0.0136,1.14698,0.00227,50,whatsapp
1038,367.17424,962.5,979.25,920.5,0.00468,0.00522,0.01186,1.20106,0.00149,50,whatsapp
1023,319.59257,956.0,981.0,914.0,0.00636,0.00435,0.01343,1.3939,0.00206,50,whatsapp
1030,334.24845,946.0,968.5,904.0,0.00616,0.00518,0.01552,1.47458,0.001,50,whatsapp
1021,322.11585,901.0,979.5,859.0,0.00569,0.00461,0.01458,1.44201,0.00115,50,whatsapp
1076,327.27124,877.0,979.0,835.0,0.00591,0.0055,0.01704,1.35684,0.00127,50,whatsapp
1037,324.17335,950.0,1004.0,908.0,0.00692,0.00311,0.01758,1.96194,0.0002,50,whatsapp
1027,304.36889,948.0,977.25,906.0,0.00704,0.00743,0.01615,1.2391,0.00286,50,whatsapp
1016,296.14596,948.0,970.0,906.0,0.01061,0.00648,0.03367,1.83495,0.00064,50,whatsapp
1023,248.57562,953.0,991.0,911.0,0.00938,0.00393,0.02005,1.428,0.00427,50,whatsapp
1006,250.16953,929.5,988.75,887.5,0.00906,0.00706,0.02669,1.56888,0.00113,50,whatsapp
999,294.28505,896.0,944.0,854.0,0.0079,0.00484,0.0192,1.33302,0.00317,50,whatsapp
1017,269.70037,953.5,971.0,911.5,0.00747,0.00587,0.02026,1.29713,0.00222,50,whatsapp
1017,328.12511,885.0,971.0,843.0,0.00912,0.007,0.01832,1.64216,0.00123,50,whatsapp
1009,305.96666,953.0,976.75,911.0,0.00644,0.00324,0.01132,1.03737,0.00543,50,whatsapp
1008,377.50492,805.0,991.0,763.0,0.00409,0.00417,0.00964,1.56982,0.00018,50,whatsapp
1011,331.94278,728.0,939.25,686.0,0.00545,0.00557,0.01226,1.85567,0.0,50,whatsapp
1065,310.97955,802.0,1020.0,760.0,0.00474,0.00605,0.01186,1.49026,0.00016,50,whatsapp
1074,317.54104,944.0,975.5,902.0,0.00732,0.00283,0.02261,1.66827,0.00197,50,whatsapp
957,305.53128,901.0,925.25,859.0,0.00567,0.00515,0.01339,1.40712,0.00105,50,whatsapp
1027,299.05933,929.0,1015.75,887.0,0.00503,0.00498,0.01223,1.14432,0.00251,50,whatsapp
1033,297.28944,909.0,961.5,867.0,0.00631,0.0058,0.01584,1.53363,0.00094,50,whatsapp
1074,285.06113,906.5,928.75,864.5,0.00566,0.00428,0.01287,1.3358,0.00215,50,whatsapp
1036,301.32125,881.0,934.75,839.0,0.00699,0.00616,0.01517,1.69707,0.0002,50,whatsapp
954,265.59439,903.5,925.25,861.5,0.00523,0.00472,0.01287,1.35197,0.00118,50,whatsapp
977,295.9334,873.0,929.0,831.0,0.0063,0.00511,0.01769,1.54011,0.00112,50,whatsapp
957,278.22204,906.0,916.75,864.0,0.00533,0.00463,0.01285,1.37106,0.00132,50,whatsapp
976,323.93434,904.0,928.0,862.0,0.00494,0.0043,0.01233,1.31705,0.00198,50,whatsapp
1013,313.63922,842.0,900.0,800.0,0.00412,0.00337,0.00842,1.25691,0.0021,50,whatsapp
985,267.30367,907.0,930.0,865.0,0.0049,0.00419,0.0103,1.31967,0.00168,50,whatsapp
964,296.51768,859.0,925.25,817.0,0.00513,0.00277,0.01073,1.51905,0.00159,50,whatsapp
953,296.04107,916.5,927.75,874.5,0.00589,0.00441,0.01157,1.41286,0.00212,50,whatsapp
993,294.20161,907.0,923.0,865.0,0.00535,0.00297,0.00836,1.38653,0.00226,50,whatsapp
955,276.35522,906.0,924.0,864.0,0.00597,0.00313,0.0135,1.53333,0.00206,50,whatsapp
1028,310.45742,882.0,903.25,840.0,0.00612,0.00298,0.01246,1.67699,0.00179,50,whatsapp
952,277.9349,904.5,924.0,862.5,0.00377,0.00401,0.00857,1.08745,0.00234,50,whatsapp
952,297.94554,883.0,921.0,841.0,0.00472,0.00368,0.00806,1.32532,0.00211,50,whatsapp
964,305.87061,884.0,933.0,842.0,0.00478,0.00537,0.00916,1.34391,0.00096,50,whatsapp
952,293.41739,902.0,919.0,860.0,0.00679,0.0041,0.01794,1.82111,0.0,50,whatsapp
986,299.54859,901.0,983.25,859.0,0.00403,0.00559,0.01022,1.37994,0.0002,50,whatsapp
991,310.20902,893.5,917.0,851.5,0.00728,0.00364,0.02093,1.74025,0.0002,50,whatsapp
986,298.64762,901.0,919.0,859.0,0.0051,0.00289,0.01207,1.22199,0.0031,50,whatsapp
966,262.10127,926.0,940.0,884.0,0.0062,0.0047,0.01423,1.33589,0.00193,50,whatsapp
1000,253.92977,894.5,915.0,852.5,0.00697,0.00579,0.0189,1.72752,0.00017,50,whatsapp
976,302.22594,855.0,913.0,813.0,0.00611,0.00225,0.01552,1.95059,0.00031,50,whatsapp
1015,329.81665,892.5,906.5,850.5,0.00613,0.00332,0.00593,1.45209,0.00309,50,whatsapp
1021,297.00139,875.0,962.5,833.0,0.00689,0.00603,0.01517,1.70417,0.0002,50,whatsapp
1001,245.81644,891.0,915.25,849.0,0.00571,0.00565,0.0141,1.59496,0.0002,50,whatsapp
1007,254.44103,874.5,889.75,832.5,0.00503,0.00474,0.01366,1.28787,0.00154,50,whatsapp
1004,270.05943,857.0,924.0,815.0,0.00788,0.00426,0.02278,1.86054,0.0,50,whatsapp
998,298.7822,879.5,930.75,837.5,0.00549,0.0036,0.01695,1.56134,0.00044,50,whatsapp
1031,289.30606,842.5,977.75,800.5,0.0047,0.00567,0.01195,1.21659,0.00105,50,whatsapp
1047,274.20343,870.0,899.0,828.0,0.00759,0.0046,0.01821,1.82004,0.00021,50,whatsapp
1067,293.00562,834.0,890.75,792.0,0.00718,0.00451,0.01801,1.9153,0.0,50,whatsapp
992,293.84213,852.0,928.0,810.0,0.00528,0.0038,0.00812,1.3945,0.00231,50,whatsapp
960,219.4132,824.5,902.0,782.5,1.15472,0.00456,0.02034,6.76678,0.00117,50,whatsapp
1022,218.74187,901.0,1010.5,859.0,0.00705,0.00491,0.01674,1.45011,0.0014,50,whatsapp
1021,254.25121,840.0,906.5,798.0,0.00691,0.00454,0.01566,1.69937,0.00102,50,whatsapp
1021,305.68669,817.0,996.0,775.0,0.00473,0.00507,0.01005,1.15589,0.00242,50,whatsapp
1008,283.46328,878.0,938.25,836.0,0.00674,0.00519,0.01434,1.65905,0.00098,50,whatsapp
1075,276.30201,839.5,904.0,797.5,0.00535,0.00576,0.01416,1.44052,0.00059,50,whatsapp
1013,310.93514,850.0,945.5,808.0,0.00531,0.00416,0.01506,1.5802,0.00052,50,whatsapp
1021,301.13686,881.0,994.0,839.0,0.0055,0.00362,0.00913,1.45545,0.00209,50,whatsapp
1004,283.04256,863.5,935.25,821.5,0.00549,0.00565,0.01437,1.39939,0.00035,50,whatsapp
1027,312.031,931.0,995.0,889.0,0.00734,0.00566,0.02046,1.50023,0.00198,50,whatsapp
1016,335.9819,958.0,972.75,916.0,0.00735,0.00327,0.01555,1.87763,0.00102,50,whatsapp
1025,327.06067,989.0,1002.0,947.0,0.00463,0.00347,0.01095,1.11312,0.00242,50,whatsapp
1020,341.79414,915.0,991.75,873.0,0.00463,0.0044,0.01109,1.11433,0.00232,50,whatsapp
1023,236.74401,939.0,979.5,897.0,0.00625,0.00424,0.0178,1.37676,0.00229,50,whatsapp
1018,268.49784,943.0,1002.0,901.0,0.00595,0.0046,0.01287,1.35805,0.00206,50,whatsapp
1017,200.92861,942.0,959.5,900.0,0.00837,0.00573,0.01838,1.79048,0.00039,50,whatsapp
1012,279.22364,884.5,986.75,842.5,0.00553,0.00397,0.01486,1.27867,0.00237,50,whatsapp
1022,194.94033,946.0,997.0,904.0,0.00794,0.00438,0.02091,1.79766,0.00098,50,whatsapp
1018,307.51459,929.5,982.0,887.5,0.00662,0.0034,0.01025,1.54745,0.00208,50,whatsapp
1025,323.55346,971.0,994.75,929.0,0.0061,0.0053,0.01479,1.40289,0.00103,50,whatsapp
1014,297.03585,886.0,974.0,844.0,0.00882,0.0149,0.02268,1.60973,0.0,50,whatsapp
1021,294.23353,951.0,975.0,909.0,0.01104,0.00885,0.02613,1.96973,0.0,50,whatsapp
1024,307.13314,934.5,988.0,892.5,0.00663,0.0111,0.01339,1.16365,0.00208,50,whatsapp
1022,380.28107,544.0,957.5,502.0,0.0069,0.00342,0.01638,1.96735,0.0002,50,whatsapp
1072,377.63756,912.0,961.0,870.0,0.00293,0.00202,0.00621,1.31674,0.00112,50,whatsapp
1072,316.0957,878.0,922.0,836.0,0.00649,0.00972,0.01614,1.22444,0.00105,50,whatsapp
1000,330.26694,912.0,967.0,870.0,0.00874,0.00965,0.02036,1.5006,0.0,50,whatsapp
1022,310.12471,890.0,976.0,848.0,0.0071,0.00671,0.01812,1.37714,0.00105,50,whatsapp
1013,286.44485,927.0,959.0,885.0,0.00769,0.00432,0.01972,1.40291,0.00295,50,whatsapp
1007,330.19252,853.0,961.25,811.0,0.0059,0.0042,0.01393,1.2773,0.00237,50,whatsapp
986,362.51429,535.0,947.25,493.0,0.00235,0.00131,0.00391,1.57738,0.00077,50,whatsapp
1017,338.51517,837.0,936.75,795.0,0.00536,0.00519,0.01317,1.2779,0.00164,50,whatsapp
1036,319.6495,852.0,909.5,810.0,0.00529,0.00448,0.01255,1.21388,0.00202,50,whatsapp
1019,298.09732,863.0,883.0,821.0,0.00395,0.00315,0.00856,1.06483,0.00217,50,whatsapp
1040,326.99346,863.0,900.0,821.0,0.003,0.00199,0.0059,0.84057,0.00328,50,whatsapp
1077,317.38592,878.5,908.0,836.5,0.00651,0.00379,0.0123,1.19447,0.00349,50,whatsapp
995,302.76571,829.0,897.75,787.0,0.00801,0.0054,0.02292,1.50974,0.00115,50,whatsapp
1073,331.81957,777.0,983.75,735.0,0.00695,0.00372,0.01521,1.28077,0.00369,50,whatsapp
1080,308.81907,944.5,992.25,902.5,0.00774,0.0044,0.0163,1.41428,0.00298,50,whatsapp
1080,253.23886,732.5,938.5,690.5,0.00613,0.00301,0.01389,1.01263,0.00536,50,whatsapp
1019,259.39447,755.0,813.0,713.0,0.0052,0.00164,0.00969,1.00507,0.00525,50,whatsapp
1082,305.69721,811.0,856.75,769.0,0.00543,0.00403,0.01179,1.07959,0.00347,50,whatsapp
992,264.01874,777.0,818.75,735.0,0.00781,0.00409,0.01672,1.30479,0.00384,50,whatsapp
1086,290.13442,873.0,978.0,831.0,0.00433,0.00296,0.00846,1.0281,0.00341,50,whatsapp
1019,248.75278,785.0,892.0,743.0,0.00573,0.00576,0.01428,1.38424,0.00058,50,whatsapp
996,214.76469,790.0,841.0,748.0,0.00618,0.00485,0.01348,1.17337,0.00327,50,whatsapp
926,240.30266,788.5,860.25,746.5,0.0054,0.00502,0.01329,1.1288,0.00245,50,whatsapp
1060,303.4551,864.0,878.0,822.0,0.0052,0.00408,0.012,1.1299,0.0028,50,whatsapp
984,286.64197,833.5,848.0,791.5,0.00652,0.00405,0.01372,1.22442,0.00317,50,whatsapp
1039,280.96285,759.0,853.5,717.0,0.00637,0.0054,0.01541,1.19123,0.00293,50,whatsapp
969,223.04423,812.0,850.75,770.0,0.00772,0.00459,0.01602,1.22,0.0043,50,whatsapp
1025,262.36573,871.5,905.5,829.5,0.00769,0.01019,0.01941,1.09918,0.0024,50,whatsapp
979,241.38813,852.0,879.0,810.0,0.00605,0.00468,0.01508,1.03764,0.00321,50,whatsapp
1007,244.47008,848.0,913.75,806.0,0.00966,0.00844,0.02146,1.57864,0.00114,50,whatsapp
1021,262.80236,882.0,929.0,840.0,0.00655,0.00603,0.01528,1.07425,0.00373,50,whatsapp
965,230.87487,865.0,900.0,823.0,0.00671,0.00412,0.01293,1.10495,0.00524,50,whatsapp
1067,248.21637,862.5,914.5,820.5,0.00907,0.00668,0.02438,1.37999,0.00299,50,whatsapp
1077,264.92731,863.0,924.0,821.0,0.00759,0.00514,0.01988,1.31797,0.0024,50,whatsapp
1021,319.23097,870.0,961.0,828.0,0.00778,0.00809,0.022,1.35311,0.00135,50,whatsapp
1026,272.63202,853.5,950.75,811.5,0.00739,0.01135,0.01674,1.43632,0.0002,50,whatsapp
1024,290.67057,772.0,892.75,730.0,0.00571,0.00471,0.01193,1.08294,0.00378,50,whatsapp
1005,264.67882,769.0,858.0,727.0,0.00484,0.00362,0.01019,1.06706,0.00349,50,whatsapp
1007,250.86046,750.5,832.5,708.5,0.00438,0.00311,0.00942,0.98389,0.00342,50,whatsapp
973,291.32039,872.0,928.0,830.0,0.00423,0.00257,0.00483,0.97347,0.00378,50,whatsapp
1019,310.69585,870.0,962.25,828.0,0.00645,0.00529,0.01621,1.18623,0.00293,50,whatsapp
1026,330.65809,827.0,969.75,785.0,0.00787,0.00741,0.01739,1.52036,0.00104,50,whatsapp
995,292.7563,896.5,967.0,854.5,0.00493,0.00595,0.01472,1.31979,0.00024,50,whatsapp
993,285.63241,824.5,915.0,782.5,0.00811,0.00871,0.01763,1.50981,0.00122,50,whatsapp
1023,270.34448,813.0,857.75,771.0,0.00496,0.00309,0.00989,1.06101,0.00345,50,whatsapp
1019,201.93918,820.5,900.5,778.5,0.00504,0.00344,0.01038,0.98921,0.00428,50,whatsapp
960,242.78715,862.0,892.0,820.0,0.00556,0.0053,0.0138,1.14953,0.00215,50,whatsapp
971,300.33906,876.0,939.0,834.0,0.00544,0.00384,0.01266,1.10561,0.00351,50,whatsapp
995,216.75064,899.0,954.0,857.0,0.00481,0.00428,0.01045,1.01101,0.00334,50,whatsapp
1000,254.27249,852.5,894.25,810.5,0.00585,0.00493,0.01544,1.14491,0.00279,50,whatsapp
1026,256.83366,912.0,953.0,870.0,0.00455,0.00329,0.00931,1.11765,0.0033,50,whatsapp
1027,278.27391,845.5,962.0,803.5,0.00356,0.00302,0.00711,0.93805,0.00308,50,whatsapp
1025,255.16763,950.0,985.0,908.0,0.00698,0.00712,0.0175,1.40359,0.00095,50,whatsapp
1004,261.55803,900.5,992.0,858.5,0.00558,0.00398,0.01335,1.2072,0.00258,50,whatsapp
1024,202.38307,970.5,995.0,928.5,0.00585,0.00453,0.01367,1.25911,0.00264,50,whatsapp
1016,292.87987,892.0,946.0,850.0,0.00608,0.00459,0.01626,1.14819,0.00274,50,whatsapp
1041,287.29822,938.0,968.0,896.0,0.00646,0.00366,0.01284,1.56885,0.00173,50,whatsapp
1033,232.4348,933.0,984.0,891.0,0.00614,0.00601,0.01578,1.41289,0.00076,50,whatsapp
1006,280.44271,920.5,990.0,878.5,0.00537,0.00402,0.01185,1.1031,0.00334,50,whatsapp
1046,288.98942,949.5,987.5,907.5,0.00683,0.00564,0.00964,1.71872,0.00099,50,whatsapp
1062,258.46868,889.0,928.0,847.0,0.0066,0.00548,0.01656,1.41019,0.00118,50,whatsapp
1032,272.64599,855.5,988.75,813.5,0.00658,0.00509,0.01868,1.55264,0.00033,50,whatsapp
1016,307.74157,963.0,983.0,921.0,0.00508,0.00446,0.01172,1.14805,0.00252,50,whatsapp
1024,285.75537,933.0,965.0,891.0,0.00534,0.00436,0.01197,1.08345,0.00293,50,whatsapp
1027,324.12961,859.5,973.5,817.5,0.0048,0.00424,0.00965,1.24448,0.00197,50,whatsapp
1027,302.05168,948.0,971.0,906.0,0.0042,0.00506,0.00966,0.97062,0.00268,50,whatsapp
1025,318.39023,842.0,971.75,800.0,0.00459,0.00312,0.00664,1.22121,0.00238,50,whatsapp
1006,312.37671,946.0,963.75,904.0,0.00399,0.00321,0.00817,0.97619,0.00323,50,whatsapp
1006,299.09787,894.0,970.75,852.0,0.00608,0.00633,0.01499,1.50911,0.00031,50,whatsapp
1060,343.95825,888.0,988.0,846.0,0.00479,0.00306,0.01303,1.22471,0.00208,50,whatsapp
1025,365.45868,953.0,979.5,911.0,0.00409,0.00437,0.00772,1.01122,0.00283,50,whatsapp
1056,306.24,933.0,998.75,891.0,0.00548,0.00514,0.01233,1.2478,0.00205,50,whatsapp
1028,276.44368,966.5,1001.75,924.5,0.00593,0.00651,0.0165,1.28798,0.00128,50,whatsapp
1026,250.5625,942.0,981.0,900.0,0.00603,0.00494,0.01441,1.24607,0.00226,50,whatsapp
1044,286.42926,950.0,996.0,908.0,0.00475,0.0054,0.01205,1.16464,0.00192,50,whatsapp
1001,281.45996,927.0,949.0,885.0,0.00637,0.00426,0.01302,1.41774,0.00208,50,whatsapp
1041,277.8471,881.5,979.0,839.5,0.00619,0.00549,0.01296,1.47938,0.00109,50,whatsapp
1027,264.45682,947.0,973.0,905.0,0.00596,0.0071,0.01417,1.28768,0.00131,50,whatsapp
1012,306.07524,857.5,957.25,815.5,0.00494,0.00431,0.00916,1.36597,0.00127,50,whatsapp
1048,240.403,837.5,958.0,795.5,0.00625,0.00529,0.01528,1.35214,0.00094,50,whatsapp
1022,272.16928,894.0,946.25,852.0,0.0058,0.00407,0.01236,1.22894,0.00305,50,whatsapp
1030,310.53136,977.0,998.75,935.0,0.01123,0.00548,0.00957,2.61083,0.00031,50,whatsapp
1022,325.72304,946.5,965.0,904.5,0.00475,0.0038,0.00935,1.11857,0.00319,50,whatsapp
1079,335.02011,961.0,977.0,919.0,0.00483,0.00364,0.0128,1.15943,0.00219,50,whatsapp
1015,333.72912,924.5,967.0,882.5,0.00449,0.00409,0.00973,1.1658,0.00202,50,whatsapp
971,293.81186,832.5,948.5,790.5,0.00497,0.00316,0.0131,1.28376,0.00212,50,whatsapp
1016,339.37896,956.5,973.75,914.5,0.00576,0.00424,0.01066,1.51721,0.00177,50,whatsapp
1004,324.76529,946.0,972.75,904.0,0.00463,0.00446,0.00945,1.08318,0.00211,50,whatsapp
1016,338.75352,949.5,987.75,907.5,0.00575,0.0043,0.01372,1.25685,0.00217,50,whatsapp
1026,270.78907,917.0,947.0,875.0,0.00434,0.00358,0.01137,1.04316,0.00276,50,whatsapp
1019,290.07435,917.0,943.0,875.0,0.00608,0.00567,0.01659,1.37704,0.00116,50,whatsapp
1012,346.94801,956.0,991.0,914.0,0.00494,0.00374,0.01132,1.23087,0.00184,50,whatsapp
1027,269.43767,935.0,971.0,893.0,0.00451,0.00412,0.01017,0.97056,0.00338,50,whatsapp
1036,331.80189,939.0,989.0,897.0,0.00656,0.00683,0.01748,1.45735,0.00025,50,whatsapp
1058,267.4273,927.5,973.75,885.5,0.00652,0.00667,0.01588,1.5178,0.00028,50,whatsapp
1007,335.60626,952.5,986.75,910.5,0.00798,0.00563,0.02035,1.80864,0.00043,50,whatsapp
1052,304.06333,933.5,994.75,891.5,0.00562,0.00497,0.01598,1.44036,0.00044,50,whatsapp
1056,300.26165,877.0,960.0,835.0,0.00501,0.00388,0.01379,1.49554,0.00032,50,whatsapp
1064,300.56471,865.0,941.5,823.0,0.00683,0.00583,0.01686,1.43739,0.00049,50,whatsapp
1039,268.05841,799.0,954.0,757.0,0.0059,0.00614,0.01559,1.31454,0.00172,50,whatsapp
1063,295.74531,963.0,1007.25,921.0,0.00566,0.00693,0.01353,1.20119,0.00165,50,whatsapp
1073,307.6112,912.0,984.0,870.0,0.0056,0.00517,0.01349,1.26192,0.0021,50,whatsapp
1023,324.08736,973.0,1004.0,931.0,0.00529,0.0063,0.01381,1.2588,0.00114,50,whatsapp
1071,321.39014,965.0,997.0,923.0,0.00741,0.00571,0.0119,1.51004,0.002,50,whatsapp
1041,225.98365,865.0,951.0,823.0,0.00615,0.00559,0.01556,1.4402,0.00112,50,whatsapp
1065,279.37233,928.0,940.0,886.0,0.00631,0.00465,0.01731,1.53848,0.00103,50,whatsapp
988,292.84168,936.0,952.75,894.0,0.00484,0.00632,0.01221,1.21602,0.00109,50,whatsapp
988,322.40155,951.0,964.0,909.0,0.00703,0.00321,0.01573,1.64464,0.00105,50,whatsapp
1086,343.80822,957.0,999.75,915.0,0.00614,0.00328,0.01745,1.47141,0.00202,50,whatsapp
999,286.15314,909.5,971.75,867.5,0.00709,0.0046,0.01719,1.50644,0.00127,50,whatsapp
998,286.25107,901.0,969.5,859.0,0.0071,0.00539,0.01426,1.64691,0.00126,50,whatsapp
1022,282.2688,929.5,960.0,887.5,0.00472,0.0044,0.01338,1.34883,0.001,50,whatsapp
1020,308.27794,898.0,944.0,856.0,0.00586,0.00469,0.0159,1.34859,0.00177,50,whatsapp
999,297.17739,948.0,977.0,906.0,0.00483,0.00568,0.01136,1.20258,0.0013,50,whatsapp
1040,294.35868,896.0,980.0,854.0,0.00596,0.00492,0.01641,1.40677,0.00128,50,whatsapp
1021,295.53924,888.5,968.0,846.5,0.00632,0.00634,0.01584,1.43424,0.00054,50,whatsapp
1035,296.0791,920.0,981.0,878.0,0.00395,0.00438,0.00704,1.1877,0.00194,50,whatsapp
1062,332.55939,816.0,877.0,774.0,0.00596,0.00563,0.01701,1.37968,0.00103,50,whatsapp
1007,270.35491,838.0,903.0,796.0,0.00634,0.00549,0.01172,1.44266,0.00113,50,whatsapp
1048,339.44796,986.5,1012.0,944.5,0.00554,0.00628,0.01368,1.30031,0.00126,50,whatsapp
1043,338.58819,918.0,966.0,876.0,0.00605,0.00491,0.0135,1.39353,0.00161,50,whatsapp
1056,265.40515,982.0,1002.0,940.0,0.00509,0.00594,0.01189,1.02479,0.00288,50,whatsapp
1012,312.49581,948.0,980.25,906.0,0.00565,0.00574,0.01521,1.18809,0.00204,50,whatsapp
1022,291.13554,876.0,967.5,834.0,0.00465,0.00428,0.0094,1.20841,0.00207,50,whatsapp
1022,326.07288,931.5,992.0,889.5,0.00567,0.00344,0.01444,1.45536,0.0018,50,whatsapp
1008,311.03504,944.0,972.75,902.0,0.00617,0.00498,0.01056,1.32612,0.00263,50,whatsapp
1022,333.88262,968.0,1001.0,926.0,0.00454,0.00316,0.00946,1.05697,0.00315,50,whatsapp
1018,282.58262,937.0,986.0,895.0,0.00543,0.004,0.01213,1.10578,0.00336,50,whatsapp
1069,282.62198,915.5,955.0,873.5,0.0048,0.00521,0.01367,1.17607,0.00153,50,whatsapp
1043,310.79976,957.0,998.0,915.0,0.00533,0.00494,0.01217,1.09097,0.00248,50,whatsapp
1073,249.47681,857.0,940.0,815.0,0.00646,0.00577,0.01722,1.53634,0.00054,50,whatsapp
1025,314.10946,954.0,984.75,912.0,0.00581,0.00429,0.01354,1.35346,0.0021,50,whatsapp
1025,268.55106,934.0,959.5,892.0,0.0074,0.00486,0.01483,1.65451,0.00184,50,whatsapp
1047,257.83557,948.0,1002.75,906.0,0.00664,0.00551,0.01714,1.37431,0.0019,50,whatsapp
1024,337.04593,931.0,998.5,889.0,0.00717,0.005,0.01383,1.63235,0.00126,50,whatsapp
1025,264.03159,850.0,963.5,808.0,0.00868,0.00535,0.01679,2.12313,0.0,50,whatsapp
1017,294.25562,812.5,966.75,770.5,0.00577,0.00372,0.01369,1.38431,0.00168,50,whatsapp
1029,261.72857,952.0,1009.75,910.0,0.00713,0.00405,0.01368,1.41127,0.00254,50,whatsapp
1087,268.07355,949.5,994.5,907.5,0.00584,0.00719,0.01423,1.25333,0.00091,50,whatsapp
1022,250.35093,914.0,951.75,872.0,0.00755,0.00689,0.01859,1.50206,0.00078,50,whatsapp
1029,292.55169,924.5,982.0,882.5,0.00672,0.0059,0.01816,1.55219,0.00053,50,whatsapp
1040,314.99927,919.0,998.75,877.0,0.00739,0.00599,0.01608,1.47954,0.00163,50,whatsapp
1026,351.70334,953.5,1012.0,911.5,0.00639,0.00437,0.01888,1.37618,0.00153,50,whatsapp
1023,267.45011,920.0,959.75,878.0,0.00724,0.00403,0.02077,1.50313,0.0024,50,whatsapp
1024,286.21448,896.0,977.5,854.0,0.00589,0.00372,0.01478,1.94839,0.00015,50,whatsapp
1085,322.90327,975.0,991.0,933.0,0.00562,0.00415,0.01299,1.21212,0.00279,50,whatsapp
1076,288.94246,936.0,972.0,894.0,0.00673,0.00713,0.01576,1.59017,0.00022,50,whatsapp
1019,300.92517,976.0,998.0,934.0,0.00425,0.00286,0.01104,1.0058,0.00291,50,whatsapp
1057,309.66177,945.0,984.0,903.0,0.00563,0.00482,0.01492,1.23322,0.00234,50,whatsapp
1027,321.80839,930.0,958.0,888.0,0.00603,0.00537,0.01627,1.64933,7e-05,50,whatsapp
1081,334.83793,954.0,1007.0,912.0,0.00748,0.00802,0.01555,1.56978,0.00019,50,whatsapp
1021,311.49195,913.0,961.0,871.0,0.00593,0.00592,0.01642,1.4052,0.00083,50,whatsapp
1019,277.21551,877.5,994.0,835.5,0.00601,0.0065,0.01374,1.46491,0.00075,50,whatsapp
1020,330.02279,967.0,992.25,925.0,0.00477,0.00424,0.01157,1.25995,0.00171,50,whatsapp
1014,253.66744,802.0,830.0,760.0,0.00607,0.00639,0.01556,1.40255,0.00071,50,whatsapp
1055,281.52962,843.0,994.5,801.0,0.00592,0.00428,0.01202,1.21633,0.00255,50,whatsapp
1057,233.32224,920.0,977.0,878.0,0.00649,0.00337,0.01397,1.27527,0.0036,50,whatsapp
1014,267.41343,901.5,956.0,859.5,0.00534,0.00591,0.01233,1.19507,0.00212,50,whatsapp
1064,237.86191,961.0,997.0,919.0,0.0068,0.00439,0.01847,1.30959,0.0026,50,whatsapp
1069,361.49647,939.0,1006.75,897.0,0.00652,0.00366,0.01541,1.58993,0.0011,50,whatsapp
1083,301.9658,917.0,993.0,875.0,0.00627,0.00502,0.01581,1.40069,0.00225,50,whatsapp
1020,330.91718,818.5,979.5,776.5,0.00575,0.00473,0.01562,1.57002,0.00055,50,whatsapp
1074,283.88987,943.0,974.0,901.0,0.00476,0.0026,0.01111,1.00266,0.00395,50,whatsapp
1022,252.06788,880.0,974.0,838.0,0.00567,0.00342,0.01156,1.24587,0.00283,50,whatsapp
1019,259.69148,925.0,963.0,883.0,0.00554,0.00454,0.01521,1.21283,0.00278,50,whatsapp
1012,280.02652,954.5,990.75,912.5,0.00538,0.00538,0.01326,1.16488,0.00234,50,whatsapp
1083,302.56793,974.0,979.75,932.0,0.00577,0.00532,0.01391,1.32966,0.00156,50,whatsapp
1017,286.62257,891.0,953.0,849.0,0.00542,0.00267,0.00824,1.16004,0.00404,50,whatsapp
1005,312.76103,802.0,943.0,760.0,0.00454,0.00421,0.00994,1.44959,0.00103,50,whatsapp
1019,271.94986,907.0,976.0,865.0,0.00567,0.00444,0.01437,1.30527,0.0021,50,whatsapp
1062,333.88957,902.0,992.0,860.0,0.00527,0.00553,0.01313,1.24594,0.00177,50,whatsapp
1018,279.56596,935.0,972.0,893.0,0.0061,0.00557,0.01569,1.40988,0.0011,50,whatsapp
1013,282.12393,915.0,998.0,873.0,0.00457,0.00321,0.01074,1.22584,0.00214,50,whatsapp
1027,275.33284,852.0,959.75,810.0,0.00631,0.0052,0.01825,1.20241,0.00215,50,whatsapp
1027,275.95932,976.5,1002.75,934.5,0.0058,0.00471,0.01515,1.23929,0.00238,50,whatsapp
1018,223.178,940.0,975.5,898.0,0.00595,0.00453,0.01655,1.25185,0.00206,50,whatsapp
1014,280.51531,927.0,973.75,885.0,0.0062,0.00493,0.01277,1.33742,0.00234,50,whatsapp
1053,281.36154,960.5,980.0,918.5,0.00552,0.00551,0.01346,1.25195,0.00152,50,whatsapp
987,266.28344,920.0,953.0,878.0,0.00602,0.00535,0.01683,1.18469,0.00211,50,whatsapp
1033,264.55721,969.0,1004.0,927.0,0.00722,0.00415,0.01183,1.49561,0.00258,50,whatsapp
1022,221.51882,948.5,970.0,906.5,0.00674,0.00638,0.01764,1.24854,0.00223,50,whatsapp
999,275.67655,935.0,980.0,893.0,0.00602,0.0044,0.01699,1.39945,0.00198,50,whatsapp
1014,264.76809,945.0,966.0,903.0,0.0061,0.00526,0.01392,1.45114,0.00143,50,whatsapp
1044,302.97408,873.5,985.75,831.5,0.00555,0.00574,0.01423,1.28151,0.0015,50,whatsapp
1059,326.41869,966.0,989.0,924.0,0.00603,0.00706,0.01587,1.42313,0.00018,50,whatsapp
1063,327.51731,953.0,1002.0,911.0,0.00531,0.00666,0.01376,1.24014,0.00097,50,whatsapp
1058,345.303,930.5,989.75,888.5,0.00422,0.00307,0.00972,1.09841,0.00268,50,whatsapp
1045,340.55864,944.5,977.0,902.5,0.00588,0.00334,0.00951,1.55368,0.00195,50,whatsapp
1019,298.48962,916.5,984.0,874.5,0.0058,0.00391,0.01464,1.32396,0.00242,50,whatsapp
1082,306.23183,963.5,1004.0,921.5,0.00673,0.00715,0.01691,1.40499,0.00103,50,whatsapp
1028,224.48275,924.5,964.0,882.5,0.00559,0.00442,0.01349,1.28651,0.00216,50,whatsapp
1066,316.10807,848.0,973.0,806.0,0.00668,0.00327,0.01141,1.57939,0.00236,50,whatsapp
998,333.69952,897.0,958.75,855.0,0.00453,0.00438,0.00964,1.1039,0.00214,50,whatsapp
1004,289.99918,956.0,965.0,914.0,0.00489,0.00417,0.0134,1.13301,0.0022,50,whatsapp
1042,308.54496,951.0,988.0,909.0,0.00787,0.00554,0.01864,1.67355,0.00096,50,whatsapp
1008,268.16871,924.0,986.25,882.0,0.00587,0.00623,0.01565,1.33807,0.00116,50,whatsapp
1015,314.80806,943.0,978.75,901.0,0.00823,0.00546,0.01859,1.71354,0.00112,50,whatsapp
1021,271.95419,965.0,990.0,923.0,0.00976,0.01296,0.02448,1.53123,0.0,50,whatsapp
1021,309.47752,934.0,971.0,892.0,0.00807,0.00563,0.01885,1.43392,0.00142,50,whatsapp
1022,303.3611,961.0,996.0,919.0,0.00865,0.00434,0.01515,1.41403,0.00311,50,whatsapp
1018,276.37104,931.0,990.5,889.0,0.00898,0.01457,0.02321,1.48529,0.0,50,whatsapp
1018,284.68679,957.0,982.25,915.0,0.00798,0.00519,0.02118,1.34142,0.00225,50,whatsapp
1017,309.04508,938.0,981.0,896.0,0.00702,0.00622,0.01502,1.19918,0.00313,50,whatsapp
1021,327.72485,943.0,984.0,901.0,0.00915,0.00609,0.01923,1.83165,0.00103,50,whatsapp
1005,397.5122,864.0,910.0,822.0,0.00578,0.00146,0.00925,2.39578,0.0,50,whatsapp
1015,260.62433,880.0,905.0,838.0,0.00645,0.00414,0.01267,1.38954,0.00228,50,whatsapp
1014,338.67354,249.0,837.0,207.0,0.00482,0.00181,0.01368,2.21722,0.0,50,whatsapp
1013,290.9578,841.0,905.0,799.0,0.00655,0.00552,0.01436,1.75275,7e-05,50,whatsapp
1084,317.2419,881.5,958.0,839.5,0.00667,0.00525,0.01994,1.40717,0.00158,50,whatsapp
1052,358.67324,881.0,955.75,839.0,0.00726,0.00244,0.02081,1.84161,0.00107,50,whatsapp
1004,323.5161,935.0,994.0,893.0,0.0072,0.00464,0.01303,1.79251,0.00111,50,whatsapp
1081,270.67774,943.0,983.75,901.0,0.0065,0.00594,0.01598,1.39469,0.00172,50,whatsapp
964,310.04909,850.0,918.25,808.0,0.47086,0.00467,0.01089,6.56106,0.0021,50,whatsapp
1085,334.95601,844.5,1002.75,802.5,0.00669,0.00398,0.01483,1.46784,0.00211,50,whatsapp
1037,303.68931,954.0,978.0,912.0,0.00795,0.00294,0.01276,1.96267,0.0013,50,whatsapp
1003,281.80603,866.0,955.0,824.0,0.0067,0.00543,0.01194,1.53335,0.00115,50,whatsapp
1070,340.91082,808.5,976.0,766.5,0.00514,0.00386,0.01439,1.71879,8e-05,50,whatsapp
1053,382.0687,921.0,956.0,879.0,0.00438,0.0033,0.01135,1.20465,0.00198,50,whatsapp
991,369.44111,825.0,926.0,783.0,0.00395,0.00254,0.00888,1.22237,0.00215,50,whatsapp
1023,304.51975,885.0,970.75,843.0,1.29052,0.00395,0.01726,6.80086,0.00124,50,whatsapp
1004,302.70614,749.0,834.0,707.0,0.00682,0.00933,0.01658,1.10369,0.00232,50,whatsapp
1002,332.22566,778.5,925.0,736.5,0.00717,0.00682,0.01474,1.1965,0.00314,50,whatsapp
1069,356.42733,922.5,973.0,880.5,0.00691,0.00848,0.01802,1.43413,0.00044,50,whatsapp
1063,338.4001,873.0,967.75,831.0,0.0085,0.00696,0.02072,1.46967,0.00129,50,whatsapp
1015,322.41994,852.0,957.75,810.0,0.00986,0.01104,0.02914,1.55746,0.0,50,whatsapp
1026,325.06337,860.0,985.0,818.0,0.00825,0.00502,0.01952,1.26521,0.00344,50,whatsapp
986,281.64933,855.0,881.0,813.0,0.00724,0.00894,0.01482,1.3393,0.00152,50,whatsapp
1066,306.1894,887.5,973.0,845.5,0.00775,0.00674,0.01704,1.34728,0.0018,50,whatsapp
972,321.89752,734.5,872.75,692.5,0.00663,0.00524,0.01488,1.43674,0.00134,50,whatsapp
1030,311.97375,730.0,891.0,688.0,0.00507,0.00506,0.0141,1.11166,0.00236,50,whatsapp
989,325.70111,833.5,897.0,791.5,0.00731,0.00644,0.01841,1.35318,0.00146,50,whatsapp
1074,333.66717,967.0,990.0,925.0,0.00774,0.00553,0.01621,1.31574,0.00283,50,whatsapp
1002,284.70017,874.5,932.5,832.5,0.00555,0.00416,0.01309,1.15677,0.00337,50,whatsapp
1066,357.72886,781.5,901.0,739.5,0.74509,0.00763,0.02288,6.57262,0.00194,50,whatsapp
1010,335.3388,874.5,936.0,832.5,0.00565,0.0054,0.01178,1.23699,0.00233,50,whatsapp
1023,274.14414,783.0,932.0,741.0,0.00654,0.00621,0.01364,1.16107,0.00314,50,whatsapp
1020,365.71967,842.5,947.0,800.5,0.00565,0.00422,0.01248,1.30343,0.00236,50,whatsapp
1013,324.30226,820.5,907.0,778.5,0.00762,0.00589,0.01827,1.35461,0.00244,50,whatsapp
1016,330.50316,730.0,955.75,688.0,0.00568,0.00455,0.01328,1.25066,0.00212,50,whatsapp
999,352.94087,758.5,962.75,716.5,0.00622,0.0061,0.01643,1.22728,0.00228,50,whatsapp
988,327.79203,734.0,935.5,692.0,0.00761,0.00414,0.01284,1.64247,0.00225,50,whatsapp
1045,353.05321,878.5,939.75,836.5,0.00796,0.00538,0.01665,1.45178,0.00165,50,whatsapp
1071,296.4793,939.0,982.0,897.0,0.00864,0.00604,0.01817,1.27941,0.00318,50,whatsapp
1049,303.7859,890.5,962.75,848.5,0.00858,0.00952,0.02218,1.26816,0.00234,50,whatsapp
1019,326.92435,815.5,955.0,773.5,0.06466,0.00798,0.02813,4.30061,0.00133,50,whatsapp
7014,2373.09159,66.0,2838.0,0.0,0.00739,0.00077,0.00794,3.31817,0.00024,50,whatsapp
1017,374.02963,809.0,939.75,767.0,0.00963,0.00687,0.02668,1.40824,0.00211,50,whatsapp
1027,399.72759,917.5,975.5,875.5,0.00938,0.01041,0.02077,1.35264,0.00099,50,whatsapp
1024,350.45358,210.0,784.0,168.0,0.00599,0.0,0.01528,2.87425,0.0,50,whatsapp
1004,349.81824,898.0,1001.0,856.0,0.00825,0.00638,0.01902,1.59907,0.0,50,whatsapp
1020,292.74001,765.0,849.0,723.0,0.00919,0.01179,0.02294,1.38738,0.00071,50,whatsapp
947,294.87839,861.0,897.75,819.0,0.00634,0.00734,0.01381,1.07418,0.00313,50,whatsapp
1022,308.64783,833.0,914.75,791.0,0.00936,0.00577,0.02877,1.71674,0.0,50,whatsapp
965,268.38903,905.0,922.0,863.0,0.00742,0.01134,0.01597,1.24908,0.00085,50,whatsapp
1009,330.43333,851.0,876.0,809.0,0.00865,0.00643,0.02476,1.59621,0.0,50,whatsapp
962,320.52421,893.0,937.0,851.0,0.00656,0.00377,0.01299,1.08041,0.00492,50,whatsapp
1022,266.92074,847.0,916.25,805.0,0.00706,0.00667,0.01882,1.33861,0.00129,50,whatsapp
975,332.47294,871.0,903.25,829.0,0.0086,0.00522,0.01346,1.51125,0.00221,50,whatsapp
956,288.37186,829.0,876.75,787.0,0.00812,0.00429,0.02078,1.60627,0.00215,50,whatsapp
954,283.71084,889.0,900.5,847.0,0.00862,0.00843,0.02355,1.44694,0.00115,50,whatsapp
928,285.06485,863.5,900.0,821.5,0.00749,0.00689,0.0189,1.25684,0.0021,50,whatsapp
993,310.60948,865.0,908.5,823.0,0.00889,0.0039,0.0166,1.64553,0.00261,50,whatsapp
975,335.11081,803.0,861.75,761.0,0.00563,0.00438,0.01175,1.20672,0.00222,50,whatsapp
970,282.23007,900.0,927.0,858.0,0.00859,0.00339,0.01781,1.40617,0.00397,50,whatsapp
1016,297.44324,822.5,904.5,780.5,0.00597,0.00413,0.01248,1.11151,0.0032,50,whatsapp
1016,325.61447,836.0,928.0,794.0,0.00824,0.00321,0.01816,1.36988,0.00354,50,whatsapp
953,305.36588,849.0,917.0,807.0,0.00699,0.00449,0.01563,1.24541,0.00315,50,whatsapp
1026,354.90853,829.0,888.0,787.0,0.00732,0.00358,0.01437,1.54081,0.00273,50,whatsapp
961,385.59763,868.5,923.0,826.5,0.00595,0.00388,0.01273,1.26735,0.00246,50,whatsapp
906,285.2211,811.0,844.0,769.0,0.00749,0.00705,0.01696,1.22366,0.00344,50,whatsapp
972,327.03725,884.0,905.5,842.0,0.00757,0.00336,0.01842,1.69174,0.00118,50,whatsapp
918,271.29219,803.5,857.0,761.5,0.00767,0.00533,0.01715,1.39143,0.00203,50,whatsapp
1029,272.839,872.0,911.5,830.0,0.00763,0.00414,0.01923,1.37256,0.00233,50,whatsapp
998,246.76207,816.5,871.0,774.5,0.00902,0.00535,0.02118,1.44329,0.00207,50,whatsapp
950,269.4788,816.5,871.5,774.5,0.00624,0.00497,0.01438,1.20804,0.00266,50,whatsapp
1007,323.75608,839.5,877.5,797.5,0.00772,0.00504,0.01686,1.82274,0.00082,50,whatsapp
919,286.34653,838.0,873.75,796.0,0.00772,0.00662,0.02185,1.39696,0.00173,50,whatsapp
918,276.48249,791.0,857.0,749.0,0.00748,0.0053,0.0195,1.57705,0.00103,50,whatsapp
927,273.13727,800.0,883.0,758.0,0.00675,0.0049,0.01672,1.33359,0.00238,50,whatsapp
995,258.46986,777.0,941.0,735.0,0.0067,0.00555,0.01772,1.64833,0.0,50,whatsapp
999,298.59627,754.0,861.25,712.0,0.0068,0.00613,0.01483,1.5055,0.00106,50,whatsapp
1008,315.15467,805.0,920.0,763.0,0.00724,0.00425,0.01928,1.315,0.00313,50,whatsapp
930,297.50953,854.5,882.5,812.5,0.00633,0.00429,0.01482,1.52515,0.00106,50,whatsapp
920,276.88988,828.5,871.0,786.5,0.00849,0.00521,0.01685,1.67574,0.00106,50,whatsapp
920,284.47112,839.0,862.75,797.0,0.00702,0.00423,0.01615,1.44891,0.00207,50,whatsapp
908,214.29448,845.0,856.5,803.0,0.00926,0.00648,0.02743,1.73605,0.0,50,whatsapp
961,298.45233,845.5,858.0,803.5,0.00779,0.004,0.0219,1.45515,0.00144,50,whatsapp
946,305.42303,823.5,872.0,781.5,0.0069,0.00406,0.0134,1.26548,0.00342,50,whatsapp
964,265.15591,833.0,863.5,791.0,0.00714,0.00592,0.01373,1.23177,0.00236,50,whatsapp
998,292.09072,843.0,897.25,801.0,0.00917,0.00652,0.01479,1.589,0.00131,50,whatsapp
937,293.63786,846.0,864.0,804.0,0.00872,0.00617,0.01928,1.60672,0.00108,50,whatsapp
978,288.15713,782.5,877.0,740.5,0.00681,0.0063,0.01753,1.4655,0.00065,50,whatsapp
963,303.31242,835.0,879.5,793.0,0.0063,0.00593,0.01553,1.3538,0.00142,50,whatsapp
1023,279.94562,824.0,856.0,782.0,0.00771,0.00873,0.01963,1.4918,0.0,50,whatsapp
922,264.8812,830.0,871.0,788.0,0.00823,0.00518,0.01762,1.61676,0.00105,50,whatsapp
1026,295.01005,792.0,878.0,750.0,0.00682,0.00483,0.01267,1.34082,0.00268,50,whatsapp
1008,273.37156,815.0,919.0,773.0,0.00562,0.00247,0.00612,1.01888,0.00566,50,whatsapp
963,277.66279,832.0,866.0,790.0,0.00727,0.00451,0.01718,1.34778,0.00218,50,whatsapp
963,317.41278,814.0,891.5,772.0,0.00667,0.00768,0.01919,1.30313,0.00135,50,whatsapp
979,273.96792,818.0,908.5,776.0,0.00786,0.00419,0.01527,1.62155,0.00226,50,whatsapp
998,295.01027,796.5,868.5,754.5,0.0047,0.00615,0.01235,1.17945,0.0012,50,whatsapp
1026,320.01414,818.5,881.0,776.5,0.00607,0.00576,0.01277,1.16713,0.00272,50,whatsapp
941,257.29145,806.0,838.0,764.0,0.0062,0.00268,0.01383,1.45788,0.00183,50,whatsapp
1002,280.95872,797.5,865.25,755.5,0.00504,0.0032,0.01132,0.97008,0.00419,50,whatsapp
906,277.29385,787.0,841.75,745.0,0.006,0.00464,0.01088,1.28389,0.0024,50,whatsapp
954,290.74835,765.0,850.0,723.0,0.00656,0.00319,0.01527,1.33277,0.00281,50,whatsapp
1013,293.10218,800.0,860.0,758.0,0.0055,0.00528,0.01351,1.19359,0.00218,50,whatsapp
990,300.41156,757.5,851.25,715.5,0.00751,0.00671,0.01488,1.41048,0.00174,50,whatsapp
1006,265.61854,792.0,854.75,750.0,0.00673,0.00618,0.01714,1.22353,0.0024,50,whatsapp
1020,280.14137,789.5,833.0,747.5,0.00591,0.00466,0.01601,1.21183,0.00228,50,whatsapp
837,281.97519,761.0,798.75,719.0,0.00605,0.00558,0.01536,1.28112,0.00165,50,whatsapp
1019,279.29081,751.5,873.75,709.5,0.00781,0.00291,0.01698,1.32165,0.00465,50,whatsapp
995,273.97104,758.0,826.0,716.0,0.00799,0.00636,0.01811,1.50543,0.00133,50,whatsapp
956,295.02016,766.5,793.0,724.5,0.00606,0.00307,0.01674,1.21735,0.00295,50,whatsapp
976,266.08067,745.5,778.25,703.5,0.00923,0.00746,0.03012,1.63502,0.0,50,whatsapp
957,312.32785,752.0,876.5,710.0,0.00811,0.00727,0.02082,1.48662,0.00091,50,whatsapp
980,337.93129,714.0,797.75,672.0,0.00856,0.00647,0.01885,1.47024,0.00211,50,whatsapp
1005,298.50819,699.5,810.5,657.5,0.00719,0.00831,0.01657,1.15887,0.00252,50,whatsapp
1007,297.91492,736.0,874.75,694.0,0.00873,0.00977,0.01545,1.42811,0.00101,50,whatsapp
946,300.76364,754.5,848.75,712.5,0.00718,0.00688,0.0139,1.08329,0.00492,50,whatsapp
957,318.37314,668.5,820.5,626.5,0.00829,0.00558,0.01989,1.31983,0.00345,50,whatsapp
982,285.97771,657.5,819.5,615.5,0.00936,0.00714,0.02315,1.34432,0.0027,50,whatsapp
887,235.37083,706.5,794.0,664.5,0.01015,0.01112,0.02519,1.2516,0.0035,50,whatsapp
1021,266.61045,695.0,815.0,653.0,0.0108,0.0086,0.02752,1.31688,0.00377,50,whatsapp
1023,296.7927,692.5,838.0,650.5,0.00797,0.00818,0.01768,1.21143,0.00343,50,whatsapp
1021,287.53482,701.5,864.25,659.5,0.01,0.0152,0.02761,1.43487,0.0,50,whatsapp
884,302.48537,692.0,792.25,650.0,0.00641,0.00537,0.01501,1.2119,0.00232,50,whatsapp
961,286.99133,754.0,840.0,712.0,0.00876,0.00788,0.02537,1.23822,0.00251,50,whatsapp
979,282.88919,750.5,817.5,708.5,0.00873,0.00703,0.02271,1.15774,0.00342,50,whatsapp
947,328.09896,719.0,846.5,677.0,0.00693,0.0066,0.0172,1.10391,0.00381,50,whatsapp
987,340.3248,717.0,939.5,675.0,0.00646,0.00421,0.01831,1.18621,0.00306,50,whatsapp
973,304.70276,615.5,833.5,573.5,0.00678,0.00688,0.01566,1.10786,0.00323,50,whatsapp
1027,352.63896,620.5,923.75,578.5,0.00616,0.00585,0.0153,1.03115,0.0033,50,whatsapp
999,323.33056,607.0,829.0,565.0,0.00848,0.00754,0.01801,1.15409,0.00335,50,whatsapp
984,228.93092,262.0,517.0,220.0,0.00707,0.00539,0.01671,0.87907,0.00635,50,whatsapp
984,283.44841,258.0,644.25,216.0,0.00735,0.00379,0.01674,1.15682,0.00406,50,whatsapp
858,268.47518,440.5,716.75,398.5,0.00811,0.0074,0.01804,1.07164,0.00364,50,whatsapp
1011,305.67445,667.5,857.5,625.5,0.00925,0.00622,0.01775,0.91292,0.00758,50,whatsapp
1020,314.24327,420.0,758.5,378.0,0.00748,0.00763,0.0163,0.92607,0.00537,50,whatsapp
977,337.10363,748.5,826.75,706.5,0.00865,0.00506,0.02184,1.0962,0.00546,50,whatsapp
955,306.0665,656.0,804.75,614.0,0.00819,0.00637,0.01246,1.00077,0.00645,50,whatsapp
941,297.30541,741.5,811.75,699.5,0.00862,0.00564,0.01814,1.10053,0.00514,50,whatsapp
972,312.52995,562.5,840.25,520.5,0.00629,0.00625,0.01216,0.90693,0.00543,50,whatsapp
1010,354.7944,584.5,874.0,542.5,0.00807,0.00584,0.01656,1.22169,0.00377,50,whatsapp
1002,334.17343,742.5,863.75,700.5,0.00779,0.00397,0.01772,0.98759,0.00725,50,whatsapp
1007,333.3389,706.5,858.5,664.5,0.00722,0.00717,0.01597,0.90701,0.00568,50,whatsapp
1000,334.02069,576.0,823.0,534.0,0.00936,0.00522,0.03031,1.39523,0.00282,50,whatsapp
1027,330.18663,626.0,857.75,584.0,0.0078,0.00721,0.01839,1.09043,0.00389,50,whatsapp
1024,281.21175,567.0,671.75,525.0,0.0071,0.0087,0.01676,1.10841,0.00293,50,whatsapp
980,277.77198,582.0,673.0,540.0,0.00658,0.00608,0.01577,1.23052,0.00227,50,whatsapp
1014,326.10552,594.0,843.25,552.0,0.0079,0.00787,0.01794,1.20939,0.00254,50,whatsapp
1042,266.39872,594.0,637.75,552.0,0.00781,0.00406,0.02158,1.37886,0.00297,50,whatsapp
986,241.23445,574.5,605.75,532.5,0.00835,0.00484,0.02491,1.34312,0.00341,50,whatsapp
909,254.5868,619.0,687.5,577.0,0.00652,0.00602,0.01513,1.16602,0.00248,50,whatsapp
1010,265.93628,627.5,642.75,585.5,0.00672,0.0052,0.01557,1.16199,0.00317,50,whatsapp
951,253.87924,664.5,727.0,622.5,0.00838,0.00509,0.01981,1.31655,0.00331,50,whatsapp
966,273.5276,652.5,683.0,610.5,0.00678,0.00211,0.01368,1.10872,0.00533,50,whatsapp
1002,244.22997,647.0,752.0,605.0,0.00687,0.00353,0.01666,1.17964,0.00387,50,whatsapp
1019,237.41979,621.5,698.75,579.5,0.00768,0.00538,0.0199,1.22088,0.00265,50,whatsapp
927,262.18177,670.5,734.5,628.5,0.00708,0.00505,0.01754,1.23974,0.00253,50,whatsapp
997,271.94569,658.5,725.75,616.5,0.00573,0.00432,0.01308,1.27182,0.00216,50,whatsapp
1024,265.78506,573.5,694.75,531.5,0.00557,0.00512,0.01357,1.14454,0.00244,50,whatsapp
980,298.66725,644.0,756.5,602.0,0.00653,0.00332,0.01542,1.28436,0.00302,50,whatsapp
980,335.03736,777.0,825.0,735.0,0.00715,0.00375,0.01818,1.13688,0.004,50,whatsapp
1057,289.81986,723.0,804.5,681.0,0.00882,0.00523,0.02117,1.59634,0.00115,50,whatsapp
1012,293.0985,755.0,899.75,713.0,0.00547,0.00334,0.0135,1.13355,0.00367,50,whatsapp
908,324.50339,678.5,857.0,636.5,0.00523,0.00423,0.01457,1.42079,0.00114,50,whatsapp
1024,289.62256,588.0,684.25,546.0,0.0069,0.00446,0.01785,1.61467,0.00094,50,whatsapp
922,308.59968,702.5,829.0,660.5,0.00826,0.0044,0.0141,1.55883,0.00215,50,whatsapp
1052,298.57111,779.0,851.5,737.0,0.00829,0.00446,0.01554,1.4121,0.00326,50,whatsapp
1032,308.9587,704.5,835.0,662.5,0.00875,0.00983,0.01588,1.45238,0.00147,50,whatsapp
947,310.85872,822.0,887.0,780.0,0.00969,0.0073,0.0273,1.52097,0.00175,50,whatsapp
976,311.096,836.5,904.0,794.5,0.00629,0.0058,0.01388,1.11677,0.00354,50,whatsapp
979,304.72645,853.0,886.75,811.0,0.0079,0.00453,0.02024,1.31872,0.00321,50,whatsapp
977,275.73782,776.0,861.75,734.0,0.00668,0.00389,0.01327,1.22539,0.0035,50,whatsapp
989,323.48391,829.0,948.0,787.0,0.00627,0.0036,0.01234,1.19788,0.00364,50,whatsapp
1058,284.26607,675.0,922.0,633.0,0.00691,0.00818,0.01464,1.40445,0.00104,50,whatsapp
1044,273.49035,750.0,820.75,708.0,0.00728,0.00621,0.01636,1.26601,0.00218,50,whatsapp
1059,290.79134,746.0,785.5,704.0,0.00613,0.00598,0.01576,1.38406,0.00135,50,whatsapp
1027,239.18168,772.0,793.75,730.0,0.00753,0.00586,0.02007,1.42509,0.00208,50,whatsapp
1026,309.08403,774.0,797.0,732.0,0.00521,0.00356,0.01389,1.34507,0.00212,50,whatsapp
988,277.99695,771.5,821.0,729.5,0.0052,0.00294,0.01317,1.22115,0.00248,50,whatsapp
1053,270.77791,751.0,801.75,709.0,0.00601,0.00613,0.01436,1.43065,0.0012,50,whatsapp
993,245.39138,763.0,804.75,721.0,0.006,0.00464,0.01309,1.15738,0.00251,50,whatsapp
933,265.54429,769.0,801.0,727.0,0.00579,0.00469,0.01597,1.27743,0.0021,50,whatsapp
866,270.08269,760.0,789.0,718.0,0.00741,0.00586,0.01737,1.46334,0.00228,50,whatsapp
948,276.3548,766.0,796.5,724.0,0.00764,0.00486,0.0194,1.47284,0.00134,50,whatsapp
953,286.41557,777.0,791.0,735.0,0.00554,0.00692,0.01467,1.2276,0.00107,50,whatsapp
990,287.71834,753.0,787.0,711.0,0.00816,0.00595,0.01355,1.61986,0.00118,50,whatsapp
1027,266.40794,767.5,779.0,725.5,0.00563,0.00415,0.01321,1.11985,0.00368,50,whatsapp
908,285.20638,757.0,813.5,715.0,0.0055,0.00441,0.01268,1.23599,0.00226,50,whatsapp
981,322.60583,848.0,926.75,806.0,0.00563,0.00503,0.01247,1.30586,0.00161,50,whatsapp
1023,328.29006,784.0,911.0,742.0,0.00534,0.00536,0.01349,1.03791,0.00219,50,whatsapp
1011,255.64902,775.5,810.0,733.5,0.00752,0.00574,0.01952,1.5469,0.00102,50,whatsapp
1054,296.12674,741.0,795.75,699.0,0.00445,0.00348,0.0104,1.06636,0.00309,50,whatsapp
1054,276.58936,734.5,826.0,692.5,0.0068,0.00437,0.01945,1.27248,0.00318,50,whatsapp
1014,330.39808,795.5,922.75,753.5,0.00838,0.00724,0.01712,1.6065,0.00111,50,whatsapp
1077,351.09853,742.5,936.0,700.5,0.00506,0.00513,0.01302,1.09954,0.0019,50,whatsapp
993,293.37398,747.0,792.25,705.0,0.00499,0.00515,0.0129,1.29928,0.00126,50,whatsapp
1000,315.6023,732.0,807.75,690.0,0.00514,0.00311,0.01202,1.27978,0.00208,50,whatsapp
1026,329.03827,720.0,773.0,678.0,0.00517,0.00505,0.0148,1.35995,0.00109,50,whatsapp
946,337.46288,248.5,786.0,206.5,0.35146,0.00433,0.01437,6.43694,0.00156,50,whatsapp
1021,356.31386,731.5,865.0,689.5,0.0041,0.00319,0.00759,1.23907,0.00207,50,whatsapp
1012,298.12854,711.5,782.5,669.5,0.00381,0.00312,0.00849,0.91322,0.00317,50,whatsapp
962,334.39577,719.5,858.0,677.5,0.00336,0.00216,0.0086,1.0649,0.00213,50,whatsapp
1028,326.07095,751.0,834.5,709.0,0.00411,0.0034,0.0102,1.22665,0.00214,50,whatsapp
898,335.21403,771.0,841.5,729.0,0.00431,0.00443,0.00829,1.0864,0.002,50,whatsapp
951,303.00973,717.5,825.0,675.5,0.00468,0.00298,0.00822,1.20382,0.00254,50,whatsapp
951,320.02378,745.0,830.5,703.0,0.00533,0.00255,0.01298,1.44519,0.00206,50,whatsapp
1020,297.039,754.0,794.0,712.0,0.00435,0.004,0.00896,1.07278,0.00259,50,whatsapp
930,288.89354,329.5,796.0,287.5,0.58989,0.00409,0.00988,6.64534,0.00244,50,whatsapp
963,258.83532,382.0,691.75,340.0,0.00565,0.0052,0.01218,1.11748,0.00318,50,whatsapp
1019,339.45636,275.0,836.0,233.0,0.00612,0.0,0.01588,1.97994,0.0,50,whatsapp
908,272.40633,672.0,786.0,630.0,0.0094,0.00953,0.02758,1.76644,0.0,50,whatsapp
960,255.62251,737.0,786.75,695.0,0.00751,0.0148,0.01786,1.37545,0.0,50,whatsapp
986,321.11738,735.5,796.5,693.5,0.00438,0.00451,0.01189,1.13333,0.00182,50,whatsapp
965,353.02627,261.0,857.75,219.0,0.00606,0.0032,0.01577,1.99309,0.0,50,whatsapp
1026,363.57196,819.5,911.0,777.5,0.00744,0.00388,0.01148,1.50534,0.00239,50,whatsapp
998,275.02495,798.5,873.0,756.5,0.0056,0.00423,0.01056,1.19332,0.00307,50,whatsapp
1006,322.33824,738.0,790.0,696.0,0.0068,0.00474,0.01337,1.40605,0.00202,50,whatsapp
1025,316.45063,862.0,898.0,820.0,0.00429,0.00284,0.00929,0.81798,0.00448,50,whatsapp
1085,309.00809,841.5,918.0,799.5,0.00529,0.00543,0.0124,0.97672,0.0032,50,whatsapp
1050,318.53182,823.5,923.75,781.5,0.00493,0.00309,0.01109,0.91918,0.00448,50,whatsapp
1008,318.2294,844.0,926.75,802.0,0.00798,0.00419,0.02122,1.50206,0.00213,50,whatsapp
1042,334.35171,798.0,919.75,756.0,0.00641,0.00405,0.0148,1.37782,0.00189,50,whatsapp
1048,359.34186,872.5,918.5,830.5,0.00534,0.00377,0.00848,1.22404,0.0026,50,whatsapp
1049,322.71078,852.0,953.0,810.0,0.00546,0.00433,0.01251,1.01238,0.00343,50,whatsapp
1087,344.54695,846.0,922.75,804.0,0.0052,0.00408,0.01085,1.10814,0.00323,50,whatsapp
1017,322.14792,801.5,932.0,759.5,0.00608,0.00394,0.01629,1.23349,0.00251,50,whatsapp
1024,325.58702,797.0,928.0,755.0,0.00589,0.00271,0.01033,1.19455,0.00314,50,whatsapp
1051,307.508,812.0,865.0,770.0,0.00545,0.00481,0.01411,1.19262,0.00207,50,whatsapp
1029,354.77851,838.0,936.75,796.0,0.00468,0.00474,0.0089,0.99201,0.00334,50,whatsapp
1008,330.30347,722.5,877.25,680.5,0.00524,0.0051,0.01356,1.21968,0.0017,50,whatsapp
894,286.0981,719.5,842.0,677.5,0.00583,0.00641,0.01161,1.07988,0.00279,50,whatsapp
1006,340.02687,865.0,942.0,823.0,0.00485,0.00533,0.01166,1.1306,0.00211,50,whatsapp
1053,350.97567,745.0,926.75,703.0,0.00587,0.00599,0.01147,1.19964,0.00272,50,whatsapp
1052,332.66458,846.0,972.25,804.0,0.00633,0.00536,0.01185,1.06254,0.0042,50,whatsapp
1022,346.08396,833.0,928.75,791.0,0.00531,0.00304,0.01154,0.98352,0.00489,50,whatsapp
1006,260.04946,787.5,876.75,745.5,0.00432,0.00308,0.00843,1.14931,0.00218,50,whatsapp
871,299.78364,750.0,839.0,708.0,0.00539,0.006,0.0139,1.24069,0.00206,50,whatsapp
1009,317.36258,750.5,841.25,708.5,0.00519,0.00396,0.01147,1.29371,0.00189,50,whatsapp
1016,274.23094,726.0,840.0,684.0,0.00692,0.00187,0.01983,1.53961,0.00262,50,whatsapp
1006,344.35833,799.0,944.0,757.0,0.00417,0.0032,0.01076,1.08935,0.00217,50,whatsapp
974,285.76627,768.0,832.0,726.0,0.00611,0.00313,0.01192,1.42676,0.00211,50,whatsapp
1017,313.95632,718.5,874.75,676.5,0.00457,0.0047,0.01004,1.09921,0.00272,50,whatsapp
1000,284.45119,757.0,845.0,715.0,0.00524,0.00358,0.00987,1.09142,0.00326,50,whatsapp
1011,272.82722,754.5,792.75,712.5,0.00513,0.0036,0.01347,1.25936,0.00212,50,whatsapp
1076,293.68056,731.0,749.0,689.0,0.00406,0.00204,0.01005,1.11974,0.00221,50,whatsapp
1038,292.07113,749.0,818.0,707.0,0.00434,0.00353,0.01045,1.29932,0.00141,50,whatsapp
994,312.05726,738.0,801.75,696.0,0.00551,0.00194,0.01414,1.35171,0.00231,50,whatsapp
981,329.64258,842.5,952.0,800.5,0.00526,0.00328,0.01432,1.1075,0.00303,50,whatsapp
1039,303.58651,731.0,833.5,689.0,0.00396,0.00303,0.00972,1.15025,0.00221,50,whatsapp
1078,289.2492,713.0,814.5,671.0,0.00534,0.00366,0.01461,1.28084,0.00206,50,whatsapp
998,292.28857,752.0,800.0,710.0,0.00474,0.00204,0.01245,1.35384,0.00204,50,whatsapp
1026,295.58051,726.0,760.0,684.0,0.00477,0.00207,0.01275,1.1882,0.00244,50,whatsapp
1055,296.37268,740.5,796.75,698.5,0.00436,0.0028,0.00875,1.13094,0.00232,50,whatsapp
973,255.39076,737.0,766.0,695.0,0.00469,0.00355,0.00784,1.36656,0.0017,50,whatsapp
1087,274.20304,715.0,756.0,673.0,0.00449,0.00311,0.01227,1.24482,0.00202,50,whatsapp
1060,279.08117,713.0,747.75,671.0,0.0039,0.00395,0.00926,1.10581,0.00161,50,whatsapp
861,262.46173,723.0,751.75,681.0,0.00426,0.00386,0.01083,1.10494,0.00225,50,whatsapp
1028,310.09138,717.0,765.0,675.0,0.00391,0.00219,0.00731,1.27709,0.00203,50,whatsapp
1050,286.91236,725.0,784.75,683.0,0.00564,0.00472,0.01456,1.38962,0.00139,50,whatsapp
1005,305.63351,705.0,772.75,663.0,0.00437,0.00257,0.01067,1.31679,0.00168,50,whatsapp
1001,301.22033,677.5,761.0,635.5,0.00394,0.00362,0.01006,1.32085,0.00109,50,whatsapp
1039,334.12619,721.0,824.5,679.0,0.00453,0.00294,0.01185,1.20069,0.00239,50,whatsapp
1040,279.79646,750.0,782.25,708.0,0.00407,0.00236,0.00985,1.09747,0.00265,50,whatsapp
1027,329.74159,694.0,845.5,652.0,0.00464,0.00362,0.00983,1.14271,0.00248,50,whatsapp
1082,286.51621,689.0,796.75,647.0,0.00443,0.00456,0.00983,1.01816,0.00286,50,whatsapp
918,259.86365,729.0,778.0,687.0,0.00292,0.00173,0.00718,1.03657,0.00203,50,whatsapp
1024,294.46915,281.0,743.5,239.0,0.00394,0.00259,0.00991,1.25325,0.00161,50,whatsapp
1024,339.0327,447.5,873.0,405.5,0.00438,0.00251,0.01164,1.34339,0.00124,50,whatsapp
1032,326.74964,279.0,860.5,237.0,0.00331,0.00177,0.00813,1.17672,0.00166,50,whatsapp
1050,354.51393,738.0,905.0,696.0,0.00259,0.00225,0.00547,0.88195,0.00214,50,whatsapp
1031,364.09222,262.0,897.0,220.0,0.00473,0.00446,0.00962,1.24176,0.00151,50,whatsapp
1020,364.23702,626.0,903.25,584.0,0.00546,0.00258,0.01086,1.48782,0.00171,50,whatsapp
999,284.72498,756.0,774.0,714.0,0.00405,0.00226,0.00862,1.09358,0.00236,50,whatsapp
867,290.9844,714.5,772.0,672.5,0.00518,0.00435,0.01226,1.19328,0.00207,50,whatsapp
1012,320.86922,764.0,889.0,722.0,0.0043,0.00232,0.01128,1.18888,0.00229,50,whatsapp
854,275.13909,746.0,783.0,704.0,0.00438,0.00427,0.01007,1.13339,0.00184,50,whatsapp
1062,306.81912,710.0,764.5,668.0,0.0051,0.00461,0.01014,1.26298,0.00181,50,whatsapp
964,297.19924,747.0,774.0,705.0,0.00558,0.00324,0.01485,1.43796,0.0014,50,whatsapp
1070,286.86159,757.0,800.0,715.0,0.00399,0.0034,0.00972,1.08671,0.00212,50,whatsapp
1003,298.34075,654.0,746.0,612.0,0.00547,0.00561,0.01487,1.12981,0.00217,50,whatsapp
951,309.16892,757.0,869.75,715.0,0.00508,0.00354,0.0126,1.33572,0.00194,50,whatsapp
1024,281.69801,714.5,779.5,672.5,0.00623,0.00384,0.01729,1.32186,0.00207,50,whatsapp
1019,325.51401,762.0,865.25,720.0,0.00575,0.00462,0.01716,1.42344,0.00157,50,whatsapp
1062,280.35885,724.0,786.0,682.0,0.00521,0.00405,0.01344,1.231,0.00214,50,whatsapp
1004,297.75392,725.0,848.5,683.0,0.00622,0.0044,0.01481,1.40785,0.00204,50,whatsapp
1022,285.59203,660.0,773.5,618.0,0.0038,0.00322,0.00829,1.14565,0.00198,50,whatsapp
1026,328.76009,693.0,763.0,651.0,0.0062,0.00246,0.0109,1.71195,0.00204,50,whatsapp
998,329.13087,710.0,788.0,668.0,0.00474,0.00225,0.00548,1.34368,0.0031,50,whatsapp
951,298.63872,755.5,772.0,713.5,0.00405,0.00231,0.00868,1.31915,0.00193,50,whatsapp
859,290.36018,643.0,756.5,601.0,0.00282,0.00233,0.00543,0.90058,0.00226,50,whatsapp
1028,296.06731,722.5,760.0,680.5,0.00452,0.00292,0.00881,1.26531,0.00225,50,whatsapp
1021,317.70156,728.0,846.0,686.0,0.00498,0.00399,0.01169,1.23283,0.00213,50,whatsapp
1024,306.87783,721.0,786.5,679.0,0.0039,0.00243,0.01066,1.33873,0.00134,50,whatsapp
1022,335.7501,688.5,832.25,646.5,0.00655,0.00232,0.01095,1.60728,0.00195,50,whatsapp
1011,333.24629,758.0,804.0,716.0,0.00487,0.00371,0.01301,1.15371,0.00221,50,whatsapp
1025,249.6221,744.0,776.75,702.0,0.00628,0.00458,0.01158,1.3956,0.00211,50,whatsapp
1006,294.08609,679.5,767.25,637.5,0.00324,0.00245,0.00861,1.1079,0.00197,50,whatsapp
1082,273.92753,722.0,784.75,680.0,0.0042,0.00323,0.00873,1.07774,0.00263,50,whatsapp
1022,311.7326,729.5,787.0,687.5,0.005,0.00346,0.01086,1.32919,0.00171,50,whatsapp
914,305.03075,712.0,786.75,670.0,0.00414,0.00303,0.00749,1.47374,0.00111,50,whatsapp
1016,271.13921,724.0,764.0,682.0,0.00461,0.00426,0.01093,1.10745,0.00209,50,whatsapp
997,281.00333,734.5,775.0,692.5,0.00465,0.00375,0.01102,1.172,0.00214,50,whatsapp
980,293.96278,646.5,783.0,604.5,0.00529,0.00285,0.01143,1.32645,0.00187,50,whatsapp
1013,295.1884,711.0,777.5,669.0,0.00464,0.00306,0.00961,1.18811,0.00267,50,whatsapp
1018,307.09191,740.5,791.5,698.5,0.00427,0.00288,0.00976,1.12598,0.00228,50,whatsapp
1011,341.408,693.0,790.0,651.0,0.00401,0.00201,0.01027,1.23262,0.00183,50,whatsapp
953,307.59872,715.0,796.0,673.0,0.00382,0.00241,0.0092,1.05475,0.00239,50,whatsapp
989,309.44122,719.0,824.75,677.0,0.00424,0.00208,0.01012,1.22997,0.00224,50,whatsapp
1061,272.5197,691.0,746.0,649.0,0.0046,0.00531,0.01133,1.30943,0.00111,50,whatsapp
1012,305.24528,719.0,782.0,677.0,0.0064,0.00341,0.01814,1.64163,0.00117,50,whatsapp
1021,345.36391,718.0,841.0,676.0,0.00631,0.0032,0.01406,1.47113,0.00227,50,whatsapp
1062,323.75553,739.5,779.0,697.5,0.00592,0.00222,0.01416,2.01116,0.00016,50,whatsapp
1019,342.78397,764.0,908.0,722.0,0.00661,0.00636,0.01498,1.40455,0.00105,50,whatsapp
1073,332.30472,688.5,804.0,646.5,0.00537,0.00313,0.01558,1.58785,0.00036,50,whatsapp
967,320.63387,729.0,821.0,687.0,0.00539,0.00283,0.01554,1.50384,0.00134,50,whatsapp
1009,328.67282,693.0,765.25,651.0,0.00554,0.00439,0.0145,1.49692,0.00128,50,whatsapp
913,307.28965,471.5,738.75,429.5,0.00464,0.00437,0.01419,1.34636,0.00117,50,whatsapp
1025,365.82482,690.0,912.75,648.0,0.00411,0.0033,0.0096,1.3356,0.00115,50,whatsapp
978,337.0735,735.0,909.0,693.0,0.00515,0.00331,0.01233,1.24424,0.00213,50,whatsapp
1025,314.94228,741.0,861.0,699.0,0.00622,0.00524,0.01413,1.50015,0.00137,50,whatsapp
1005,292.26239,740.0,790.25,698.0,0.00633,0.00486,0.0145,1.30774,0.00201,50,whatsapp
1018,315.34621,730.5,756.0,688.5,0.00457,0.00314,0.01199,1.26067,0.00194,50,whatsapp
1020,338.37015,732.5,873.0,690.5,0.00473,0.0045,0.01182,1.10673,0.00265,50,whatsapp
1010,311.9516,726.0,872.25,684.0,0.00523,0.00533,0.01368,1.20154,0.0021,50,whatsapp
988,324.11201,716.5,816.75,674.5,0.00524,0.0028,0.01385,1.7647,0.00074,50,whatsapp
1019,325.64717,679.0,765.75,637.0,0.00523,0.00345,0.01369,1.31156,0.00134,50,whatsapp
1018,307.97361,747.0,786.5,705.0,0.00579,0.00229,0.01596,1.49994,0.00198,50,whatsapp
1077,315.28355,761.0,924.0,719.0,0.0054,0.00601,0.01482,1.35266,0.00108,50,whatsapp
1011,311.57768,755.0,789.75,713.0,0.00512,0.00546,0.00947,1.34237,0.00145,50,whatsapp
926,269.62797,718.0,769.0,676.0,0.00421,0.00304,0.01028,1.14642,0.00216,50,whatsapp
1066,373.3686,723.0,945.5,681.0,0.00512,0.00482,0.01283,1.23281,0.00162,50,whatsapp
1001,305.06593,726.0,770.75,684.0,0.0059,0.00279,0.01467,1.57396,0.00111,50,whatsapp
1026,290.45425,747.0,807.0,705.0,0.00623,0.00428,0.01616,1.47923,0.00116,50,whatsapp
1071,322.86755,768.0,940.0,726.0,0.00567,0.00316,0.01663,1.50711,0.00108,50,whatsapp
1025,334.79283,282.0,872.5,240.0,0.00527,0.00313,0.01286,1.55372,0.00114,50,whatsapp
932,311.99236,485.5,818.75,443.5,0.00492,0.00409,0.01246,1.37835,0.00113,50,whatsapp
960,318.46092,260.0,758.0,218.0,0.0041,0.00298,0.00965,1.25462,0.00124,50,whatsapp
970,307.88907,711.0,776.0,669.0,0.00419,0.00317,0.01067,1.20811,0.00157,50,whatsapp
1067,367.59586,407.0,907.0,365.0,0.00489,0.0014,0.01359,1.38875,0.00177,50,whatsapp
1012,309.61807,727.0,825.75,685.0,0.00518,0.00369,0.01291,1.15202,0.00264,50,whatsapp
1019,313.18756,752.0,886.0,710.0,0.00568,0.00318,0.01647,1.50334,0.00117,50,whatsapp
1017,328.79364,733.0,943.75,691.0,0.00648,0.00441,0.0184,1.4786,0.00178,50,whatsapp
1013,330.97771,718.0,806.5,676.0,0.00415,0.00357,0.01062,1.16671,0.00177,50,whatsapp
1024,340.94435,734.5,892.0,692.5,0.00538,0.00345,0.01411,1.30353,0.00215,50,whatsapp
1024,299.69635,849.5,931.5,807.5,0.00511,0.00469,0.01233,1.15888,0.00212,50,whatsapp
974,283.39627,711.0,761.5,669.0,0.00694,0.00549,0.02262,1.60394,0.00023,50,whatsapp
1027,325.80052,840.5,967.75,798.5,0.04635,0.00518,0.01835,4.10469,0.00202,50,whatsapp
1011,319.57801,753.0,901.0,711.0,0.00494,0.00232,0.00967,1.26358,0.00213,50,whatsapp
1007,275.07085,755.5,835.0,713.5,0.00646,0.0039,0.01436,1.27596,0.00222,50,whatsapp
980,323.80829,812.5,933.25,770.5,0.00424,0.00258,0.00974,1.06305,0.00284,50,whatsapp
1066,334.5079,738.5,947.0,696.5,0.0062,0.00274,0.00965,1.62312,0.00205,50,whatsapp
1021,330.86932,737.0,884.25,695.0,0.00527,0.0046,0.01288,1.35781,0.00118,50,whatsapp
1017,318.77544,652.5,901.5,610.5,0.00435,0.00346,0.01141,1.19856,0.00185,50,whatsapp
962,347.71679,634.0,923.75,592.0,0.0045,0.00266,0.00622,1.33808,0.00224,50,whatsapp
1027,356.83477,274.0,871.0,232.0,0.00494,0.00255,0.01226,1.38715,0.00166,50,whatsapp
935,288.67429,744.5,807.0,702.5,0.00622,0.00512,0.01183,1.39981,0.00182,50,whatsapp
1071,340.64212,739.0,955.0,697.0,0.00772,0.00456,0.01396,1.52779,0.00185,50,whatsapp
1026,349.89955,830.0,957.0,788.0,0.00461,0.00442,0.01023,0.9864,0.0031,50,whatsapp
1015,306.98838,740.5,966.0,698.5,0.00664,0.00381,0.01887,1.38761,0.00174,50,whatsapp
1026,355.67461,693.5,960.5,651.5,0.00452,0.00231,0.01007,1.06952,0.00319,50,whatsapp
1005,284.84987,752.0,888.5,710.0,0.00464,0.00482,0.01064,1.09367,0.00202,50,whatsapp
1013,338.84801,718.0,866.5,676.0,0.00409,0.00344,0.01175,1.17679,0.00184,50,whatsapp
1006,381.84777,780.5,913.75,738.5,0.0041,0.00315,0.0088,1.16331,0.00227,50,whatsapp
997,337.70059,743.0,887.0,701.0,0.0055,0.00411,0.01214,1.23355,0.00197,50,whatsapp
1079,332.37889,846.5,917.0,804.5,0.00616,0.00528,0.01439,1.22876,0.00236,50,whatsapp
1030,300.81422,754.0,884.75,712.0,0.00643,0.00576,0.01794,1.26334,0.00163,50,whatsapp
1025,343.92785,843.0,954.0,801.0,0.00686,0.00521,0.01108,1.54974,0.00211,50,whatsapp
1004,321.08124,731.0,869.0,689.0,0.00508,0.00462,0.0139,1.09982,0.00255,50,whatsapp
1055,377.21575,867.5,981.0,825.5,0.00562,0.0078,0.01261,1.18938,0.00155,50,whatsapp
1027,346.69405,759.5,900.25,717.5,0.00458,0.00286,0.0118,1.22408,0.00219,50,whatsapp
1016,340.6856,777.5,970.75,735.5,0.00536,0.00516,0.01373,1.36487,0.00112,50,whatsapp
1014,340.79602,752.5,888.0,710.5,0.00648,0.00319,0.01096,1.66665,0.00193,50,whatsapp
1026,329.38439,730.5,869.75,688.5,0.00324,0.00213,0.00836,0.9196,0.00272,50,whatsapp
1006,327.82727,516.0,856.25,474.0,0.00447,0.00322,0.009,1.11912,0.00242,50,whatsapp
1011,327.00451,587.5,792.75,545.5,0.0043,0.004,0.01181,1.21286,0.00158,50,whatsapp
1039,347.07354,724.0,934.75,682.0,0.00424,0.00298,0.00999,1.11636,0.00233,50,whatsapp
1065,390.04775,523.5,978.0,481.5,0.00449,0.00455,0.01031,1.21054,0.00192,50,whatsapp
989,308.95106,743.5,879.75,701.5,0.00466,0.00213,0.01217,1.34178,0.00202,50,whatsapp
1011,313.23909,744.0,903.75,702.0,0.00475,0.00526,0.01186,1.19927,0.00146,50,whatsapp
1041,376.52819,757.0,921.5,715.0,0.0048,0.00271,0.00986,1.40016,0.00182,50,whatsapp
1005,359.01679,277.0,855.75,235.0,0.00453,0.00357,0.01077,1.2932,0.00143,50,whatsapp
1022,358.78188,719.0,935.0,677.0,0.0042,0.00322,0.01029,1.17551,0.00194,50,whatsapp
1003,363.11584,714.5,875.0,672.5,0.00463,0.00305,0.01345,1.25764,0.00217,50,whatsapp
1060,317.33036,765.0,864.0,723.0,0.00624,0.00388,0.01605,1.39795,0.00177,50,whatsapp
1066,313.64051,820.0,900.75,778.0,0.00605,0.00428,0.01477,1.22282,0.00219,50,whatsapp
1071,344.46481,755.0,970.75,713.0,0.00849,0.00328,0.0164,1.8688,0.00016,50,whatsapp
1059,346.5001,783.0,948.5,741.0,0.00705,0.00527,0.01515,1.58263,0.00105,50,whatsapp
996,334.33273,779.0,921.0,737.0,0.00579,0.00428,0.01485,1.38705,0.00105,50,whatsapp
1013,343.79539,743.0,865.75,701.0,0.00648,0.00919,0.01598,1.34951,0.0,50,whatsapp
1068,345.65767,722.0,872.5,680.0,0.00413,0.00233,0.01153,1.3752,0.00112,50,whatsapp
1081,318.58412,791.5,893.0,749.5,0.00395,0.0028,0.01081,1.12741,0.00234,50,whatsapp
1070,336.48253,814.0,869.0,772.0,0.00415,0.00295,0.00962,1.3505,0.00128,50,whatsapp
944,301.96689,717.5,794.0,675.5,0.00568,0.00295,0.00982,1.56582,0.00131,50,whatsapp
947,303.02786,720.0,844.0,678.0,0.00357,0.00386,0.00933,1.14575,0.00135,50,whatsapp
1072,322.25336,680.0,809.0,638.0,0.00468,0.00303,0.00893,1.42785,0.00127,50,whatsapp
1014,324.28851,690.0,800.75,648.0,0.00585,0.00554,0.01376,1.21618,0.00201,50,whatsapp
1024,341.54531,697.0,810.0,655.0,0.00472,0.00131,0.01447,1.36184,0.00203,50,whatsapp
938,298.92407,713.5,813.75,671.5,0.00425,0.00312,0.01234,1.35722,0.00108,50,whatsapp
985,300.1946,635.5,807.0,593.5,0.00636,0.00379,0.0138,1.68001,0.00105,50,whatsapp
984,303.69307,756.0,802.0,714.0,0.00462,0.00448,0.01018,1.13317,0.00198,50,whatsapp
982,319.90095,724.0,798.5,682.0,0.00625,0.00361,0.01708,1.3355,0.002,50,whatsapp
1004,322.26492,769.0,865.5,727.0,0.00728,0.00767,0.01638,1.3261,0.00211,50,whatsapp
1035,315.18412,721.0,848.0,679.0,0.0055,0.00342,0.01184,1.12974,0.00281,50,whatsapp
1007,313.70659,699.5,766.75,657.5,0.00429,0.00403,0.01072,1.07166,0.00219,50,whatsapp
900,332.13521,635.0,859.0,593.0,0.00545,0.00284,0.01454,1.46869,0.00104,50,whatsapp
977,336.04694,799.0,880.0,757.0,0.00606,0.00464,0.01577,1.6029,0.00022,50,whatsapp
974,337.41674,676.5,860.0,634.5,0.006,0.00438,0.01572,1.42078,0.00106,50,whatsapp
1028,328.50197,677.0,863.0,635.0,0.00638,0.00445,0.01626,1.38488,0.00186,50,whatsapp
950,304.68336,770.0,832.0,728.0,0.00659,0.00401,0.01381,1.46791,0.00182,50,whatsapp
1027,328.13772,852.5,889.0,810.5,0.00777,0.00612,0.01742,1.59489,0.00089,50,whatsapp
1075,348.97237,818.5,904.75,776.5,0.00631,0.00395,0.01528,1.56739,0.00105,50,whatsapp
980,345.73233,739.5,823.0,697.5,0.00609,0.0044,0.01597,1.6072,6e-05,50,whatsapp
947,350.91974,738.5,809.0,696.5,0.00486,0.00374,0.01483,1.66812,0.0005,50,whatsapp
1024,342.98287,822.5,926.0,780.5,0.00679,0.00822,0.01537,1.39108,0.00058,50,whatsapp
1017,334.11305,789.0,892.75,747.0,0.00693,0.00282,0.0164,1.83248,0.00089,50,whatsapp
1003,262.09928,815.5,899.75,773.5,0.01033,0.00715,0.02886,1.68833,0.00028,50,whatsapp
1015,320.18557,838.0,905.0,796.0,0.00592,0.00395,0.01146,1.27803,0.00322,50,whatsapp
976,329.93171,764.0,892.75,722.0,0.00584,0.00352,0.01337,1.27123,0.00215,50,whatsapp
1065,347.6848,750.5,904.0,708.5,0.0067,0.00343,0.0169,1.7232,0.00095,50,whatsapp
1004,346.9967,803.5,910.0,761.5,0.00494,0.00352,0.012,1.29127,0.00201,50,whatsapp
1015,337.29305,737.0,942.75,695.0,0.00583,0.00479,0.01208,1.34668,0.00155,50,whatsapp
1022,342.26091,728.0,931.0,686.0,0.00533,0.00579,0.01147,1.24913,0.00174,50,whatsapp
1020,350.39037,777.5,920.0,735.5,0.00537,0.00442,0.01251,1.0078,0.00322,50,whatsapp
998,349.60567,763.0,917.75,721.0,0.00447,0.00506,0.01096,1.13127,0.00216,50,whatsapp
963,341.23749,779.5,902.0,737.5,0.00574,0.00291,0.01466,1.43289,0.00228,50,whatsapp
1030,338.22148,648.5,867.75,606.5,0.04387,0.00425,0.00801,4.49566,0.00212,50,whatsapp
1017,355.74121,265.0,895.75,223.0,0.0051,0.00376,0.01281,1.29536,0.00177,50,whatsapp
1024,344.81364,598.5,784.75,556.5,0.00418,0.0035,0.01023,1.20646,0.00189,50,whatsapp
997,343.29904,794.0,900.0,752.0,0.00542,0.00306,0.01467,1.36087,0.002,50,whatsapp
1002,328.11702,747.0,891.75,705.0,0.00491,0.00427,0.01283,1.12674,0.00222,50,whatsapp
1072,340.73899,850.0,950.75,808.0,0.00603,0.00603,0.01392,1.13539,0.00238,50,whatsapp
1018,316.77501,866.0,957.0,824.0,0.00606,0.00376,0.01515,1.26268,0.00258,50,whatsapp
978,327.09692,641.0,917.0,599.0,0.00527,0.00449,0.01252,1.23248,0.00211,50,whatsapp
1014,327.07643,645.5,842.25,603.5,0.00599,0.0029,0.01628,1.3909,0.00216,50,whatsapp
1016,351.25046,759.0,908.0,717.0,0.00446,0.0033,0.01051,1.14487,0.00206,50,whatsapp
1005,350.14153,736.0,918.0,694.0,0.00405,0.00339,0.00774,0.92517,0.00361,50,whatsapp
1058,363.89056,889.5,959.0,847.5,0.00537,0.00359,0.01299,1.09024,0.00285,50,whatsapp
1018,356.70093,811.5,936.75,769.5,0.00442,0.005,0.01046,0.98729,0.00241,50,whatsapp
1007,354.58689,722.0,939.0,680.0,0.0061,0.00476,0.01637,1.40641,0.0014,50,whatsapp
983,331.09556,726.0,930.75,684.0,0.00472,0.00307,0.01363,1.21151,0.00209,50,whatsapp
1025,374.63716,602.0,898.0,560.0,0.0042,0.00392,0.01028,1.13,0.00206,50,whatsapp
1039,345.53913,878.0,978.0,836.0,0.00521,0.00452,0.01441,1.13434,0.0027,50,whatsapp
956,304.27994,774.5,885.0,732.5,0.00569,0.00393,0.01425,1.22938,0.00239,50,whatsapp
1025,303.02011,869.0,935.75,827.0,0.0053,0.00709,0.01196,0.98454,0.00326,50,whatsapp
1020,341.21042,631.0,865.0,589.0,0.004,0.00386,0.0092,1.01551,0.00278,50,whatsapp
1013,354.00486,689.5,813.0,647.5,0.00405,0.0042,0.01001,1.04713,0.00213,50,whatsapp
994,340.89712,752.0,908.75,710.0,0.00502,0.00389,0.01348,1.23581,0.00187,50,whatsapp
1011,366.34044,774.0,933.75,732.0,0.00435,0.00306,0.01015,1.23253,0.00206,50,whatsapp
1021,349.64398,736.0,871.75,694.0,0.00513,0.00486,0.01235,1.22022,0.00193,50,whatsapp
1026,339.98982,794.0,949.75,752.0,0.00474,0.00348,0.01055,1.02,0.00338,50,whatsapp
1073,326.77426,718.5,903.0,676.5,0.00538,0.00491,0.01294,1.39046,0.0014,50,whatsapp
1045,326.459,663.5,842.25,621.5,0.00545,0.00455,0.01517,1.25731,0.0019,50,whatsapp
954,330.51667,300.0,829.75,258.0,0.00583,0.00315,0.01411,1.44425,0.00158,50,whatsapp
1006,292.97957,742.0,831.75,700.0,0.0062,0.00431,0.01332,1.31881,0.00268,50,whatsapp
1065,331.47537,730.0,914.0,688.0,0.00484,0.00526,0.01121,1.11487,0.00225,50,whatsapp
1034,325.99509,714.0,897.0,672.0,0.00907,0.00673,0.01447,1.5863,0.00152,50,whatsapp
1015,336.51482,757.0,902.25,715.0,0.00726,0.01399,0.01644,1.59577,0.0,50,whatsapp
1064,334.88982,806.0,930.0,764.0,0.00425,0.00206,0.01519,1.97046,0.00025,50,whatsapp
1018,341.2696,841.5,910.0,799.5,0.00626,0.00487,0.0148,1.32423,0.00219,50,whatsapp
1001,332.18891,714.0,911.0,672.0,0.00527,0.00592,0.01549,1.33748,0.00093,50,whatsapp
1062,308.03382,761.0,861.0,719.0,0.00618,0.00577,0.01701,1.51234,0.00064,50,whatsapp
1008,334.10196,803.0,895.75,761.0,0.00612,0.0048,0.0163,1.25449,0.00246,50,whatsapp
971,320.46498,726.0,917.75,684.0,0.00598,0.00636,0.01405,1.19904,0.002,50,whatsapp
1083,308.0661,750.5,917.75,708.5,0.00618,0.00417,0.01477,1.5863,0.00111,50,whatsapp
976,317.67416,834.5,945.75,792.5,0.0055,0.0055,0.01347,1.16459,0.00217,50,whatsapp
1025,337.0128,817.0,951.0,775.0,0.00721,0.00496,0.0186,1.40159,0.00215,50,whatsapp
1018,312.75172,814.5,940.75,772.5,0.00608,0.0061,0.0145,1.25944,0.00202,50,whatsapp
1026,315.63328,730.0,910.75,688.0,0.00665,0.00559,0.01931,1.40626,0.00133,50,whatsapp
1034,325.16537,810.5,957.25,768.5,0.00749,0.00778,0.01642,1.21929,0.00263,50,whatsapp
1006,311.87195,801.5,924.0,759.5,0.00747,0.00552,0.01928,1.48866,0.00123,50,whatsapp
968,333.33437,753.5,934.75,711.5,0.00519,0.00488,0.01179,1.01658,0.00313,50,whatsapp
1033,276.22395,825.0,926.75,783.0,0.00679,0.00605,0.01731,1.17105,0.00342,50,whatsapp
1054,287.88746,757.5,935.75,715.5,0.00628,0.00539,0.01647,1.29907,0.00136,50,whatsapp
1022,339.01045,752.0,963.5,710.0,0.00659,0.00509,0.01729,1.21598,0.00312,50,whatsapp
1033,332.63141,826.0,953.75,784.0,0.00619,0.00434,0.01597,1.46289,0.00171,50,whatsapp
1017,366.80861,836.0,933.0,794.0,0.0068,0.0034,0.02025,1.44733,0.00203,50,whatsapp
1017,292.20084,901.5,962.5,859.5,0.00798,0.01046,0.0179,1.37626,0.00107,50,whatsapp
1007,311.57122,897.0,967.0,855.0,0.0075,0.01049,0.02004,1.49502,0.00035,50,whatsapp
1009,291.24251,847.0,914.75,805.0,0.00628,0.00531,0.0154,1.38381,0.00167,50,whatsapp
1036,326.73986,802.0,932.0,760.0,0.00728,0.00652,0.01915,1.33535,0.002,50,whatsapp
1056,339.75214,761.5,960.0,719.5,0.00629,0.00714,0.01428,1.21511,0.0021,50,whatsapp
1017,338.5583,828.0,944.75,786.0,0.01027,0.00726,0.02481,1.63531,0.00107,50,whatsapp
1089,323.42459,760.5,904.75,718.5,0.00873,0.00316,0.02144,1.92551,0.00098,50,whatsapp
1089,344.27277,663.5,942.25,621.5,0.0066,0.00557,0.0194,1.47184,0.00106,50,whatsapp
1019,346.66255,760.0,909.0,718.0,0.00674,0.00544,0.01868,1.46783,0.00069,50,whatsapp
1049,322.78744,715.0,910.0,673.0,0.00537,0.00442,0.01471,1.39877,0.00114,50,whatsapp
1071,290.63667,786.5,973.0,744.5,0.00575,0.00563,0.01562,1.36742,0.00109,50,whatsapp
1045,289.81771,719.0,879.5,677.0,0.00582,0.00456,0.0142,1.27548,0.0021,50,whatsapp
997,262.7343,753.0,823.0,711.0,0.00607,0.00521,0.015,1.33925,0.0018,50,whatsapp
1044,301.38921,767.0,922.0,725.0,0.00647,0.00456,0.01751,1.46785,0.00153,50,whatsapp
1020,326.69682,753.0,898.0,711.0,0.00592,0.00446,0.0164,1.49342,0.00128,50,whatsapp
1026,341.80207,799.5,879.0,757.5,0.00494,0.0042,0.01119,1.45925,0.00098,50,whatsapp
1009,330.39213,826.0,945.0,784.0,0.00634,0.00476,0.01223,1.45179,0.00178,50,whatsapp
1033,303.3854,857.5,920.0,815.5,0.00637,0.00628,0.01612,1.42667,0.00106,50,whatsapp
1086,339.94492,847.5,908.25,805.5,0.0053,0.00499,0.014,1.45792,0.0011,50,whatsapp
1027,284.07964,875.0,901.5,833.0,0.00604,0.00339,0.01396,1.34211,0.00207,50,whatsapp
930,256.3348,793.0,874.5,751.0,0.00658,0.00707,0.01841,1.29963,0.00201,50,whatsapp
973,231.06059,818.5,845.0,776.5,0.00657,0.00492,0.01867,1.36749,0.00165,50,whatsapp
1014,285.25204,766.5,878.0,724.5,0.00692,0.00369,0.01686,1.49687,0.00174,50,whatsapp
1018,307.46405,796.0,920.0,754.0,0.00612,0.00574,0.01512,1.25464,0.00223,50,whatsapp
1006,306.69544,758.0,867.0,716.0,0.00723,0.00706,0.01983,1.33745,0.00133,50,whatsapp
1003,305.01187,860.5,911.0,818.5,0.00752,0.005,0.01825,1.37744,0.00214,50,whatsapp
1009,277.66224,758.0,848.5,716.0,0.00692,0.00709,0.01829,1.36964,0.002,50,whatsapp
1072,331.83191,872.0,942.75,830.0,0.00613,0.00617,0.01421,1.10322,0.00307,50,whatsapp
963,293.46203,758.5,885.75,716.5,0.00668,0.0033,0.0169,1.32009,0.00238,50,whatsapp
1013,335.54876,773.0,964.0,731.0,0.00587,0.0046,0.01353,1.28074,0.00213,50,whatsapp
1030,302.50468,918.5,953.75,876.5,0.00907,0.00411,0.02357,1.58074,0.00184,50,whatsapp
1009,299.12638,662.5,914.75,620.5,0.00803,0.01408,0.018,1.32874,0.0,50,whatsapp
986,297.89676,839.5,922.0,797.5,0.00621,0.0064,0.01624,1.50451,0.00035,50,whatsapp
1019,312.64753,766.0,904.0,724.0,0.00631,0.00546,0.01529,1.1176,0.00305,50,whatsapp
1021,281.6001,804.0,913.5,762.0,0.00978,0.00518,0.02104,1.53278,0.00242,50,whatsapp
1034,302.89469,763.0,938.0,721.0,0.0073,0.00624,0.01747,1.282,0.00274,50,whatsapp
1030,368.39784,693.5,875.0,651.5,0.00497,0.00134,0.01126,1.97499,0.00066,50,whatsapp
1069,338.1462,661.0,874.0,619.0,0.00415,0.00282,0.00932,1.69692,0.00032,50,whatsapp
947,323.9892,742.5,881.0,700.5,0.00559,0.00569,0.01422,1.27407,0.0018,50,whatsapp
1070,282.72061,735.0,873.0,693.0,0.00673,0.00631,0.01571,1.28217,0.00199,50,whatsapp
1030,302.21567,750.5,952.5,708.5,0.00615,0.00407,0.01795,1.17985,0.00239,50,whatsapp
996,280.34814,817.0,895.0,775.0,0.00643,0.00478,0.01605,1.23975,0.00333,50,whatsapp
971,279.56345,529.5,727.25,487.5,0.00396,0.00293,0.00924,0.91861,0.00318,50,whatsapp
893,236.93911,393.0,584.25,351.0,0.00602,0.00582,0.01312,1.30294,0.00248,50,whatsapp
1052,277.43904,292.0,641.0,250.0,0.00523,0.00363,0.01191,1.09137,0.00337,50,whatsapp
1044,246.57762,387.0,652.0,345.0,0.00675,0.00785,0.01654,1.113,0.00276,50,whatsapp
979,289.61065,264.5,638.75,222.5,0.00553,0.00168,0.01414,1.07493,0.00415,50,whatsapp
1007,304.81575,258.5,662.25,216.5,0.00679,0.00797,0.01485,1.20459,0.00257,50,whatsapp
1021,354.33249,257.5,875.5,215.5,0.00404,0.00432,0.01077,0.99975,0.0022,50,whatsapp
983,334.96332,251.0,816.5,209.0,0.00969,0.00409,0.0188,1.92032,0.00073,50,whatsapp
982,300.03773,638.0,821.5,596.0,0.00802,0.00877,0.01613,0.95655,0.00582,50,whatsapp
1052,327.03529,591.0,860.25,549.0,0.00865,0.00779,0.01739,1.05301,0.00526,50,whatsapp
1011,318.24871,599.0,832.5,557.0,0.01049,0.00592,0.02729,1.34828,0.00343,50,whatsapp
1063,345.03507,403.0,810.25,361.0,0.00897,0.00579,0.02004,1.25174,0.00375,50,whatsapp
1030,347.47684,691.5,893.5,649.5,0.00822,0.00636,0.01921,1.01262,0.00537,50,whatsapp
1011,327.26865,584.0,837.75,542.0,0.00739,0.00881,0.01761,0.9797,0.00423,50,whatsapp
989,322.58992,633.0,841.5,591.0,0.00873,0.00684,0.01642,1.0143,0.00667,50,whatsapp
1017,289.29662,673.0,800.25,631.0,0.00977,0.0073,0.02546,1.21471,0.00405,50,whatsapp
1049,311.53807,653.0,904.5,611.0,0.00948,0.00453,0.02356,0.9924,0.00825,50,whatsapp
1019,306.52271,569.5,817.25,527.5,0.00699,0.00496,0.01297,0.94072,0.00624,50,whatsapp
1025,326.53377,607.0,872.5,565.0,0.01002,0.00685,0.02532,1.22433,0.00492,50,whatsapp
1011,319.94233,588.0,904.25,546.0,0.01053,0.00625,0.0168,1.24552,0.00527,50,whatsapp
972,318.75525,624.5,925.75,582.5,0.00917,0.00539,0.01668,1.09446,0.0057,50,whatsapp
1002,343.16695,583.5,925.75,541.5,0.01069,0.00762,0.02391,1.08099,0.00656,50,whatsapp
1011,324.15829,607.0,892.5,565.0,0.01041,0.00968,0.02624,1.1269,0.00541,50,whatsapp
996,296.33141,595.5,848.0,553.5,0.00937,0.00696,0.02309,1.08859,0.00597,50,whatsapp
1023,327.97747,561.0,815.75,519.0,0.01025,0.00731,0.02823,1.20925,0.00446,50,whatsapp
1006,329.85717,588.5,910.0,546.5,0.00861,0.00674,0.01973,1.14043,0.00463,50,whatsapp
967,324.91186,599.5,918.0,557.5,0.00656,0.00721,0.01217,0.90348,0.00559,50,whatsapp
1045,309.52949,621.5,840.5,579.5,0.00807,0.0048,0.0146,0.96214,0.00723,50,whatsapp
1030,327.96142,510.5,870.25,468.5,0.0106,0.00452,0.02754,1.15642,0.00619,50,whatsapp
997,323.59651,478.0,911.0,436.0,0.00915,0.00557,0.02024,1.16155,0.00529,50,whatsapp
1024,315.62858,540.0,874.5,498.0,0.01102,0.00506,0.03186,1.32695,0.0041,50,whatsapp
998,323.85366,525.0,851.0,483.0,0.0071,0.00472,0.01671,0.95951,0.00567,50,whatsapp
1046,332.80559,575.5,899.75,533.5,0.00793,0.00665,0.0197,1.01755,0.00559,50,whatsapp
992,297.07574,704.0,893.25,662.0,0.00888,0.01325,0.02477,1.29306,0.00194,50,whatsapp
1020,307.99821,519.0,815.0,477.0,0.00929,0.01206,0.02373,1.21414,0.00322,50,whatsapp
1020,327.06871,613.5,865.75,571.5,0.00962,0.008,0.01892,1.20858,0.00409,50,whatsapp
995,318.3005,691.5,863.25,649.5,0.00777,0.00683,0.0186,1.09268,0.00404,50,whatsapp
1004,325.06561,613.5,853.5,571.5,0.00978,0.00945,0.02002,1.22196,0.00418,50,whatsapp
1023,320.70176,655.0,899.75,613.0,0.00806,0.00738,0.02044,1.00169,0.00509,50,whatsapp
1017,285.69713,668.0,872.25,626.0,0.00903,0.00513,0.01736,1.23219,0.0051,50,whatsapp
1069,317.97045,598.5,827.0,556.5,0.00803,0.00637,0.01295,1.05882,0.00527,50,whatsapp
1013,323.76306,748.0,850.5,706.0,0.00721,0.00585,0.01547,1.07761,0.00464,50,whatsapp
949,318.36954,714.0,819.75,672.0,0.00857,0.00618,0.01896,1.30295,0.0031,50,whatsapp
1040,291.84247,777.5,842.25,735.5,0.00716,0.00464,0.01285,0.93344,0.00664,50,whatsapp
949,269.54656,766.0,857.0,724.0,0.00952,0.00847,0.02349,1.25637,0.00325,50,whatsapp
930,278.83541,677.5,821.75,635.5,0.01017,0.01068,0.02244,1.20645,0.00394,50,whatsapp
1035,307.83152,813.5,905.75,771.5,0.01136,0.00994,0.02496,1.42764,0.00236,50,whatsapp
1024,312.42647,635.5,833.5,593.5,0.00707,0.0073,0.01602,1.0822,0.00352,50,whatsapp
1019,364.342,792.0,911.5,750.0,0.00842,0.00455,0.02245,1.35726,0.00302,50,whatsapp
1084,326.51303,716.0,928.75,674.0,0.00857,0.00665,0.01626,1.33447,0.00307,50,whatsapp
1072,325.11801,604.5,890.25,562.5,0.00728,0.0055,0.01599,1.21832,0.00336,50,whatsapp
1019,317.95213,778.0,887.25,736.0,0.00818,0.00961,0.02071,1.21328,0.00232,50,whatsapp
1010,309.06883,605.5,844.75,563.5,0.00814,0.00614,0.02193,1.45114,0.00112,50,whatsapp
1013,329.38569,703.5,937.0,661.5,0.00872,0.0061,0.02447,1.27242,0.00357,50,whatsapp
1071,281.99472,635.0,711.0,593.0,0.00883,0.00461,0.02545,1.44492,0.0026,50,whatsapp
1042,293.06554,781.0,928.0,739.0,0.00888,0.00552,0.01683,1.38425,0.00268,50,whatsapp
1016,275.60165,663.5,870.75,621.5,0.00728,0.00443,0.01394,1.252,0.00356,50,whatsapp
1020,262.17857,726.0,844.75,684.0,0.00708,0.00535,0.01524,1.01891,0.00542,50,whatsapp
1079,305.38306,609.0,833.75,567.0,0.00826,0.00549,0.02022,1.27684,0.00315,50,whatsapp
1082,276.19929,623.0,808.75,581.0,0.00633,0.00303,0.01692,1.1168,0.00392,50,whatsapp
1082,283.42792,634.5,775.75,592.5,0.00844,0.00866,0.02463,1.25853,0.00273,50,whatsapp
1044,269.33753,698.5,884.75,656.5,0.00679,0.00469,0.0184,1.15996,0.00402,50,whatsapp
1044,254.44188,665.5,730.75,623.5,0.00702,0.00582,0.01517,1.36684,0.00212,50,whatsapp
951,279.32605,655.5,711.0,613.5,0.00519,0.0023,0.00874,1.08363,0.00426,50,whatsapp
962,304.67143,796.5,898.25,754.5,0.00578,0.00284,0.0116,1.12503,0.00384,50,whatsapp
956,265.40203,665.0,791.75,623.0,0.00581,0.00318,0.01218,1.04366,0.00429,50,whatsapp
975,291.80699,784.0,876.5,742.0,0.00633,0.00475,0.0153,1.26471,0.00223,50,whatsapp
1069,310.72827,771.0,875.75,729.0,0.00587,0.00457,0.01427,1.06264,0.00331,50,whatsapp
889,285.55789,746.5,843.0,704.5,0.00562,0.00616,0.01194,1.15233,0.00271,50,whatsapp
1044,288.00006,745.5,831.25,703.5,0.00551,0.00729,0.01524,1.17691,0.0014,50,whatsapp
1063,294.72968,750.0,866.5,708.0,0.00567,0.00509,0.01299,1.16896,0.00216,50,whatsapp
1068,277.42653,751.0,845.0,709.0,0.00492,0.00318,0.01094,1.0876,0.00318,50,whatsapp
943,272.96214,763.5,878.75,721.5,0.00467,0.00338,0.01156,1.07247,0.0032,50,whatsapp
1073,336.27484,665.0,883.0,623.0,0.00477,0.00364,0.01059,1.30736,0.00226,50,whatsapp
975,271.79236,709.0,812.75,667.0,0.00729,0.00564,0.01774,1.31133,0.00231,50,whatsapp
990,281.75178,762.5,896.0,720.5,0.00606,0.00421,0.01597,1.14575,0.00314,50,whatsapp
961,274.44242,777.5,915.75,735.5,0.00773,0.00332,0.02185,1.54073,0.00149,50,whatsapp
992,323.03985,742.0,888.0,700.0,0.00524,0.00338,0.01273,1.17422,0.00261,50,whatsapp
1041,348.51026,732.5,913.0,690.5,0.00487,0.004,0.01238,1.38556,0.00138,50,whatsapp
1009,288.28869,728.5,864.25,686.5,0.00841,0.00574,0.01993,1.42628,0.00256,50,whatsapp
1014,306.73842,863.0,888.5,821.0,0.00612,0.006,0.01603,1.22606,0.00188,50,whatsapp
981,289.88068,792.0,852.0,750.0,0.00668,0.00214,0.0161,1.33731,0.00333,50,whatsapp
974,326.86782,880.5,949.0,838.5,0.00521,0.00419,0.01153,1.13097,0.00279,50,whatsapp
984,284.79047,780.0,826.25,738.0,0.00885,0.00637,0.01862,1.43916,0.00225,50,whatsapp
967,258.99811,814.0,901.25,772.0,0.00734,0.00763,0.01365,1.0848,0.00429,50,whatsapp
1060,275.9246,801.5,959.0,759.5,0.00824,0.00302,0.02374,1.87681,0.00143,50,whatsapp
1021,331.60469,796.0,944.75,754.0,0.00456,0.00464,0.00815,1.03793,0.00285,50,whatsapp
1020,316.94495,854.5,927.5,812.5,0.00693,0.00518,0.01794,1.27995,0.00219,50,whatsapp
1004,336.51456,794.5,946.0,752.5,0.00784,0.00252,0.01857,1.46025,0.00269,50,whatsapp
1071,303.30183,846.0,923.5,804.0,0.00706,0.00636,0.01755,1.2294,0.00244,50,whatsapp
1075,316.36659,784.0,932.75,742.0,0.00749,0.00363,0.02339,1.53913,0.00204,50,whatsapp
1010,322.72964,767.0,905.0,725.0,0.00548,0.00429,0.01358,1.23391,0.00203,50,whatsapp
1029,352.92866,780.0,974.75,738.0,0.00654,0.00417,0.01646,1.32328,0.00211,50,whatsapp
995,319.12927,863.0,934.75,821.0,0.00638,0.00507,0.01554,1.23796,0.00221,50,whatsapp
1037,303.57161,854.0,917.0,812.0,0.00594,0.00496,0.01347,1.23696,0.00218,50,whatsapp
1080,321.86474,761.0,880.0,719.0,0.00746,0.00542,0.01754,1.46681,0.00208,50,whatsapp
1024,299.54983,730.5,888.0,688.5,0.00557,0.00416,0.01463,1.20914,0.00224,50,whatsapp
1006,259.78555,816.0,917.0,774.0,0.00878,0.00485,0.01918,1.50037,0.00181,50,whatsapp
999,265.59648,925.0,966.75,883.0,0.00702,0.00518,0.01845,1.40363,0.00212,50,whatsapp
976,273.54877,743.0,865.0,701.0,0.00821,0.00718,0.01777,1.39963,0.00193,50,whatsapp
1003,295.69021,755.0,941.0,713.0,0.00648,0.00633,0.01586,1.41279,0.00116,50,whatsapp
1018,280.51173,805.5,901.0,763.5,0.00847,0.01041,0.02262,1.38978,0.00108,50,whatsapp
1010,178.34471,811.0,916.0,769.0,0.00761,0.00718,0.01786,1.58666,0.00022,50,whatsapp
1017,287.61067,776.0,872.75,734.0,0.00927,0.00556,0.02051,1.68406,0.00104,50,whatsapp
1028,313.37118,896.0,989.0,854.0,0.00704,0.00521,0.01594,1.25644,0.00309,50,whatsapp
1070,252.26708,816.0,957.0,774.0,0.00812,0.00724,0.01739,1.37111,0.00241,50,whatsapp
1048,316.42467,717.0,970.75,675.0,0.00709,0.00518,0.01953,1.31315,0.00207,50,whatsapp
1035,299.74996,756.0,928.0,714.0,0.0066,0.00459,0.01521,1.39109,0.00187,50,whatsapp
1005,316.5149,835.5,942.0,793.5,0.0058,0.00636,0.01177,1.23607,0.00212,50,whatsapp
983,310.6029,716.0,907.75,674.0,0.00727,0.00325,0.01914,1.65964,0.00178,50,whatsapp
1000,294.49212,825.5,913.0,783.5,0.00536,0.00373,0.01537,1.25299,0.0025,50,whatsapp
997,315.58824,680.0,815.75,638.0,0.00523,0.00418,0.01239,1.25138,0.0021,50,whatsapp
1002,309.77512,717.0,940.75,675.0,0.0066,0.00434,0.01598,1.45544,0.0021,50,whatsapp
1035,349.5112,813.5,932.75,771.5,0.00411,0.00309,0.0087,0.95868,0.00317,50,whatsapp
1048,349.53718,891.5,951.75,849.5,0.00798,0.0049,0.02187,1.51916,0.00136,50,whatsapp
1020,328.01511,861.5,930.75,819.5,0.00594,0.00419,0.01384,1.20219,0.00248,50,whatsapp
1014,341.93524,775.5,883.0,733.5,0.00558,0.00321,0.01228,1.10969,0.00306,50,whatsapp
1059,286.98195,792.0,921.0,750.0,0.00616,0.0053,0.01532,1.15449,0.00256,50,whatsapp
1016,222.77622,866.0,905.0,824.0,0.00588,0.00454,0.01369,1.11461,0.00317,50,whatsapp
1015,325.23974,794.0,873.75,752.0,0.00589,0.00412,0.01257,1.21715,0.00316,50,whatsapp
968,309.87295,712.5,813.75,670.5,0.00544,0.00408,0.01353,1.17438,0.00265,50,whatsapp
1019,325.71567,790.0,956.75,748.0,0.00538,0.00359,0.01299,1.09987,0.00281,50,whatsapp
996,332.50018,804.0,929.0,762.0,0.00802,0.00447,0.0243,1.52885,0.00207,50,whatsapp
988,306.8355,788.5,940.75,746.5,0.00496,0.0051,0.01115,1.14145,0.00219,50,whatsapp
1027,337.24738,829.5,928.0,787.5,0.00747,0.00391,0.02046,1.46093,0.00223,50,whatsapp
1020,306.50712,863.5,933.0,821.5,0.00605,0.00352,0.00824,1.22245,0.00318,50,whatsapp
1011,343.30571,877.5,940.0,835.5,0.00615,0.00341,0.01458,1.32389,0.00313,50,whatsapp
1021,286.93252,865.5,934.0,823.5,0.00725,0.00351,0.02106,1.36444,0.00226,50,whatsapp
1013,342.23566,758.5,873.0,716.5,0.00593,0.0052,0.01226,1.29295,0.00212,50,whatsapp
1002,344.4139,850.5,939.75,808.5,0.008,0.00451,0.02151,1.5493,0.00177,50,whatsapp
1050,356.53406,878.0,952.75,836.0,0.00558,0.00462,0.01212,1.26544,0.00181,50,whatsapp
1026,348.02787,937.5,990.0,895.5,0.00588,0.00471,0.01649,1.45706,0.00064,50,whatsapp
1022,265.75733,766.5,1012.0,724.5,0.00482,0.00458,0.00997,1.56307,0.0009,50,whatsapp
1022,317.91644,697.5,882.75,655.5,0.00464,0.00461,0.01274,0.96011,0.00314,50,whatsapp
1019,285.67747,872.0,991.0,830.0,0.00614,0.00478,0.00906,1.65955,0.00121,50,whatsapp
991,244.00824,801.5,873.0,759.5,0.0037,0.00335,0.00867,1.13028,0.00202,50,whatsapp
988,302.42579,786.5,797.0,744.5,0.00505,0.00417,0.01453,1.18143,0.00232,50,whatsapp
1063,315.79612,783.0,853.75,741.0,0.00546,0.00314,0.01167,1.72305,0.00039,50,whatsapp
919,289.50916,767.0,844.75,725.0,0.0052,0.00288,0.0125,1.27541,0.00235,50,whatsapp
956,217.31933,817.5,912.0,775.5,0.00519,0.00419,0.01395,1.25655,0.00207,50,whatsapp
956,263.8217,784.0,818.75,742.0,0.00605,0.003,0.00939,1.51493,0.00218,50,whatsapp
938,222.0825,793.0,860.75,751.0,0.00487,0.00477,0.0118,1.11307,0.00256,50,whatsapp
975,246.26217,777.5,809.0,735.5,0.00535,0.00415,0.01127,1.3703,0.00184,50,whatsapp
1090,293.75681,773.0,881.0,731.0,0.00589,0.00317,0.01787,1.37554,0.00212,50,whatsapp
1077,285.15507,800.0,894.25,758.0,0.00489,0.00527,0.01216,1.12112,0.00205,50,whatsapp
1079,291.0715,852.0,962.75,810.0,0.00491,0.00372,0.01112,1.22468,0.00202,50,whatsapp
952,297.05767,797.0,827.0,755.0,0.00381,0.0034,0.00903,1.02049,0.00243,50,whatsapp
972,263.44941,764.0,811.75,722.0,0.00604,0.00444,0.01344,1.58858,0.00121,50,whatsapp
973,284.16696,744.0,780.75,702.0,0.00407,0.00436,0.00938,1.23928,0.00119,50,whatsapp
1005,278.47145,771.5,832.75,729.5,0.00597,0.00512,0.015,1.37946,0.00109,50,whatsapp
1066,274.97235,770.0,903.75,728.0,0.00856,0.00222,0.01732,2.314,0.00054,50,whatsapp
1024,275.12827,790.5,861.5,748.5,0.00523,0.00522,0.01404,1.29329,0.00133,50,whatsapp
1010,246.7697,810.5,854.0,768.5,0.00656,0.0031,0.02008,1.52778,0.00141,50,whatsapp
1086,244.29897,781.0,835.5,739.0,0.00696,0.00233,0.01895,2.0293,0.00105,50,whatsapp
1024,327.31057,780.5,916.0,738.5,0.00539,0.00383,0.01197,1.59291,0.00106,50,whatsapp
1004,267.60443,744.0,839.25,702.0,0.00694,0.00472,0.01607,1.68532,0.00109,50,whatsapp
1059,270.62971,783.0,954.0,741.0,0.0045,0.0028,0.00903,1.6035,0.00108,50,whatsapp
1057,308.40869,804.0,933.0,762.0,0.00656,0.00756,0.01583,1.3448,0.00106,50,whatsapp
942,308.08829,751.0,873.0,709.0,0.00817,0.00496,0.02481,1.58658,0.00109,50,whatsapp
1051,348.73635,831.5,1006.0,789.5,0.00588,0.0037,0.0119,1.38467,0.00209,50,whatsapp
1015,290.08341,734.5,798.75,692.5,0.00789,0.00704,0.02044,1.5334,0.00104,50,whatsapp
1071,314.84622,773.5,903.75,731.5,0.00855,0.00742,0.02102,1.60023,0.00095,50,whatsapp
1050,319.51581,733.5,950.75,691.5,0.00604,0.00419,0.01547,1.22181,0.00243,50,whatsapp
1022,340.72418,811.5,935.25,769.5,0.00793,0.00674,0.01961,1.54501,0.00095,50,whatsapp
1009,318.99036,880.0,956.5,838.0,0.009,0.0092,0.01884,1.53469,0.00078,50,whatsapp
1078,314.32857,871.0,971.25,829.0,0.00831,0.00351,0.02213,1.63109,0.00134,50,whatsapp
1020,276.00442,908.0,955.75,866.0,0.00969,0.01197,0.02403,1.61996,0.00039,50,whatsapp
1041,293.78827,890.5,958.75,848.5,0.00618,0.00616,0.01346,1.19686,0.0023,50,whatsapp
1009,293.88049,796.0,942.75,754.0,0.00798,0.00733,0.0221,1.48233,0.00033,50,whatsapp
1090,294.64024,775.0,941.75,733.0,0.00687,0.00734,0.01771,1.32693,0.00165,50,whatsapp
1024,321.52068,728.0,848.75,686.0,0.00894,0.0032,0.02428,2.04774,0.00026,50,whatsapp
1003,307.54292,830.5,955.5,788.5,0.00697,0.00522,0.01391,1.48307,0.00172,50,whatsapp
1026,350.2289,885.0,962.0,843.0,0.00737,0.00684,0.0188,1.29736,0.00172,50,whatsapp
1020,315.86716,767.0,961.75,725.0,0.00716,0.00192,0.01604,1.87085,0.00019,50,whatsapp
1076,277.89622,749.0,888.75,707.0,0.00899,0.0116,0.02398,1.46988,0.00058,50,whatsapp
1055,339.54811,724.5,999.25,682.5,0.00543,0.00276,0.00917,1.81576,0.00107,50,whatsapp
982,327.27724,726.5,833.75,684.5,0.00664,0.00579,0.01483,1.40256,0.00176,50,whatsapp
1025,330.52017,728.5,963.75,686.5,0.00589,0.00612,0.01243,1.21689,0.00214,50,whatsapp
992,321.10374,866.0,943.0,824.0,0.00709,0.00456,0.01735,1.40743,0.00248,50,whatsapp
1004,319.78975,768.0,891.5,726.0,0.00514,0.00405,0.01436,1.18742,0.00212,50,whatsapp
996,307.69051,761.5,955.0,719.5,0.0069,0.00483,0.01547,1.39949,0.00185,50,whatsapp
1004,344.77205,774.0,936.0,732.0,0.00565,0.00459,0.01287,1.14023,0.00234,50,whatsapp
1006,283.10106,813.5,945.75,771.5,0.00533,0.00561,0.01292,1.11999,0.00231,50,whatsapp
1025,334.14466,821.5,928.5,779.5,0.00674,0.00493,0.0116,1.22386,0.00276,50,whatsapp
1035,289.24904,750.0,881.5,708.0,0.00511,0.00506,0.01295,1.09743,0.0023,50,whatsapp
1038,311.93328,855.0,932.75,813.0,0.00653,0.00452,0.01539,1.19503,0.00317,50,whatsapp
1081,357.61377,894.0,997.0,852.0,0.00584,0.00553,0.01443,1.10787,0.00231,50,whatsapp
1023,338.96846,865.0,930.0,823.0,0.0068,0.00463,0.01905,1.2912,0.00223,50,whatsapp
1079,316.02397,817.0,944.0,775.0,0.00612,0.00335,0.01721,1.19876,0.00245,50,whatsapp
999,272.45508,842.5,944.0,800.5,0.00656,0.00742,0.01579,1.13899,0.00224,50,whatsapp
1045,335.0541,944.5,991.0,902.5,0.00664,0.00563,0.01775,1.13813,0.00282,50,whatsapp
996,257.86628,874.0,916.75,832.0,0.00637,0.00666,0.01431,1.20627,0.00239,50,whatsapp
1021,287.46955,853.0,896.75,811.0,0.00745,0.00728,0.01969,1.23495,0.00223,50,whatsapp
1008,287.06628,752.5,892.0,710.5,0.00666,0.00735,0.01894,1.11394,0.0024,50,whatsapp
989,314.56505,849.5,903.0,807.5,0.00635,0.00507,0.01578,1.18138,0.00211,50,whatsapp
1025,317.84269,823.5,900.0,781.5,0.00484,0.00362,0.01229,1.15931,0.00226,50,whatsapp
1077,365.6091,744.5,912.0,702.5,0.00495,0.00473,0.01015,0.96209,0.00315,50,whatsapp
987,330.90721,839.5,944.75,797.5,0.00629,0.00678,0.01262,1.13173,0.00258,50,whatsapp
1014,306.73751,898.5,968.75,856.5,0.00572,0.0036,0.01308,1.07185,0.0039,50,whatsapp
1011,308.07471,852.0,965.0,810.0,0.00741,0.00483,0.02102,1.38188,0.00152,50,whatsapp
1004,341.62655,694.5,936.0,652.5,0.00749,0.01369,0.01891,1.32473,0.0,50,whatsapp
1009,338.75988,717.0,918.75,675.0,0.00755,0.00656,0.01979,1.46918,0.00108,50,whatsapp
1053,338.36533,895.0,978.0,853.0,0.00573,0.00408,0.0149,1.48706,0.00139,50,whatsapp
1060,342.92242,830.0,951.75,788.0,0.00653,0.00761,0.01653,1.21529,0.00115,50,whatsapp
1024,303.36708,842.0,950.0,800.0,0.0062,0.00532,0.01463,1.15941,0.00327,50,whatsapp
1019,339.56752,844.0,958.0,802.0,0.00662,0.00364,0.01606,1.24654,0.00297,50,whatsapp
1080,343.4593,795.5,931.0,753.5,0.00617,0.00375,0.01725,1.32486,0.00224,50,whatsapp
951,285.53131,843.5,927.0,801.5,0.00639,0.00546,0.0166,1.30997,0.00194,50,whatsapp
1009,303.23774,772.5,841.75,730.5,0.00615,0.0048,0.01338,1.17566,0.0027,50,whatsapp
1053,311.93398,718.0,912.0,676.0,0.00715,0.00572,0.02081,1.3424,0.00162,50,whatsapp
998,322.03037,843.0,938.0,801.0,0.00651,0.00492,0.01759,1.20619,0.00265,50,whatsapp
1050,321.61946,857.5,957.0,815.5,0.00607,0.00347,0.01179,1.15015,0.00311,50,whatsapp
1022,318.16796,880.0,963.0,838.0,0.00529,0.00661,0.01392,0.98792,0.00258,50,whatsapp
1026,296.38968,765.5,893.0,723.5,0.00663,0.00416,0.01507,1.23509,0.00325,50,whatsapp
1062,313.39578,854.5,965.5,812.5,0.00515,0.0043,0.01263,0.98236,0.00322,50,whatsapp
1013,356.53113,818.0,964.0,776.0,0.00505,0.00319,0.01227,1.03366,0.00336,50,whatsapp
1010,344.45433,809.5,943.75,767.5,0.00562,0.00528,0.01047,1.06395,0.00345,50,whatsapp
996,293.13826,914.0,956.75,872.0,0.00651,0.00702,0.0162,1.19263,0.00249,50,whatsapp
1010,305.38877,858.0,938.75,816.0,0.00666,0.00518,0.01483,1.29002,0.00221,50,whatsapp
1058,324.30783,883.0,977.75,841.0,0.00693,0.00844,0.01464,1.18349,0.00313,50,whatsapp
1018,290.07015,898.5,970.75,856.5,0.00667,0.00785,0.0156,1.14196,0.0025,50,whatsapp
1073,286.91711,910.5,968.5,868.5,0.00708,0.00525,0.02065,1.25201,0.00228,50,whatsapp
1010,299.58146,786.5,881.0,744.5,0.00568,0.00392,0.01261,1.10381,0.00323,50,whatsapp
980,312.52776,836.0,908.0,794.0,0.0047,0.00257,0.00755,1.04356,0.00411,50,whatsapp
1064,312.91388,781.0,874.25,739.0,0.00589,0.00561,0.01426,1.31776,0.00168,50,whatsapp
995,329.50889,754.5,898.0,712.5,0.00574,0.00417,0.01316,1.08236,0.00317,50,whatsapp
1056,334.94717,805.0,959.0,763.0,0.00622,0.0052,0.01667,1.17167,0.00217,50,whatsapp
1039,319.54569,747.0,873.75,705.0,0.00578,0.00295,0.01171,1.21452,0.00352,50,whatsapp
1007,316.22151,810.0,918.5,768.0,0.00465,0.00499,0.01041,1.00046,0.00283,50,whatsapp
1046,374.78184,867.0,944.0,825.0,0.00552,0.00413,0.01448,1.23258,0.00215,50,whatsapp
1007,337.73281,775.0,905.0,733.0,0.00544,0.00383,0.01266,1.18273,0.00251,50,whatsapp
1078,330.24033,887.0,975.25,845.0,0.00462,0.00306,0.00808,0.84906,0.00537,50,whatsapp
1015,296.57292,874.0,901.75,832.0,0.00651,0.00522,0.01977,1.296,0.00216,50,whatsapp
1035,316.69847,780.5,949.0,738.5,0.00722,0.007,0.021,1.25089,0.00258,50,whatsapp
1000,328.37256,840.5,943.75,798.5,0.00662,0.00447,0.01391,1.33597,0.0026,50,whatsapp
1073,329.59766,731.5,909.0,689.5,0.00477,0.00423,0.01167,0.99049,0.00305,50,whatsapp
1006,299.46863,847.0,931.0,805.0,0.00562,0.0072,0.01313,0.98956,0.00319,50,whatsapp
1041,350.15884,912.0,964.0,870.0,0.00505,0.0054,0.00969,1.06615,0.00234,50,whatsapp
1014,311.50894,796.0,958.25,754.0,0.00558,0.00417,0.01475,1.21094,0.00236,50,whatsapp
991,333.74411,783.0,920.75,741.0,0.00601,0.00443,0.0146,1.30066,0.00213,50,whatsapp
948,321.06406,775.0,929.0,733.0,0.00498,0.00384,0.01267,1.28314,0.00214,50,whatsapp
1040,327.61359,628.0,884.0,586.0,0.00521,0.00554,0.0119,1.17237,0.0022,50,whatsapp
1012,327.0998,737.0,923.75,695.0,0.00704,0.00514,0.01858,1.29341,0.00223,50,whatsapp
1015,324.87421,880.0,939.0,838.0,0.00605,0.00651,0.01421,1.16801,0.00249,50,whatsapp
1010,317.03249,814.5,960.75,772.5,0.00637,0.00464,0.01534,1.13286,0.00391,50,whatsapp
1012,341.69301,841.0,968.0,799.0,0.00585,0.00497,0.01205,1.20371,0.00237,50,whatsapp
1011,377.36996,846.0,931.0,804.0,0.00671,0.00498,0.01954,1.25186,0.00208,50,whatsapp
1011,323.48376,859.5,962.75,817.5,0.0057,0.00517,0.01358,1.2501,0.00209,50,whatsapp
1028,357.65138,903.5,961.0,861.5,0.00457,0.00464,0.01115,1.01791,0.00267,50,whatsapp
980,329.9534,811.5,934.75,769.5,0.00594,0.0045,0.0134,1.14376,0.00327,50,whatsapp
1026,318.62176,915.0,986.5,873.0,0.00676,0.00497,0.01487,1.1632,0.00351,50,whatsapp
1021,340.29406,871.5,949.75,829.5,0.00573,0.00782,0.01184,1.08175,0.00321,50,whatsapp
1006,303.0382,818.0,929.0,776.0,0.0064,0.00606,0.01735,1.19948,0.00234,50,whatsapp
1019,319.17716,883.0,950.75,841.0,0.00656,0.00438,0.01948,1.36282,0.0019,50,whatsapp
1066,307.94934,817.5,920.25,775.5,0.00605,0.00384,0.01338,1.09817,0.00369,50,whatsapp
1066,304.0474,843.0,946.75,801.0,0.00697,0.00432,0.01758,1.2951,0.00288,50,whatsapp
993,331.42645,781.5,949.75,739.5,0.00489,0.00492,0.01125,1.08447,0.00244,50,whatsapp
1068,297.34535,817.0,907.0,775.0,0.00784,0.0044,0.02309,1.46668,0.00183,50,whatsapp
971,327.64885,730.0,921.0,688.0,0.00614,0.00472,0.01534,1.15005,0.00317,50,whatsapp
1056,363.44482,859.0,926.0,817.0,0.00527,0.00383,0.01351,1.19228,0.00232,50,whatsapp
1026,319.1694,811.0,972.0,769.0,0.00877,0.01447,0.02196,1.3606,0.00084,50,whatsapp
1010,278.89672,875.0,954.0,833.0,0.00621,0.00633,0.01486,1.26273,0.00231,50,whatsapp
1015,355.97429,805.0,963.25,763.0,0.008,0.00419,0.02137,1.2158,0.00421,50,whatsapp
1014,289.28922,854.0,919.75,812.0,0.00509,0.00195,0.01418,1.51935,0.00148,50,whatsapp
1065,310.5602,907.5,978.25,865.5,0.00589,0.00455,0.01347,1.3346,0.00199,50,whatsapp
1040,323.51682,845.5,935.0,803.5,0.00738,0.0053,0.01949,1.35007,0.00223,50,whatsapp
1009,350.11228,878.5,951.5,836.5,0.00584,0.00601,0.01531,1.06607,0.00263,50,whatsapp
1016,307.12226,825.5,939.25,783.5,0.00707,0.0035,0.01501,1.41423,0.00305,50,whatsapp
1018,327.46107,918.0,973.75,876.0,0.00649,0.00497,0.01744,1.18801,0.00234,50,whatsapp
1071,341.80644,840.5,986.0,798.5,0.00595,0.00519,0.0096,1.19813,0.00313,50,whatsapp
1019,290.63341,814.5,970.25,772.5,0.00542,0.00536,0.01215,1.12864,0.00232,50,whatsapp
1001,312.58951,740.5,825.0,698.5,0.00661,0.00501,0.01553,1.31509,0.00238,50,whatsapp
1016,333.05765,794.5,989.75,752.5,0.00542,0.00393,0.01398,1.27543,0.00211,50,whatsapp
1020,327.43146,708.0,929.0,666.0,0.007,0.00688,0.0179,1.29537,0.00213,50,whatsapp
1033,321.69459,785.0,950.5,743.0,0.00638,0.00429,0.01755,1.2893,0.00218,50,whatsapp
1006,313.18522,817.5,955.25,775.5,0.00673,0.00415,0.0197,1.18856,0.00314,50,whatsapp
1026,319.53898,846.0,941.0,804.0,0.00698,0.00422,0.01635,1.27144,0.00306,50,whatsapp
994,317.69044,830.5,897.75,788.5,0.00611,0.00832,0.01411,1.24682,0.00164,50,whatsapp
1052,376.13799,827.5,952.25,785.5,0.00571,0.00459,0.0142,1.35567,0.00169,50,whatsapp
1025,319.42798,767.5,887.0,725.5,0.00688,0.00416,0.01539,1.54347,0.00052,50,whatsapp
1032,317.0308,738.0,903.5,696.0,0.00656,0.00657,0.01543,1.37205,0.00056,50,whatsapp
1026,339.08124,854.0,970.0,812.0,0.00666,0.00368,0.01609,1.58332,0.00038,50,whatsapp
1045,351.34032,787.0,937.0,745.0,0.00766,0.00647,0.01931,1.49313,0.0013,50,whatsapp
1008,337.317,719.0,873.75,677.0,0.00777,0.00563,0.01657,1.75045,0.00105,50,whatsapp
1017,342.44357,812.5,956.5,770.5,0.00683,0.00514,0.01712,1.51939,0.00108,50,whatsapp
1014,340.92891,743.0,898.0,701.0,0.00622,0.00615,0.01565,1.38383,0.00115,50,whatsapp
1065,304.84202,901.0,949.5,859.0,0.00772,0.0082,0.02034,1.42221,0.00106,50,whatsapp
1027,332.19039,770.0,881.75,728.0,0.00649,0.00378,0.01822,1.56301,0.00095,50,whatsapp
1031,324.72641,772.0,888.0,730.0,0.00564,0.00548,0.01216,1.06491,0.00313,50,whatsapp
1041,300.75008,838.0,933.5,796.0,0.00542,0.00512,0.01226,1.14061,0.00225,50,whatsapp
998,305.86438,788.5,917.0,746.5,0.00758,0.00726,0.01941,1.24036,0.00213,50,whatsapp
1012,310.26253,789.0,910.0,747.0,0.00632,0.00428,0.01646,1.15217,0.00308,50,whatsapp
1017,288.36929,829.0,944.75,787.0,0.00634,0.00666,0.015,1.07217,0.003,50,whatsapp
1026,309.48267,777.5,901.75,735.5,0.00628,0.0034,0.01622,1.31232,0.00305,50,whatsapp
1009,316.8821,770.0,889.0,728.0,0.00556,0.0045,0.01003,1.15415,0.00289,50,whatsapp
972,298.59116,748.0,879.75,706.0,0.00534,0.00663,0.01374,1.1554,0.00166,50,whatsapp
1011,347.66121,799.0,891.75,757.0,0.00496,0.005,0.01111,1.18241,0.00203,50,whatsapp
1026,333.74067,779.0,903.75,737.0,0.00544,0.00424,0.01078,1.26849,0.0024,50,whatsapp
1006,310.04995,865.0,952.0,823.0,0.00525,0.00357,0.01351,1.18187,0.0022,50,whatsapp
1021,382.43828,767.5,946.0,725.5,0.00682,0.00457,0.01596,1.24674,0.00266,50,whatsapp
1018,322.01211,746.5,897.25,704.5,0.00518,0.00601,0.01256,1.07987,0.00253,50,whatsapp
988,302.6286,740.5,943.75,698.5,0.00613,0.00377,0.0155,1.22043,0.00205,50,whatsapp
1024,303.64357,855.0,941.0,813.0,0.00517,0.00627,0.01167,0.97038,0.00317,50,whatsapp
1043,337.53634,834.0,937.0,792.0,0.00601,0.00465,0.0151,1.19327,0.00275,50,whatsapp
1020,287.10038,770.0,825.75,728.0,0.00572,0.0037,0.01449,1.13484,0.00316,50,whatsapp
975,320.55152,785.5,887.0,743.5,0.00581,0.00494,0.01272,1.10322,0.00346,50,whatsapp
1032,327.2837,792.0,943.5,750.0,0.00602,0.00426,0.01548,1.44082,0.00129,50,whatsapp
1073,348.10984,772.0,907.75,730.0,0.00705,0.00512,0.01566,1.26354,0.00274,50,whatsapp
968,332.54487,750.0,877.25,708.0,0.00559,0.00363,0.01309,1.21081,0.00274,50,whatsapp
1022,311.10799,845.0,976.75,803.0,0.00674,0.00519,0.01901,1.34008,0.00226,50,whatsapp
1017,362.14161,848.5,988.75,806.5,0.00455,0.00272,0.01014,1.05246,0.00309,50,whatsapp
1027,333.15576,669.5,938.0,627.5,0.00703,0.00522,0.01614,1.50306,0.00199,50,whatsapp
1020,333.2599,766.5,933.25,724.5,0.00558,0.00399,0.01516,1.19274,0.00288,50,whatsapp
1018,338.37665,774.0,956.0,732.0,0.00526,0.00445,0.0117,1.17913,0.00248,50,whatsapp
1016,350.38594,840.0,915.0,798.0,0.00585,0.00499,0.01463,1.27905,0.00229,50,whatsapp
992,330.71385,797.5,939.0,755.5,0.00559,0.00613,0.01237,1.21107,0.00205,50,whatsapp
1012,343.20802,737.0,930.0,695.0,0.00516,0.00513,0.01241,1.15973,0.00214,50,whatsapp
1042,326.51795,771.0,925.25,729.0,0.00552,0.00572,0.01368,1.26367,0.00163,50,whatsapp
1010,360.7895,879.0,954.0,837.0,0.00539,0.00521,0.01282,1.17568,0.00211,50,whatsapp
958,332.23782,793.5,896.0,751.5,0.00692,0.00425,0.01748,1.35961,0.00262,50,whatsapp
1068,330.28001,782.0,940.75,740.0,0.00416,0.00397,0.00968,0.91929,0.00319,50,whatsapp
1042,304.97871,744.0,854.25,702.0,0.00607,0.00452,0.01501,1.24634,0.00222,50,whatsapp
997,316.06212,771.5,864.25,729.5,0.00651,0.00546,0.01591,1.42389,0.00128,50,whatsapp
1020,327.49825,722.5,937.25,680.5,0.00537,0.00366,0.01389,1.26391,0.00208,50,whatsapp
1023,324.14658,847.0,909.75,805.0,0.00714,0.00601,0.0179,1.44557,0.00173,50,whatsapp
1042,317.26029,769.0,896.75,727.0,0.00664,0.00385,0.01437,1.40401,0.00179,50,whatsapp
1020,322.9423,732.5,943.0,690.5,0.00579,0.00467,0.01244,1.23596,0.00212,50,whatsapp
1020,315.47653,859.0,937.5,817.0,0.00674,0.00708,0.01671,1.23906,0.00182,50,whatsapp
1075,329.07627,871.5,899.0,829.5,0.00622,0.00643,0.01677,1.11053,0.00293,50,whatsapp
1008,358.03417,877.0,986.75,835.0,0.00632,0.00567,0.01511,1.33034,0.00213,50,whatsapp
1021,325.85352,745.0,918.0,703.0,0.00555,0.00709,0.01421,1.1051,0.00244,50,whatsapp
1050,341.67472,897.5,951.0,855.5,0.0067,0.00391,0.01974,1.39417,0.00176,50,whatsapp
1003,296.33471,889.0,935.75,847.0,0.00543,0.0043,0.01554,1.35219,0.00197,50,whatsapp
1024,307.05823,741.5,926.75,699.5,0.00697,0.00576,0.01736,1.15987,0.00304,50,whatsapp
1063,339.40071,849.0,970.75,807.0,0.00594,0.00342,0.01179,1.32826,0.00212,50,whatsapp
1013,348.70581,874.0,940.5,832.0,0.00593,0.00581,0.01482,1.1657,0.00211,50,whatsapp
1002,347.33219,768.5,960.75,726.5,0.00613,0.0041,0.0171,1.35593,0.00171,50,whatsapp
1054,362.36206,812.5,964.0,770.5,0.00585,0.00334,0.01511,1.4465,0.00123,50,whatsapp
1054,334.76841,775.5,896.75,733.5,0.0063,0.00396,0.01467,1.19155,0.0027,50,whatsapp
1027,341.12534,743.0,948.0,701.0,0.00711,0.00954,0.01563,1.39917,0.00056,50,whatsapp
1027,339.59586,862.5,978.75,820.5,0.00694,0.00513,0.01703,1.53396,0.00108,50,whatsapp
1032,355.18461,820.5,1001.75,778.5,0.00659,0.00422,0.01575,1.81674,0.00019,50,whatsapp
1027,332.31686,738.0,906.25,696.0,0.00864,0.00414,0.02598,1.70913,0.00105,50,whatsapp
1005,321.77992,723.0,932.0,681.0,0.00698,0.0091,0.0163,1.21145,0.00179,50,whatsapp
985,336.1873,807.0,929.25,765.0,0.00625,0.00574,0.01417,1.56678,0.00105,50,whatsapp
988,313.13166,751.0,858.0,709.0,0.0067,0.00713,0.0177,1.31911,0.00129,50,whatsapp
1020,341.81525,830.0,944.0,788.0,0.00606,0.00353,0.01545,1.33004,0.00227,50,whatsapp
1073,358.24655,790.0,961.0,748.0,0.00672,0.00501,0.02041,1.51183,0.00122,50,whatsapp
990,304.00167,817.0,932.75,775.0,0.00626,0.00732,0.01567,1.15001,0.00286,50,whatsapp
1044,327.72413,899.5,953.0,857.5,0.0058,0.00519,0.01258,1.20014,0.00277,50,whatsapp
1020,279.68993,836.0,923.5,794.0,0.00595,0.00416,0.01485,1.2265,0.00216,50,whatsapp
993,320.95357,687.5,847.25,645.5,0.00741,0.00513,0.01992,1.34561,0.00226,50,whatsapp
1016,341.21515,823.0,945.0,781.0,0.00541,0.00325,0.01365,1.35871,0.00215,50,whatsapp
1047,335.62802,872.5,945.0,830.5,0.00614,0.00492,0.01354,1.08629,0.00339,50,whatsapp
1033,321.51892,846.0,936.25,804.0,0.00611,0.00629,0.01353,1.2099,0.00201,50,whatsapp
1015,294.90529,788.5,835.75,746.5,0.00642,0.0061,0.01354,1.09081,0.00401,50,whatsapp
1022,303.46657,817.5,930.75,775.5,0.00553,0.00461,0.01304,1.30281,0.00192,50,whatsapp
1035,331.91073,798.0,915.75,756.0,0.00468,0.00387,0.01042,0.96074,0.00336,50,whatsapp
1044,308.18496,780.5,864.25,738.5,0.00448,0.00276,0.00873,1.11716,0.00292,50,whatsapp
1002,326.6624,747.5,857.25,705.5,0.00704,0.00634,0.01785,1.35959,0.00164,50,whatsapp
1031,317.08808,904.5,968.0,862.5,0.00583,0.00563,0.01407,1.05038,0.00358,50,whatsapp
1081,314.68937,851.5,933.75,809.5,0.00608,0.00624,0.01712,1.10638,0.0031,50,whatsapp
1025,320.1969,817.5,940.25,775.5,0.00583,0.00449,0.0146,1.04601,0.00441,50,whatsapp
1032,331.84648,885.0,944.25,843.0,0.00587,0.00427,0.01483,1.18887,0.00252,50,whatsapp
1023,337.6403,856.5,968.75,814.5,0.00725,0.00606,0.013,1.47576,0.00149,50,whatsapp
1018,319.44591,724.5,883.5,682.5,0.00447,0.004,0.01085,1.1929,0.00182,50,whatsapp
1040,355.8314,758.0,869.0,716.0,0.0077,0.00302,0.01943,1.86269,0.00109,50,whatsapp
1017,343.64674,769.0,894.0,727.0,0.0052,0.00449,0.01343,1.26356,0.00161,50,whatsapp
1072,349.58024,718.0,904.75,676.0,0.00631,0.00457,0.01669,1.25134,0.00219,50,whatsapp
1054,339.94878,817.5,965.0,775.5,0.00683,0.00479,0.01736,1.59999,0.0007,50,whatsapp
984,339.43838,768.5,891.0,726.5,0.00743,0.00588,0.01818,1.49703,0.00148,50,whatsapp
1079,344.94794,763.5,904.0,721.5,0.00763,0.00698,0.01837,1.51678,0.00052,50,whatsapp
997,342.91269,773.0,923.5,731.0,0.00576,0.00489,0.01547,1.40443,0.00109,50,whatsapp
994,328.72778,785.0,859.75,743.0,0.00853,0.00767,0.0251,1.50994,0.00021,50,whatsapp
1025,325.73284,758.0,928.75,716.0,0.0081,0.00751,0.01623,1.67385,0.0,50,whatsapp
1017,373.80077,813.0,995.0,771.0,0.00438,0.00332,0.00993,1.37227,0.00135,50,whatsapp
1069,370.29845,843.5,957.0,801.5,0.00569,0.00459,0.01456,1.29205,0.00198,50,whatsapp
1022,319.06283,738.0,918.0,696.0,0.00689,0.00221,0.01831,1.36656,0.00296,50,whatsapp
1030,323.70598,835.0,962.75,793.0,0.0059,0.00702,0.01481,1.09392,0.0023,50,whatsapp
1023,305.42055,818.0,865.75,776.0,0.00572,0.00382,0.0123,1.11661,0.00338,50,whatsapp
1041,336.25461,835.5,960.75,793.5,0.00564,0.00318,0.0155,1.12459,0.00337,50,whatsapp
1079,313.7781,811.5,965.75,769.5,0.00718,0.0071,0.01929,1.33444,0.0017,50,whatsapp
992,302.05371,804.5,904.75,762.5,0.00708,0.00274,0.01646,1.48493,0.00207,50,whatsapp
1032,322.57872,770.0,935.0,728.0,0.00566,0.0039,0.01245,1.24735,0.00209,50,whatsapp
1009,316.8022,832.0,902.0,790.0,0.00483,0.00376,0.01286,1.1515,0.0022,50,whatsapp
1030,339.96592,695.0,1005.0,653.0,0.00504,0.00447,0.01276,1.06805,0.00258,50,whatsapp
1023,351.90773,730.0,912.75,688.0,0.00572,0.00505,0.01537,1.18879,0.00223,50,whatsapp
1007,362.57709,845.5,948.75,803.5,0.00605,0.00299,0.01303,1.55616,0.00158,50,whatsapp
1029,305.74187,790.0,909.0,748.0,0.00584,0.00581,0.01565,1.16652,0.00226,50,whatsapp
1019,303.30867,748.5,851.5,706.5,0.0061,0.00341,0.01702,1.17442,0.00293,50,whatsapp
1019,305.85325,747.0,860.75,705.0,0.00511,0.00316,0.01174,1.08489,0.00319,50,whatsapp
981,303.89151,877.0,934.0,835.0,0.00628,0.0053,0.01782,1.17406,0.00275,50,whatsapp
1008,305.97478,757.5,908.0,715.5,0.00537,0.00529,0.01304,1.17318,0.00227,50,whatsapp
1002,351.14386,837.5,938.25,795.5,0.00533,0.00386,0.013,1.10201,0.00288,50,whatsapp
1002,341.84189,762.0,911.5,720.0,0.00599,0.00499,0.01578,1.21936,0.00225,50,whatsapp
983,336.72031,835.0,930.75,793.0,0.00447,0.0036,0.01155,0.94892,0.00311,50,whatsapp
1032,320.20123,821.5,930.75,779.5,0.0059,0.00547,0.01442,1.11093,0.00274,50,whatsapp
1018,356.45242,773.5,939.75,731.5,0.00561,0.00378,0.01426,1.25232,0.00245,50,whatsapp
1009,324.09417,917.5,956.5,875.5,0.00547,0.00652,0.011,1.09249,0.00272,50,whatsapp
1022,307.53908,763.0,944.75,721.0,0.00752,0.00623,0.01713,1.4019,0.00137,50,whatsapp
1016,325.06247,885.0,917.75,843.0,0.0058,0.0075,0.01346,1.07943,0.00208,50,whatsapp
1070,291.09311,792.0,909.0,750.0,0.00627,0.00431,0.01628,1.3708,0.00213,50,whatsapp
1031,330.77097,744.0,939.0,702.0,0.00513,0.00207,0.01168,1.28659,0.00242,50,whatsapp
1027,327.49273,863.0,940.0,821.0,0.00571,0.00604,0.0139,1.11547,0.00236,50,whatsapp
994,340.92358,792.0,935.25,750.0,0.0056,0.00579,0.01561,1.11546,0.00224,50,whatsapp
993,301.62786,851.0,927.5,809.0,0.00581,0.00403,0.01359,1.22114,0.00238,50,whatsapp
1034,328.76656,812.0,936.0,770.0,0.00534,0.00304,0.01464,1.25702,0.00226,50,whatsapp
1000,304.48041,781.0,901.0,739.0,0.00657,0.00385,0.01725,1.39733,0.00198,50,whatsapp
1027,344.11579,885.0,953.5,843.0,0.00577,0.00447,0.01535,1.19425,0.00241,50,whatsapp
1039,283.66618,829.0,936.5,787.0,0.0057,0.00415,0.01344,1.19872,0.00286,50,whatsapp
970,289.05141,774.0,856.75,732.0,0.00509,0.0046,0.01241,1.05608,0.00323,50,whatsapp
1013,298.39993,793.0,870.25,751.0,0.00583,0.00325,0.01503,1.21561,0.00287,50,whatsapp
1073,286.92849,780.5,843.0,738.5,0.00473,0.00409,0.01142,0.98574,0.00321,50,whatsapp
948,287.83806,753.5,833.5,711.5,0.00724,0.00354,0.01602,1.66353,0.00134,50,whatsapp
973,299.92297,733.0,839.75,691.0,0.00569,0.00469,0.01345,1.22648,0.00242,50,whatsapp
997,321.45935,778.0,825.75,736.0,0.00516,0.00292,0.012,1.18081,0.00328,50,whatsapp
1027,337.38842,804.0,848.75,762.0,0.00577,0.00487,0.01439,1.2909,0.00171,50,whatsapp
993,322.33633,795.0,828.75,753.0,0.00528,0.00381,0.01381,1.14975,0.00247,50,whatsapp
1019,336.12093,753.0,888.75,711.0,0.00442,0.00372,0.01096,1.04927,0.00233,50,whatsapp
983,339.60358,792.0,943.0,750.0,0.00689,0.00259,0.0179,1.41149,0.0021,50,whatsapp
1034,339.28011,673.0,912.75,631.0,0.00539,0.00425,0.01371,1.19654,0.00217,50,whatsapp
988,334.67676,793.0,922.0,751.0,0.00482,0.00451,0.01083,0.99959,0.00276,50,whatsapp
996,335.0662,833.0,905.75,791.0,0.00612,0.0045,0.0164,1.31962,0.0022,50,whatsapp
1001,322.11757,838.5,932.75,796.5,0.00526,0.00711,0.01307,1.03699,0.0023,50,whatsapp
990,325.13671,784.5,921.25,742.5,0.00529,0.00492,0.0152,1.17716,0.00216,50,whatsapp
1073,317.25128,741.0,959.0,699.0,0.00605,0.00596,0.01512,1.17717,0.0023,50,whatsapp
1019,317.11097,750.0,895.75,708.0,0.00566,0.00463,0.01349,1.16259,0.0026,50,whatsapp
1021,319.61628,914.5,972.75,872.5,0.00521,0.00501,0.01401,1.06796,0.00261,50,whatsapp
1032,313.6935,820.0,913.0,778.0,0.00577,0.00477,0.01397,1.1153,0.00308,50,whatsapp
1023,311.4049,726.0,836.5,684.0,0.00598,0.00539,0.01406,1.26029,0.00206,50,whatsapp
1054,352.58719,811.5,942.25,769.5,0.00717,0.00521,0.01756,1.31916,0.00222,50,whatsapp
1019,319.53581,884.0,920.0,842.0,0.00526,0.00409,0.01158,1.09005,0.00301,50,whatsapp
1061,358.08971,763.5,935.25,721.5,0.00535,0.00358,0.01297,0.97935,0.00389,50,whatsapp
994,299.70583,831.0,939.75,789.0,0.00532,0.00372,0.01088,1.16894,0.00267,50,whatsapp
1041,339.58032,764.0,866.25,722.0,0.0048,0.00319,0.01123,0.98092,0.00418,50,whatsapp
999,314.36103,771.0,920.75,729.0,0.00516,0.0044,0.0123,1.23534,0.00195,50,whatsapp
1057,373.03116,839.5,983.25,797.5,0.00489,0.00494,0.01191,1.17339,0.00203,50,whatsapp
1056,352.11862,747.5,910.0,705.5,0.0065,0.0037,0.01577,1.3025,0.00239,50,whatsapp
1017,335.91853,836.0,912.0,794.0,0.00432,0.00396,0.00993,0.97371,0.00292,50,whatsapp
1013,350.11554,843.0,934.75,801.0,0.00538,0.00602,0.01394,1.03554,0.00244,50,whatsapp
1019,304.71466,796.5,878.75,754.5,0.00517,0.00433,0.0137,1.1895,0.00211,50,whatsapp
961,326.30771,830.5,857.0,788.5,0.00693,0.00744,0.0175,1.24788,0.00214,50,whatsapp
1074,333.41096,732.0,877.0,690.0,0.00662,0.00471,0.01353,1.46547,0.00139,50,whatsapp
1019,331.48911,798.5,917.0,756.5,0.00598,0.00339,0.01165,1.22813,0.00307,50,whatsapp
1020,321.73138,863.5,950.0,821.5,0.00815,0.00473,0.01949,1.52043,0.0013,50,whatsapp
976,323.39389,790.0,928.25,748.0,0.00605,0.00433,0.01762,1.37737,0.00131,50,whatsapp
1076,307.34294,863.0,940.0,821.0,0.0074,0.00385,0.01879,1.79297,0.0002,50,whatsapp
1010,324.15002,786.0,904.75,744.0,0.00579,0.00494,0.01504,1.45829,0.00098,50,whatsapp
984,275.63244,759.0,823.0,717.0,0.00595,0.00504,0.01503,1.41758,0.00129,50,whatsapp
959,287.44255,832.0,867.0,790.0,0.0058,0.00493,0.01559,1.5746,0.00041,50,whatsapp
934,284.58707,808.0,854.0,766.0,0.00711,0.00312,0.01986,1.77705,0.00031,50,whatsapp
983,340.59019,842.5,894.0,800.5,0.00638,0.00318,0.01506,1.76592,0.00064,50,whatsapp
1020,315.23061,801.0,895.5,759.0,0.00689,0.00269,0.01554,1.95669,0.00042,50,whatsapp
956,287.45513,797.5,838.75,755.5,0.00721,0.00342,0.013,1.90089,0.00084,50,whatsapp
959,257.62873,808.5,820.0,766.5,0.00572,0.00377,0.01579,1.6932,0.00012,50,whatsapp
1014,286.15245,772.0,810.0,730.0,0.00507,0.00398,0.01423,1.39314,0.00125,50,whatsapp
863,247.68954,790.0,813.5,748.0,0.00759,0.00836,0.01479,1.44164,0.00126,50,whatsapp
952,261.86339,756.5,804.0,714.5,0.00656,0.00216,0.01171,2.39116,0.0002,50,whatsapp
966,327.78011,784.5,879.25,742.5,0.00415,0.00374,0.01228,1.26276,0.00149,50,whatsapp
977,275.47,761.5,788.75,719.5,0.00575,0.00326,0.01548,1.57733,0.00051,50,whatsapp
947,252.90661,766.0,832.0,724.0,0.00541,0.00306,0.0157,1.68491,0.00024,50,whatsapp
1071,233.62813,774.0,797.0,732.0,0.00557,0.00315,0.01346,1.39866,0.00184,50,whatsapp
1083,242.4853,794.0,897.5,752.0,0.00767,0.01124,0.0178,1.45073,0.00061,50,whatsapp
1067,229.72795,770.0,811.0,728.0,0.00603,0.00467,0.01615,1.53963,0.00106,50,whatsapp
1036,232.71735,797.0,814.75,755.0,0.00524,0.00382,0.01447,1.34543,0.00144,50,whatsapp
1017,244.60248,788.0,841.0,746.0,0.00815,0.00316,0.02572,1.84965,0.0002,50,whatsapp
1036,195.60968,785.0,852.5,743.0,0.0092,0.00337,0.02481,2.04896,0.0001,50,whatsapp
1086,268.53082,786.0,836.5,744.0,0.00529,0.00317,0.01361,1.53656,0.00122,50,whatsapp
1061,224.7688,819.0,860.0,777.0,0.00663,0.00374,0.01511,1.70819,0.00065,50,whatsapp
1079,234.32036,779.0,834.75,737.0,0.00575,0.00546,0.01463,1.33765,0.00137,50,whatsapp
1067,219.30104,782.0,847.25,740.0,0.00786,0.00277,0.01922,1.72454,0.00034,50,whatsapp
1075,250.60947,767.0,841.5,725.0,0.00661,0.0089,0.01658,1.47974,0.00058,50,whatsapp
989,234.57279,768.0,873.0,726.0,0.00698,0.00335,0.0183,1.72523,0.00027,50,whatsapp
1016,250.95179,752.5,803.0,710.5,0.00665,0.00762,0.01549,1.50407,0.00076,50,whatsapp
1047,205.2271,767.5,804.0,725.5,0.02273,0.00556,0.01414,3.27637,0.00109,50,whatsapp
1018,228.6288,803.0,840.0,761.0,0.00602,0.00384,0.01533,1.34009,0.00204,50,whatsapp
1042,287.37161,789.0,824.25,747.0,0.00467,0.00459,0.01264,1.181,0.00176,50,whatsapp
1054,278.96806,748.0,783.0,706.0,0.00526,0.0036,0.01476,1.60509,0.00114,50,whatsapp
925,258.30501,733.0,761.0,691.0,0.00462,0.00438,0.00993,1.46685,0.00094,50,whatsapp
1073,273.64724,744.0,772.0,702.0,0.00447,0.00336,0.01104,1.25437,0.00158,50,whatsapp
1079,269.82216,742.0,777.5,700.0,0.00459,0.00271,0.00756,1.41824,0.00187,50,whatsapp
921,265.42813,736.0,795.0,694.0,0.00382,0.00319,0.00929,1.12071,0.00208,50,whatsapp
1069,279.5239,739.5,785.75,697.5,0.00475,0.00301,0.01015,1.45332,0.0012,50,whatsapp
1072,257.04661,738.0,760.75,696.0,0.00511,0.0033,0.01345,1.46887,0.00111,50,whatsapp
921,247.53909,745.0,842.75,703.0,0.00557,0.00453,0.01599,1.50054,0.00105,50,whatsapp
1057,270.10305,745.5,792.5,703.5,0.00377,0.00262,0.00803,0.99214,0.00305,50,whatsapp
1027,252.89459,735.5,759.0,693.5,0.0044,0.00516,0.0105,1.28291,0.00111,50,whatsapp
926,270.41923,759.0,789.5,717.0,0.00535,0.00259,0.01311,1.45784,0.00174,50,whatsapp
922,255.77248,745.0,770.0,703.0,0.00508,0.00436,0.01211,1.39094,0.00118,50,whatsapp
1028,282.22805,768.0,850.75,726.0,0.00444,0.00473,0.00923,1.22698,0.0018,50,whatsapp
1026,284.08326,722.5,846.5,680.5,0.0067,0.00498,0.02064,1.51363,0.00111,50,whatsapp
912,222.42678,791.0,826.5,749.0,0.00676,0.00444,0.01675,1.51093,0.00142,50,whatsapp
995,278.23573,760.0,837.5,718.0,0.00418,0.00486,0.01074,1.08335,0.002,50,whatsapp
1012,311.88314,811.0,905.5,769.0,0.00508,0.00278,0.01355,1.34539,0.00211,50,whatsapp
1073,309.52216,828.0,932.0,786.0,0.0052,0.00439,0.01361,1.18696,0.00199,50,whatsapp
1029,322.049,833.5,923.75,791.5,0.00481,0.00343,0.01306,1.15202,0.00236,50,whatsapp
1085,324.91564,779.5,843.75,737.5,0.00566,0.00236,0.01569,1.41557,0.00202,50,whatsapp
1013,295.9991,811.0,944.0,769.0,0.00735,0.00261,0.01491,1.73675,0.00186,50,whatsapp
1072,267.11672,828.5,979.25,786.5,0.00549,0.00307,0.01496,1.23405,0.00243,50,whatsapp
1025,307.76627,763.0,946.75,721.0,0.00509,0.00316,0.01143,1.24454,0.00217,50,whatsapp
1076,313.6456,826.5,880.0,784.5,0.00441,0.00536,0.00976,1.05156,0.00226,50,whatsapp
990,287.47137,822.5,902.0,780.5,0.00487,0.00484,0.01134,1.1892,0.00161,50,whatsapp
1084,317.35524,841.0,921.75,799.0,0.00515,0.00361,0.01039,1.26137,0.00219,50,whatsapp
1018,298.57909,772.0,839.0,730.0,0.00505,0.00404,0.00836,1.35957,0.002,50,whatsapp
977,279.10565,761.5,830.5,719.5,0.00386,0.00352,0.0082,1.03637,0.0024,50,whatsapp
1006,298.90391,755.0,927.75,713.0,0.00526,0.00304,0.01315,1.43317,0.00143,50,whatsapp
1028,308.64382,761.0,929.5,719.0,0.00534,0.00387,0.01442,1.2417,0.00237,50,whatsapp
1034,332.31464,717.0,915.5,675.0,0.0048,0.0039,0.01078,1.32166,0.00201,50,whatsapp
1035,318.59311,830.0,942.0,788.0,0.00329,0.00293,0.00709,1.05981,0.00178,50,whatsapp
1036,321.76483,820.5,876.0,778.5,0.00494,0.0036,0.01255,1.09819,0.0026,50,whatsapp
1058,288.79702,838.5,912.25,796.5,0.00583,0.00381,0.01117,1.50956,0.00156,50,whatsapp
959,292.2683,816.5,875.75,774.5,0.00755,0.00294,0.01994,1.85377,0.00128,50,whatsapp
1028,298.73355,813.5,876.0,771.5,0.00478,0.0059,0.01159,1.16441,0.00149,50,whatsapp
1020,320.01008,888.0,926.0,846.0,0.00548,0.00322,0.00982,1.38104,0.00211,50,whatsapp
980,261.09947,776.0,858.75,734.0,0.00726,0.00527,0.01649,1.44025,0.00169,50,whatsapp
996,294.06416,791.5,939.75,749.5,0.00504,0.00403,0.01302,1.26752,0.0022,50,whatsapp
986,262.26052,818.0,888.75,776.0,0.00556,0.00406,0.01594,1.31254,0.0022,50,whatsapp
986,275.50381,780.5,902.5,738.5,0.00664,0.00421,0.01136,1.78351,0.00103,50,whatsapp
1050,318.7983,752.5,848.0,710.5,0.00579,0.00463,0.01363,1.39502,0.00142,50,whatsapp
1009,294.20134,849.0,920.0,807.0,0.00823,0.00521,0.02762,1.60365,0.00136,50,whatsapp
1022,281.86503,877.0,955.0,835.0,0.00677,0.00426,0.0145,1.41613,0.00156,50,whatsapp
986,327.05004,823.5,923.5,781.5,0.00716,0.00403,0.02128,1.39323,0.00278,50,whatsapp
1056,333.86433,849.5,977.25,807.5,0.00605,0.00327,0.01433,1.33385,0.00255,50,whatsapp
1026,341.2776,803.0,942.0,761.0,0.00465,0.00515,0.01211,1.13294,0.00212,50,whatsapp
987,311.59452,823.0,913.75,781.0,0.00789,0.00529,0.02004,1.68158,0.00092,50,whatsapp
1066,316.87353,801.0,906.0,759.0,0.00654,0.00528,0.01514,1.57576,0.00094,50,whatsapp
1059,318.81594,796.0,951.25,754.0,0.00733,0.00512,0.01774,1.60137,0.00131,50,whatsapp
1010,300.90949,804.0,903.25,762.0,0.00835,0.00613,0.01566,1.74148,0.00025,50,whatsapp
994,321.78168,717.0,846.5,675.0,0.00715,0.00728,0.01598,1.31711,0.00214,50,whatsapp
1055,294.94191,786.5,881.25,744.5,0.00777,0.00857,0.02038,1.53398,0.00026,50,whatsapp
1032,351.44963,678.5,951.75,636.5,0.00868,0.00634,0.0265,1.65849,0.00103,50,whatsapp
990,340.39162,773.0,916.0,731.0,0.00675,0.00579,0.01648,1.42009,0.00172,50,whatsapp
994,323.63166,650.5,885.0,608.5,0.00899,0.00668,0.0257,1.60742,0.00026,50,whatsapp
1030,294.18717,835.0,940.75,793.0,0.00632,0.00497,0.01436,1.37566,0.0013,50,whatsapp
1026,329.76343,842.5,957.0,800.5,0.00739,0.00484,0.0157,1.7094,0.00094,50,whatsapp
1077,325.02418,847.5,916.5,805.5,0.00912,0.00417,0.01968,1.9313,0.00014,50,whatsapp
1014,327.11408,865.0,914.75,823.0,0.00728,0.00614,0.01779,1.46426,0.00117,50,whatsapp
996,324.12417,854.5,906.75,812.5,0.00832,0.00416,0.02224,1.96622,0.00024,50,whatsapp
1082,331.3295,849.0,972.75,807.0,0.00601,0.00553,0.01323,1.12218,0.00287,50,whatsapp
1032,304.3484,741.0,900.75,699.0,0.01014,0.00158,0.02826,2.07104,0.00021,50,whatsapp
1015,323.9418,751.5,909.75,709.5,0.0076,0.00408,0.01976,1.78557,0.00069,50,whatsapp
1052,356.29764,751.5,984.0,709.5,0.00607,0.00522,0.0139,1.48185,0.00131,50,whatsapp
446,164.45899,426.0,446.0,384.0,25.79795,0.00904,60.15799,3.31836,0.00098,50,whatsapp
446,162.46218,426.0,446.0,384.0,25.79476,0.02875,60.15032,3.31796,0.00026,50,whatsapp
446,162.46218,426.0,446.0,384.0,25.79368,0.0297,60.14469,3.31782,0.00019,50,whatsapp
1025,302.55662,740.0,900.75,698.0,0.00851,0.00337,0.01947,2.15299,0.00018,50,whatsapp
1046,298.17109,834.0,965.75,792.0,0.00716,0.00746,0.01573,1.61704,0.00019,50,whatsapp
1020,290.36963,871.0,940.0,829.0,0.00741,0.00274,0.01789,1.89695,0.00037,50,whatsapp
991,315.69294,785.0,867.5,743.0,0.006,0.00148,0.01582,2.20145,0.00013,50,whatsapp
1020,226.09613,823.5,858.75,781.5,0.0086,0.00309,0.02329,2.18828,0.00036,50,whatsapp
952,285.75859,842.0,906.0,800.0,0.00853,0.00409,0.00948,2.32578,0.00096,50,whatsapp
1006,230.43027,867.0,916.0,825.0,0.00716,0.00523,0.01735,1.821,0.0002,50,whatsapp
1017,264.75651,862.0,905.75,820.0,0.00774,0.00597,0.01957,1.7212,0.00022,50,whatsapp
1009,274.16448,832.0,894.0,790.0,0.00702,0.00184,0.01446,2.25445,0.00042,50,whatsapp
968,309.93669,874.0,900.0,832.0,0.00633,0.00329,0.01433,1.90208,0.00036,50,whatsapp
997,297.31968,854.0,902.25,812.0,0.00603,0.00619,0.01592,1.40164,0.00106,50,whatsapp
1016,342.87593,872.0,958.75,830.0,0.00688,0.0061,0.01858,1.53771,0.00129,50,whatsapp
1025,330.58042,907.0,964.75,865.0,0.00635,0.0041,0.01622,1.45938,0.00115,50,whatsapp
1023,329.02816,947.0,1007.25,905.0,0.00593,0.00444,0.01573,1.52379,0.00104,50,whatsapp
1032,368.30007,929.5,958.0,887.5,0.00661,0.00767,0.01748,1.29277,0.00204,50,whatsapp
1049,326.63085,926.5,954.75,884.5,0.00624,0.00404,0.01524,1.35179,0.00233,50,whatsapp
1026,255.08108,919.5,957.75,877.5,0.00628,0.00377,0.0163,1.27889,0.0027,50,whatsapp
1083,339.02979,968.0,1007.0,926.0,0.15045,0.0041,0.01596,6.01596,0.00136,50,whatsapp
1088,309.52146,951.0,1015.75,909.0,0.00543,0.00247,0.01174,1.43303,0.00259,50,whatsapp
1058,305.24686,879.5,906.0,837.5,0.00597,0.00595,0.01375,1.37407,0.00108,50,whatsapp
1043,273.23629,894.5,946.0,852.5,0.0055,0.0037,0.01076,1.46768,0.00187,50,whatsapp
1045,286.08466,926.5,988.5,884.5,0.00505,0.00439,0.00862,1.35251,0.0015,50,whatsapp
969,258.60288,861.0,909.75,819.0,0.00584,0.0043,0.01607,1.51379,0.00146,50,whatsapp
1072,281.94654,925.0,976.75,883.0,0.00464,0.00612,0.01046,1.30486,0.00051,50,whatsapp
1057,277.56841,874.5,943.5,832.5,0.0043,0.00324,0.00907,1.17539,0.00248,50,whatsapp
1045,318.76066,884.0,926.0,842.0,0.00638,0.00241,0.01571,1.62086,0.00211,50,whatsapp
1091,312.36338,956.0,991.0,914.0,0.00495,0.00499,0.01215,1.32268,0.00135,50,whatsapp
1083,319.8459,875.0,964.75,833.0,0.00488,0.00257,0.009,1.45584,0.00181,50,whatsapp
1032,356.11695,921.0,997.5,879.0,0.00437,0.00313,0.00874,1.35355,0.00133,50,whatsapp
1052,325.43747,945.5,998.0,903.5,0.00596,0.00314,0.01224,1.36303,0.00212,50,whatsapp
1023,333.28595,921.0,959.0,879.0,0.00275,0.00381,0.00543,1.07071,0.0014,50,whatsapp
990,323.6537,878.5,954.0,836.5,0.00527,0.0047,0.01158,1.35931,0.00167,50,whatsapp
986,288.56993,908.0,932.25,866.0,0.00507,0.00404,0.01539,1.61872,0.00064,50,whatsapp
1009,287.30439,887.0,945.75,845.0,0.0051,0.00456,0.0155,1.33379,0.00131,50,whatsapp
1011,326.68235,923.5,978.0,881.5,0.00443,0.00298,0.0097,1.26661,0.0021,50,whatsapp
1011,316.91771,911.5,951.0,869.5,0.00622,0.00432,0.00866,1.80745,0.00102,50,whatsapp
996,286.87076,909.0,940.0,867.0,0.00535,0.004,0.01215,1.43927,0.00124,50,whatsapp
1023,254.76024,936.5,1002.0,894.5,0.00692,0.00377,0.01753,1.44312,0.00217,50,whatsapp
1033,292.22663,930.0,987.75,888.0,0.00554,0.00435,0.01224,1.52685,0.00156,50,whatsapp
1006,292.41501,852.5,947.25,810.5,0.00483,0.00374,0.01395,1.27251,0.00162,50,whatsapp
1059,314.32743,895.5,1008.0,853.5,0.00769,0.00362,0.02011,1.79771,0.00117,50,whatsapp
1003,260.17947,888.5,900.0,846.5,0.00421,0.00363,0.00509,1.15904,0.00254,50,whatsapp
972,212.80274,864.5,898.5,822.5,0.00489,0.00478,0.01155,1.22069,0.00165,50,whatsapp
1067,227.31696,920.0,936.0,878.0,0.0045,0.00331,0.00808,1.15249,0.00297,50,whatsapp
1054,278.44022,868.5,922.0,826.5,0.00677,0.00391,0.01814,1.48394,0.00214,50,whatsapp
1078,288.5346,871.0,1004.25,829.0,0.00645,0.00261,0.01692,2.11789,0.00022,50,whatsapp
1089,302.02921,822.0,943.0,780.0,0.00605,0.00366,0.01504,1.53655,0.00114,50,whatsapp
999,316.74871,834.0,870.0,792.0,0.00565,0.00462,0.01133,1.19421,0.00264,50,whatsapp
1006,332.44466,819.0,888.25,777.0,0.00608,0.00321,0.01701,1.32037,0.00229,50,whatsapp
1022,301.71438,733.0,961.0,691.0,0.00601,0.00392,0.01472,1.10225,0.00319,50,whatsapp
984,298.03703,774.0,912.0,732.0,0.00837,0.00747,0.02124,1.29772,0.00221,50,whatsapp
1028,294.64462,841.0,931.75,799.0,0.00868,0.00638,0.02286,1.51381,0.00176,50,whatsapp
1009,266.88689,830.0,923.0,788.0,0.01165,0.01381,0.03229,1.56306,0.00015,50,whatsapp
1019,320.30929,854.0,928.75,812.0,0.00619,0.00165,0.01441,1.65296,0.00129,50,whatsapp
1074,302.42262,822.0,915.0,780.0,0.00671,0.00342,0.01275,1.42968,0.00289,50,whatsapp
1082,341.96225,781.0,954.0,739.0,0.00666,0.00517,0.01417,1.40915,0.00112,50,whatsapp
1024,345.03549,883.5,968.0,841.5,0.00603,0.00668,0.01425,1.08317,0.00262,50,whatsapp
1025,337.89626,739.0,903.75,697.0,0.00883,0.0045,0.02911,1.69589,0.00109,50,whatsapp
992,273.50022,777.5,910.0,735.5,0.00631,0.0044,0.01505,1.16535,0.00285,50,whatsapp
1017,329.5415,860.5,952.0,818.5,0.00712,0.007,0.02029,1.32317,0.00211,50,whatsapp
1021,308.68447,839.0,925.75,797.0,0.00818,0.00408,0.02245,1.70086,0.00143,50,whatsapp
1010,298.566,840.0,891.75,798.0,0.00783,0.00423,0.02253,1.57158,0.00165,50,whatsapp
1030,300.85567,794.5,895.0,752.5,0.0085,0.00513,0.02433,1.37341,0.00228,50,whatsapp
997,263.06214,838.5,923.0,796.5,0.0059,0.00529,0.01482,1.2888,0.00206,50,whatsapp
943,282.97864,742.0,835.0,700.0,0.00695,0.00655,0.01508,1.40669,0.00118,50,whatsapp
1083,335.88534,846.5,934.75,804.5,0.00709,0.00789,0.0172,1.34479,0.00119,50,whatsapp
1077,293.95286,902.0,926.0,860.0,0.00792,0.00562,0.02038,1.34192,0.00204,50,whatsapp
1050,302.45474,909.0,951.75,867.0,0.00645,0.00661,0.01512,1.23213,0.0028,50,whatsapp
1018,304.37902,863.0,934.0,821.0,0.00823,0.0042,0.02,1.69014,0.00185,50,whatsapp
1023,276.80261,878.0,954.0,836.0,0.00814,0.00642,0.02279,1.26196,0.00219,50,whatsapp
1013,263.59734,827.0,937.0,785.0,0.00815,0.00637,0.01993,1.39319,0.00214,50,whatsapp
1001,269.08307,847.5,951.0,805.5,0.00747,0.00504,0.02056,1.35328,0.00225,50,whatsapp
1011,224.51204,832.5,883.75,790.5,0.00661,0.00773,0.01552,1.18591,0.00231,50,whatsapp
1025,276.60167,834.0,899.0,792.0,0.00747,0.00556,0.01844,1.28029,0.0024,50,whatsapp
1027,287.67419,868.5,962.0,826.5,0.00759,0.00482,0.01906,1.34406,0.00214,50,whatsapp
1027,306.27483,803.5,939.0,761.5,0.00629,0.00586,0.01809,1.31038,0.00177,50,whatsapp
1056,300.28187,643.0,870.5,601.0,0.00634,0.00532,0.01433,1.24236,0.002,50,whatsapp
1011,301.82533,742.0,918.0,700.0,0.00772,0.00448,0.01605,1.51722,0.00134,50,whatsapp
1019,303.46815,771.5,938.75,729.5,0.00705,0.00583,0.01753,1.25808,0.00236,50,whatsapp
1024,346.74618,678.0,973.25,636.0,0.00698,0.00724,0.01742,1.3707,0.00152,50,whatsapp
965,276.10039,731.0,900.75,689.0,0.00621,0.00484,0.01415,1.18051,0.00275,50,whatsapp
1082,237.30428,808.0,906.0,766.0,0.0072,0.00529,0.01861,1.32482,0.002,50,whatsapp
1083,284.55214,802.0,949.25,760.0,0.00583,0.00628,0.01371,1.04699,0.00247,50,whatsapp
1063,298.71638,912.0,958.0,870.0,0.00617,0.00434,0.01335,1.13089,0.00308,50,whatsapp
1060,254.74914,759.0,944.75,717.0,0.00688,0.00463,0.01998,1.36001,0.00169,50,whatsapp
1037,271.29077,787.5,946.0,745.5,0.00669,0.00779,0.01642,1.19648,0.00203,50,whatsapp
1022,275.59751,812.5,936.0,770.5,0.00693,0.00711,0.0183,1.18956,0.00227,50,whatsapp
1017,285.1578,752.0,911.25,710.0,0.00528,0.00527,0.01152,1.16516,0.00245,50,whatsapp
1010,322.69153,783.0,904.75,741.0,0.00662,0.0036,0.01389,1.54022,0.00198,50,whatsapp
1026,287.45153,866.5,954.5,824.5,0.00682,0.00806,0.01325,1.10489,0.00326,50,whatsapp
1029,254.09673,778.5,960.25,736.5,0.00646,0.00513,0.01527,1.30924,0.0022,50,whatsapp
1030,275.69228,817.5,908.75,775.5,0.00812,0.00421,0.02405,1.52193,0.00177,50,whatsapp
1026,284.27362,863.5,969.75,821.5,0.00817,0.00527,0.02249,1.51084,0.00187,50,whatsapp
984,282.26357,769.5,896.5,727.5,0.00678,0.00662,0.01614,1.19129,0.00262,50,whatsapp
1053,304.60369,790.0,931.75,748.0,0.0052,0.00296,0.01163,1.16107,0.00325,50,whatsapp
1068,331.40044,743.5,935.0,701.5,0.0057,0.0054,0.01378,1.22154,0.00224,50,whatsapp
1051,343.94444,712.5,914.25,670.5,0.00426,0.00407,0.00719,1.02001,0.00319,50,whatsapp
1080,339.17736,750.0,909.0,708.0,0.00547,0.00702,0.0121,1.23843,0.00114,50,whatsapp
994,323.3634,787.5,890.0,745.5,0.00599,0.00233,0.01565,1.41512,0.00239,50,whatsapp
1057,325.5322,762.0,954.75,720.0,0.00627,0.00488,0.01263,1.16099,0.00368,50,whatsapp
1026,285.26508,800.0,897.75,758.0,0.00635,0.0044,0.01658,1.27943,0.00231,50,whatsapp
1026,285.16873,890.5,952.25,848.5,0.00653,0.00387,0.01663,1.25254,0.00268,50,whatsapp
1049,304.80258,858.5,912.0,816.5,0.00515,0.00318,0.01117,1.12372,0.00323,50,whatsapp
1015,309.46338,786.0,925.0,744.0,0.00629,0.0034,0.01488,1.36966,0.00243,50,whatsapp
1020,314.1813,857.0,960.0,815.0,0.00621,0.00452,0.01734,1.18315,0.00282,50,whatsapp
1013,342.1657,869.0,968.5,827.0,0.00732,0.0034,0.02114,1.49624,0.00193,50,whatsapp
972,305.88418,902.5,934.75,860.5,0.00612,0.00472,0.01729,1.1937,0.00231,50,whatsapp
1023,299.27006,848.5,960.0,806.5,0.00564,0.0031,0.01577,1.24434,0.00246,50,whatsapp
1019,300.93747,749.5,836.75,707.5,0.00678,0.0054,0.018,1.51604,0.0011,50,whatsapp
1033,309.49349,877.5,966.75,835.5,0.00451,0.00337,0.01101,1.03368,0.00321,50,whatsapp
1014,323.93781,784.0,944.5,742.0,0.00649,0.00569,0.01712,1.21123,0.00251,50,whatsapp
989,319.38939,881.0,938.5,839.0,0.00647,0.00668,0.01273,1.13223,0.0034,50,whatsapp
1021,321.08217,793.0,907.25,751.0,0.00607,0.00552,0.01383,1.43685,0.00157,50,whatsapp
1002,335.42076,862.0,945.0,820.0,0.00598,0.00495,0.01517,1.23301,0.00204,50,whatsapp
1016,299.05366,867.0,944.0,825.0,0.0073,0.00564,0.01701,1.34286,0.00233,50,whatsapp
1010,320.34053,781.5,934.0,739.5,0.00648,0.00652,0.0138,1.25387,0.00199,50,whatsapp
1015,334.64387,923.0,969.0,881.0,0.00677,0.00405,0.01698,1.3991,0.00196,50,whatsapp
1034,308.96546,726.5,819.0,684.5,0.00478,0.00391,0.01192,1.1245,0.00238,50,whatsapp
994,336.31282,857.5,923.75,815.5,0.00653,0.0051,0.01624,1.35413,0.00211,50,whatsapp
1027,339.45841,887.0,950.75,845.0,0.00695,0.00665,0.01877,1.34551,0.00215,50,whatsapp
1003,324.57688,866.0,964.0,824.0,0.00636,0.0064,0.01617,1.20002,0.0021,50,whatsapp
1018,317.04204,735.0,919.0,693.0,0.00575,0.00499,0.01529,1.15879,0.00223,50,whatsapp
1041,307.29635,803.0,953.0,761.0,0.0064,0.00608,0.0158,1.24205,0.00249,50,whatsapp
1027,331.02152,832.0,883.75,790.0,0.00573,0.0064,0.01484,1.2549,0.00164,50,whatsapp
991,318.88252,772.5,907.75,730.5,0.00702,0.00424,0.02335,1.44302,0.00137,50,whatsapp
983,328.56062,835.0,932.75,793.0,0.00692,0.00297,0.01894,1.47041,0.00156,50,whatsapp
1020,329.78571,789.5,910.75,747.5,0.00605,0.00612,0.01546,1.22995,0.00209,50,whatsapp
979,323.1895,722.0,915.75,680.0,0.00563,0.00365,0.01646,1.38464,0.00212,50,whatsapp
1074,317.46804,881.5,969.75,839.5,0.00711,0.00622,0.01846,1.33035,0.00218,50,whatsapp
1024,335.62167,827.5,928.25,785.5,0.0071,0.00595,0.01685,1.29402,0.00222,50,whatsapp
1047,335.18069,901.0,985.75,859.0,0.00661,0.00706,0.0153,1.36249,0.0012,50,whatsapp
1021,321.738,892.5,973.75,850.5,0.00756,0.00534,0.02041,1.28059,0.00238,50,whatsapp
1012,353.95795,902.0,969.5,860.0,0.00539,0.00399,0.01564,1.21737,0.00227,50,whatsapp
1004,368.51706,887.5,958.5,845.5,0.00656,0.00441,0.01439,1.27262,0.00235,50,whatsapp
1019,330.22967,893.5,948.0,851.5,0.00727,0.00548,0.01758,1.35317,0.00216,50,whatsapp
1022,320.74756,858.0,926.75,816.0,0.00775,0.00389,0.02116,1.47121,0.00229,50,whatsapp
1066,313.79836,796.0,971.25,754.0,0.00584,0.0046,0.01292,1.34189,0.00151,50,whatsapp
966,334.86807,791.0,901.5,749.0,0.00717,0.00644,0.01472,1.47918,0.00118,50,whatsapp
1079,342.48305,735.5,939.75,693.5,0.00606,0.00499,0.01566,1.23595,0.00222,50,whatsapp
1057,336.02095,714.0,921.0,672.0,0.00652,0.0075,0.01444,1.30638,0.00206,50,whatsapp
1010,359.35494,776.0,913.0,734.0,0.00599,0.00597,0.0159,1.17258,0.00262,50,whatsapp
991,312.15541,762.0,835.0,720.0,0.00495,0.0063,0.01179,1.16519,0.00251,50,whatsapp
1013,357.63212,798.0,919.5,756.0,0.00615,0.00552,0.01519,1.18375,0.00205,50,whatsapp
1003,351.90617,657.0,911.5,615.0,0.00622,0.00546,0.01359,1.15956,0.00245,50,whatsapp
1017,346.91038,751.0,984.0,709.0,0.00673,0.00551,0.01909,1.35972,0.00186,50,whatsapp
989,313.49068,756.0,912.75,714.0,0.0047,0.00503,0.01096,0.99791,0.00237,50,whatsapp
1014,335.98613,798.0,946.75,756.0,0.00633,0.0058,0.01793,1.2297,0.0025,50,whatsapp
1011,333.39106,762.0,894.25,720.0,0.00553,0.00328,0.01374,1.18119,0.00227,50,whatsapp
1044,366.72421,788.0,932.0,746.0,0.00682,0.00421,0.0155,1.35635,0.00216,50,whatsapp
963,303.10081,728.0,922.5,686.0,0.00542,0.00483,0.01361,1.06736,0.0025,50,whatsapp
1010,376.61432,816.0,960.0,774.0,0.00565,0.00291,0.01243,1.06527,0.00388,50,whatsapp
1005,322.54173,865.0,959.75,823.0,0.00692,0.00544,0.01781,1.29327,0.0021,50,whatsapp
1066,341.6488,816.5,948.75,774.5,0.00522,0.00364,0.01207,1.01216,0.00374,50,whatsapp
1080,338.20374,826.0,939.0,784.0,0.0048,0.00439,0.01109,1.17668,0.00209,50,whatsapp
1022,329.37191,792.0,970.75,750.0,0.00634,0.00638,0.01747,1.14093,0.00222,50,whatsapp
1016,317.92754,764.0,960.75,722.0,0.00414,0.00407,0.00924,0.88475,0.00334,50,whatsapp
980,341.31729,729.0,941.0,687.0,0.00507,0.00435,0.01324,1.20232,0.00212,50,whatsapp
1050,356.3106,784.0,864.25,742.0,0.006,0.00189,0.01532,1.36453,0.00232,50,whatsapp
1019,321.93862,819.5,907.0,777.5,0.00556,0.0068,0.01192,1.17689,0.00209,50,whatsapp
971,320.39796,768.0,929.75,726.0,0.00568,0.00295,0.01138,1.2232,0.0029,50,whatsapp
978,329.35994,755.0,884.0,713.0,0.00504,0.00552,0.01044,1.06071,0.00277,50,whatsapp
1034,343.08399,793.0,960.75,751.0,0.00682,0.00438,0.01625,1.4573,0.00196,50,whatsapp
1019,348.03632,844.5,938.0,802.5,0.00503,0.00613,0.01077,1.01311,0.00293,50,whatsapp
1040,321.03466,716.5,858.25,674.5,0.00556,0.003,0.01364,1.19591,0.003,50,whatsapp
1022,316.67956,842.0,954.75,800.0,0.00611,0.00464,0.01581,1.34288,0.00203,50,whatsapp
1023,334.13776,827.0,954.75,785.0,0.00527,0.00438,0.01317,1.08782,0.00296,50,whatsapp
1009,338.68506,855.5,944.0,813.5,0.00688,0.00307,0.02006,1.37789,0.00239,50,whatsapp
993,342.40763,817.5,932.0,775.5,0.00505,0.00443,0.01171,1.07396,0.00312,50,whatsapp
1019,330.0846,811.5,907.0,769.5,0.00685,0.00515,0.01891,1.37471,0.00213,50,whatsapp
963,298.51807,851.0,936.75,809.0,0.0072,0.00478,0.02057,1.3765,0.00212,50,whatsapp
1042,333.28114,849.5,956.75,807.5,0.00483,0.00405,0.01139,1.00293,0.00368,50,whatsapp
1058,329.04196,804.5,923.0,762.5,0.00518,0.00533,0.00965,1.10432,0.00268,50,whatsapp
1020,315.71505,891.0,947.25,849.0,0.00691,0.00708,0.0154,1.3385,0.00165,50,whatsapp
1043,290.20635,831.0,927.75,789.0,0.00683,0.00379,0.01747,1.25054,0.00345,50,whatsapp
1004,263.73993,836.0,941.0,794.0,0.00846,0.01153,0.01945,1.22888,0.00228,50,whatsapp
1022,336.37883,848.0,927.0,806.0,0.00856,0.01082,0.02202,1.39211,0.00108,50,whatsapp
1063,256.87093,851.5,954.0,809.5,0.00495,0.00242,0.01117,1.58609,0.00111,50,whatsapp
1021,374.39611,860.5,991.5,818.5,0.0058,0.00746,0.01358,1.16416,0.0017,50,whatsapp
1004,329.53997,779.5,952.75,737.5,0.0072,0.00208,0.01868,1.40576,0.00318,50,whatsapp
1084,294.59022,817.0,939.75,775.0,0.00616,0.00577,0.01384,1.10723,0.00285,50,whatsapp
1027,304.96726,853.0,944.75,811.0,0.00722,0.00445,0.01651,1.3804,0.00209,50,whatsapp
1038,331.48605,871.0,937.25,829.0,0.00506,0.00547,0.01112,1.05212,0.00226,50,whatsapp
1014,345.76072,807.0,932.0,765.0,0.00733,0.00544,0.01925,1.25272,0.00288,50,whatsapp
1027,354.09665,846.0,886.25,804.0,0.00611,0.005,0.00916,1.0948,0.00342,50,whatsapp
1018,287.24064,791.0,899.0,749.0,0.00782,0.00601,0.02153,1.26695,0.00217,50,whatsapp
962,329.39282,730.5,845.75,688.5,0.00334,0.00447,0.00744,1.46969,0.00026,50,whatsapp
978,314.84312,723.5,841.25,681.5,0.00534,0.00521,0.01093,1.17805,0.00217,50,whatsapp
1009,350.40411,834.0,934.75,792.0,0.00608,0.00516,0.01377,1.30189,0.00214,50,whatsapp
1008,326.67263,735.0,940.0,693.0,0.00631,0.00556,0.01405,1.2632,0.00211,50,whatsapp
1009,301.55245,864.0,906.0,822.0,0.00737,0.00762,0.01958,1.28805,0.00211,50,whatsapp
1011,289.91115,762.0,844.25,720.0,0.00746,0.00536,0.02305,1.52419,0.00115,50,whatsapp
1026,267.64633,773.0,884.75,731.0,0.00562,0.0031,0.0134,1.19696,0.0031,50,whatsapp
1024,309.6026,854.0,924.5,812.0,0.006,0.00556,0.01655,1.12239,0.00226,50,whatsapp
1061,328.70353,808.0,943.0,766.0,0.00602,0.00557,0.01718,1.35641,0.00125,50,whatsapp
958,306.68689,793.0,842.25,751.0,0.0084,0.00241,0.01496,1.93899,0.00112,50,whatsapp
1057,320.96699,769.0,896.5,727.0,0.00543,0.00597,0.01434,1.2026,0.00198,50,whatsapp
1041,345.16421,625.0,897.25,583.0,0.0042,0.00455,0.00855,0.97705,0.00323,50,whatsapp
1025,340.7734,725.0,815.0,683.0,0.00443,0.00474,0.0102,1.18437,0.00159,50,whatsapp
1050,355.87608,864.0,959.75,822.0,0.00606,0.00418,0.01496,1.20354,0.00307,50,whatsapp
1044,371.79519,736.5,882.0,694.5,0.00429,0.00416,0.01014,1.12156,0.00194,50,whatsapp
1024,328.63865,788.5,912.75,746.5,0.00601,0.00443,0.01877,1.31699,0.00218,50,whatsapp
1024,342.57347,777.0,921.5,735.0,0.00614,0.00484,0.01425,1.17036,0.00243,50,whatsapp
1055,286.16219,854.5,958.75,812.5,0.00694,0.0057,0.01427,1.39205,0.00176,50,whatsapp
984,326.17361,771.0,914.75,729.0,0.00514,0.00554,0.01163,1.23437,0.00172,50,whatsapp
1019,309.9401,804.5,940.75,762.5,0.00667,0.00465,0.01845,1.2572,0.00231,50,whatsapp
998,282.48352,842.5,934.75,800.5,0.00727,0.00533,0.01949,1.22956,0.00302,50,whatsapp
1003,332.39897,849.0,949.25,807.0,0.00815,0.00581,0.02359,1.3959,0.00203,50,whatsapp
1013,319.89503,706.5,832.75,664.5,0.00723,0.00705,0.01731,1.2768,0.00239,50,whatsapp
1038,284.35884,752.0,927.75,710.0,0.0085,0.00423,0.02285,1.44138,0.00209,50,whatsapp
1043,341.27621,736.5,931.0,694.5,0.00667,0.00668,0.01574,1.27391,0.00256,50,whatsapp
1071,374.87016,446.0,945.0,404.0,0.00775,0.00304,0.00875,2.19398,0.00111,50,whatsapp
1071,336.89728,844.0,961.0,802.0,0.00468,0.0046,0.01,1.38616,0.00122,50,whatsapp
916,288.223,847.0,870.75,805.0,0.0056,0.00471,0.0134,1.11167,0.00291,50,whatsapp
972,341.24077,831.0,915.0,789.0,0.00614,0.00579,0.01275,1.33426,0.00226,50,whatsapp
1011,281.7633,827.5,969.5,785.5,0.00765,0.00528,0.01848,1.37365,0.00196,50,whatsapp
1086,319.19949,796.5,860.75,754.5,0.00793,0.00869,0.01902,1.18361,0.00281,50,whatsapp
1080,300.15762,816.5,847.75,774.5,0.00684,0.0058,0.01747,1.09312,0.0037,50,whatsapp
940,276.6341,791.0,837.75,749.0,0.00847,0.00495,0.01942,1.30748,0.00322,50,whatsapp
1009,275.10858,811.5,895.5,769.5,0.0086,0.00454,0.02223,1.30079,0.00318,50,whatsapp
986,282.1094,810.0,944.5,768.0,0.00787,0.00793,0.01965,1.07844,0.00466,50,whatsapp
1005,293.25676,877.0,920.5,835.0,0.00789,0.00714,0.02048,1.29589,0.00198,50,whatsapp
958,312.40091,822.5,898.0,780.5,0.00762,0.00522,0.0196,1.36068,0.00215,50,whatsapp
1059,316.63007,737.0,937.0,695.0,0.0079,0.00477,0.01915,1.51076,0.00136,50,whatsapp
1072,347.19556,747.0,942.5,705.0,0.00571,0.00543,0.01399,1.1059,0.00211,50,whatsapp
1069,317.44112,834.5,925.0,792.5,0.00659,0.00786,0.01449,1.15609,0.00234,50,whatsapp
1065,322.69752,783.0,956.75,741.0,0.00674,0.00472,0.01609,1.38671,0.00238,50,whatsapp
1077,289.79175,760.0,809.75,718.0,0.00674,0.00369,0.01651,1.34148,0.00176,50,whatsapp
1025,282.41291,806.0,864.0,764.0,0.0062,0.00449,0.01469,1.20983,0.00261,50,whatsapp
1038,290.70333,844.0,962.25,802.0,0.00743,0.00452,0.01593,1.40115,0.00214,50,whatsapp
1075,288.63084,789.0,932.5,747.0,0.00799,0.0056,0.01952,1.39331,0.00199,50,whatsapp
1081,292.85041,775.5,841.0,733.5,0.00675,0.00553,0.01368,1.39139,0.00194,50,whatsapp
1080,282.24984,781.0,845.0,739.0,0.00593,0.00672,0.01348,1.06933,0.00296,50,whatsapp
1059,284.45534,793.0,923.0,751.0,0.00612,0.00663,0.01409,1.30948,0.00138,50,whatsapp
1062,276.70538,825.0,1011.0,783.0,0.00736,0.0033,0.02103,1.69898,0.00095,50,whatsapp
1020,282.47113,764.5,798.25,722.5,0.00662,0.00556,0.01575,1.35558,0.00196,50,whatsapp
1054,269.89427,802.0,858.25,760.0,0.00756,0.0073,0.0183,1.29476,0.00191,50,whatsapp
878,242.66275,843.0,863.0,801.0,0.00652,0.00365,0.01383,1.58404,0.00138,50,whatsapp
1014,243.33347,870.0,950.0,828.0,0.00865,0.00602,0.02394,1.59465,0.001,50,whatsapp
1021,259.65137,841.0,928.0,799.0,0.00593,0.00392,0.01629,1.44375,0.00134,50,whatsapp
1019,238.9367,780.0,870.0,738.0,0.00902,0.00256,0.02413,1.86678,0.001,50,whatsapp
929,273.22958,802.0,883.0,760.0,0.00681,0.00571,0.01531,1.46597,0.00099,50,whatsapp
961,264.73243,797.0,901.5,755.0,0.00803,0.00654,0.02076,1.58708,0.00072,50,whatsapp
1014,261.28298,835.5,908.75,793.5,0.0073,0.00333,0.02051,1.74304,0.00107,50,whatsapp
976,250.67613,803.0,922.0,761.0,0.00814,0.00494,0.017,1.60535,0.00182,50,whatsapp
996,264.58095,809.5,865.0,767.5,0.00895,0.00253,0.0271,1.9059,0.00037,50,whatsapp
998,314.80274,906.0,970.0,864.0,0.0068,0.00379,0.01702,1.52119,0.00107,50,whatsapp
1021,312.66999,864.0,912.25,822.0,0.00772,0.00592,0.01547,1.73526,0.00084,50,whatsapp
1040,322.58954,802.0,937.0,760.0,0.00631,0.00302,0.01577,1.34192,0.00267,50,whatsapp
957,287.69383,826.0,885.0,784.0,0.00625,0.00496,0.01944,1.50702,0.00119,50,whatsapp
967,254.11809,796.0,867.0,754.0,0.00701,0.00425,0.0197,1.4582,0.0021,50,whatsapp
1028,281.20069,821.0,916.75,779.0,0.00518,0.0034,0.01055,1.41727,0.0021,50,whatsapp
1010,268.68895,770.0,881.25,728.0,0.00704,0.0062,0.01879,1.39837,0.0015,50,whatsapp
1024,306.87002,782.5,905.0,740.5,0.00604,0.00454,0.01411,1.60023,0.00115,50,whatsapp
977,271.57924,797.0,897.0,755.0,0.0059,0.00537,0.01466,1.26373,0.00216,50,whatsapp
1048,230.81406,783.0,901.0,741.0,0.00689,0.00453,0.0167,1.45973,0.002,50,whatsapp
1011,256.01783,884.0,919.0,842.0,0.00645,0.00438,0.01762,1.38402,0.00202,50,whatsapp
1054,304.71075,902.0,968.0,860.0,0.00632,0.00443,0.01641,1.14881,0.00352,50,whatsapp
984,232.46849,834.0,905.5,792.0,0.00743,0.00598,0.01854,1.47198,0.00101,50,whatsapp
1052,275.6691,791.0,862.0,749.0,0.00498,0.00558,0.01167,1.04759,0.00242,50,whatsapp
982,288.33853,762.0,929.25,720.0,0.00646,0.00318,0.01584,1.56224,0.00105,50,whatsapp
1012,317.0979,794.0,893.25,752.0,0.00635,0.00329,0.01595,1.67736,0.0011,50,whatsapp
1066,340.05069,766.0,820.0,724.0,0.00525,0.00428,0.01199,1.25024,0.00213,50,whatsapp
1049,216.71107,860.0,896.0,818.0,0.00635,0.00304,0.01775,1.53112,0.00181,50,whatsapp
1066,305.40468,769.0,978.75,727.0,0.00799,0.00446,0.02133,1.41809,0.0021,50,whatsapp
1004,209.57119,848.0,918.0,806.0,0.00613,0.00723,0.01349,1.35842,0.00159,50,whatsapp
1010,292.58081,868.5,932.0,826.5,0.00704,0.00274,0.01857,1.73405,0.00124,50,whatsapp
1009,292.66564,794.0,911.0,752.0,0.0071,0.00374,0.01082,1.75217,0.00125,50,whatsapp
995,237.77637,782.5,858.0,740.5,0.00681,0.00451,0.01783,1.40325,0.0018,50,whatsapp
997,287.31963,768.0,911.25,726.0,0.00569,0.0043,0.01411,1.49529,0.0011,50,whatsapp
1018,282.14755,808.0,908.0,766.0,0.00586,0.0044,0.01284,1.3873,0.00185,50,whatsapp
1010,307.41477,789.5,918.25,747.5,0.00731,0.00276,0.01924,1.84125,0.0011,50,whatsapp
992,298.24577,797.5,955.0,755.5,0.00662,0.00301,0.01809,1.39044,0.00239,50,whatsapp
1074,318.58393,776.0,869.75,734.0,0.00565,0.00394,0.01484,1.25229,0.00204,50,whatsapp
1022,258.6777,772.5,881.0,730.5,0.00641,0.00435,0.01436,1.68639,0.00108,50,whatsapp
1022,302.60835,884.5,939.0,842.5,0.00666,0.00417,0.01853,1.43851,0.00236,50,whatsapp
1080,315.73038,803.0,963.75,761.0,0.0072,0.00475,0.02018,1.54929,0.00153,50,whatsapp
1011,337.45593,863.0,951.5,821.0,0.00736,0.00286,0.01972,1.68867,0.00114,50,whatsapp
1020,318.03606,784.0,909.75,742.0,0.00743,0.00468,0.01972,1.55823,0.00159,50,whatsapp
1011,274.04199,771.0,970.75,729.0,0.00671,0.00439,0.02008,1.5975,0.00111,50,whatsapp
1020,318.28883,788.5,927.75,746.5,0.0078,0.0036,0.01962,1.69945,0.00183,50,whatsapp
1020,283.85849,818.0,956.5,776.0,0.00613,0.00472,0.01283,1.39293,0.00194,50,whatsapp
937,274.91096,780.0,908.5,738.0,0.00542,0.00396,0.01263,1.26503,0.00188,50,whatsapp
1003,282.11016,758.5,972.75,716.5,0.00587,0.00493,0.01196,1.42564,0.00163,50,whatsapp
1022,314.45133,883.0,972.0,841.0,0.00686,0.0039,0.01562,1.57674,0.00137,50,whatsapp
1002,296.97006,786.5,901.25,744.5,0.00709,0.00517,0.01804,1.46041,0.00166,50,whatsapp
1018,270.88425,789.5,960.5,747.5,0.00554,0.00403,0.01511,1.25593,0.00227,50,whatsapp
1079,289.17318,765.5,879.0,723.5,0.0069,0.00544,0.01682,1.36608,0.00185,50,whatsapp
996,268.13619,758.5,902.0,716.5,0.00636,0.00392,0.01946,1.61798,0.00109,50,whatsapp
1017,300.46289,859.0,946.75,817.0,0.00524,0.00254,0.01248,1.21037,0.00244,50,whatsapp
1014,285.64787,821.0,908.0,779.0,0.00813,0.00443,0.01781,1.50018,0.00222,50,whatsapp
1007,290.65258,910.0,957.0,868.0,0.00758,0.00414,0.01499,1.9147,0.00103,50,whatsapp
991,274.01328,884.0,914.0,842.0,0.00745,0.00433,0.02135,1.48921,0.00183,50,whatsapp
967,275.99261,814.0,905.0,772.0,0.00562,0.00191,0.01052,1.48705,0.00218,50,whatsapp
1000,223.118,867.0,923.25,825.0,0.00834,0.00519,0.02667,1.75041,0.00058,50,whatsapp
1077,289.89814,788.5,936.75,746.5,0.00654,0.00511,0.01247,1.54254,0.00106,50,whatsapp
1043,205.45103,821.5,881.5,779.5,0.00592,0.00451,0.01457,1.24668,0.00205,50,whatsapp
998,238.09837,814.0,866.5,772.0,0.00722,0.00383,0.0216,1.63154,0.0016,50,whatsapp
994,289.58395,804.5,940.75,762.5,0.0069,0.00481,0.01338,1.40335,0.00213,50,whatsapp
943,285.65154,814.0,856.25,772.0,0.00652,0.00385,0.01831,1.66449,0.00112,50,whatsapp
1017,257.31974,775.5,870.75,733.5,0.00613,0.00368,0.0168,1.42652,0.00205,50,whatsapp
1015,264.07429,798.5,875.0,756.5,0.00625,0.00518,0.0157,1.50086,0.00108,50,whatsapp
1025,298.16972,849.0,906.0,807.0,0.00497,0.0031,0.00939,1.12004,0.00315,50,whatsapp
1043,293.6178,857.5,968.5,815.5,0.00688,0.00412,0.01739,1.47096,0.00121,50,whatsapp
1025,303.18736,854.0,895.0,812.0,0.00647,0.00567,0.01458,1.44525,0.00117,50,whatsapp
1058,292.83149,840.0,930.0,798.0,0.00688,0.00573,0.01812,1.38555,0.00131,50,whatsapp
987,289.13136,818.5,911.0,776.5,0.00737,0.00565,0.02106,1.71536,0.00018,50,whatsapp
886,212.11528,801.0,843.5,759.0,0.00866,0.00547,0.0193,1.77128,6e-05,50,whatsapp
991,249.18102,794.0,809.0,752.0,0.00798,0.00978,0.0197,1.35003,0.00117,50,whatsapp
1016,251.59594,794.0,902.0,752.0,0.00788,0.01421,0.0166,1.28902,0.00114,50,whatsapp
993,323.59823,758.0,900.0,716.0,0.00829,0.00328,0.02484,1.8442,0.00019,50,whatsapp
1013,302.39726,876.5,955.25,834.5,0.00659,0.00591,0.01587,1.693,0.00021,50,whatsapp
1083,289.47998,879.5,944.5,837.5,0.00713,0.00733,0.01898,1.63172,0.00025,50,whatsapp
999,301.17728,793.0,942.0,751.0,0.00605,0.0053,0.01673,1.50001,0.00073,50,whatsapp
1012,287.26555,799.0,936.5,757.0,0.00886,0.00411,0.02241,1.74088,0.00136,50,whatsapp
973,298.4696,806.0,882.75,764.0,0.00966,0.01376,0.01894,1.5773,0.0,50,whatsapp
1024,322.13171,825.0,929.5,783.0,0.00698,0.00536,0.01543,1.46975,0.00108,50,whatsapp
1078,326.8412,838.0,920.25,796.0,0.0073,0.00516,0.01724,1.58135,0.00108,50,whatsapp
979,323.23929,775.0,928.0,733.0,0.00624,0.00577,0.01558,1.40765,0.00076,50,whatsapp
988,299.63417,851.0,900.0,809.0,0.00506,0.00257,0.01564,1.64465,0.00053,50,whatsapp
1031,322.54837,783.0,939.0,741.0,0.00708,0.00359,0.01688,1.7297,0.00112,50,whatsapp
1015,313.72256,907.0,960.0,865.0,0.00804,0.0042,0.0217,1.55763,0.00208,50,whatsapp
982,181.40656,830.5,911.0,788.5,0.00734,0.00608,0.01701,1.72481,0.00018,50,whatsapp
952,247.84479,800.0,910.25,758.0,0.00587,0.0035,0.01732,1.57819,0.00097,50,whatsapp
996,298.51944,788.0,937.0,746.0,0.00601,0.00588,0.01538,1.52151,0.00049,50,whatsapp
1005,268.82474,788.5,911.75,746.5,0.00689,0.00514,0.01528,1.5446,0.0007,50,whatsapp
1021,359.26915,772.0,974.0,730.0,0.00459,0.0045,0.01376,1.49171,0.00046,50,whatsapp
1054,347.19301,889.0,937.0,847.0,0.0055,0.00478,0.01221,1.28443,0.00172,50,whatsapp
1040,309.72664,805.0,925.0,763.0,0.00706,0.00891,0.01796,1.50929,9e-05,50,whatsapp
1008,301.91191,772.0,873.0,730.0,0.00781,0.00952,0.01958,1.34851,0.00127,50,whatsapp
1073,330.55614,918.0,983.25,876.0,0.00297,0.00394,0.00817,1.26337,0.00036,50,whatsapp
1045,334.81195,890.0,960.25,848.0,0.00675,0.00308,0.01552,1.73014,0.00026,50,whatsapp
1082,349.06561,781.0,920.0,739.0,0.00652,0.00399,0.01426,1.58572,0.00106,50,whatsapp
1027,272.37319,777.5,914.0,735.5,0.00664,0.00658,0.0159,1.47727,6e-05,50,whatsapp
1042,319.87812,766.0,886.0,724.0,0.00407,0.0044,0.01111,1.30691,0.00081,50,whatsapp
1060,316.34795,774.0,952.0,732.0,0.00657,0.00218,0.013,1.71758,0.00205,50,whatsapp
1059,326.20718,779.0,850.5,737.0,0.0064,0.00401,0.01826,1.70283,0.0001,50,whatsapp
1063,244.75734,863.0,933.0,821.0,0.00709,0.00657,0.0148,1.62405,0.0002,50,whatsapp
1056,332.36165,792.5,922.0,750.5,0.00521,0.00533,0.01519,1.53212,0.00058,50,whatsapp
990,311.05808,811.0,875.0,769.0,0.00519,0.00441,0.01227,1.33461,0.00164,50,whatsapp
974,328.7485,776.5,888.5,734.5,0.0067,0.00468,0.01922,1.57701,0.0011,50,whatsapp
1038,278.06745,785.0,864.0,743.0,0.13235,0.00465,0.01653,5.96467,0.0003,50,whatsapp
1063,319.41857,889.5,984.75,847.5,0.00671,0.00502,0.01588,1.36012,0.0024,50,whatsapp
1012,272.58219,882.0,912.0,840.0,0.0058,0.0064,0.01459,1.2271,0.00185,50,whatsapp
1062,300.9397,804.5,940.0,762.5,0.00506,0.00524,0.0112,1.23898,0.00156,50,whatsapp
924,285.94996,792.0,903.75,750.0,0.00422,0.00367,0.00696,1.01291,0.0033,50,whatsapp
1036,248.47752,819.5,863.5,777.5,0.00575,0.00529,0.01435,1.32528,0.00196,50,whatsapp
943,257.22183,805.5,851.0,763.5,0.00487,0.00405,0.0137,1.18774,0.00213,50,whatsapp
1084,291.73276,859.0,956.5,817.0,0.00614,0.00461,0.01158,1.37035,0.00214,50,whatsapp
1030,297.30254,829.0,911.0,787.0,0.00568,0.00387,0.0121,1.35738,0.00214,50,whatsapp
1000,279.6998,789.0,874.25,747.0,0.00397,0.00419,0.00927,1.0777,0.00208,50,whatsapp
1045,259.59203,807.0,950.75,765.0,0.01041,0.00376,0.01836,2.39634,0.00076,50,whatsapp
1082,277.51157,795.0,842.0,753.0,0.00375,0.00429,0.00748,1.11294,0.00204,50,whatsapp
989,267.2459,842.5,889.5,800.5,0.00729,0.00464,0.01968,1.42784,0.00201,50,whatsapp
1063,262.95204,822.5,864.0,780.5,0.00499,0.0032,0.01268,1.22652,0.00229,50,whatsapp
1025,230.29676,798.5,891.75,756.5,0.00437,0.00406,0.00878,0.98541,0.00332,50,whatsapp
1054,254.25221,818.5,882.0,776.5,0.00667,0.00458,0.01634,1.47935,0.00171,50,whatsapp
984,224.6661,795.0,858.5,753.0,0.00595,0.0055,0.01407,1.28742,0.00184,50,whatsapp
1024,257.48124,806.0,925.25,764.0,0.00664,0.00519,0.01515,1.50805,0.00118,50,whatsapp
1008,236.8733,807.0,897.5,765.0,0.00569,0.00388,0.01412,1.29619,0.00211,50,whatsapp
1076,257.49918,931.0,954.0,889.0,0.00571,0.00522,0.01337,1.15012,0.00225,50,whatsapp
1079,315.98763,894.0,987.75,852.0,0.00658,0.00474,0.01728,1.3643,0.00242,50,whatsapp
1016,249.38797,878.0,951.0,836.0,0.00519,0.00504,0.01388,1.14385,0.00218,50,whatsapp
1060,291.30483,837.0,886.0,795.0,0.00561,0.00551,0.01789,1.3295,0.00121,50,whatsapp
1049,273.00322,814.0,887.5,772.0,0.0049,0.00463,0.01073,1.13082,0.00207,50,whatsapp
1082,278.25156,775.0,847.0,733.0,0.00597,0.0032,0.01073,1.47667,0.0015,50,whatsapp
1080,321.34639,787.5,972.0,745.5,0.00518,0.00489,0.01048,1.22018,0.00211,50,whatsapp
1000,273.94264,812.0,912.0,770.0,0.00436,0.00228,0.01082,1.24041,0.00223,50,whatsapp
1073,275.17239,778.0,834.25,736.0,0.00446,0.00462,0.00951,1.10821,0.00196,50,whatsapp
1030,289.98393,802.0,853.5,760.0,0.00465,0.00442,0.0088,1.10655,0.00236,50,whatsapp
994,273.83346,825.0,876.0,783.0,0.00722,0.00403,0.01673,1.56779,0.00198,50,whatsapp
1070,342.09896,808.5,1014.0,766.5,0.00522,0.00497,0.01046,1.36707,0.00169,50,whatsapp
1076,304.3011,778.0,880.5,736.0,0.00573,0.00566,0.01373,1.29062,0.00198,50,whatsapp
1001,285.57962,831.0,866.25,789.0,0.00716,0.01117,0.01614,1.51269,0.0001,50,whatsapp
1001,299.29123,929.0,1001.0,887.0,0.00576,0.00623,0.0161,1.53479,0.0,50,whatsapp
1079,307.07391,865.0,956.25,823.0,0.00645,0.00259,0.01407,2.28319,0.00016,50,whatsapp
1077,293.68325,794.0,892.0,752.0,0.00827,0.0023,0.01577,2.47322,0.00011,50,whatsapp
1006,275.91625,776.0,856.25,734.0,0.00801,0.00605,0.01912,1.38348,0.00136,50,whatsapp
1046,314.92251,785.0,971.25,743.0,0.00491,0.00306,0.0155,1.68006,0.0002,50,whatsapp
1079,331.07228,783.0,1026.0,741.0,0.00526,0.00434,0.01411,1.48578,0.00109,50,whatsapp
1043,273.3795,907.0,1026.0,865.0,0.00636,0.00311,0.01614,1.70464,7e-05,50,whatsapp
1066,323.00751,844.0,932.0,802.0,0.00578,0.00698,0.01467,1.30507,0.00127,50,whatsapp
1043,330.5062,867.0,965.0,825.0,0.00668,0.00497,0.01562,1.59509,0.00091,50,whatsapp
1015,276.12428,761.0,924.0,719.0,0.00809,0.00746,0.01722,1.54379,0.00048,50,whatsapp
1048,304.76584,838.0,931.0,796.0,0.00775,0.00465,0.01702,1.77695,0.00073,50,whatsapp
1027,290.17933,798.0,893.0,756.0,0.00718,0.0043,0.01548,1.64963,0.00094,50,whatsapp
1002,233.53234,805.0,851.0,763.0,0.0069,0.00365,0.0176,1.60256,0.00029,50,whatsapp
1065,282.80961,839.0,867.0,797.0,0.00815,0.00428,0.0192,1.59593,0.00107,50,whatsapp
1068,281.12648,828.0,901.75,786.0,0.0062,0.00351,0.01462,1.51032,0.00132,50,whatsapp
1027,244.54605,817.0,851.0,775.0,0.00453,0.00602,0.01157,1.19955,0.00128,50,whatsapp
1032,288.56223,811.5,854.75,769.5,0.00481,0.00464,0.01007,1.27342,0.00136,50,whatsapp
908,238.57259,790.5,843.5,748.5,0.00762,0.00388,0.0176,1.78842,0.00021,50,whatsapp
1046,232.28839,835.0,902.0,793.0,0.00648,0.00366,0.01483,1.61051,0.00154,50,whatsapp
1052,298.91885,807.0,889.0,765.0,0.00735,0.00348,0.01418,1.74423,0.00153,50,whatsapp
1014,271.02312,792.0,820.0,750.0,0.00648,0.00405,0.01515,1.29557,0.00228,50,whatsapp
1072,276.35205,804.0,836.5,762.0,0.00523,0.00431,0.01286,1.22319,0.00224,50,whatsapp
1055,287.89849,808.5,839.0,766.5,0.00582,0.00384,0.01262,1.68191,0.00072,50,whatsapp
996,265.17363,795.0,840.0,753.0,0.00672,0.00455,0.01672,1.62146,0.00113,50,whatsapp
1027,293.07579,795.0,907.0,753.0,0.0068,0.00136,0.01112,1.7166,0.00193,50,whatsapp
975,288.06027,850.0,915.25,808.0,0.00773,0.00193,0.01542,2.07993,0.00121,50,whatsapp
1026,278.75506,854.0,939.75,812.0,0.00603,0.00454,0.01473,1.18707,0.00301,50,whatsapp
1058,276.03086,829.0,894.0,787.0,0.2139,0.00391,0.0202,6.06752,0.00215,50,whatsapp
1061,268.29398,807.0,837.0,765.0,0.00576,0.00588,0.01665,1.29837,0.00132,50,whatsapp
1020,292.82586,835.0,910.0,793.0,0.00556,0.00446,0.01443,1.30673,0.00191,50,whatsapp
1083,300.05971,797.0,894.0,755.0,0.00431,0.0029,0.00871,1.2304,0.00231,50,whatsapp
1061,284.82998,802.0,837.0,760.0,0.00434,0.00438,0.01071,1.0692,0.00222,50,whatsapp
1021,284.10772,836.0,872.25,794.0,0.00564,0.00452,0.01552,1.42065,0.00143,50,whatsapp
1086,287.54548,805.5,877.25,763.5,0.00468,0.00319,0.01134,1.19824,0.00193,50,whatsapp
1078,271.57116,792.0,843.75,750.0,0.00555,0.00562,0.01278,1.2106,0.00172,50,whatsapp
1086,259.21545,795.0,843.75,753.0,0.005,0.00506,0.01122,1.29556,0.00129,50,whatsapp
1011,256.89134,825.0,867.75,783.0,0.00562,0.00394,0.01373,1.31193,0.00209,50,whatsapp
1055,284.80926,802.0,846.0,760.0,0.00488,0.00451,0.01207,1.15335,0.0021,50,whatsapp
1070,305.34935,845.5,890.25,803.5,0.00487,0.00488,0.01228,1.24271,0.00203,50,whatsapp
1071,322.08952,815.0,890.75,773.0,0.00473,0.00459,0.01045,1.21251,0.00192,50,whatsapp
1067,306.10281,807.5,880.0,765.5,0.00625,0.00421,0.01151,1.61503,0.00134,50,whatsapp
1005,259.06583,823.0,842.0,781.0,0.00618,0.00428,0.01469,1.41032,0.00197,50,whatsapp
1076,275.35064,832.0,929.25,790.0,0.00678,0.00431,0.01788,1.47898,0.00208,50,whatsapp
933,201.91196,811.0,856.0,769.0,0.00578,0.00446,0.01102,1.35339,0.00211,50,whatsapp
999,268.13027,796.5,826.25,754.5,0.00583,0.00446,0.01269,1.52641,0.00134,50,whatsapp
1002,246.40153,806.0,844.5,764.0,0.00447,0.00334,0.00941,1.1534,0.00229,50,whatsapp
1047,293.41702,793.5,830.0,751.5,0.00553,0.00491,0.0116,1.46525,0.0013,50,whatsapp
1051,276.62936,802.0,851.0,760.0,0.0057,0.00419,0.01453,1.28163,0.00208,50,whatsapp
966,287.2171,814.0,862.0,772.0,0.00472,0.00336,0.01183,1.49914,0.00102,50,whatsapp
1044,276.59821,784.0,836.0,742.0,0.00418,0.00344,0.01092,1.13216,0.00202,50,whatsapp
1031,265.63412,824.5,872.0,782.5,0.0043,0.00526,0.01047,1.17985,0.00188,50,whatsapp
1021,267.22875,838.0,865.0,796.0,0.00468,0.00422,0.01001,1.12515,0.00254,50,whatsapp
1081,314.80104,843.0,1003.25,801.0,0.00654,0.00452,0.01752,1.25995,0.0022,50,whatsapp
905,201.51992,798.0,832.0,756.0,0.0044,0.00417,0.01082,1.12385,0.00208,50,whatsapp
1077,288.39072,821.0,862.75,779.0,0.00449,0.00454,0.0092,0.98514,0.00321,50,whatsapp
1015,213.93706,808.0,834.25,766.0,0.00643,0.005,0.0187,1.40337,0.00131,50,whatsapp
1045,314.659,815.0,855.0,773.0,0.0043,0.00401,0.0109,1.11828,0.00216,50,whatsapp
960,241.86798,842.0,865.0,800.0,0.00512,0.00512,0.01307,1.20287,0.00215,50,whatsapp
1067,289.69091,815.0,890.0,773.0,0.00489,0.00485,0.01168,1.18944,0.00186,50,whatsapp
999,210.54892,842.0,874.75,800.0,0.00586,0.00487,0.01486,1.21243,0.00257,50,whatsapp
995,240.57858,844.0,872.75,802.0,0.00504,0.00384,0.009,1.18029,0.00261,50,whatsapp
1023,221.40318,831.0,856.25,789.0,0.00777,0.00387,0.0234,1.56449,0.00194,50,whatsapp
1076,284.61806,827.0,931.0,785.0,0.00607,0.00439,0.01447,1.548,0.00114,50,whatsapp
1001,262.97869,792.5,837.0,750.5,0.00468,0.0041,0.01122,1.29246,0.00176,50,whatsapp
1064,289.83728,803.0,850.0,761.0,0.00564,0.00527,0.01398,1.39584,0.00106,50,whatsapp
1026,258.12433,829.0,871.0,787.0,0.0057,0.00516,0.0168,1.39463,0.00106,50,whatsapp
981,297.77976,808.5,841.0,766.5,0.00659,0.00413,0.01585,1.56099,0.00117,50,whatsapp
1013,239.78891,835.0,849.0,793.0,0.0063,0.00468,0.01599,1.60696,0.00069,50,whatsapp
1021,260.48122,809.5,860.0,767.5,0.0063,0.00533,0.01414,1.5582,0.0011,50,whatsapp
1054,281.95998,795.0,852.0,753.0,0.00541,0.00423,0.01461,1.4455,0.00108,50,whatsapp
997,292.1392,811.0,842.75,769.0,0.00658,0.00372,0.01816,1.31465,0.00244,50,whatsapp
1018,230.95868,839.0,942.0,797.0,0.00691,0.0027,0.01662,1.02901,0.00526,50,whatsapp
1082,306.40664,815.0,903.0,773.0,0.00591,0.00579,0.01288,1.36688,0.00159,50,whatsapp
1052,231.01217,795.5,880.25,753.5,0.0058,0.00448,0.01662,1.43154,0.00145,50,whatsapp
1066,241.59756,789.0,853.5,747.0,0.00579,0.00353,0.01769,1.36324,0.00198,50,whatsapp
1025,235.96702,846.0,926.75,804.0,0.0049,0.00374,0.00919,1.16552,0.00284,50,whatsapp
1087,219.00199,868.0,906.0,826.0,0.00755,0.00308,0.0113,1.43578,0.00344,50,whatsapp
1004,238.45864,812.0,862.25,770.0,0.00755,0.00685,0.02077,1.22804,0.00213,50,whatsapp
1064,229.45481,833.0,876.0,791.0,0.00768,0.00609,0.0206,1.55285,0.00026,50,whatsapp
1019,266.84962,791.5,882.75,749.5,0.00566,0.004,0.01322,1.37045,0.00209,50,whatsapp
1072,299.29298,817.0,887.0,775.0,0.00721,0.00496,0.0199,1.48547,0.0014,50,whatsapp
984,221.46162,800.0,856.75,758.0,0.00693,0.00417,0.01958,1.66295,0.00116,50,whatsapp
913,271.06831,792.0,861.0,750.0,0.00687,0.00357,0.01838,1.86612,0.00051,50,whatsapp
1050,273.63587,833.5,960.5,791.5,0.00527,0.0039,0.01255,1.21909,0.0025,50,whatsapp
1036,313.25742,874.5,983.75,832.5,0.00693,0.00531,0.01552,1.46963,0.00109,50,whatsapp
1019,317.29759,818.5,921.0,776.5,0.00709,0.00305,0.02129,1.98657,0.00022,50,whatsapp
1045,291.24769,807.0,958.75,765.0,0.00785,0.00457,0.0166,1.91054,0.00016,50,whatsapp
921,299.84771,846.0,849.25,804.0,0.00492,0.00448,0.01194,1.26317,0.00185,50,whatsapp
1072,301.69343,817.5,876.0,775.5,0.0065,0.00262,0.01436,1.65092,0.00107,50,whatsapp
994,317.93006,773.0,887.0,731.0,0.00692,0.00296,0.0156,1.66666,0.0011,50,whatsapp
987,287.77891,793.0,935.75,751.0,0.00675,0.00617,0.0148,1.47414,0.00122,50,whatsapp
1076,276.73172,790.0,873.25,748.0,0.00698,0.0033,0.01561,1.59387,0.00047,50,whatsapp
1062,283.83805,858.5,1013.75,816.5,0.00483,0.00516,0.01292,1.28566,0.00104,50,whatsapp
1014,273.55538,801.5,843.0,759.5,0.00678,0.00515,0.0153,1.48381,0.00064,50,whatsapp
1028,297.48383,845.0,1002.0,803.0,0.00564,0.00327,0.0145,1.6667,0.001,50,whatsapp
1083,292.23289,846.0,938.0,804.0,0.00809,0.00389,0.01972,1.597,0.00076,50,whatsapp
1017,291.24711,826.0,933.75,784.0,0.00798,0.00592,0.02404,1.37795,0.00206,50,whatsapp
1077,311.22461,827.0,1021.0,785.0,0.00535,0.00281,0.01373,1.36246,0.00207,50,whatsapp
1022,316.10163,854.0,936.0,812.0,0.00503,0.00164,0.00916,2.18941,0.0003,50,whatsapp
1011,198.91194,839.0,878.0,797.0,0.20873,0.00721,0.02245,5.98502,0.00029,50,whatsapp
1080,274.61954,829.0,870.75,787.0,0.00485,0.00465,0.01159,1.14756,0.00206,50,whatsapp
1083,272.94253,850.5,989.0,808.5,0.00652,0.0044,0.01766,1.35343,0.00215,50,whatsapp
1084,234.98528,830.0,913.25,788.0,0.00609,0.0043,0.01255,1.36407,0.00209,50,whatsapp
1079,257.13831,830.0,911.5,788.0,0.00632,0.00628,0.01766,1.41814,0.00092,50,whatsapp
1049,267.73995,840.0,942.75,798.0,0.00552,0.00469,0.01405,1.19594,0.0023,50,whatsapp
1083,267.76089,855.5,986.5,813.5,0.00596,0.00595,0.01651,1.34004,0.00114,50,whatsapp
1064,288.91275,872.5,998.5,830.5,0.00695,0.00481,0.01922,1.5104,0.00178,50,whatsapp
1071,278.16841,801.0,940.0,759.0,0.00634,0.0049,0.01775,1.25503,0.00252,50,whatsapp
962,233.06068,902.0,915.0,860.0,0.0084,0.00568,0.01585,1.93597,0.0008,50,whatsapp
1012,255.26541,838.0,924.5,796.0,0.00734,0.00318,0.01499,1.71597,0.00139,50,whatsapp
1061,270.69335,871.0,904.5,829.0,0.01197,0.00343,0.0241,2.47405,0.00021,50,whatsapp
1055,291.2076,803.0,907.0,761.0,0.00597,0.00495,0.01573,1.53812,0.00135,50,whatsapp
1050,231.08614,842.0,897.5,800.0,0.00614,0.00539,0.0167,1.32288,0.00193,50,whatsapp
1087,313.44773,834.0,902.75,792.0,0.0053,0.00514,0.01271,1.41541,0.00092,50,whatsapp
1019,255.43885,824.0,898.25,782.0,0.00754,0.00533,0.02025,1.5992,0.00174,50,whatsapp
1027,257.19948,835.0,882.0,793.0,0.00687,0.00421,0.0195,1.41929,0.00213,50,whatsapp
1077,238.32819,839.0,923.75,797.0,0.00597,0.00472,0.01324,1.31359,0.00208,50,whatsapp
945,266.69362,847.5,859.0,805.5,0.00735,0.00318,0.02254,1.63791,0.0016,50,whatsapp
1074,279.8683,807.0,1005.0,765.0,0.005,0.00447,0.01018,1.21353,0.00203,50,whatsapp
1072,293.42731,831.0,877.0,789.0,0.00475,0.00445,0.00966,1.21049,0.0021,50,whatsapp
1073,337.6828,816.5,973.75,774.5,0.00708,0.00177,0.00854,1.7547,0.00236,50,whatsapp
1044,312.69923,833.0,954.0,791.0,0.00508,0.00475,0.01176,1.18666,0.0019,50,whatsapp
1023,302.33478,849.0,897.75,807.0,0.00639,0.00616,0.01711,1.39583,0.00119,50,whatsapp
1075,299.64426,828.0,860.0,786.0,0.00699,0.00506,0.01258,1.62245,0.00115,50,whatsapp
1026,280.60019,776.5,884.0,734.5,0.00493,0.00364,0.01381,1.31411,0.00205,50,whatsapp
1067,290.10759,834.5,846.0,792.5,0.00564,0.0041,0.01116,1.35974,0.00193,50,whatsapp
1065,294.84288,842.5,869.25,800.5,0.00491,0.00194,0.01263,1.42511,0.00173,50,whatsapp
977,303.45398,773.5,839.0,731.5,0.00516,0.00444,0.01393,1.26999,0.00184,50,whatsapp
1017,201.11127,875.0,911.0,833.0,0.00541,0.00445,0.01388,1.21985,0.00211,50,whatsapp
1031,324.9906,852.0,968.75,810.0,0.00652,0.00406,0.01664,1.55697,0.00103,50,whatsapp
1000,245.3742,820.0,830.0,778.0,0.00539,0.00454,0.01399,1.28921,0.00207,50,whatsapp
910,235.98023,833.0,860.75,791.0,0.00832,0.00319,0.02348,1.70117,0.00159,50,whatsapp
1031,246.50959,828.5,863.0,786.5,0.00707,0.00545,0.01582,1.48348,0.0013,50,whatsapp
1030,284.22302,765.0,862.0,723.0,0.00445,0.00404,0.01315,1.50987,0.00043,50,whatsapp
1055,305.25596,807.0,858.0,765.0,0.00647,0.00284,0.0157,1.82536,0.00051,50,whatsapp
1068,298.05091,793.0,859.0,751.0,0.00721,0.00541,0.01606,1.66208,0.00079,50,whatsapp
962,264.05855,788.0,825.5,746.0,0.00701,0.00674,0.01598,1.48509,0.00083,50,whatsapp
1082,298.71841,880.0,994.0,838.0,0.00624,0.00187,0.01561,2.32128,0.00019,50,whatsapp
1079,306.8664,814.5,899.75,772.5,0.00645,0.00538,0.01702,1.66729,0.00089,50,whatsapp
1008,307.14159,807.5,928.25,765.5,0.00642,0.00568,0.01692,1.49884,0.00065,50,whatsapp
983,298.22222,797.0,842.0,755.0,0.00927,0.00525,0.02754,1.56354,0.00153,50,whatsapp
1017,289.89263,790.5,816.0,748.5,0.00593,0.00446,0.01391,1.2121,0.00216,50,whatsapp
1017,270.50062,786.0,840.5,744.0,0.00787,0.00727,0.01967,1.55368,0.0,50,whatsapp
939,305.97601,817.0,918.0,775.0,0.00636,0.0095,0.01476,1.28424,0.00106,50,whatsapp
949,348.54832,735.0,893.0,693.0,0.00857,0.00129,0.02335,1.98429,0.00021,50,whatsapp
943,324.40717,216.5,815.25,174.5,0.00257,0.00292,0.00651,1.4881,0.00014,50,whatsapp
1004,337.5748,821.0,917.0,779.0,0.00452,0.00409,0.01008,1.25131,0.00218,50,whatsapp
1073,320.88357,812.5,889.5,770.5,0.0084,0.00897,0.02148,1.57683,0.00015,50,whatsapp
979,315.03794,932.0,951.0,890.0,0.00762,0.00489,0.02005,1.69793,0.00025,50,whatsapp
1026,347.51899,921.5,958.0,879.5,0.00663,0.00616,0.01706,1.21698,0.00219,50,whatsapp
1012,323.24247,915.0,940.0,873.0,0.00615,0.00706,0.0152,1.34015,0.00072,50,whatsapp
1026,338.13503,890.5,950.75,848.5,0.00731,0.00705,0.01614,1.66357,0.0002,50,whatsapp
1016,305.93169,910.5,957.0,868.5,0.00664,0.00599,0.01576,1.2921,0.00131,50,whatsapp
1005,345.77791,930.0,963.0,888.0,0.00708,0.00778,0.01882,1.50975,0.00022,50,whatsapp
1002,352.14019,862.0,918.0,820.0,0.00614,0.00401,0.0141,1.34568,0.00222,50,whatsapp
1018,377.00638,900.0,949.75,858.0,0.0055,0.00312,0.01455,1.39066,0.00145,50,whatsapp
1026,344.73822,844.5,901.5,802.5,0.0053,0.00424,0.01349,1.41864,0.00135,50,whatsapp
997,260.36077,779.5,925.75,737.5,0.00803,0.00421,0.01765,1.68344,0.00133,50,whatsapp
1027,287.82454,880.0,913.0,838.0,0.00668,0.00507,0.01786,1.4906,0.00131,50,whatsapp
991,278.86057,829.5,903.0,787.5,0.00634,0.00567,0.01482,1.28427,0.00186,50,whatsapp
1017,279.35391,744.0,893.75,702.0,0.00723,0.00484,0.01769,1.73116,0.00027,50,whatsapp
1049,293.40601,769.0,839.0,727.0,0.34257,0.00317,0.01524,6.4376,0.00134,50,whatsapp
1087,350.85189,815.0,998.0,773.0,0.00412,0.00474,0.00971,1.00839,0.00223,50,whatsapp
1020,229.16625,837.5,862.75,795.5,0.00439,0.0039,0.01205,1.06495,0.00247,50,whatsapp
1087,298.02235,827.0,891.0,785.0,0.00528,0.00341,0.01449,1.18518,0.00289,50,whatsapp
1068,307.81931,802.5,867.0,760.5,0.00444,0.00368,0.0068,1.19034,0.00227,50,whatsapp
1080,321.59392,795.0,875.5,753.0,0.00353,0.00375,0.00625,0.93419,0.00273,50,whatsapp
1080,301.70761,847.5,879.0,805.5,0.00418,0.00447,0.0078,1.00228,0.00318,50,whatsapp
868,260.42738,816.0,838.0,774.0,0.00436,0.0042,0.01077,1.16309,0.00201,50,whatsapp
1065,298.73393,822.0,856.75,780.0,0.00656,0.00408,0.0122,1.57095,0.00161,50,whatsapp
1026,270.31497,826.0,876.5,784.0,0.00545,0.00531,0.01385,1.28942,0.00112,50,whatsapp
1073,264.52817,801.0,858.5,759.0,0.00391,0.0041,0.0072,0.94337,0.00325,50,whatsapp
1061,305.31409,840.0,987.75,798.0,0.00415,0.00438,0.00914,0.99023,0.00254,50,whatsapp
1081,281.57744,857.5,969.5,815.5,0.00651,0.00406,0.01683,1.33867,0.00211,50,whatsapp
1017,254.3404,844.0,862.0,802.0,0.00479,0.00437,0.01134,1.12272,0.00239,50,whatsapp
1021,269.35843,802.5,847.75,760.5,0.00605,0.00418,0.0115,1.39025,0.00213,50,whatsapp
1018,264.4479,831.5,852.25,789.5,0.00411,0.00212,0.01005,1.03116,0.00316,50,whatsapp
1053,288.91218,831.0,901.0,789.0,0.00438,0.00341,0.00888,0.98408,0.00356,50,whatsapp
996,242.44549,812.0,871.0,770.0,0.00456,0.00412,0.01125,1.03683,0.00278,50,whatsapp
1080,243.76087,831.0,886.0,789.0,0.00478,0.00455,0.01078,1.02626,0.00287,50,whatsapp
1053,288.02297,821.0,910.0,779.0,0.00432,0.00348,0.01015,1.01077,0.00305,50,whatsapp
1077,310.94879,838.5,944.25,796.5,0.00516,0.00495,0.01395,1.15244,0.00241,50,whatsapp
1079,316.87905,841.5,890.0,799.5,0.00412,0.00322,0.01028,1.03435,0.0025,50,whatsapp
1076,293.32051,850.0,905.0,808.0,0.00504,0.00375,0.01189,1.17754,0.00262,50,whatsapp
1064,290.8652,850.5,872.25,808.5,0.00474,0.00433,0.01195,1.07865,0.00232,50,whatsapp
1012,300.69355,801.0,926.0,759.0,0.00479,0.00429,0.01058,1.19321,0.00213,50,whatsapp
1071,321.20732,849.0,889.0,807.0,0.00513,0.00426,0.01208,1.29557,0.00233,50,whatsapp
1015,288.67412,827.0,850.0,785.0,0.00523,0.00484,0.01508,1.26221,0.00203,50,whatsapp
993,290.12693,843.0,886.0,801.0,0.00451,0.00299,0.01104,1.13594,0.00244,50,whatsapp
1009,274.24118,856.0,897.25,814.0,0.00484,0.00435,0.01122,1.28087,0.00193,50,whatsapp
959,273.83995,841.0,898.75,799.0,0.00548,0.00408,0.01063,1.29316,0.00224,50,whatsapp
1019,271.17033,865.0,928.0,823.0,0.00544,0.00483,0.0114,1.17008,0.00188,50,whatsapp
1085,294.39023,846.0,892.0,804.0,0.00557,0.00544,0.01414,1.33936,0.00118,50,whatsapp
1019,276.48233,838.0,890.0,796.0,0.00774,0.00471,0.01726,1.57051,0.00168,50,whatsapp
1009,295.00497,807.0,832.5,765.0,0.00808,0.00392,0.0164,1.83514,0.0,50,whatsapp
1067,280.4323,851.0,877.0,809.0,0.00549,0.00146,0.01563,1.84102,0.00013,50,whatsapp
1022,300.61613,838.0,925.5,796.0,0.00557,0.00391,0.01185,1.53256,0.00132,50,whatsapp
1086,332.52467,844.5,920.5,802.5,0.00618,0.00526,0.01606,1.29706,0.00213,50,whatsapp
1085,308.04664,793.0,894.0,751.0,0.00469,0.00414,0.00947,1.28682,0.00211,50,whatsapp
984,270.80873,824.0,846.0,782.0,0.00573,0.0035,0.01253,1.48696,0.002,50,whatsapp
1033,283.1343,827.0,867.0,785.0,0.00648,0.00338,0.02104,1.52427,0.00214,50,whatsapp
1016,302.00829,800.0,890.0,758.0,0.005,0.00459,0.01015,1.21522,0.00205,50,whatsapp
1040,265.1109,819.0,877.0,777.0,0.00559,0.00434,0.01017,1.47657,0.00134,50,whatsapp
1053,318.06209,854.0,898.0,812.0,0.00586,0.00452,0.01709,1.24478,0.00215,50,whatsapp
1030,263.46795,827.0,861.0,785.0,0.0069,0.00403,0.01565,1.73421,0.00117,50,whatsapp
1025,277.02932,817.0,891.75,775.0,0.00631,0.00373,0.01284,1.55409,0.00165,50,whatsapp
1018,266.99032,846.5,865.0,804.5,0.0057,0.00518,0.01523,1.37462,0.00123,50,whatsapp
1082,320.55202,775.0,845.75,733.0,0.0047,0.00465,0.01162,1.15633,0.00206,50,whatsapp
1084,262.10143,795.5,911.25,753.5,0.00628,0.00448,0.01671,1.18481,0.00308,50,whatsapp
978,250.41551,803.0,875.0,761.0,0.00538,0.00483,0.0117,1.29862,0.00217,50,whatsapp
1077,320.81509,880.0,971.0,838.0,0.00602,0.00468,0.0185,1.72597,0.00036,50,whatsapp
1023,311.24453,846.0,979.75,804.0,0.00561,0.00588,0.01241,1.27878,0.00247,50,whatsapp
1008,322.56448,893.0,934.25,851.0,0.00446,0.00494,0.01107,1.22238,0.00137,50,whatsapp
1019,280.65472,857.0,871.0,815.0,0.00738,0.00472,0.01939,1.62886,0.00146,50,whatsapp
1035,282.25402,798.5,877.0,756.5,0.00666,0.00647,0.01589,1.547,0.00017,50,whatsapp
1078,245.64253,836.0,886.5,794.0,0.00664,0.00605,0.01542,1.62831,0.00042,50,whatsapp
1078,264.74677,842.5,953.5,800.5,0.00793,0.00627,0.01558,1.66192,0.00039,50,whatsapp
950,230.5359,851.0,858.0,809.0,0.00677,0.0062,0.01571,1.55277,0.0002,50,whatsapp
1050,315.78692,821.0,877.0,779.0,0.00571,0.00607,0.01625,1.53601,0.00012,50,whatsapp
1013,226.38829,800.0,861.25,758.0,0.00814,0.00558,0.01541,1.6983,0.00081,50,whatsapp
1041,254.85491,832.0,865.0,790.0,0.00515,0.00557,0.01459,1.31802,0.0011,50,whatsapp
1086,272.13601,818.5,855.0,776.5,0.00567,0.00621,0.0143,1.35321,0.0012,50,whatsapp
975,259.64443,850.5,899.25,808.5,0.00586,0.00334,0.01596,1.56352,0.00112,50,whatsapp
1073,323.6903,815.0,897.5,773.0,0.00571,0.00541,0.01477,1.4477,0.00107,50,whatsapp
1042,318.73809,818.0,909.5,776.0,0.00636,0.00428,0.01927,1.58804,0.00102,50,whatsapp
1058,292.00245,813.0,840.0,771.0,0.00631,0.00324,0.01374,1.61145,0.00099,50,whatsapp
1026,294.61371,830.5,869.0,788.5,0.00559,0.00476,0.0138,1.27835,0.00228,50,whatsapp
954,260.4114,798.5,853.0,756.5,0.14174,0.00391,0.01375,5.98846,0.00113,50,whatsapp
1069,286.16461,797.0,853.25,755.0,0.00467,0.00408,0.01154,1.19497,0.00198,50,whatsapp
1071,315.59582,779.5,910.75,737.5,0.00632,0.0031,0.01674,1.50145,0.00191,50,whatsapp
996,281.20147,802.0,855.25,760.0,0.00422,0.00477,0.00874,1.09703,0.00213,50,whatsapp
979,292.35685,815.0,861.5,773.0,0.00465,0.00524,0.01038,1.26487,0.00109,50,whatsapp
1037,296.79112,863.0,970.75,821.0,0.00491,0.00306,0.00982,1.32433,0.00212,50,whatsapp
858,263.67961,781.0,842.0,739.0,0.00432,0.00451,0.01011,1.15829,0.00211,50,whatsapp
1077,297.29682,807.5,937.0,765.5,0.00575,0.00479,0.01299,1.4142,0.00169,50,whatsapp
1017,328.19246,796.0,895.0,754.0,0.00558,0.0032,0.01502,1.45153,0.00186,50,whatsapp
1075,269.70311,834.5,855.0,792.5,0.00442,0.004,0.01151,1.14528,0.00218,50,whatsapp
1085,295.31611,788.5,822.25,746.5,0.00476,0.00401,0.01214,1.14782,0.0023,50,whatsapp
1061,282.48817,831.5,904.0,789.5,0.00452,0.00332,0.00982,1.15246,0.00261,50,whatsapp
1063,279.69061,810.5,841.0,768.5,0.00504,0.00627,0.01315,1.17763,0.00113,50,whatsapp
1043,330.15517,813.5,903.25,771.5,0.0047,0.00419,0.00932,1.20994,0.00213,50,whatsapp
1076,328.9929,837.0,919.0,795.0,0.00605,0.00391,0.01583,1.38095,0.00193,50,whatsapp
1061,294.00863,838.0,882.0,796.0,0.00378,0.00376,0.00851,1.0663,0.00232,50,whatsapp
1070,299.83507,812.0,887.0,770.0,0.00606,0.00324,0.01085,1.51338,0.00213,50,whatsapp
934,252.1266,814.0,836.75,772.0,0.00566,0.00437,0.01429,1.56297,0.00092,50,whatsapp
1083,340.28829,823.0,984.0,781.0,0.00488,0.0034,0.0119,1.20638,0.00222,50,whatsapp
965,231.51555,822.5,877.0,780.5,0.00659,0.00425,0.01242,1.42893,0.00226,50,whatsapp
1072,287.46501,811.0,844.0,769.0,0.00454,0.00351,0.01165,1.33749,0.00112,50,whatsapp
1013,312.95746,845.5,905.75,803.5,0.00457,0.00309,0.01087,1.14338,0.00246,50,whatsapp
1027,271.3146,810.5,840.0,768.5,0.00492,0.0036,0.01171,1.22274,0.00258,50,whatsapp
991,302.54623,800.0,872.25,758.0,0.00489,0.00322,0.00859,1.33609,0.00209,50,whatsapp
958,291.26373,818.5,901.0,776.5,0.00449,0.00312,0.01102,1.15067,0.00239,50,whatsapp
1081,308.12415,813.0,951.75,771.0,0.00568,0.00383,0.01221,1.45663,0.00187,50,whatsapp
1060,280.1224,811.0,844.25,769.0,0.00475,0.00506,0.01003,1.15354,0.00205,50,whatsapp
1008,255.30807,832.0,851.0,790.0,0.00657,0.00496,0.02037,1.45373,0.0014,50,whatsapp
1083,319.01694,774.0,837.5,732.0,0.00436,0.00375,0.0086,1.12561,0.00226,50,whatsapp
1060,244.2336,834.0,844.0,792.0,0.00546,0.00456,0.01134,1.1723,0.00275,50,whatsapp
1018,242.07521,807.0,852.75,765.0,0.00438,0.00438,0.00933,1.17792,0.00213,50,whatsapp
1082,324.8252,812.5,876.0,770.5,0.00447,0.00608,0.01055,1.23424,0.00126,50,whatsapp
994,311.62866,817.0,840.0,775.0,0.00477,0.00478,0.01061,1.22771,0.00191,50,whatsapp
1080,262.39501,817.0,855.0,775.0,0.00545,0.0024,0.0116,1.35418,0.00228,50,whatsapp
1072,305.85434,833.0,882.5,791.0,0.00643,0.00492,0.01832,1.4315,0.00148,50,whatsapp
946,274.87483,820.0,849.75,778.0,0.00543,0.00431,0.01442,1.43678,0.00182,50,whatsapp
1068,319.11331,791.5,835.25,749.5,0.00402,0.00415,0.00971,1.13386,0.00185,50,whatsapp
1074,266.89003,831.0,841.0,789.0,0.00551,0.00361,0.00905,1.25094,0.00278,50,whatsapp
1010,273.81699,838.5,890.75,796.5,0.00522,0.00273,0.01166,1.42828,0.00205,50,whatsapp
1024,233.15959,857.0,973.75,815.0,0.0104,0.01401,0.0268,1.56084,0.0,50,whatsapp
1058,279.88592,898.0,991.5,856.0,0.00668,0.00244,0.01649,2.13092,0.00018,50,whatsapp
1073,239.24891,867.0,972.75,825.0,0.00669,0.00446,0.01408,1.40562,0.0021,50,whatsapp
1021,285.57775,857.0,949.25,815.0,0.00593,0.00483,0.01284,1.39582,0.00213,50,whatsapp
1078,257.50039,830.0,854.0,788.0,0.00691,0.00351,0.01457,1.67226,0.00146,50,whatsapp
1070,280.0404,833.0,892.0,791.0,0.00733,0.00414,0.0131,1.59441,0.00213,50,whatsapp
1039,287.14932,850.0,885.5,808.0,0.00545,0.00409,0.01507,1.29726,0.00227,50,whatsapp
864,274.78408,838.0,856.0,796.0,0.00501,0.00335,0.01145,1.48011,0.00122,50,whatsapp
1045,246.71697,839.0,883.0,797.0,0.01108,0.00447,0.01082,2.80404,0.00042,50,whatsapp
1073,303.1882,813.0,879.5,771.0,0.00551,0.00396,0.01393,1.42527,0.00136,50,whatsapp
1076,272.01513,821.5,850.75,779.5,0.00445,0.00389,0.01024,1.16977,0.00215,50,whatsapp
1016,318.32323,821.0,893.0,779.0,0.00624,0.00329,0.01716,1.45984,0.00144,50,whatsapp
1000,273.77894,844.0,861.25,802.0,0.004,0.0045,0.00831,1.05585,0.0026,50,whatsapp
1054,354.89991,849.5,966.0,807.5,0.00713,0.0033,0.01393,1.73568,0.00154,50,whatsapp
1026,296.57525,860.0,886.0,818.0,0.00784,0.00386,0.0187,1.75272,0.00126,50,whatsapp
1022,260.16038,815.0,854.0,773.0,0.00421,0.00488,0.00894,1.08925,0.00208,50,whatsapp
1055,271.6492,812.0,849.0,770.0,0.00571,0.00447,0.01219,1.25691,0.00216,50,whatsapp
1073,238.74088,843.5,907.75,801.5,0.00509,0.00541,0.01304,1.35876,0.00112,50,whatsapp
1075,288.98258,789.5,853.0,747.5,0.00596,0.00538,0.01589,1.54721,0.00103,50,whatsapp
1076,297.45915,880.5,963.5,838.5,0.00732,0.00557,0.01611,1.74913,0.00072,50,whatsapp
1081,333.45137,850.0,947.0,808.0,0.00617,0.00925,0.01513,1.36697,0.00082,50,whatsapp
1064,320.91244,796.5,858.0,754.5,0.00611,0.00518,0.01573,1.41505,0.00152,50,whatsapp
1078,285.31626,813.5,874.0,771.5,0.00513,0.00333,0.01498,1.53612,0.00096,50,whatsapp
1071,307.85472,787.5,858.75,745.5,0.00573,0.0046,0.01512,1.47172,0.00086,50,whatsapp
1023,279.9043,811.0,867.0,769.0,0.00615,0.00423,0.01525,1.44513,0.001,50,whatsapp
1082,238.2893,843.0,856.0,801.0,0.00776,0.00458,0.02265,1.68191,7e-05,50,whatsapp
1017,259.67749,802.5,890.5,760.5,0.00688,0.00509,0.0199,1.70107,0.0005,50,whatsapp
956,264.94054,852.5,869.0,810.5,0.00657,0.00395,0.01636,1.66704,0.00018,50,whatsapp
1018,319.39623,829.5,868.75,787.5,0.00677,0.00514,0.01307,1.75215,0.00034,50,whatsapp
1022,302.48407,813.0,858.0,771.0,0.0077,0.0041,0.01459,1.91338,0.00084,50,whatsapp
1052,276.92437,843.5,861.75,801.5,0.00567,0.00427,0.01583,1.53312,0.00102,50,whatsapp
1052,260.71765,830.0,850.0,788.0,0.13951,0.00361,0.01482,5.72487,0.00212,50,whatsapp
1067,305.90711,830.5,909.0,788.5,0.00591,0.00431,0.01191,1.39184,0.00186,50,whatsapp
1083,265.7402,804.0,866.0,762.0,0.00392,0.00363,0.00933,1.02675,0.00248,50,whatsapp
1079,311.56406,917.0,999.0,875.0,0.00481,0.00494,0.00946,1.01946,0.00318,50,whatsapp
989,285.28384,869.5,941.5,827.5,0.00599,0.0049,0.01671,1.3655,0.00147,50,whatsapp
1068,249.11885,860.0,931.0,818.0,0.00453,0.00527,0.01014,1.03782,0.00232,50,whatsapp
1029,226.46165,840.0,889.0,798.0,0.00512,0.00453,0.01135,1.11006,0.00249,50,whatsapp
1064,309.98021,811.0,893.0,769.0,0.00495,0.00521,0.01061,1.20355,0.00194,50,whatsapp
1027,300.03178,906.5,990.5,864.5,0.00621,0.00522,0.01496,1.2866,0.00222,50,whatsapp
849,203.34444,801.5,836.0,759.5,0.00573,0.00351,0.01392,1.37089,0.00175,50,whatsapp
1073,311.70878,793.0,978.0,751.0,0.00439,0.00394,0.00993,1.05998,0.00254,50,whatsapp
1081,293.37459,786.0,877.0,744.0,0.00468,0.00348,0.01081,1.20029,0.00226,50,whatsapp
1049,323.78227,808.0,843.0,766.0,0.00463,0.00424,0.00973,1.28582,0.00203,50,whatsapp
1045,324.56059,789.5,908.5,747.5,0.00499,0.00458,0.01163,1.18792,0.00217,50,whatsapp
1077,279.9059,806.5,919.5,764.5,0.00526,0.00534,0.01482,1.21056,0.00136,50,whatsapp
1081,281.50192,860.5,892.0,818.5,0.00505,0.00577,0.0127,1.19366,0.00176,50,whatsapp
1056,247.06396,847.0,886.0,805.0,0.00478,0.00448,0.01156,1.16395,0.00201,50,whatsapp
1080,294.49413,807.0,937.5,765.0,0.00505,0.00492,0.0099,1.12101,0.00231,50,whatsapp
1035,272.03847,852.0,881.0,810.0,0.00459,0.00506,0.00999,1.06446,0.00241,50,whatsapp
1055,258.58193,784.0,835.0,742.0,0.00547,0.00528,0.01513,1.42711,0.00109,50,whatsapp
1076,294.09088,798.0,892.25,756.0,0.00553,0.00516,0.01253,1.38361,0.00112,50,whatsapp
1076,346.996,785.5,910.0,743.5,0.00552,0.00362,0.01471,1.40034,0.00145,50,whatsapp
1083,321.80397,868.0,929.75,826.0,0.00502,0.00422,0.01106,1.14323,0.00256,50,whatsapp
1056,328.73226,843.0,913.0,801.0,0.00499,0.00372,0.01172,1.30149,0.00184,50,whatsapp
1071,308.31608,838.0,941.0,796.0,0.00659,0.00612,0.01728,1.47093,0.00059,50,whatsapp
973,292.97875,816.5,885.5,774.5,0.01044,0.00613,0.0203,2.0378,0.00022,50,whatsapp
992,285.49456,792.5,875.0,750.5,0.00865,0.00931,0.02249,1.68767,0.0,50,whatsapp
1065,244.29594,874.0,953.0,832.0,0.00638,0.00211,0.01351,2.13559,0.00016,50,whatsapp
1026,251.37708,848.5,901.0,806.5,0.0081,0.00366,0.0214,1.85696,0.00018,50,whatsapp
1006,293.42641,777.5,833.0,735.5,0.00566,0.00425,0.012,1.56945,0.00099,50,whatsapp
1003,284.43299,829.0,861.25,787.0,0.00679,0.00906,0.01759,1.3976,0.00011,50,whatsapp
985,263.07512,847.5,888.75,805.5,0.00512,0.00219,0.01026,1.86484,0.00029,50,whatsapp
985,285.29715,768.0,919.0,726.0,0.00472,0.00521,0.01014,1.29329,0.00109,50,whatsapp
1024,297.92363,777.0,877.75,735.0,0.00403,0.00436,0.00815,1.17868,0.00204,50,whatsapp
931,273.83936,877.5,905.5,835.5,0.00636,0.00238,0.00884,1.31559,0.00397,50,whatsapp
965,311.36846,867.0,909.5,825.0,0.00569,0.00477,0.01555,1.21956,0.00227,50,whatsapp
951,326.02011,883.0,923.0,841.0,0.00523,0.0055,0.01216,1.08713,0.00212,50,whatsapp
1019,300.37971,866.0,948.0,824.0,0.00536,0.00472,0.01454,1.16001,0.00194,50,whatsapp
1021,277.60283,868.0,889.0,826.0,0.00804,0.00417,0.01876,1.49847,0.00205,50,whatsapp
1027,304.97933,826.0,961.25,784.0,0.00496,0.00593,0.00977,1.09123,0.00302,50,whatsapp
1025,283.56777,875.5,919.5,833.5,0.00702,0.00706,0.01711,1.34716,0.00127,50,whatsapp
1025,298.14567,781.0,935.0,739.0,0.00447,0.00329,0.0116,1.03039,0.00296,50,whatsapp
962,327.08472,862.0,931.25,820.0,0.00452,0.00449,0.0105,1.12349,0.00211,50,whatsapp
974,309.20816,819.5,894.75,777.5,0.00486,0.00336,0.01284,1.21232,0.00204,50,whatsapp
1027,330.00361,799.0,865.0,757.0,0.00507,0.00493,0.01358,1.23525,0.00147,50,whatsapp
1027,292.31497,872.0,939.75,830.0,0.00547,0.0033,0.01367,1.2791,0.00268,50,whatsapp
1061,293.82378,751.0,910.5,709.0,0.0055,0.00613,0.01248,1.06207,0.00323,50,whatsapp
1024,232.63888,761.0,920.0,719.0,0.0061,0.00774,0.01491,1.19584,0.00106,50,whatsapp
915,296.74333,744.5,896.75,702.5,0.00692,0.00463,0.01434,1.59469,0.00134,50,whatsapp
1005,264.93977,817.5,895.25,775.5,0.00432,0.00264,0.01232,1.43238,0.00125,50,whatsapp
1009,324.42744,789.0,852.0,747.0,0.00489,0.0038,0.01054,1.16706,0.0027,50,whatsapp
1016,316.28148,860.0,969.5,818.0,0.00355,0.00277,0.00753,0.89642,0.00329,50,whatsapp
1021,300.11065,813.0,853.0,771.0,0.0047,0.00593,0.01136,1.09128,0.00221,50,whatsapp
1077,324.34374,774.5,891.0,732.5,0.00635,0.00262,0.0152,1.52073,0.00182,50,whatsapp
1046,292.84376,837.0,888.0,795.0,0.00484,0.00248,0.01147,1.17366,0.00303,50,whatsapp
1068,303.58403,841.5,950.0,799.5,0.00411,0.00295,0.00654,1.04983,0.00338,50,whatsapp
1025,300.52351,786.0,918.0,744.0,0.00442,0.00428,0.01155,1.04022,0.00225,50,whatsapp
879,279.57548,829.0,845.0,787.0,0.00497,0.00297,0.00857,1.27808,0.00288,50,whatsapp
1061,311.81411,797.0,978.0,755.0,0.00427,0.00351,0.00891,1.05442,0.00292,50,whatsapp
1077,276.88474,855.0,911.75,813.0,0.00381,0.00288,0.00752,0.91869,0.00348,50,whatsapp
1075,324.74268,798.5,896.0,756.5,0.00474,0.00477,0.01193,1.22904,0.00124,50,whatsapp
1069,405.79035,920.0,1069.0,878.0,0.00251,0.00192,0.00629,1.21067,0.00097,50,whatsapp
1017,312.06795,818.5,922.25,776.5,0.00493,0.00328,0.01142,1.06346,0.00395,50,whatsapp
1051,310.74252,808.5,875.0,766.5,0.00565,0.00252,0.0073,1.22881,0.00422,50,whatsapp
1020,284.16486,826.0,945.75,784.0,0.00353,0.00406,0.00802,0.92556,0.00229,50,whatsapp
1087,301.79311,839.0,977.25,797.0,0.00811,0.0031,0.01647,1.82285,0.0,50,whatsapp
1084,291.07811,849.0,954.75,807.0,0.00673,0.003,0.01742,1.73432,0.00019,50,whatsapp
1019,321.02005,845.5,948.5,803.5,0.00606,0.00518,0.01472,1.38688,0.00105,50,whatsapp
1021,323.86268,796.0,971.0,754.0,0.00693,0.005,0.01151,1.50599,0.00223,50,whatsapp
1017,341.43979,963.0,980.75,921.0,0.0043,0.00456,0.00944,1.14256,0.00202,50,whatsapp
1066,358.60423,852.0,970.0,810.0,0.00589,0.00341,0.01344,1.44525,0.00208,50,whatsapp
1065,343.38642,811.0,963.0,769.0,0.00518,0.00355,0.013,1.15669,0.00304,50,whatsapp
1011,327.79536,936.5,966.0,894.5,0.00526,0.00353,0.01136,1.00102,0.0045,50,whatsapp
1068,377.41232,772.0,998.0,730.0,0.00556,0.00374,0.00913,1.20337,0.0033,50,whatsapp
1066,350.09622,808.0,970.0,766.0,0.00505,0.00235,0.0109,1.08994,0.00419,50,whatsapp
1075,352.10452,839.5,966.5,797.5,0.00717,0.00315,0.01451,1.3633,0.00313,50,whatsapp
1021,285.47651,851.0,980.75,809.0,0.0054,0.00438,0.01394,1.16968,0.00218,50,whatsapp
1054,314.7519,890.0,969.5,848.0,0.00895,0.00327,0.01608,1.60969,0.0032,50,whatsapp
1044,302.54153,862.0,951.25,820.0,0.00676,0.00338,0.01557,1.19961,0.00319,50,whatsapp
1057,357.1652,906.0,997.0,864.0,0.005,0.00398,0.01329,1.20723,0.00218,50,whatsapp
1025,348.21259,858.0,907.5,816.0,0.00723,0.00359,0.01447,1.38795,0.00273,50,whatsapp
1042,312.2451,853.0,915.0,811.0,0.00649,0.00482,0.01589,1.17507,0.0036,50,whatsapp
1047,349.14169,868.0,975.25,826.0,0.00595,0.00357,0.0143,1.17801,0.00306,50,whatsapp
1015,338.57863,866.5,915.0,824.5,0.00551,0.00533,0.01179,1.0835,0.00315,50,whatsapp
1045,288.53542,919.5,933.0,877.5,0.0046,0.00352,0.00942,0.93454,0.00364,50,whatsapp
1022,274.4902,923.5,977.0,881.5,0.00714,0.00426,0.01811,1.25354,0.00309,50,whatsapp
1045,312.45552,960.5,999.0,918.5,0.00576,0.00432,0.01323,1.35821,0.00199,50,whatsapp
1043,344.32855,897.0,1013.0,855.0,0.00676,0.00544,0.01845,1.35631,0.00172,50,whatsapp
1000,296.0356,860.0,960.0,818.0,0.00464,0.00466,0.01187,1.10293,0.00212,50,whatsapp
1062,288.93131,914.0,1005.25,872.0,0.00621,0.00357,0.0133,1.31497,0.00283,50,whatsapp
1042,340.22548,935.0,1022.75,893.0,0.00523,0.00284,0.00973,1.13484,0.0035,50,whatsapp
1047,315.07038,906.0,995.0,864.0,0.00594,0.0032,0.01595,1.2914,0.0032,50,whatsapp
1076,323.27536,902.5,1005.0,860.5,0.00766,0.00499,0.01168,1.76741,0.00089,50,whatsapp
1070,292.95249,923.0,975.0,881.0,0.00515,0.00357,0.01256,1.01076,0.00413,50,whatsapp
1015,312.73769,901.0,965.0,859.0,0.00598,0.00416,0.0159,1.27874,0.00254,50,whatsapp
981,281.09744,859.0,902.5,817.0,0.00517,0.00515,0.01326,1.29806,0.00135,50,whatsapp
1062,294.14727,993.0,1000.0,951.0,0.00423,0.00258,0.00798,1.11014,0.00307,50,whatsapp
1069,312.85286,923.0,996.0,881.0,0.00694,0.0043,0.01653,1.18428,0.00346,50,whatsapp
1062,286.90973,927.5,996.0,885.5,0.00593,0.00388,0.01655,1.158,0.00346,50,whatsapp
1045,308.49972,932.0,1026.0,890.0,0.00591,0.00506,0.01645,1.25164,0.00223,50,whatsapp
1060,329.96303,847.0,970.0,805.0,0.00558,0.0045,0.01111,1.31548,0.0021,50,whatsapp
1050,330.1558,885.0,927.25,843.0,0.00454,0.00374,0.01332,1.1602,0.0021,50,whatsapp
1055,313.38721,882.0,962.0,840.0,0.00671,0.00434,0.01801,1.40584,0.00203,50,whatsapp
1060,290.37726,901.5,1010.75,859.5,0.00706,0.00349,0.01325,1.4799,0.00277,50,whatsapp
1068,246.52994,877.0,1021.0,835.0,0.00608,0.00437,0.01542,1.27685,0.00205,50,whatsapp
1084,291.78558,947.0,1045.0,905.0,0.00646,0.00237,0.00999,1.15315,0.00535,50,whatsapp
1023,275.76012,849.0,971.75,807.0,0.00634,0.00502,0.00876,1.39917,0.00206,50,whatsapp
1072,281.07965,922.0,955.0,880.0,0.0097,0.00484,0.01412,1.76436,0.00208,50,whatsapp
1079,281.19698,923.0,1043.0,881.0,0.00395,0.00286,0.00786,0.99977,0.00343,50,whatsapp
1060,255.21373,933.0,977.0,891.0,0.0113,0.00652,0.03193,1.52323,0.00207,50,whatsapp
1072,289.17275,895.5,983.0,853.5,0.0067,0.0042,0.01372,1.40502,0.00214,50,whatsapp
1045,279.65131,953.0,1020.0,911.0,0.00737,0.00281,0.01287,2.20284,0.00021,50,whatsapp
986,312.92243,918.5,945.0,876.5,0.00653,0.0049,0.01329,1.83847,0.00042,50,whatsapp
1084,289.35745,989.0,990.0,947.0,0.00492,0.00455,0.00876,1.15997,0.00202,50,whatsapp
1028,254.18599,889.0,981.0,847.0,0.00503,0.00518,0.01166,1.3286,0.00108,50,whatsapp
1069,308.32763,889.0,935.25,847.0,0.00868,0.00476,0.02261,1.59533,0.00117,50,whatsapp
1027,270.12794,913.5,936.5,871.5,0.00587,0.0058,0.01427,1.32062,0.00121,50,whatsapp
1072,286.36422,873.0,915.0,831.0,0.00671,0.00458,0.01555,1.59765,0.00118,50,whatsapp
997,280.38425,893.0,978.75,851.0,0.00596,0.00317,0.00813,1.29866,0.00321,50,whatsapp
1016,293.76809,909.0,963.0,867.0,0.00812,0.00438,0.01882,1.64165,0.0016,50,whatsapp
1084,332.65399,876.0,977.0,834.0,0.00587,0.00439,0.01555,1.33611,0.00198,50,whatsapp
1057,303.13056,938.5,986.0,896.5,0.00635,0.00409,0.01834,1.60982,0.00107,50,whatsapp
1080,358.11088,897.0,986.75,855.0,0.00711,0.00419,0.01381,1.66857,0.00209,50,whatsapp
1024,276.32868,950.0,1012.0,908.0,0.00579,0.0043,0.01458,1.3737,0.00211,50,whatsapp
1086,292.06701,929.5,1001.0,887.5,0.00735,0.00586,0.02002,1.36021,0.00209,50,whatsapp
1034,313.72774,891.0,914.25,849.0,0.00692,0.00485,0.01537,1.65652,0.0013,50,whatsapp
1047,321.64349,914.5,998.75,872.5,0.00802,0.00289,0.01296,1.98606,0.0011,50,whatsapp
1061,304.20219,885.0,964.0,843.0,0.00638,0.00653,0.01566,1.18896,0.00228,50,whatsapp
1072,299.25462,936.0,976.25,894.0,0.00786,0.00526,0.01606,1.93796,0.00023,50,whatsapp
1078,301.86711,901.0,920.0,859.0,0.00633,0.00468,0.01468,1.4721,0.0012,50,whatsapp
1055,307.80537,882.0,972.0,840.0,0.00902,0.00526,0.01488,1.9099,0.00105,50,whatsapp
1083,290.02592,894.0,922.0,852.0,0.00567,0.0051,0.01215,1.55193,0.00104,50,whatsapp
1083,266.61193,963.0,980.75,921.0,0.00819,0.00487,0.01994,1.62273,0.00138,50,whatsapp
1026,264.22866,925.0,960.0,883.0,0.00865,0.00618,0.02371,1.69788,0.00032,50,whatsapp
1068,308.56171,960.0,1000.0,918.0,0.00734,0.00613,0.01741,1.41051,0.0018,50,whatsapp
1002,292.03674,928.5,996.0,886.5,0.00716,0.00503,0.01956,1.5916,0.00078,50,whatsapp
1001,316.05332,888.0,962.75,846.0,0.00578,0.00505,0.01719,1.57243,0.00018,50,whatsapp
1003,271.66754,900.0,956.25,858.0,0.00562,0.00301,0.01329,1.15751,0.00353,50,whatsapp
986,291.23147,904.0,927.0,862.0,0.00543,0.00516,0.01151,1.52812,0.00097,50,whatsapp
1051,287.86942,891.0,950.25,849.0,0.00548,0.00362,0.01302,1.28963,0.00274,50,whatsapp
1019,337.79035,904.0,995.0,862.0,0.00444,0.00323,0.00743,1.14147,0.00303,50,whatsapp
1059,277.82553,852.0,954.0,810.0,0.00526,0.00389,0.01252,1.25297,0.0024,50,whatsapp
1059,290.63895,878.0,955.0,836.0,0.00786,0.00399,0.01801,1.54452,0.00235,50,whatsapp
936,255.41355,880.0,908.0,838.0,0.00732,0.0055,0.01477,1.71246,0.00084,50,whatsapp
971,262.42632,911.0,959.0,869.0,0.00543,0.00272,0.00971,1.13889,0.00452,50,whatsapp
1081,286.49718,935.0,952.75,893.0,0.00603,0.00438,0.01255,1.36116,0.00204,50,whatsapp
1081,248.09122,881.0,916.0,839.0,0.00668,0.00489,0.02083,1.42608,0.00174,50,whatsapp
981,292.68907,895.0,953.75,853.0,0.00565,0.0051,0.01227,1.44276,0.00104,50,whatsapp
1002,260.4187,910.0,946.0,868.0,0.00487,0.00409,0.01268,1.12823,0.00253,50,whatsapp
1009,282.41785,922.0,965.0,880.0,0.0066,0.00449,0.01887,1.42552,0.00186,50,whatsapp
1003,271.04191,910.0,938.0,868.0,0.00524,0.00413,0.01218,1.33775,0.00213,50,whatsapp
991,274.39502,926.5,956.0,884.5,0.00657,0.00515,0.01549,1.45128,0.0016,50,whatsapp
978,305.56586,918.0,959.5,876.0,0.00554,0.00363,0.01434,1.21969,0.00283,50,whatsapp
1002,309.91811,893.0,912.0,851.0,0.00402,0.00424,0.00935,1.05528,0.00217,50,whatsapp
1011,319.10115,906.0,984.0,864.0,0.0061,0.00528,0.01687,1.30542,0.00131,50,whatsapp
1001,268.95609,912.0,941.0,870.0,0.00736,0.00364,0.0186,1.67488,0.00156,50,whatsapp
1078,295.84269,902.0,969.0,860.0,0.00598,0.00483,0.01461,1.36727,0.00169,50,whatsapp
994,296.11703,921.0,953.75,879.0,0.006,0.00381,0.01717,1.37447,0.00232,50,whatsapp
1087,255.04028,906.0,992.25,864.0,0.00582,0.00378,0.01374,1.29154,0.0025,50,whatsapp
1014,287.31726,908.0,989.0,866.0,0.0074,0.00485,0.01875,1.47083,0.00236,50,whatsapp
965,289.59231,894.0,943.25,852.0,0.00479,0.00388,0.00932,1.50437,0.00121,50,whatsapp
1051,322.45547,902.0,994.25,860.0,0.00584,0.00527,0.01345,1.23372,0.00234,50,whatsapp
1085,331.5347,922.5,1085.0,880.5,0.00605,0.00647,0.0155,1.47675,0.00034,50,whatsapp
1076,306.04333,858.0,930.0,816.0,0.00562,0.00395,0.01404,1.29329,0.00249,50,whatsapp
995,350.83496,881.0,941.5,839.0,0.00674,0.0044,0.0159,1.36526,0.0021,50,whatsapp
993,252.51442,929.0,967.0,887.0,0.00536,0.00512,0.01425,1.22076,0.0021,50,whatsapp
1062,280.06428,916.0,959.0,874.0,0.00674,0.0039,0.01491,1.43919,0.00222,50,whatsapp
1067,334.18645,895.5,976.0,853.5,0.0049,0.00338,0.00994,1.10617,0.00296,50,whatsapp
1009,235.8055,941.5,984.75,899.5,0.0052,0.00548,0.01021,1.35909,0.00109,50,whatsapp
1077,251.79302,918.0,978.75,876.0,0.00774,0.00468,0.01462,1.49896,0.00267,50,whatsapp
1008,248.22509,914.0,993.0,872.0,0.00564,0.00546,0.01517,1.27708,0.00179,50,whatsapp
994,271.97874,846.0,948.25,804.0,0.00684,0.00386,0.01654,1.36283,0.00246,50,whatsapp
1087,234.61858,957.0,1011.75,915.0,0.00642,0.00502,0.01642,1.38104,0.0021,50,whatsapp
1043,272.43693,917.0,959.5,875.0,0.0073,0.00436,0.01668,1.50978,0.00196,50,whatsapp
1020,287.69414,946.0,966.0,904.0,0.00693,0.00387,0.01282,1.53203,0.00214,50,whatsapp
1003,295.86463,893.5,960.0,851.5,0.00557,0.00361,0.01457,1.4048,0.00188,50,whatsapp
1040,290.95743,894.0,960.0,852.0,0.00548,0.00503,0.01061,1.25358,0.00208,50,whatsapp
971,215.04776,879.5,938.0,837.5,0.01157,0.00573,0.03193,1.60017,0.00156,50,whatsapp
1058,283.44223,943.0,964.75,901.0,0.0056,0.00432,0.01195,1.48486,0.00124,50,whatsapp
1070,245.61662,968.0,1037.0,926.0,0.00205,0.00094,0.00563,1.66136,0.00016,50,whatsapp
1013,343.9473,852.0,976.0,810.0,0.00802,0.00318,0.0107,2.10363,0.0013,50,whatsapp
998,310.29719,881.0,961.75,839.0,0.00781,0.00463,0.01224,1.70961,0.00166,50,whatsapp
1004,227.68827,897.0,975.5,855.0,0.00891,0.00545,0.02423,1.64642,0.00175,50,whatsapp
1021,285.18815,950.0,982.0,908.0,0.00574,0.00508,0.01513,1.29879,0.0014,50,whatsapp
1039,290.5515,932.5,1011.0,890.5,0.00669,0.006,0.01677,1.53176,0.00122,50,whatsapp
1067,258.69346,966.0,1000.0,924.0,0.00651,0.00636,0.01854,1.50194,0.00097,50,whatsapp
1084,242.23079,887.0,929.5,845.0,0.00575,0.00216,0.01011,1.30405,0.00341,50,whatsapp
1059,241.98093,968.0,995.0,926.0,0.01225,0.00489,0.02717,1.98658,0.00165,50,whatsapp
977,249.42546,919.0,954.25,877.0,0.00622,0.0029,0.00585,1.62809,0.00243,50,whatsapp
1009,240.69848,947.0,960.0,905.0,0.00679,0.0053,0.01348,1.55265,0.00109,50,whatsapp
1045,286.6864,952.0,981.0,910.0,0.00722,0.00483,0.01791,1.43035,0.00202,50,whatsapp
983,241.19755,912.0,973.25,870.0,0.00542,0.00372,0.01546,1.24134,0.0027,50,whatsapp
1021,260.83596,952.0,1010.5,910.0,0.00713,0.00519,0.01971,1.57904,0.00114,50,whatsapp
1057,218.57647,907.0,996.0,865.0,0.00624,0.00157,0.01073,1.18213,0.00563,50,whatsapp
1057,303.36421,872.5,955.5,830.5,0.00786,0.00408,0.01911,1.7856,0.00111,50,whatsapp
1084,298.9194,921.0,1019.0,879.0,0.00669,0.00426,0.01963,1.88589,0.00018,50,whatsapp
1078,283.46299,906.0,982.0,864.0,0.00716,0.00592,0.01906,1.60733,0.00046,50,whatsapp
1080,302.53365,923.0,1005.0,881.0,0.00792,0.00614,0.01849,1.8595,7e-05,50,whatsapp
1033,266.58518,894.0,973.25,852.0,0.00705,0.00645,0.01628,1.79374,0.00015,50,whatsapp
1057,329.34786,884.0,936.0,842.0,0.00866,0.00415,0.02299,1.83361,0.00024,50,whatsapp
1045,333.99521,989.0,1011.5,947.0,0.00833,0.0029,0.02425,2.04432,0.00012,50,whatsapp
1050,267.4282,895.0,980.0,853.0,0.00902,0.004,0.01935,1.95814,0.00018,50,whatsapp
1079,323.63333,926.0,960.25,884.0,0.01778,0.00475,0.01447,2.70191,0.00144,50,whatsapp
1018,364.60305,930.0,992.0,888.0,0.00816,0.00283,0.01661,2.15082,0.00105,50,whatsapp
1016,262.90456,928.0,973.0,886.0,0.00607,0.00343,0.01322,1.60894,0.00158,50,whatsapp
1062,306.8342,923.5,978.0,881.5,0.00737,0.00478,0.01843,1.88875,0.0003,50,whatsapp
982,251.07078,961.0,971.0,919.0,0.01072,0.0002,0.03117,2.443,0.0,50,whatsapp
1059,287.08283,906.5,941.0,864.5,0.01045,0.00024,0.02947,2.60215,0.0,50,whatsapp
1008,314.21002,868.0,911.0,826.0,0.00578,0.00346,0.01656,1.62235,0.001,50,whatsapp
1036,365.34615,883.0,969.0,841.0,0.00702,0.00589,0.01939,1.81078,0.00022,50,whatsapp
1055,369.67127,950.0,1003.0,908.0,0.00828,0.00377,0.02087,1.83091,0.00113,50,whatsapp
1035,307.69574,871.0,916.0,829.0,0.00709,0.00236,0.0205,2.03555,7e-05,50,whatsapp
1029,289.90632,919.0,1001.0,877.0,0.00945,0.00646,0.02966,1.89094,0.00012,50,whatsapp
1031,316.14472,909.0,998.25,867.0,0.00587,0.00293,0.00877,1.80276,0.00089,50,whatsapp
1066,332.11894,905.0,971.5,863.0,0.00644,0.00665,0.01962,1.49382,0.00019,50,whatsapp
1028,308.45682,954.0,1015.0,912.0,0.00686,0.0057,0.019,1.56721,0.00073,50,whatsapp
1004,303.00486,899.5,935.0,857.5,0.00882,0.00333,0.02155,2.44873,6e-05,50,whatsapp
1075,250.48207,948.0,966.0,906.0,0.00837,0.00422,0.02262,2.04074,0.00014,50,whatsapp
1084,332.69837,922.5,963.0,880.5,0.009,0.00224,0.02508,2.16741,0.00017,50,whatsapp
1072,300.63834,970.0,1025.0,928.0,0.01246,0.00028,0.03752,2.27327,0.0,50,whatsapp
1041,307.03738,923.0,1011.0,881.0,0.01149,0.00256,0.03143,2.73369,0.00011,50,whatsapp
1019,266.38703,907.5,985.25,865.5,0.01056,0.00121,0.02986,2.58332,0.00011,50,whatsapp
1061,284.17203,911.0,954.0,869.0,0.01113,0.00131,0.03393,2.67065,0.00013,50,whatsapp
1055,362.89729,947.5,981.0,905.5,0.00914,0.00249,0.02008,2.18318,0.0002,50,whatsapp
1002,319.16667,909.5,962.0,867.5,0.01054,0.00091,0.02366,2.50345,0.0,50,whatsapp
1002,257.75137,950.0,961.0,908.0,0.01081,0.00204,0.02313,2.71208,0.00016,50,whatsapp
951,281.57645,888.0,931.5,846.0,0.00832,0.00449,0.02312,1.93628,0.00024,50,whatsapp
1069,306.5417,916.0,1006.0,874.0,0.00969,0.00478,0.02459,1.92746,0.00094,50,whatsapp
1011,209.67108,926.0,982.0,884.0,0.00562,0.00582,0.015,1.54997,0.0004,50,whatsapp
1043,309.98182,946.5,1015.0,904.5,0.00719,0.00592,0.01969,1.52361,0.00066,50,whatsapp
1060,274.78429,929.5,980.0,887.5,0.00538,0.00447,0.0132,1.2902,0.00211,50,whatsapp
992,278.66021,905.5,934.0,863.5,0.00541,0.00306,0.01411,1.27455,0.00247,50,whatsapp
1036,325.35805,923.5,975.0,881.5,0.00646,0.003,0.01992,1.66532,0.00144,50,whatsapp
1021,333.206,954.5,989.0,912.5,0.00498,0.00517,0.01163,1.32149,0.00113,50,whatsapp
1053,302.74384,911.0,964.0,869.0,0.00563,0.00407,0.01259,1.25079,0.00227,50,whatsapp
1024,294.15112,914.0,1008.75,872.0,0.00587,0.00502,0.01352,1.51834,0.00108,50,whatsapp
1055,312.80888,956.5,991.0,914.5,0.00524,0.0044,0.01036,1.24371,0.00244,50,whatsapp
1024,318.5439,917.0,998.75,875.0,0.00463,0.0048,0.01282,1.30977,0.00112,50,whatsapp
1027,326.42461,924.0,1011.0,882.0,0.00663,0.00384,0.01662,1.60657,0.00127,50,whatsapp
1059,309.90082,913.0,965.0,871.0,0.00673,0.00389,0.0125,1.38655,0.00256,50,whatsapp
1022,297.14301,916.0,971.25,874.0,0.00493,0.00413,0.01092,1.40162,0.00119,50,whatsapp
1047,272.52553,859.0,947.0,817.0,0.00739,0.00422,0.02293,1.59829,0.0011,50,whatsapp
1028,321.59589,915.5,930.0,873.5,0.00505,0.0033,0.00817,1.22034,0.00285,50,whatsapp
1040,306.3386,938.0,953.0,896.0,0.00467,0.00363,0.01198,1.42977,0.00142,50,whatsapp
1002,294.97645,946.5,991.0,904.5,0.00744,0.00528,0.01919,1.54954,0.00167,50,whatsapp
1052,261.29083,939.0,994.0,897.0,0.00618,0.00422,0.01528,1.44488,0.00207,50,whatsapp
1050,237.73777,884.5,1011.0,842.5,0.0063,0.00548,0.01849,1.43532,0.00113,50,whatsapp
1019,297.92559,900.0,953.0,858.0,0.01045,0.00437,0.01645,2.08221,0.00048,50,whatsapp
1021,300.46674,873.0,969.0,831.0,0.00957,0.00812,0.02454,1.41796,0.00124,50,whatsapp
1021,290.12975,819.0,926.75,777.0,0.00921,0.00406,0.02435,1.82045,0.00127,50,whatsapp
969,259.61293,887.0,937.25,845.0,0.00558,0.00555,0.01396,1.37987,0.00098,50,whatsapp
1084,266.27245,899.5,969.0,857.5,0.00662,0.00452,0.01511,1.62969,0.00101,50,whatsapp
1033,303.40219,909.0,967.0,867.0,0.00647,0.00537,0.01872,1.60669,0.001,50,whatsapp
1035,271.60193,945.0,965.0,903.0,0.00606,0.00523,0.01573,1.42364,0.00112,50,whatsapp
1074,296.64046,883.0,998.75,841.0,0.00778,0.00504,0.01922,1.79979,0.00106,50,whatsapp
1068,290.08602,949.0,960.5,907.0,0.00797,0.00492,0.02188,1.78871,0.00022,50,whatsapp
1082,272.34375,932.0,972.0,890.0,0.00784,0.00641,0.02279,1.79683,0.0002,50,whatsapp
1077,291.62605,998.5,1026.0,956.5,0.00709,0.00323,0.01214,2.12186,0.00021,50,whatsapp
1057,275.13828,915.0,966.0,873.0,0.00547,0.0043,0.01399,1.3555,0.00176,50,whatsapp
1079,302.38399,899.0,993.75,857.0,0.00667,0.00388,0.01814,1.53424,0.00168,50,whatsapp
1058,301.75213,951.5,1013.0,909.5,0.0064,0.00498,0.01595,1.63749,0.00106,50,whatsapp
1013,273.78,936.0,949.0,894.0,0.00792,0.00416,0.02019,1.86853,0.00107,50,whatsapp
1014,283.48476,960.0,988.5,918.0,0.00802,0.00481,0.01422,1.93316,0.00105,50,whatsapp
1035,311.10475,905.0,960.0,863.0,0.00816,0.0033,0.01912,1.95641,0.00118,50,whatsapp
1071,322.39983,902.0,1001.75,860.0,0.00598,0.00488,0.01722,1.56257,0.00098,50,whatsapp
1083,350.02493,854.5,984.0,812.5,0.00877,0.00337,0.01702,1.90375,0.00217,50,whatsapp
1025,276.67041,908.0,954.0,866.0,0.00665,0.00371,0.00821,1.68095,0.00162,50,whatsapp
1043,273.66941,930.5,1010.75,888.5,0.00871,0.00289,0.01639,2.31985,0.00018,50,whatsapp
1015,294.74521,900.0,980.25,858.0,0.00714,0.0047,0.01586,1.65083,0.00016,50,whatsapp
1015,286.02512,937.0,970.5,895.0,0.00792,0.00307,0.01703,2.14756,0.00012,50,whatsapp
1071,340.60964,925.0,950.0,883.0,0.00712,0.00556,0.01846,1.46834,0.0011,50,whatsapp
1047,285.26394,901.0,948.0,859.0,0.00705,0.00364,0.01983,1.67705,0.00064,50,whatsapp
1051,261.47139,922.5,980.0,880.5,0.00589,0.00395,0.01438,1.67915,0.00099,50,whatsapp
1031,296.93874,941.0,976.0,899.0,0.00746,0.00517,0.01692,1.63602,0.00063,50,whatsapp
1004,286.50772,936.0,951.0,894.0,0.00795,0.00504,0.01599,1.94389,0.00011,50,whatsapp
1079,334.64563,952.0,986.0,910.0,0.00665,0.00576,0.015,1.55972,0.00087,50,whatsapp
1049,321.53921,911.0,1020.0,869.0,0.00526,0.00377,0.00663,1.52068,0.0019,50,whatsapp
1039,204.42335,903.0,936.0,861.0,0.00773,0.00544,0.0172,1.6356,0.00103,50,whatsapp
1085,280.55071,928.0,1026.0,886.0,0.00748,0.00633,0.01637,1.53599,0.0011,50,whatsapp
1062,268.72252,916.0,1002.75,874.0,0.00668,0.00534,0.01394,1.5509,0.00132,50,whatsapp
1084,327.0462,942.0,1032.0,900.0,0.00746,0.0054,0.0216,1.69332,0.00024,50,whatsapp
1080,306.63001,911.0,977.5,869.0,0.00635,0.0054,0.01884,1.59272,0.00026,50,whatsapp
1069,292.67513,893.0,989.0,851.0,0.00673,0.00427,0.01121,1.61101,0.00209,50,whatsapp
1080,280.8541,1005.5,1060.75,963.5,0.0089,0.00554,0.02397,1.86565,0.00028,50,whatsapp
1040,308.25361,933.0,977.0,891.0,0.0056,0.00569,0.01462,1.3219,0.0015,50,whatsapp
1085,271.38233,964.0,975.0,922.0,0.00546,0.00409,0.01595,1.48363,0.00103,50,whatsapp
1023,285.88871,918.0,1016.0,876.0,0.00783,0.00337,0.02173,1.73372,0.00143,50,whatsapp
992,305.74041,885.0,944.0,843.0,0.00572,0.00364,0.01578,1.35531,0.00203,50,whatsapp
1001,307.89895,909.0,975.0,867.0,0.00695,0.00389,0.01472,1.70261,0.00168,50,whatsapp
1079,309.21944,972.0,981.0,930.0,0.00634,0.00605,0.01822,1.58853,0.00028,50,whatsapp
1083,323.18475,950.0,1006.0,908.0,0.00559,0.00387,0.01461,1.2063,0.00242,50,whatsapp
1076,281.6169,898.0,1014.0,856.0,0.0057,0.0051,0.01544,1.41817,0.0012,50,whatsapp
1067,276.99413,883.0,946.75,841.0,0.00601,0.00418,0.01372,1.36822,0.00186,50,whatsapp
1008,261.90107,912.0,926.0,870.0,0.00638,0.00493,0.01662,1.51468,0.00157,50,whatsapp
1022,286.63032,940.0,1003.5,898.0,0.00576,0.00549,0.01161,1.47126,0.00116,50,whatsapp
1018,323.96168,969.0,1008.0,927.0,0.00528,0.00307,0.01436,1.50761,0.00138,50,whatsapp
1007,272.28066,942.0,985.5,900.0,0.0081,0.00302,0.02195,1.78568,0.00104,50,whatsapp
1053,275.11539,923.0,1009.0,881.0,0.00683,0.00507,0.0179,1.43617,0.002,50,whatsapp
1033,303.33682,940.5,998.0,898.5,0.00657,0.00344,0.01864,1.6169,0.00134,50,whatsapp
1023,324.03662,900.5,968.0,858.5,0.00595,0.00528,0.01456,1.61861,0.00073,50,whatsapp
1024,300.43886,988.5,1009.0,946.5,0.00554,0.00432,0.01176,1.2503,0.00213,50,whatsapp
1037,319.30288,975.0,987.0,933.0,0.0046,0.0047,0.01322,1.32627,0.00118,50,whatsapp
1014,348.00634,940.0,969.75,898.0,0.00534,0.0057,0.01199,1.29518,0.0011,50,whatsapp
1047,306.39582,911.5,992.25,869.5,0.00539,0.00412,0.01536,1.50281,0.00107,50,whatsapp
1044,306.11628,904.0,968.75,862.0,0.00556,0.00478,0.01257,1.38861,0.00168,50,whatsapp
991,272.70451,934.5,955.0,892.5,0.00473,0.00499,0.00927,1.29416,0.00136,50,whatsapp
1038,327.95242,909.0,1010.75,867.0,0.00672,0.0049,0.01615,1.49425,0.00139,50,whatsapp
1038,282.24046,870.0,950.0,828.0,0.00558,0.00509,0.01463,1.32577,0.00116,50,whatsapp
1065,287.4899,927.0,957.0,885.0,0.00533,0.00453,0.00979,1.50019,0.00122,50,whatsapp
1063,328.15003,916.5,1016.0,874.5,0.00605,0.004,0.01798,1.56316,0.00117,50,whatsapp
986,308.78039,870.0,925.0,828.0,0.00488,0.00401,0.01096,1.36077,0.002,50,whatsapp
1020,320.95112,950.0,967.0,908.0,0.00558,0.00333,0.01445,1.39646,0.00203,50,whatsapp
1021,317.53143,877.0,986.75,835.0,0.00718,0.0049,0.01667,1.9126,0.00039,50,whatsapp
1036,267.68632,926.0,994.0,884.0,0.00673,0.00451,0.01855,1.56663,0.00092,50,whatsapp
1076,320.27287,960.5,1004.0,918.5,0.00588,0.00589,0.01336,1.41432,0.001,50,whatsapp
1012,269.02965,953.0,1006.0,911.0,0.00515,0.00476,0.01115,1.43576,0.00104,50,whatsapp
1046,297.94429,890.0,990.75,848.0,0.00633,0.00412,0.01607,1.56959,0.00105,50,whatsapp
1059,303.66969,909.5,978.0,867.5,0.00749,0.00533,0.01702,1.60099,0.00134,50,whatsapp
1084,286.87241,906.0,974.0,864.0,0.00535,0.005,0.01165,1.26567,0.00173,50,whatsapp
1067,330.21701,951.5,986.0,909.5,0.01163,0.00182,0.01592,2.71967,7e-05,50,whatsapp
1052,246.58946,936.0,976.75,894.0,0.0078,0.00384,0.02324,2.01521,0.00011,50,whatsapp
1062,329.96394,967.0,1009.0,925.0,0.0069,0.00339,0.02049,1.80319,0.00102,50,whatsapp
1029,312.29109,958.0,972.0,916.0,0.0083,0.00545,0.01723,1.74886,0.00108,50,whatsapp
991,303.63008,927.0,983.5,885.0,0.00916,0.00731,0.01832,1.83698,9e-05,50,whatsapp
995,284.11964,924.5,945.0,882.5,0.00938,0.00312,0.01401,2.56269,7e-05,50,whatsapp
1010,344.91655,971.0,992.0,929.0,0.00609,0.0057,0.01475,1.68804,0.00019,50,whatsapp
1027,312.35051,918.0,926.5,876.0,0.00548,0.00513,0.01562,1.44298,0.00026,50,whatsapp
1022,341.53116,892.0,1007.75,850.0,0.00889,0.00296,0.01661,2.07892,0.00015,50,whatsapp
1039,333.27678,963.5,975.0,921.5,0.0078,0.00655,0.01899,1.82035,0.00012,50,whatsapp
1013,297.84644,879.0,975.25,837.0,0.00704,0.00378,0.01702,1.84043,0.00014,50,whatsapp
1035,323.01217,937.5,978.0,895.5,0.00731,0.00498,0.01931,1.7568,0.00014,50,whatsapp
1052,315.61358,938.0,966.0,896.0,0.00623,0.00372,0.01656,1.70794,0.00015,50,whatsapp
1025,352.16846,914.5,996.25,872.5,0.00813,0.00332,0.0182,2.11098,0.00017,50,whatsapp
1053,248.29721,893.0,970.0,851.0,0.01003,0.0023,0.02643,2.35399,8e-05,50,whatsapp
1011,286.62235,906.0,964.0,864.0,0.00622,0.00399,0.01634,1.643,0.00023,50,whatsapp
1082,313.96357,961.0,997.0,919.0,0.00835,0.00251,0.02124,2.29056,0.0001,50,whatsapp
1037,269.80457,975.0,1004.25,933.0,0.00847,0.00712,0.0235,1.61119,0.00028,50,whatsapp
1022,259.49719,889.0,938.0,847.0,0.0136,0.00319,0.01573,3.01175,0.00011,50,whatsapp
1071,251.10977,944.0,975.0,902.0,0.0078,0.00482,0.01638,2.01102,0.00037,50,whatsapp
1074,309.01659,947.0,977.0,905.0,0.00817,0.00483,0.02488,1.69744,0.00023,50,whatsapp
1074,337.4003,841.0,895.0,799.0,0.0085,0.00341,0.02132,2.20066,0.00015,50,whatsapp
1017,334.89473,971.0,976.0,929.0,0.00662,0.00284,0.01567,1.95848,0.00015,50,whatsapp
1035,319.57512,936.0,969.0,894.0,0.00912,0.00392,0.02528,2.04843,0.00027,50,whatsapp
1060,283.75493,914.0,981.75,872.0,0.00659,0.00647,0.01688,1.61399,0.00018,50,whatsapp
1075,305.37055,920.0,927.0,878.0,0.00781,0.00539,0.01881,1.91997,0.00015,50,whatsapp
1010,304.38763,933.0,993.5,891.0,0.0072,0.00425,0.02016,1.72938,0.00033,50,whatsapp
1017,277.15095,935.0,1002.0,893.0,0.00481,0.00508,0.0131,1.29871,0.00123,50,whatsapp
1061,310.24844,881.0,990.0,839.0,0.0078,0.00394,0.02185,1.8602,0.00101,50,whatsapp
1035,312.25003,934.5,988.0,892.5,0.00492,0.00548,0.01333,1.41703,0.00099,50,whatsapp
1026,293.89182,911.0,954.0,869.0,0.00705,0.0038,0.01716,1.76103,0.00164,50,whatsapp
1086,343.37943,865.0,1005.0,823.0,0.00578,0.00451,0.01564,1.3372,0.00176,50,whatsapp
1085,289.6009,966.0,1021.0,924.0,0.0061,0.00294,0.01672,1.55279,0.00224,50,whatsapp
1027,280.09388,909.0,959.5,867.0,0.00608,0.00609,0.01811,1.34676,0.00112,50,whatsapp
1025,330.17936,849.5,983.0,807.5,0.00625,0.00382,0.01858,1.60344,0.00103,50,whatsapp
1029,349.36542,889.5,994.0,847.5,0.00518,0.00437,0.01479,1.51237,0.00078,50,whatsapp
1062,300.97488,874.0,883.75,832.0,0.0073,0.00327,0.0119,1.76569,0.00213,50,whatsapp
1049,366.9817,885.0,1021.0,843.0,0.00501,0.00415,0.01112,1.63608,0.00058,50,whatsapp
1043,339.63829,838.0,994.75,796.0,0.00617,0.0069,0.01515,1.56747,0.00023,50,whatsapp
1045,310.20467,932.5,979.0,890.5,0.0062,0.00513,0.01697,1.39908,0.00143,50,whatsapp
1003,322.53163,875.0,905.5,833.0,0.00671,0.00299,0.01977,1.69874,0.00164,50,whatsapp
1079,315.90583,922.0,977.0,880.0,0.00585,0.00389,0.01353,1.61975,0.00098,50,whatsapp
1072,273.85306,876.0,960.75,834.0,0.00716,0.00564,0.01954,1.69354,0.00102,50,whatsapp
1077,332.8877,987.0,1009.0,945.0,0.00726,0.00304,0.01556,1.8671,0.0011,50,whatsapp
1012,339.97362,958.0,982.5,916.0,0.00544,0.00484,0.01263,1.37292,0.0012,50,whatsapp
1003,329.23837,960.5,986.0,918.5,0.00643,0.0054,0.01875,1.55132,0.00103,50,whatsapp
1049,338.20076,891.0,1013.0,849.0,0.00638,0.004,0.01889,1.55921,0.00187,50,whatsapp
1075,317.7866,965.0,1028.0,923.0,0.00667,0.00318,0.01542,1.52995,0.00207,50,whatsapp
1051,324.41352,905.5,951.0,863.5,0.00502,0.00509,0.01236,1.23633,0.00204,50,whatsapp
1075,287.58386,901.5,986.5,859.5,0.00601,0.0058,0.01752,1.53415,0.00047,50,whatsapp
1036,308.02409,910.0,957.75,868.0,0.00593,0.00574,0.01345,1.57047,0.00036,50,whatsapp
1074,341.77713,981.5,1019.0,939.5,0.00489,0.00469,0.01159,1.20103,0.00224,50,whatsapp
1011,329.55775,915.0,971.5,873.0,0.00623,0.00229,0.01691,1.65127,0.00207,50,whatsapp
1079,327.5437,943.0,964.0,901.0,0.00552,0.00323,0.01474,1.47874,0.00177,50,whatsapp
996,269.23963,907.5,930.0,865.5,0.00513,0.00549,0.01142,1.33852,0.00104,50,whatsapp
1065,324.94676,905.5,973.0,863.5,0.00698,0.00398,0.01918,1.69819,0.00114,50,whatsapp
1041,320.30583,952.0,991.0,910.0,0.00477,0.00471,0.01335,1.23532,0.00156,50,whatsapp
1082,320.39488,895.0,935.5,853.0,0.00625,0.00386,0.01505,1.31848,0.00289,50,whatsapp
1063,276.88275,892.0,990.0,850.0,0.00838,0.00449,0.02595,2.10503,0.00023,50,whatsapp
1087,294.78207,937.0,1021.0,895.0,0.00668,0.00537,0.01862,1.58476,0.00098,50,whatsapp
1080,281.02411,894.0,953.0,852.0,0.00547,0.00456,0.01076,1.32096,0.00193,50,whatsapp
1071,333.38436,949.0,1051.0,907.0,0.00667,0.00613,0.01836,1.49995,0.00099,50,whatsapp
1045,303.75149,963.5,1007.0,921.5,0.00647,0.00465,0.01816,1.55103,0.0013,50,whatsapp
1028,279.45689,917.0,952.0,875.0,0.00704,0.00413,0.01743,1.72532,0.00136,50,whatsapp
1070,314.55355,922.5,1009.0,880.5,0.00698,0.00475,0.01633,1.64676,0.00144,50,whatsapp
1016,288.82025,880.5,930.0,838.5,0.00686,0.00383,0.02053,1.60171,0.00118,50,whatsapp
1036,321.13656,847.0,927.0,805.0,0.00535,0.00388,0.01334,1.28214,0.00184,50,whatsapp
1075,347.00704,887.0,933.5,845.0,0.00859,0.00484,0.02485,1.62193,0.00115,50,whatsapp
1075,250.57684,929.5,996.0,887.5,0.00452,0.00489,0.00953,1.10031,0.00231,50,whatsapp
1054,265.87157,904.0,1016.0,862.0,0.00558,0.00544,0.01126,1.38265,0.00109,50,whatsapp
1023,296.0169,905.0,933.0,863.0,0.00758,0.00404,0.01617,1.66469,0.00109,50,whatsapp
1083,298.13333,976.5,1037.0,934.5,0.00625,0.00668,0.01442,1.39392,0.00101,50,whatsapp
1082,311.52222,891.0,976.0,849.0,0.00784,0.00546,0.01923,1.60424,0.00091,50,whatsapp
1086,304.46579,887.0,1015.0,845.0,0.00546,0.0048,0.01291,1.2715,0.00189,50,whatsapp
995,309.41551,797.0,952.0,755.0,0.01049,0.01307,0.02864,1.27103,0.00242,50,whatsapp
1062,299.72714,915.0,930.0,873.0,0.00813,0.00525,0.01951,1.49448,0.00205,50,whatsapp
1062,321.94221,950.5,1062.0,908.5,0.00697,0.00315,0.02117,1.93726,0.00021,50,whatsapp
1027,315.70452,888.5,936.5,846.5,0.00819,0.00229,0.01213,2.02392,0.00114,50,whatsapp
1012,330.58157,859.0,973.0,817.0,0.00862,0.00425,0.0173,1.62261,0.00215,50,whatsapp
1084,290.35713,935.0,1000.0,893.0,0.0087,0.00272,0.02149,2.05208,0.00109,50,whatsapp
1067,325.08339,845.0,1003.0,803.0,0.00832,0.00267,0.02336,1.83609,0.0017,50,whatsapp
1083,275.19368,932.5,978.0,890.5,0.01003,0.00592,0.03091,1.88415,0.00018,50,whatsapp
1049,293.83424,935.0,1017.0,893.0,0.01123,0.00586,0.03423,1.77252,0.00107,50,whatsapp
1038,331.0728,852.0,1003.0,810.0,0.00728,0.00436,0.01791,1.38166,0.00313,50,whatsapp
1058,331.72812,889.0,1004.0,847.0,0.00993,0.00301,0.01997,2.39412,0.00018,50,whatsapp
1039,305.93816,893.0,937.0,851.0,0.00623,0.00269,0.01674,1.62848,0.00172,50,whatsapp
1018,265.19787,921.0,1005.0,879.0,0.00449,0.0052,0.01236,1.44783,0.00016,50,whatsapp
1067,340.85566,910.5,973.25,868.5,0.00787,0.00267,0.01931,1.83804,0.00098,50,whatsapp
1063,303.51361,894.0,957.0,852.0,0.00614,0.00525,0.01215,1.62347,0.00107,50,whatsapp
1087,332.71128,798.0,986.0,756.0,0.0075,0.0049,0.02071,1.60402,0.00055,50,whatsapp
1085,314.07867,910.0,977.0,868.0,0.00878,0.00359,0.02611,2.05595,0.00065,50,whatsapp
1074,365.18307,890.0,956.75,848.0,0.00845,0.00533,0.02391,1.37503,0.00233,50,whatsapp
977,320.44231,877.0,925.0,835.0,0.00879,0.00236,0.02446,1.97753,0.00087,50,whatsapp
1072,322.53103,818.5,989.0,776.5,0.00834,0.00299,0.01853,2.13,0.00034,50,whatsapp
1084,295.49395,874.0,962.0,832.0,0.0113,0.00556,0.02559,1.86438,0.0011,50,whatsapp
1082,280.99363,948.0,1010.0,906.0,0.00426,0.00193,0.00847,1.98022,0.00015,50,whatsapp
1087,310.48892,933.0,966.0,891.0,0.00996,0.00535,0.02379,1.84068,0.00019,50,whatsapp
1082,324.86959,883.5,965.75,841.5,0.01033,0.00238,0.03003,2.54702,0.00013,50,whatsapp
1071,337.18122,922.5,975.0,880.5,0.00901,0.00522,0.02123,2.01354,0.00018,50,whatsapp
1058,341.21999,962.0,1036.5,920.0,0.01048,0.0025,0.02527,2.20397,0.00067,50,whatsapp
1067,313.72527,950.0,1009.0,908.0,0.00871,0.00817,0.02169,1.57732,0.00106,50,whatsapp
1081,316.70921,872.0,993.25,830.0,0.00894,0.00426,0.02991,1.777,0.00128,50,whatsapp
1047,314.51122,867.0,992.0,825.0,0.00734,0.00323,0.01989,1.6662,0.00103,50,whatsapp
1015,349.0272,893.0,969.0,851.0,0.00774,0.00295,0.02196,1.88106,0.00113,50,whatsapp
1066,312.77613,998.0,1007.0,956.0,0.00829,0.00434,0.01917,1.72613,0.0017,50,whatsapp
1069,314.92069,941.5,1016.25,899.5,0.00647,0.00551,0.01933,1.43763,0.0012,50,whatsapp
1028,350.31205,892.0,987.25,850.0,0.00808,0.00266,0.01995,1.89839,0.0011,50,whatsapp
1025,304.97218,863.0,992.0,821.0,0.0072,0.00578,0.01831,1.47104,0.00182,50,whatsapp
1045,296.74082,922.0,966.5,880.0,0.00836,0.00528,0.02445,1.80152,0.00023,50,whatsapp
1059,315.2624,909.0,1005.0,867.0,0.00925,0.0043,0.02681,1.78543,0.00126,50,whatsapp
1039,316.90514,907.0,956.25,865.0,0.00644,0.0066,0.0153,1.1952,0.00293,50,whatsapp
1036,275.18867,851.0,944.0,809.0,0.00925,0.00208,0.02422,2.15731,0.00111,50,whatsapp
967,292.02805,901.0,955.75,859.0,0.00601,0.00447,0.01622,1.47719,0.00076,50,whatsapp
1084,305.53617,891.0,1027.0,849.0,0.00749,0.00386,0.01658,1.70604,0.00143,50,whatsapp
1026,310.69837,950.0,1018.0,908.0,0.00781,0.00457,0.01216,1.82408,0.00106,50,whatsapp
1073,281.46981,921.0,963.5,879.0,0.00752,0.0024,0.017,1.74715,0.00093,50,whatsapp
1077,306.51821,941.0,985.0,899.0,0.00597,0.00641,0.01895,1.41575,0.00052,50,whatsapp
995,333.13026,957.0,977.0,915.0,0.00902,0.00551,0.02379,1.53622,0.00172,50,whatsapp
1082,284.71142,897.0,988.5,855.0,0.00707,0.00748,0.02104,1.49023,0.00054,50,whatsapp
1071,319.61929,884.5,937.0,842.5,0.00851,0.00524,0.0234,1.72263,0.00031,50,whatsapp
1072,297.3763,905.5,953.25,863.5,0.00676,0.00532,0.01662,1.3881,0.00114,50,whatsapp
1035,297.90115,938.0,997.75,896.0,0.00729,0.00438,0.02021,1.76952,0.00105,50,whatsapp
1071,288.7769,951.0,1003.0,909.0,0.00627,0.00321,0.01568,1.42561,0.00213,50,whatsapp
1038,263.53185,889.0,931.0,847.0,0.00592,0.00426,0.01776,1.46323,0.00105,50,whatsapp
1041,293.22101,912.0,987.0,870.0,0.00997,0.00394,0.02418,1.92188,0.00097,50,whatsapp
1071,319.80938,922.0,1012.0,880.0,0.00574,0.00638,0.0126,1.3225,0.00133,50,whatsapp
1052,351.88941,905.0,968.5,863.0,0.00767,0.0053,0.02163,1.45669,0.00206,50,whatsapp
1056,304.4588,918.5,942.0,876.5,0.00714,0.00432,0.01942,1.71986,0.00104,50,whatsapp
1060,297.76314,874.0,977.0,832.0,0.00905,0.00576,0.02639,1.67702,0.00085,50,whatsapp
1065,301.39327,891.5,955.5,849.5,0.01079,0.00409,0.03297,2.14844,0.00039,50,whatsapp
1052,320.37391,971.5,1022.0,929.5,0.00594,0.00534,0.0146,1.47145,0.00111,50,whatsapp
1065,281.58139,886.0,971.0,844.0,0.00676,0.00519,0.01845,1.57775,0.00104,50,whatsapp
1065,286.63901,923.0,991.0,881.0,0.00806,0.00275,0.02264,1.87423,0.00127,50,whatsapp
970,308.58263,856.5,889.0,814.5,0.01054,0.00163,0.03336,2.11731,0.00149,50,whatsapp
1057,280.00086,917.5,994.25,875.5,0.00776,0.00478,0.02035,1.6938,0.00166,50,whatsapp
1053,302.14358,956.0,1019.0,914.0,0.00992,0.00499,0.02819,1.72789,0.00174,50,whatsapp
1062,306.82914,891.5,934.0,849.5,0.00634,0.00545,0.01593,1.29287,0.00228,50,whatsapp
1062,316.70848,933.0,992.5,891.0,0.00788,0.00506,0.0182,1.60275,0.00127,50,whatsapp
1028,332.06685,875.5,965.0,833.5,0.00905,0.00528,0.01873,1.57657,0.0013,50,whatsapp
1028,209.96649,894.5,973.25,852.5,0.01132,0.01173,0.02902,1.48643,0.00168,50,whatsapp
1085,256.35873,922.0,979.0,880.0,0.00482,0.00199,0.00805,2.09797,0.00018,50,whatsapp
1081,312.38096,970.5,1059.0,928.5,0.00563,0.00213,0.00795,2.00622,0.0007,50,whatsapp
1080,346.44174,850.0,952.0,808.0,0.00951,0.0034,0.02909,1.91853,0.00104,50,whatsapp
1084,315.7148,947.0,970.0,905.0,0.0068,0.00349,0.01749,1.55757,0.0012,50,whatsapp
965,316.43163,926.5,941.0,884.5,0.00746,0.00652,0.01841,1.70983,0.00035,50,whatsapp
1041,315.34167,908.0,959.0,866.0,0.00934,0.00403,0.02588,1.74459,0.00201,50,whatsapp
1063,363.30855,920.0,988.0,878.0,0.00873,0.00415,0.01965,1.91283,0.00104,50,whatsapp
1072,294.02405,882.0,934.0,840.0,0.00687,0.00594,0.01726,1.51178,0.00142,50,whatsapp
1052,279.28487,950.0,1032.0,908.0,0.00692,0.00405,0.01329,1.79409,0.00114,50,whatsapp
1062,291.19384,905.0,996.0,863.0,0.00852,0.00522,0.01916,1.99181,0.00023,50,whatsapp
1077,298.40679,917.0,1044.0,875.0,0.00767,0.00363,0.02203,1.9326,0.00079,50,whatsapp
1043,279.7698,887.5,969.0,845.5,0.00818,0.00658,0.01814,1.73187,0.00077,50,whatsapp
1020,361.43955,972.0,1012.0,930.0,0.00838,0.00569,0.01604,1.85835,0.0006,50,whatsapp
1018,283.11863,892.0,968.0,850.0,0.0109,0.00414,0.02912,1.78015,0.00136,50,whatsapp
1022,291.61424,851.0,909.0,809.0,0.00844,0.00379,0.02237,1.71197,0.00138,50,whatsapp
1038,300.90606,932.0,977.0,890.0,0.00842,0.00174,0.02052,2.26453,0.00065,50,whatsapp
1040,196.81453,903.0,982.0,861.0,0.009,0.00563,0.01696,2.01211,0.0002,50,whatsapp
1057,288.04335,964.0,1019.25,922.0,0.00962,0.0041,0.02835,1.8958,0.0012,50,whatsapp
1084,242.00292,972.0,1013.0,930.0,0.00783,0.00346,0.01742,1.98863,0.00093,50,whatsapp
1077,258.4049,875.0,1004.0,833.0,0.0073,0.0041,0.02175,1.71748,0.00106,50,whatsapp
1036,294.72099,945.0,986.0,903.0,0.00811,0.00432,0.02288,1.92128,0.00034,50,whatsapp
1084,274.59973,812.0,907.0,770.0,0.00866,0.00404,0.01242,2.02064,0.00105,50,whatsapp
1047,290.95152,961.0,991.75,919.0,0.00718,0.00626,0.01765,1.57975,0.00034,50,whatsapp
1003,300.6033,959.5,986.0,917.5,0.00744,0.00251,0.01447,1.63973,0.00209,50,whatsapp
1084,318.4757,950.5,989.75,908.5,0.00613,0.00434,0.01764,1.54837,0.00083,50,whatsapp
1066,313.06581,904.0,986.0,862.0,0.00673,0.00437,0.0125,1.28914,0.00303,50,whatsapp
1065,310.45322,945.0,1026.0,903.0,0.00857,0.0023,0.02081,2.36394,0.00071,50,whatsapp
1038,303.0377,943.0,989.0,901.0,0.0072,0.0036,0.02029,1.59039,0.00216,50,whatsapp
997,281.67513,864.0,959.0,822.0,0.0063,0.00281,0.01021,1.89131,0.00108,50,whatsapp
999,326.73876,877.0,966.0,835.0,0.00806,0.00192,0.01854,2.12006,0.00144,50,whatsapp
1029,307.53895,878.5,1023.0,836.5,0.00688,0.00625,0.01997,1.58841,0.00027,50,whatsapp
1021,345.44073,920.0,981.75,878.0,0.00959,0.00712,0.02958,1.76474,0.00036,50,whatsapp
1078,320.29112,922.0,995.75,880.0,0.00767,0.00538,0.01802,1.47531,0.00117,50,whatsapp
1003,315.73882,907.0,937.0,865.0,0.00633,0.0046,0.01634,1.42816,0.0019,50,whatsapp
1047,323.66088,912.0,930.0,870.0,0.00941,0.00303,0.02975,1.8489,0.00142,50,whatsapp
1062,330.78532,898.0,1015.0,856.0,0.00521,0.00558,0.01473,1.37315,0.0011,50,whatsapp
1085,267.09923,904.0,970.5,862.0,0.00946,0.00306,0.01848,2.08086,0.00142,50,whatsapp
1030,263.11725,937.0,1016.75,895.0,0.00638,0.0027,0.01704,1.59963,0.00205,50,whatsapp
1076,265.0499,926.5,992.0,884.5,0.00631,0.00586,0.01468,1.20468,0.00278,50,whatsapp
1069,266.79785,851.0,984.25,809.0,0.00855,0.00517,0.01762,2.09517,0.0005,50,whatsapp
996,286.94322,791.0,922.0,749.0,0.00751,0.00499,0.01686,1.44833,0.00246,50,whatsapp
1024,266.95476,931.0,1006.0,889.0,0.00771,0.00484,0.02136,1.51681,0.00129,50,whatsapp
1031,294.28933,917.0,975.0,875.0,0.00858,0.00459,0.01989,1.85401,0.00113,50,whatsapp
1086,287.30952,904.0,1015.0,862.0,0.0077,0.00608,0.01999,1.45715,0.00108,50,whatsapp
1011,290.55423,948.0,995.0,906.0,0.00637,0.0043,0.01624,1.51428,0.00149,50,whatsapp
1086,288.82235,973.0,992.75,931.0,0.00939,0.00477,0.02178,1.88134,0.00149,50,whatsapp
1071,306.12861,879.0,962.75,837.0,0.00646,0.00448,0.01622,1.45172,0.00155,50,whatsapp
1033,275.84135,946.0,1012.75,904.0,0.00801,0.00359,0.02297,1.9788,0.00038,50,whatsapp
1065,350.76056,992.0,1024.5,950.0,0.00747,0.00628,0.01985,1.37964,0.00201,50,whatsapp
1053,241.7696,928.5,991.0,886.5,0.00971,0.00507,0.03327,1.76056,0.00081,50,whatsapp
1049,306.81695,923.0,953.0,881.0,0.00824,0.00615,0.0197,1.61378,0.00124,50,whatsapp
1050,299.84657,895.5,990.5,853.5,0.00603,0.00613,0.01289,1.35534,0.0013,50,whatsapp
1062,323.02942,866.0,993.75,824.0,0.00953,0.00426,0.0308,1.86015,0.00055,50,whatsapp
1083,325.7513,925.5,1014.0,883.5,0.00573,0.00511,0.01283,1.44175,0.00122,50,whatsapp
1018,270.12432,888.0,913.0,846.0,0.00657,0.00387,0.0156,1.64797,0.00143,50,whatsapp
1056,343.55873,969.0,1012.0,927.0,0.00683,0.00405,0.01346,1.61306,0.0019,50,whatsapp
1056,281.61987,845.0,964.75,803.0,0.00779,0.00709,0.02033,1.518,0.0011,50,whatsapp
1057,302.11938,861.0,974.0,819.0,0.00788,0.00326,0.02142,1.90243,0.00141,50,whatsapp
1077,325.65412,885.5,953.0,843.5,0.00632,0.00507,0.01626,1.39314,0.00117,50,whatsapp
1083,304.8961,889.0,942.5,847.0,0.00883,0.00625,0.02123,1.76488,0.00077,50,whatsapp
1079,305.72225,894.0,975.0,852.0,0.01028,0.00228,0.03277,1.98507,0.00115,50,whatsapp
1040,269.20958,889.0,988.75,847.0,0.00787,0.00666,0.02263,1.7145,0.0004,50,whatsapp
1084,231.06857,975.5,1015.0,933.5,0.00695,0.00356,0.01676,1.65546,0.0017,50,whatsapp
1027,274.74633,923.0,962.25,881.0,0.00835,0.00411,0.02467,1.9679,0.0003,50,whatsapp
1044,310.01352,966.5,1013.25,924.5,0.00848,0.00726,0.02414,1.60167,0.00099,50,whatsapp
1013,308.76543,887.0,950.0,845.0,0.01118,0.01313,0.03069,1.40493,0.00105,50,whatsapp
1059,314.54491,912.5,949.25,870.5,0.00536,0.00197,0.0073,2.32162,0.00016,50,whatsapp
1076,258.3911,928.0,989.5,886.0,0.00665,0.00348,0.01103,2.13013,0.00024,50,whatsapp
1056,325.62349,796.0,1020.0,754.0,0.00764,0.00331,0.01924,2.06015,0.00057,50,whatsapp
1074,296.72241,955.0,1030.0,913.0,0.007,0.00475,0.021,1.58421,0.00104,50,whatsapp
1076,260.21066,896.5,949.0,854.5,0.00943,0.00612,0.02673,1.50865,0.00107,50,whatsapp
1023,252.70432,952.0,987.75,910.0,0.00722,0.00528,0.01256,1.66611,0.00112,50,whatsapp
1022,240.02062,891.0,996.0,849.0,0.00726,0.00415,0.01189,1.7576,0.00121,50,whatsapp
1042,280.48601,894.0,973.0,852.0,0.00942,0.00466,0.02395,1.89252,0.00071,50,whatsapp
1067,251.5073,962.0,977.0,920.0,0.01102,0.00564,0.03087,1.90404,0.00098,50,whatsapp
1051,197.43658,878.0,956.25,836.0,0.01039,0.00149,0.02378,2.35572,0.00103,50,whatsapp
1086,276.73706,910.0,948.0,868.0,0.01004,0.00408,0.02898,1.94954,0.00095,50,whatsapp
1072,289.74002,937.0,1000.5,895.0,0.00854,0.00532,0.02513,1.66052,0.00136,50,whatsapp
1045,314.67037,899.0,989.25,857.0,0.00749,0.00472,0.01876,1.51204,0.0014,50,whatsapp
1004,326.64698,898.0,979.0,856.0,0.00696,0.00447,0.01882,1.6409,0.001,50,whatsapp
1056,317.27833,942.0,1001.0,900.0,0.00769,0.00528,0.01461,1.71808,0.00103,50,whatsapp
1030,243.44261,934.0,970.0,892.0,0.01048,0.00243,0.03588,2.09606,0.00107,50,whatsapp
1058,223.86046,984.0,1025.0,942.0,0.00742,0.00231,0.02216,1.74642,0.00132,50,whatsapp
1039,269.54363,877.0,1012.25,835.0,0.01146,0.00318,0.03785,2.1771,0.00025,50,whatsapp
983,287.547,901.0,950.75,859.0,0.00729,0.00608,0.0235,1.70967,0.00021,50,whatsapp
1030,326.02743,862.0,929.75,820.0,0.00783,0.00682,0.01448,1.37243,0.00212,50,whatsapp
1079,277.05026,907.0,939.25,865.0,0.00952,0.00538,0.02607,2.01237,0.00019,50,whatsapp
1065,249.06654,914.0,958.0,872.0,0.006,0.00464,0.00977,1.29415,0.00275,50,whatsapp
1081,268.57673,948.0,1028.0,906.0,0.00908,0.00421,0.01871,2.17564,0.00024,50,whatsapp
1069,287.43856,915.0,973.0,873.0,0.0043,0.00611,0.01036,1.31919,0.00031,50,whatsapp
1009,319.65405,862.0,1000.75,820.0,0.00897,0.00344,0.01839,1.84818,0.00186,50,whatsapp
1073,297.33053,947.5,988.5,905.5,0.00693,0.0029,0.01686,1.77659,0.00128,50,whatsapp
987,254.16071,896.0,978.0,854.0,0.00706,0.00726,0.01707,1.56194,0.00028,50,whatsapp
1030,290.62603,937.0,985.0,895.0,0.00788,0.00373,0.02223,1.48848,0.00194,50,whatsapp
1027,296.23811,939.0,971.0,897.0,0.00913,0.00339,0.028,1.88384,0.00104,50,whatsapp
1082,300.08539,938.0,1014.0,896.0,0.00818,0.00569,0.01945,1.4957,0.00178,50,whatsapp
996,273.055,874.5,920.0,832.5,0.00763,0.00504,0.02206,1.73371,0.00076,50,whatsapp
1077,296.895,973.0,1001.75,931.0,0.00681,0.00499,0.01748,1.53856,0.00085,50,whatsapp
1077,281.13451,949.0,985.0,907.0,0.00758,0.00448,0.01131,2.06721,0.00025,50,whatsapp
1086,328.99564,979.0,1024.0,937.0,0.00691,0.00521,0.01733,1.64197,0.001,50,whatsapp
1060,295.72836,950.5,1025.0,908.5,0.00633,0.00556,0.0144,1.45439,0.00094,50,whatsapp
1035,300.75541,850.5,943.0,808.5,0.00806,0.00413,0.0173,1.92562,0.001,50,whatsapp
1070,307.34704,939.5,976.75,897.5,0.0071,0.00276,0.01481,1.48328,0.00231,50,whatsapp
1048,312.12549,916.0,958.0,874.0,0.00729,0.00417,0.02181,1.60283,0.00108,50,whatsapp
1050,302.12864,890.5,927.75,848.5,0.00873,0.00294,0.02552,1.90229,0.00102,50,whatsapp
1074,301.8993,830.0,936.75,788.0,0.00614,0.00506,0.01317,1.63651,0.0004,50,whatsapp
1054,328.07613,945.0,1014.0,903.0,0.0082,0.00491,0.02329,1.6711,0.00111,50,whatsapp
1066,280.27001,959.5,970.0,917.5,0.00686,0.00227,0.01429,1.69919,0.00202,50,whatsapp
1070,253.35342,960.5,1036.0,918.5,0.00826,0.00503,0.02093,1.54323,0.00159,50,whatsapp
1085,238.07332,929.0,1045.0,887.0,0.01035,0.00418,0.03057,2.03304,0.00088,50,whatsapp
1082,292.75548,916.5,975.0,874.5,0.00724,0.00404,0.01719,1.62258,0.00113,50,whatsapp
1084,280.90721,901.0,971.75,859.0,0.00811,0.00341,0.02392,1.53079,0.00246,50,whatsapp
1060,258.04147,837.0,939.0,795.0,0.00788,0.00429,0.01969,1.60435,0.00206,50,whatsapp
1059,251.51332,938.5,973.0,896.5,0.00882,0.00359,0.02165,1.97118,0.00099,50,whatsapp
1003,265.85592,841.0,909.0,799.0,0.00754,0.00491,0.02296,1.55893,0.00125,50,whatsapp
1070,259.3699,947.0,1013.75,905.0,0.00502,0.00403,0.01532,1.44669,0.00059,50,whatsapp
1070,277.05273,901.5,946.75,859.5,0.00727,0.00452,0.01711,1.85803,0.00039,50,whatsapp
1086,291.02418,932.0,959.25,890.0,0.0075,0.00214,0.01929,1.88206,0.00122,50,whatsapp
1075,309.57416,924.0,981.5,882.0,0.00849,0.00622,0.02323,1.58724,0.00107,50,whatsapp
1082,308.99961,854.0,950.0,812.0,0.00636,0.00533,0.0159,1.49044,0.00153,50,whatsapp
1005,312.52591,931.0,962.25,889.0,0.00848,0.00528,0.0228,1.73022,0.00124,50,whatsapp
1061,325.76861,963.0,975.75,921.0,0.00702,0.00451,0.0183,1.71024,0.00038,50,whatsapp
1061,295.20817,923.5,987.0,881.5,0.00743,0.00515,0.01899,1.40016,0.00215,50,whatsapp
1055,283.80228,902.0,1010.0,860.0,0.00848,0.00492,0.02236,1.60323,0.00178,50,whatsapp
1054,253.94207,946.5,992.0,904.5,0.00794,0.00435,0.01791,1.79404,0.00103,50,whatsapp
1063,323.74607,885.0,950.75,843.0,0.00818,0.00272,0.0209,2.08718,0.0007,50,whatsapp
1046,302.06602,911.0,931.0,869.0,0.00682,0.00435,0.02038,1.55886,0.00098,50,whatsapp
1072,301.69622,937.0,966.0,895.0,0.00765,0.00322,0.01334,1.79643,0.00113,50,whatsapp
1004,294.55718,826.5,948.0,784.5,0.00676,0.00501,0.01538,1.68167,0.00044,50,whatsapp
1044,372.49242,929.0,1011.0,887.0,0.0057,0.00549,0.01661,1.33114,0.00148,50,whatsapp
986,291.24867,897.0,969.0,855.0,0.01184,0.01527,0.03095,1.29128,0.00076,50,whatsapp
1047,292.04431,962.0,980.0,920.0,0.00788,0.00133,0.00658,3.4059,0.00021,50,whatsapp
1076,282.75225,860.0,1051.5,818.0,0.00784,0.00305,0.01826,1.93119,0.001,50,whatsapp
1072,310.9413,833.5,956.0,791.5,0.00911,0.00316,0.02574,1.88358,0.00148,50,whatsapp
1056,300.26554,909.5,998.0,867.5,0.00831,0.00483,0.01328,2.04402,0.00032,50,whatsapp
1060,325.36461,935.5,980.0,893.5,0.00766,0.00492,0.01323,1.72444,0.00148,50,whatsapp
1025,319.79147,991.0,1016.0,949.0,0.00779,0.00278,0.01148,2.0314,0.00108,50,whatsapp
1025,311.18157,944.0,972.75,902.0,0.00747,0.00496,0.01667,1.75186,0.00065,50,whatsapp
1063,319.46815,858.0,993.75,816.0,0.00988,0.00215,0.02042,2.13454,0.00105,50,whatsapp
1064,320.82905,967.5,1013.0,925.5,0.0091,0.00573,0.0191,1.73479,0.00139,50,whatsapp
1055,304.52925,935.0,1013.0,893.0,0.00698,0.00487,0.0189,1.60867,0.00111,50,whatsapp
1029,329.0122,887.0,984.0,845.0,0.00854,0.00321,0.02165,1.82412,0.00193,50,whatsapp
1046,289.47532,911.5,1012.0,869.5,0.00876,0.00412,0.02274,1.75048,0.00098,50,whatsapp
1023,275.86395,941.0,1010.75,899.0,0.00868,0.0018,0.01954,2.17416,0.00048,50,whatsapp
1079,236.8831,944.0,983.75,902.0,0.01127,0.00467,0.0303,1.94715,0.00133,50,whatsapp
1084,269.3734,900.0,991.0,858.0,0.00791,0.0046,0.01688,1.89795,0.00086,50,whatsapp
1046,273.1139,813.0,970.0,771.0,0.00948,0.00252,0.0192,2.4121,0.00058,50,whatsapp
1058,328.742,924.0,995.0,882.0,0.00847,0.00239,0.02185,1.71116,0.00213,50,whatsapp
1042,308.93114,896.5,947.25,854.5,0.0088,0.00474,0.02233,1.66889,0.00118,50,whatsapp
1005,294.49624,937.0,944.0,895.0,0.00685,0.0054,0.01697,1.51844,0.0011,50,whatsapp
1034,261.16626,955.0,974.5,913.0,0.01006,0.00624,0.02308,1.98821,0.00015,50,whatsapp
1034,288.18602,916.0,955.0,874.0,0.01046,0.0028,0.02757,2.48179,0.00019,50,whatsapp
1072,235.10869,925.0,998.0,883.0,0.0077,0.00412,0.02015,1.77674,0.00103,50,whatsapp
1077,315.59099,930.5,1008.5,888.5,0.00681,0.00364,0.01146,1.59148,0.00203,50,whatsapp
1075,300.28242,898.0,917.0,856.0,0.0073,0.00273,0.01541,1.73492,0.00188,50,whatsapp
1056,305.83872,884.0,1013.25,842.0,0.00638,0.00314,0.01244,1.83848,0.00104,50,whatsapp
1083,326.07042,870.0,931.0,828.0,0.00674,0.00288,0.0129,1.78354,0.00119,50,whatsapp
1061,309.67021,995.0,1044.0,953.0,0.00862,0.00445,0.02166,1.77008,0.00127,50,whatsapp
1017,295.00739,887.5,990.0,845.5,0.00617,0.00408,0.01437,1.6319,0.00123,50,whatsapp
1011,276.36911,888.0,927.0,846.0,0.00604,0.00452,0.0179,1.48052,0.00129,50,whatsapp
1027,321.5108,956.0,1009.25,914.0,0.00889,0.00295,0.0252,2.07476,0.00114,50,whatsapp
1069,245.25598,932.5,1009.0,890.5,0.00622,0.00458,0.01597,1.48596,0.00177,50,whatsapp
1034,282.92359,947.0,1010.0,905.0,0.00668,0.00405,0.01662,1.7024,0.00148,50,whatsapp
1084,288.94809,946.0,1010.5,904.0,0.00735,0.005,0.01935,1.74624,0.00025,50,whatsapp
1059,272.5913,900.0,945.0,858.0,0.00554,0.00475,0.01375,1.30438,0.00177,50,whatsapp
1029,256.55167,935.0,991.0,893.0,0.00929,0.00382,0.02971,1.9187,0.00107,50,whatsapp
1036,303.92343,947.0,985.5,905.0,0.00551,0.00515,0.01423,1.29044,0.00188,50,whatsapp
1003,244.20846,904.0,965.0,862.0,0.00566,0.00521,0.01599,1.45649,0.00111,50,whatsapp
1054,284.33743,912.0,946.5,870.0,0.00749,0.00379,0.01857,1.90485,0.00046,50,whatsapp
1077,262.82896,864.5,922.0,822.5,0.01049,0.00402,0.01734,2.29995,0.00029,50,whatsapp
1074,269.37862,932.5,992.0,890.5,0.00887,0.00439,0.01651,2.28909,0.00027,50,whatsapp
1002,247.20891,911.5,944.0,869.5,0.00726,0.00384,0.01324,1.74421,0.00174,50,whatsapp
1016,278.86993,952.0,982.0,910.0,0.00527,0.00364,0.01333,1.4387,0.00169,50,whatsapp
1071,329.26077,953.5,1011.75,911.5,0.00724,0.00366,0.02216,1.7167,0.00041,50,whatsapp
1070,295.62653,936.0,980.0,894.0,0.00989,0.00277,0.02943,2.02727,0.00132,50,whatsapp
1032,298.62922,917.0,1006.0,875.0,0.0057,0.00473,0.01219,1.30629,0.00203,50,whatsapp
1067,319.45173,917.0,982.75,875.0,0.00624,0.00334,0.0149,1.61987,0.00131,50,whatsapp
1031,275.73207,899.0,947.0,857.0,0.00801,0.00388,0.01916,2.03849,0.00027,50,whatsapp
1008,304.71242,897.0,981.75,855.0,0.00706,0.00436,0.01953,1.62906,0.00164,50,whatsapp
1075,248.9469,924.0,957.0,882.0,0.00693,0.00518,0.01678,1.73865,0.00062,50,whatsapp
1072,293.9496,924.0,1001.5,882.0,0.00715,0.00515,0.01293,1.74158,0.00104,50,whatsapp
1030,335.05411,924.0,981.5,882.0,0.00596,0.00616,0.01754,1.49935,0.00049,50,whatsapp
1050,251.08359,889.0,992.0,847.0,0.00655,0.00435,0.01295,1.56684,0.0019,50,whatsapp
997,275.65197,888.0,945.0,846.0,0.00702,0.00299,0.01969,1.80061,0.00076,50,whatsapp
1013,265.34966,902.0,974.0,860.0,0.00675,0.00367,0.01586,1.25414,0.0032,50,whatsapp
1050,283.41192,966.0,1000.75,924.0,0.00731,0.00379,0.01598,1.81485,0.00119,50,whatsapp
1020,259.77749,927.5,951.0,885.5,0.00781,0.00491,0.01407,1.92196,0.00054,50,whatsapp
1019,318.40541,909.0,951.5,867.0,0.00621,0.00346,0.01086,1.49436,0.00202,50,whatsapp
1011,273.04307,946.5,957.5,904.5,0.00708,0.00451,0.01415,1.76914,0.00098,50,whatsapp
1026,283.15275,885.0,935.0,843.0,0.0066,0.0043,0.01834,1.57065,0.00146,50,whatsapp
1061,231.47388,921.0,927.0,879.0,0.00568,0.00684,0.01492,1.43639,0.00033,50,whatsapp
1061,280.23114,928.0,971.0,886.0,0.00838,0.00236,0.02254,2.06615,0.00106,50,whatsapp
1014,255.61893,927.0,979.0,885.0,0.0057,0.00437,0.01568,1.36939,0.00197,50,whatsapp
1034,281.13507,933.0,977.0,891.0,0.00686,0.005,0.01688,1.39539,0.00211,50,whatsapp
1031,260.24111,900.0,992.0,858.0,0.00886,0.00348,0.01726,2.03769,0.00097,50,whatsapp
1069,314.04782,904.0,971.25,862.0,0.00687,0.00275,0.01526,1.75958,0.0012,50,whatsapp
982,278.38847,901.0,924.0,859.0,0.00604,0.00505,0.01619,1.56454,0.00082,50,whatsapp
1051,307.44104,899.0,914.0,857.0,0.0071,0.00179,0.01563,1.92043,0.00146,50,whatsapp
1083,296.54252,937.0,979.0,895.0,0.00708,0.00389,0.0182,1.71891,0.00017,50,whatsapp
1016,281.07477,929.0,963.0,887.0,0.00636,0.00441,0.01832,1.62243,0.00022,50,whatsapp
1083,274.88097,932.0,1007.0,890.0,0.00774,0.00422,0.02524,1.79381,0.00108,50,whatsapp
1027,267.37081,925.0,938.0,883.0,0.00617,0.00622,0.01555,1.60293,0.00026,50,whatsapp
1031,268.74399,1027.0,1028.5,985.0,0.00299,0.00556,0.00688,1.36161,0.0001,50,whatsapp
1081,360.79684,851.5,1021.0,809.5,0.0085,0.0022,0.01866,1.91671,0.0011,50,whatsapp
1079,312.79501,805.0,1004.0,763.0,0.01201,0.01464,0.03633,1.52373,0.0,50,whatsapp
989,293.14715,866.5,902.0,824.5,0.00969,0.00408,0.01879,1.92887,6e-05,50,whatsapp
1061,234.56709,930.0,995.0,888.0,0.00177,0.00083,0.00509,1.7941,0.00013,50,whatsapp
1070,323.45085,926.5,951.0,884.5,0.00703,0.00413,0.01674,1.85955,6e-05,50,whatsapp
1027,281.75496,919.0,944.0,877.0,0.00612,0.00666,0.01391,1.67324,0.00015,50,whatsapp
1049,292.73595,844.0,902.0,802.0,0.00849,0.00306,0.01739,2.13848,0.00096,50,whatsapp
1075,302.65419,944.0,975.0,902.0,0.00652,0.00472,0.01721,1.63148,0.00103,50,whatsapp
1059,304.47655,946.0,997.0,904.0,0.00614,0.0053,0.01558,1.4986,0.001,50,whatsapp
1011,240.55435,988.0,1011.0,946.0,0.00683,0.00471,0.00639,1.83757,0.00146,50,whatsapp
1044,330.62441,955.0,1016.25,913.0,0.00775,0.003,0.02275,1.74457,0.00108,50,whatsapp
1010,323.3522,890.0,992.75,848.0,0.00776,0.00274,0.01976,1.59119,0.00177,50,whatsapp
1067,318.80711,935.5,979.0,893.5,0.00703,0.00291,0.01811,1.80362,0.00082,50,whatsapp
1070,336.34401,947.5,1052.0,905.5,0.00628,0.0038,0.01624,1.46302,0.00152,50,whatsapp
1059,241.31886,920.0,960.0,878.0,0.00741,0.00339,0.02019,1.73807,0.00141,50,whatsapp
1059,259.96289,920.0,934.5,878.0,0.00801,0.00342,0.01975,2.04455,0.00071,50,whatsapp
1022,263.03446,891.5,981.0,849.5,0.00859,0.00618,0.02607,1.68999,0.00028,50,whatsapp
1021,261.28307,934.0,966.0,892.0,0.00761,0.00407,0.01898,1.77902,0.00136,50,whatsapp
1043,321.72836,913.0,994.0,871.0,0.00763,0.00273,0.01879,1.90366,0.0013,50,whatsapp
1064,294.72212,952.0,976.0,910.0,0.0038,0.00354,0.00757,1.34452,0.00113,50,whatsapp
1055,276.26854,843.0,989.75,801.0,0.00851,0.00504,0.02115,1.61122,0.00131,50,whatsapp
1036,251.57143,942.0,974.0,900.0,0.00857,0.00244,0.01891,2.0786,0.00109,50,whatsapp
1050,292.71955,965.0,1018.5,923.0,0.00723,0.00237,0.02156,1.80383,0.00132,50,whatsapp
1021,320.93991,948.0,1000.0,906.0,0.00931,0.00404,0.02557,1.82478,0.00128,50,whatsapp
1041,314.81351,905.0,972.0,863.0,0.00658,0.00353,0.0166,1.73423,0.00099,50,whatsapp
1014,266.14783,940.0,991.0,898.0,0.00643,0.00522,0.01696,1.56769,0.00112,50,whatsapp
