pkt_len_max,pkt_len_std,pkt_len_p50,pkt_len_p75,payload_median,iat_std,iat_p75_minus_p50,iat_p95_minus_p50,iat_cov_std_mean,iat_median,granularity,label
45314,11205.93401,510.0,11734.0,456.0,0.04051,0.00336,0.04587,3.82877,0.00036,100,Netflix
58454,11741.10399,549.5,1514.0,495.5,2.32685,0.01006,0.05326,7.29126,0.00059,100,Netflix
64294,19856.40794,2244.0,22684.0,2190.0,0.00454,0.00278,0.01353,1.6351,0.00037,100,Netflix
43854,10638.42099,217.5,15019.0,163.5,0.00943,0.00076,0.00566,3.40951,0.00034,100,Netflix
39474,9138.62793,832.5,11734.0,778.5,1.34747,0.00171,0.01691,6.72569,0.00037,100,Netflix
24874,6118.27106,1514.0,8814.0,1460.0,0.0008,0.00088,0.00209,1.11945,0.00018,100,Netflix
20494,5367.87818,1514.0,10274.0,1460.0,0.00079,0.00089,0.00228,1.1136,0.0002,100,Netflix
64294,12147.65624,1514.0,10274.0,1460.0,0.00166,0.00094,0.00458,1.59517,0.00029,100,Netflix
64294,16612.6049,844.5,22319.0,790.5,0.00828,0.0026,0.01006,2.86309,0.00036,100,Netflix
64294,17801.63798,671.0,18304.0,617.0,0.04148,0.00242,0.01588,5.69571,0.00031,100,Netflix
64294,22959.86232,546.0,27064.0,492.0,0.01661,0.00176,0.01678,3.55747,0.00033,100,Netflix
58454,15763.64465,463.5,19399.0,409.5,0.0203,0.00246,0.03852,2.96841,0.00079,100,Netflix
64294,13144.62325,1332.5,16114.0,1278.5,0.00251,0.00106,0.00446,1.95429,0.00024,100,Netflix
64294,15134.87462,546.5,23414.0,492.5,0.00309,0.00171,0.00769,1.83131,0.0003,100,Netflix
59914,17073.17702,1165.0,23779.0,1111.0,0.00251,0.00207,0.00537,1.685,0.00021,100,Netflix
64294,17429.54,1200.5,24874.0,1146.5,0.00314,0.00092,0.00312,2.62739,0.00017,100,Netflix
64294,16155.67516,677.0,13559.0,623.0,0.44698,0.00354,0.27283,5.1472,0.00079,100,Netflix
64294,17358.69249,682.0,24874.0,628.0,0.00466,0.00204,0.01381,1.85554,0.00025,100,Netflix
64294,16316.43314,1332.5,24874.0,1278.5,0.00251,0.00167,0.00642,1.56813,0.00038,100,Netflix
64294,20035.74852,1514.0,26699.0,1460.0,0.01399,0.00275,0.03748,2.30938,0.0004,100,Netflix
58454,18371.91991,1034.5,16114.0,980.5,0.02136,0.00495,0.04979,2.00335,0.00072,100,Netflix
64294,19806.41863,1150.0,19399.0,1096.0,0.02142,0.00834,0.05279,1.96648,0.00084,100,Netflix
42394,7567.81502,831.0,8814.0,777.0,0.40558,0.00113,0.35679,4.16496,0.00041,100,Netflix
55534,11549.06143,1514.0,16114.0,1460.0,0.01006,0.00068,0.00446,4.28149,0.00038,100,Netflix
55534,10347.8472,1514.0,7354.0,1460.0,0.00271,0.00205,0.00693,1.55383,0.00031,100,Netflix
45314,8267.08623,620.5,8449.0,566.5,0.00447,0.00156,0.00506,2.51241,0.0003,100,Netflix
46774,9955.14209,944.5,13194.0,890.5,0.00241,0.00174,0.00553,1.53915,0.00031,100,Netflix
32174,9750.24103,648.5,12099.0,594.5,0.00367,0.00142,0.00598,1.91609,0.00076,100,Netflix
43854,10642.9429,1128.5,13559.0,1074.5,0.00176,0.00095,0.00292,1.73223,0.00021,100,Netflix
64294,17495.45232,861.5,17574.0,807.5,0.00852,0.00106,0.00817,3.24509,0.00027,100,Netflix
64294,18010.59942,9544.0,27794.0,9490.0,0.0071,0.0016,0.02045,2.23194,0.00034,100,Netflix
64294,16532.31063,1159.0,20859.0,1105.0,0.01114,0.0026,0.03159,2.188,0.00034,100,Netflix
42394,8132.27128,1117.0,10639.0,1063.0,0.04484,0.00164,0.01355,6.51761,0.00039,100,Netflix
30714,7370.48432,784.0,11734.0,730.0,0.0017,0.00168,0.00434,1.26861,0.00031,100,Netflix
58454,11405.24943,1333.5,12099.0,1279.5,0.00904,0.00097,0.01142,2.90538,0.00037,100,Netflix
40934,9117.36547,1135.5,13559.0,1081.5,0.01663,0.00146,0.0156,3.9375,0.00042,100,Netflix
14654,5134.46941,1514.0,7354.0,1460.0,0.00069,0.0007,0.00181,1.02448,0.0003,100,Netflix
40934,9080.63664,1514.0,11734.0,1460.0,0.00147,0.00088,0.00375,1.4346,0.00033,100,Netflix
64294,16310.81122,2974.0,22319.0,2920.0,0.01391,0.0029,0.03576,2.33331,0.00052,100,Netflix
64294,16991.88854,1333.5,19034.0,1279.5,0.01553,0.00213,0.04027,2.11896,0.00045,100,Netflix
64294,19030.42786,2974.0,25239.0,2920.0,0.01581,0.00252,0.04203,2.14453,0.00054,100,Netflix
64294,14072.83235,4434.0,19399.0,4380.0,0.00586,0.00087,0.00735,2.91322,0.00026,100,Netflix
33634,10692.10713,981.5,16114.0,927.5,0.00811,0.00078,0.00421,3.99061,0.00026,100,Netflix
43854,12877.20807,1159.0,24874.0,1105.0,0.00499,0.0013,0.01218,2.48007,0.00028,100,Netflix
64294,17751.58384,1228.0,27794.0,1174.0,0.0045,0.00118,0.012,2.24298,0.00032,100,Netflix
64294,18570.26325,2974.0,28159.0,2920.0,0.01365,0.00192,0.01628,3.48378,0.00036,100,Netflix
42394,9579.64353,1514.0,2974.0,1460.0,0.08966,0.00034,0.01158,7.50416,0.00015,100,Netflix
64294,15160.15445,1130.0,13559.0,1076.0,0.27522,0.00265,0.02968,7.98546,0.00032,100,Netflix
64294,15520.10975,1137.0,13559.0,1083.0,0.71935,0.00256,0.67526,4.72725,0.00044,100,Netflix
58454,14039.49541,1514.0,23414.0,1460.0,0.18033,0.0022,0.0193,8.22756,0.00026,100,Netflix
56994,13700.22804,1334.5,14654.0,1280.5,0.00337,0.0016,0.00748,1.78151,0.0005,100,Netflix
51154,10188.46348,414.5,13559.0,360.5,0.00175,0.00121,0.0026,1.74482,0.00035,100,Netflix
64294,11978.74288,498.5,10639.0,444.5,0.18737,0.00109,0.01353,8.14251,0.00037,100,Netflix
58454,15494.52128,1514.0,11004.0,1460.0,0.00128,0.00188,0.00297,1.3085,0.00016,100,Netflix
58454,14758.45261,1514.0,20859.0,1460.0,0.00211,0.00172,0.00574,1.42772,0.00031,100,Netflix
27794,6043.44185,1514.0,1514.0,1460.0,0.2915,0.00018,0.00549,9.47,6e-05,100,Netflix
64294,20332.49078,208.0,18669.0,154.0,1.95375,0.0034,0.01781,6.61298,0.00036,100,Netflix
24874,6196.0446,1514.0,10274.0,1460.0,0.00315,0.00163,0.00815,1.73718,0.00028,100,Netflix
55534,9098.45948,784.0,12099.0,730.0,0.00287,0.00112,0.0069,1.89874,0.00027,100,Netflix
64294,9998.21815,1514.0,8814.0,1460.0,0.00286,0.00114,0.00833,2.16209,0.00016,100,Netflix
64294,16225.57687,1137.0,27794.0,1083.0,0.02001,0.00201,0.00889,4.93046,0.00034,100,Netflix
48234,11035.21065,1514.0,16479.0,1460.0,0.00195,0.0013,0.00374,1.77755,0.00019,100,Netflix
30714,9016.26784,111.5,12099.0,57.5,0.00089,0.00094,0.00254,1.13538,0.0002,100,Netflix
38014,9623.36148,1514.0,11734.0,1460.0,0.00242,0.00105,0.00261,2.56709,0.00017,100,Netflix
58454,10862.84404,92.0,13194.0,32.0,0.37449,0.00157,0.01566,9.25658,0.0004,100,Netflix
32174,8839.2097,1514.0,17574.0,1460.0,0.00106,0.00118,0.00299,1.15755,0.00018,100,Netflix
64294,11357.99584,1514.0,16114.0,1460.0,0.00158,0.00088,0.0041,1.6191,0.00018,100,Netflix
43854,10015.75962,1514.0,4434.0,1460.0,0.00375,0.00055,0.00429,3.1132,0.00015,100,Netflix
64294,16220.60749,682.0,23779.0,628.0,0.36066,0.00265,0.0159,8.54428,0.00029,100,Netflix
33634,9256.72447,1514.0,6259.0,1460.0,0.05006,0.00083,0.00373,7.82893,0.00018,100,Netflix
39474,11396.03652,1514.0,20859.0,1460.0,0.00818,0.00151,0.00474,3.34552,0.00017,100,Netflix
54074,11335.55252,1514.0,17574.0,1460.0,0.00194,0.00105,0.00451,1.7925,0.00013,100,Netflix
64294,15293.08828,1128.5,16114.0,1074.5,0.28477,0.00135,0.0111,9.3065,0.0002,100,Netflix
48234,11721.57571,1514.0,16114.0,1460.0,0.01054,0.00107,0.00619,3.9121,0.00017,100,Netflix
58454,13837.14248,1514.0,4799.0,1460.0,0.061,0.00106,0.01379,7.41307,0.00014,100,Netflix
58454,14898.48145,463.5,19034.0,409.5,0.02712,0.00228,0.01522,4.32401,0.00048,100,Netflix
48234,10801.66732,62.0,19034.0,8.0,0.00124,0.00109,0.00281,1.28866,0.00029,100,Netflix
64294,19097.26891,425.0,28159.0,371.0,0.00389,0.00202,0.00784,2.01458,0.0002,100,Netflix
35094,10106.52252,1135.0,13559.0,1081.0,0.01895,0.00129,0.01375,4.80266,0.00038,100,Netflix
58454,11893.09935,339.5,19034.0,285.5,0.00356,0.00108,0.00969,2.08418,0.00032,100,Netflix
21954,6421.52748,1514.0,11734.0,1460.0,0.00055,0.00075,0.00139,0.96503,0.00023,100,Netflix
46774,8187.42487,552.0,11734.0,498.0,0.04006,0.00076,0.02106,5.56708,0.00034,100,Netflix
24874,7526.73544,784.0,14654.0,730.0,0.00082,0.00087,0.00249,1.15212,0.0002,100,Netflix
27794,7459.00046,1514.0,14654.0,1460.0,0.00064,0.00083,0.00146,1.04414,0.00021,100,Netflix
48234,10687.07754,849.5,11004.0,795.5,0.00183,0.00074,0.00293,1.88781,0.00036,100,Netflix
46774,12987.69384,1149.5,19034.0,1095.5,0.30394,0.00167,0.01373,9.23664,0.00044,100,Netflix
56994,14415.36418,682.0,21954.0,628.0,0.07115,0.00114,0.03181,6.53262,0.00042,100,Netflix
58454,15271.96787,92.0,2974.0,32.0,7.37128,0.02795,4.28685,5.68642,0.00115,100,Netflix
48234,12589.86645,1333.5,19399.0,1279.5,0.00353,0.00167,0.00377,2.33782,0.00032,100,Netflix
40934,10094.8968,1131.5,11734.0,1077.5,0.78926,0.00137,0.06541,8.19339,0.00037,100,Netflix
42394,11459.24762,850.0,20494.0,796.0,0.00436,0.00094,0.0091,2.26691,0.00034,100,Netflix
43854,11374.11106,339.5,14654.0,285.5,0.15259,0.00135,0.01554,7.55963,0.00045,100,Netflix
51154,11745.45624,548.5,12099.0,494.5,0.10046,0.001,0.01272,8.04711,0.00032,100,Netflix
35094,8355.54557,1150.5,11734.0,1096.5,0.38797,0.00137,0.03779,5.96925,0.00026,100,Netflix
39474,9164.80071,850.5,14654.0,796.5,0.00345,0.0015,0.00733,1.95719,0.00039,100,Netflix
35094,10813.27843,1514.0,19399.0,1460.0,0.00267,0.0009,0.005,2.03082,0.00031,100,Netflix
36554,7855.08147,1332.5,10639.0,1278.5,0.23798,0.00121,0.00404,9.41199,0.0004,100,Netflix
32174,8583.64533,1514.0,11734.0,1460.0,0.00103,0.00138,0.00257,1.13011,0.0002,100,Netflix
58454,13101.4494,682.0,19034.0,628.0,1.2008,0.00155,0.0126,9.62331,0.00034,100,Netflix
49694,7561.30072,850.0,1879.0,796.0,0.00683,0.00088,0.00266,3.81947,0.00016,100,Netflix
17574,4173.04677,1514.0,7719.0,1460.0,0.00073,0.0006,0.00223,1.1538,0.00027,100,Netflix
36554,6460.57836,784.0,8814.0,730.0,0.00109,0.00072,0.00254,1.44013,0.00022,100,Netflix
40934,11699.81112,546.0,15384.0,492.0,0.14185,0.00163,0.04641,4.95731,0.00064,100,Netflix
35094,9940.15213,1332.5,12099.0,1278.5,0.00173,0.0009,0.00303,1.75984,0.00028,100,Netflix
59914,14026.28656,1151.0,20494.0,1097.0,0.00344,0.00242,0.00807,1.58727,0.00049,100,Netflix
43854,11909.78698,1150.0,8814.0,1096.0,0.50189,0.00306,1.24159,3.75111,0.00036,100,Netflix
36554,9988.91825,1149.0,16114.0,1095.0,0.5982,0.00206,0.01271,9.51969,0.00073,100,Netflix
58454,15787.90842,723.0,20494.0,669.0,0.50492,0.00709,0.94519,3.69483,0.00078,100,Netflix
45314,11800.24576,953.5,17939.0,899.5,0.09716,0.00192,0.01708,5.83343,0.0003,100,Netflix
11306,2085.51466,58.0,1518.0,0.0,16.4895,0.04252,45.00875,2.93551,0.00039,100,Netflix
36554,9599.74772,1332.5,13194.0,1278.5,0.00168,0.00077,0.00286,1.65819,0.00042,100,Netflix
43854,12377.96374,551.0,15019.0,497.0,0.24932,0.00182,0.04252,7.24477,0.00039,100,Netflix
64294,9891.63001,1036.5,16114.0,982.5,0.34283,0.00072,0.00256,9.65415,0.00032,100,Netflix
64294,16259.40853,1159.0,21954.0,1105.0,0.02077,0.00204,0.00479,5.81089,0.00026,100,Netflix
45314,10383.97042,339.5,12099.0,285.5,0.20773,0.00122,0.01491,6.94176,0.00042,100,Netflix
45314,9476.03805,848.0,14654.0,794.0,0.05559,0.0007,0.00219,7.79695,0.00042,100,Netflix
58454,13314.81578,1514.0,16844.0,1460.0,0.00515,0.00226,0.00502,2.63535,0.00027,100,Netflix
24874,6902.05906,383.0,12099.0,329.0,0.00077,0.00075,0.00201,1.13285,0.00022,100,Netflix
20494,6140.16456,1328.0,11734.0,1274.0,0.00063,0.00074,0.0016,1.09588,0.00019,100,Netflix
39474,10122.2151,1146.0,13194.0,1092.0,1.27963,0.00073,0.66192,5.7274,0.00067,100,Netflix
64294,15637.55147,1514.0,16114.0,1460.0,0.09605,0.0015,0.00511,8.35131,0.00021,100,Netflix
58454,11852.12495,1333.5,14654.0,1279.5,0.01825,0.00128,0.016,3.77746,0.00036,100,Netflix
23414,6907.13325,1514.0,13194.0,1460.0,0.00058,0.00061,0.00139,0.98371,0.00037,100,Netflix
64294,12188.90196,700.0,13194.0,646.0,0.10894,0.00078,0.007,8.70255,0.0002,100,Netflix
64294,15658.64409,1514.0,11734.0,1460.0,0.00245,0.00051,0.00504,2.2045,0.00019,100,Netflix
64294,13392.18616,1501.0,13194.0,1447.0,0.00196,0.00091,0.00246,1.98434,0.0003,100,Netflix
64294,18457.05245,1148.0,24874.0,1094.0,0.27509,0.00271,0.0472,5.50175,0.00042,100,Netflix
64294,15023.44142,252.0,20494.0,198.0,0.00229,0.00075,0.00388,1.94152,0.0003,100,Netflix
58454,12742.83734,70.0,11004.0,16.0,0.4353,0.01182,0.68107,3.13525,0.00116,100,Netflix
64294,18130.30478,1144.5,24874.0,1090.5,0.42353,0.00349,0.01028,6.96789,0.00045,100,Netflix
64294,19229.50242,847.5,22319.0,793.5,0.40383,0.00234,0.03346,6.7397,0.00036,100,Netflix
64294,18716.95868,1514.0,19399.0,1460.0,0.0028,0.00109,0.00737,1.85233,0.0002,100,Netflix
64294,14490.87601,1155.0,20494.0,1101.0,0.00188,0.00175,0.00489,1.4205,0.00018,100,Netflix
64294,18130.18817,252.0,27794.0,198.0,0.00264,0.00124,0.00654,1.74753,0.00026,100,Netflix
64294,21324.23283,848.5,29254.0,794.5,0.37542,0.00145,0.0194,6.87574,0.0003,100,Netflix
64294,20968.38699,1514.0,27794.0,1460.0,0.00863,0.00078,0.01485,3.12567,0.00029,100,Netflix
64294,16049.72633,2244.0,26334.0,2190.0,0.17067,0.00114,0.0169,8.37626,0.00029,100,Netflix
64294,16500.14335,546.5,21954.0,492.5,1.88509,0.00158,0.00862,6.96662,0.00037,100,Netflix
64294,16942.15983,3704.0,25239.0,3650.0,0.00889,0.00158,0.01393,3.03915,0.00036,100,Netflix
64294,17857.90713,1149.5,26334.0,1095.5,0.41032,0.0012,0.00833,7.27042,0.00029,100,Netflix
58454,16304.11954,1346.5,24874.0,1292.5,0.00117,0.00111,0.00267,1.29044,0.00021,100,Netflix
64294,19863.82647,1514.0,27794.0,1460.0,0.19365,0.0013,0.01667,8.45285,0.00025,100,Netflix
64294,21805.62297,1145.5,20859.0,1091.5,0.45422,0.00226,0.01588,6.9272,0.0003,100,Netflix
64294,13155.7702,1191.5,19399.0,1137.5,0.00128,0.00103,0.0028,1.30973,0.0002,100,Netflix
29254,7560.91773,1514.0,11734.0,1460.0,0.00093,0.00069,0.00243,1.61497,0.00012,100,Netflix
54074,11017.15382,1514.0,14654.0,1460.0,0.00085,0.00077,0.00219,1.15705,0.00035,100,Netflix
64294,16939.07299,1151.5,21954.0,1097.5,0.41953,0.00071,0.0213,6.56414,0.0003,100,Netflix
49694,6556.97512,1514.0,1514.0,1460.0,0.00149,0.00074,0.00365,1.79977,0.00015,100,Netflix
33634,4707.76048,802.0,2974.0,730.0,0.0016,0.00162,0.00455,1.51842,0.00018,100,Netflix
64294,12542.44524,1514.0,14654.0,1460.0,0.00372,0.00095,0.01248,2.18896,0.00026,100,Netflix
43854,9621.34529,1514.0,14654.0,1460.0,0.00253,0.00141,0.0067,1.74191,0.00023,100,Netflix
27794,7001.53749,982.0,11734.0,928.0,0.00184,0.00081,0.00501,1.73846,0.00024,100,Netflix
29254,6143.43556,794.0,5894.0,730.0,0.00178,0.00179,0.00459,1.51702,0.00014,100,Netflix
48234,6618.55216,1514.0,7354.0,1460.0,0.00204,0.00079,0.00503,1.72888,0.00034,100,Netflix
64294,10992.29809,1514.0,2974.0,1460.0,0.0044,0.00083,0.01498,2.20852,0.00016,100,Netflix
26334,4688.36455,798.0,5894.0,730.0,0.00406,0.00078,0.01472,2.14843,0.00022,100,Netflix
27794,4813.80094,802.0,5894.0,730.0,0.00406,0.00247,0.01357,1.82568,0.00018,100,Netflix
14654,3381.94987,1514.0,2974.0,1460.0,0.00592,0.00224,0.01967,1.90325,0.0003,100,Netflix
11734,2622.55855,1514.0,2974.0,1460.0,0.00453,0.00169,0.01547,1.99871,0.00024,100,Netflix
16114,3249.34031,1331.0,2974.0,1277.0,0.08434,0.00407,0.02107,6.94661,0.0003,100,Netflix
16114,3999.50409,1514.0,7354.0,1460.0,0.33538,0.00333,0.02866,8.43277,0.00044,100,Netflix
33634,5073.03921,1161.0,6259.0,1107.0,0.24425,0.00269,0.02541,8.64288,0.00023,100,Netflix
16114,3725.68818,1514.0,7354.0,1460.0,0.00657,0.00243,0.01822,1.87283,0.00048,100,Netflix
13194,3024.6419,1514.0,4434.0,1460.0,0.00743,0.00207,0.0235,1.8707,0.0005,100,Netflix
64294,15702.06506,60.5,13194.0,0.5,4.72911,0.00119,0.00991,7.56269,0.0002,100,Netflix
64294,19334.29719,1150.5,25239.0,1096.5,3.22706,0.00111,0.01888,8.87738,0.00039,100,Netflix
10274,2646.41689,1514.0,2974.0,1460.0,0.01018,0.00268,0.02577,1.69548,0.00046,100,Netflix
13194,2799.582,1514.0,2974.0,1460.0,0.01048,0.00243,0.02754,1.75164,0.00049,100,Netflix
16114,4195.6713,790.0,7354.0,730.0,0.00904,0.00268,0.02568,1.74397,0.00043,100,Netflix
13194,3450.41482,1514.0,4434.0,1460.0,0.00921,0.00312,0.0282,1.74044,0.00047,100,Netflix
35094,7386.94119,1514.0,7354.0,1460.0,0.00721,0.00404,0.0208,1.65493,0.00033,100,Netflix
36554,5936.03515,1514.0,4434.0,1460.0,0.00513,0.00211,0.01255,2.04253,0.0003,100,Netflix
21954,3490.48453,798.0,4434.0,730.0,0.00277,0.00262,0.00921,1.50891,0.00019,100,Netflix
27794,5327.20462,798.0,4434.0,730.0,0.00552,0.00239,0.01587,1.82882,0.00021,100,Netflix
19034,4621.79367,784.0,7354.0,730.0,0.00454,0.00388,0.01265,1.65652,0.0002,100,Netflix
35094,5257.16302,1514.0,4434.0,1460.0,0.00402,0.00265,0.01032,1.69958,0.00025,100,Netflix
33634,6623.31699,1514.0,8814.0,1460.0,0.00419,0.00139,0.01121,2.15655,0.00023,100,Netflix
58454,9250.16744,1030.0,8814.0,976.0,0.00627,0.00176,0.01241,2.45454,0.00026,100,Netflix
64294,12943.38713,318.5,2974.0,246.5,0.53333,0.00108,0.01415,9.57208,0.00018,100,Netflix
64294,15470.24157,1514.0,22319.0,1460.0,0.00383,0.00224,0.00682,1.95052,0.00031,100,Netflix
58454,13688.22998,1514.0,20494.0,1460.0,0.00231,0.00148,0.00486,1.8057,0.00016,100,Netflix
64294,15298.79405,820.5,19764.0,766.5,0.252,0.00086,0.0086,6.76446,0.00023,100,Netflix
64294,19779.37271,363.0,28159.0,309.0,0.00242,0.00251,0.00375,1.76099,0.00019,100,Netflix
64294,16689.58452,1514.0,27794.0,1460.0,0.19952,0.00152,0.01069,8.83024,0.00045,100,Netflix
64294,18376.01349,1147.0,10639.0,1093.0,0.58241,0.00202,0.01567,5.99555,0.00028,100,Netflix
64294,16151.65685,1156.0,13559.0,1102.0,1.59032,0.00272,0.01684,8.99256,0.00035,100,Netflix
56994,14884.99996,1149.0,21589.0,1095.0,0.46394,0.00203,0.01743,6.85414,0.00039,100,Netflix
45314,10101.48975,318.5,4434.0,246.5,0.90898,0.00092,0.01165,9.59183,0.00018,100,Netflix
10274,1705.75535,851.0,1514.0,797.0,0.25558,0.0012,0.00457,9.41306,0.00016,100,Netflix
26334,3124.08321,1514.0,1514.0,1460.0,0.00263,0.00156,0.00657,1.8644,0.0002,100,Netflix
55534,11024.62254,90.0,2974.0,0.0,0.00791,0.00246,0.02404,2.16015,0.00021,100,Netflix
11734,3103.60294,1514.0,2974.0,1460.0,0.00835,0.00348,0.02529,1.78208,0.00032,100,Netflix
29254,7840.6214,1514.0,8814.0,1460.0,0.00911,0.00089,0.02802,2.00248,0.00024,100,Netflix
16114,5153.53115,1514.0,8814.0,1460.0,0.00471,0.00495,0.01299,1.51128,0.00033,100,Netflix
45314,13536.37903,884.5,20494.0,830.5,1.02628,0.00152,0.01032,9.72058,0.00034,100,Netflix
20494,5321.9954,784.0,7354.0,730.0,0.00297,0.00285,0.00985,1.38372,0.00033,100,Netflix
21954,4584.0649,1514.0,5894.0,1460.0,0.00301,0.00249,0.0083,1.63725,0.00019,100,Netflix
33634,8542.32263,1514.0,10274.0,1460.0,0.00424,0.00238,0.01261,1.66168,0.00031,100,Netflix
61374,12123.04798,982.5,11734.0,928.5,0.05769,0.00244,0.02142,6.31821,0.00022,100,Netflix
43854,9443.84775,1514.0,13194.0,1460.0,0.00596,0.00084,0.01458,2.18545,0.00036,100,Netflix
24874,5602.189,1514.0,6624.0,1460.0,0.00402,0.00112,0.01061,2.12859,0.00018,100,Netflix
10274,3660.23485,1514.0,5894.0,1460.0,0.00254,0.00209,0.00761,1.62995,0.0002,100,Netflix
49694,9608.697,682.0,2974.0,628.0,0.40659,0.00317,0.02873,6.7497,0.0003,100,Netflix
64294,13256.69608,1335.5,3339.0,1281.5,0.78596,0.00052,0.01838,9.65804,0.00014,100,Netflix
8814,1824.79833,802.0,1514.0,730.0,0.00128,0.00089,0.00281,1.69969,0.00011,100,Netflix
32174,5945.81803,1514.0,5894.0,1460.0,0.00181,0.00253,0.00474,1.36329,0.00015,100,Netflix
40934,6373.54802,1514.0,7354.0,1460.0,0.00118,0.00088,0.00325,1.29489,0.00036,100,Netflix
48234,9915.45555,848.5,11734.0,794.5,0.25873,0.00182,0.01418,9.00984,0.00038,100,Netflix
19034,3732.14085,802.0,1514.0,730.0,0.0039,0.00081,0.0078,2.60784,0.0002,100,Netflix
23414,5772.30221,1514.0,8814.0,1460.0,0.00442,0.00219,0.01452,1.71117,0.00032,100,Netflix
14654,3167.50713,1070.5,4434.0,1016.5,0.01652,0.00329,0.02093,2.94611,0.00035,100,Netflix
24874,5943.01966,1339.5,7354.0,1285.5,0.36688,0.00293,0.02286,8.87027,0.00034,100,Netflix
23414,4707.07636,1159.0,7354.0,1105.0,0.04121,0.00425,0.01923,5.01887,0.00024,100,Netflix
16114,3355.1146,798.0,2974.0,730.0,0.00802,0.00188,0.02455,1.88796,0.0002,100,Netflix
16114,3942.10815,1514.0,7354.0,1460.0,0.00636,0.00244,0.019,1.82898,0.00031,100,Netflix
10274,3151.71359,1514.0,5894.0,1460.0,0.00366,0.0016,0.00855,1.72013,0.00052,100,Netflix
14654,3020.18599,1514.0,4434.0,1460.0,0.00377,0.00204,0.0106,1.84302,0.00024,100,Netflix
33634,6544.57927,1514.0,7354.0,1460.0,0.0045,0.00179,0.01245,1.96594,0.0003,100,Netflix
14654,3582.16442,1514.0,4434.0,1460.0,0.00271,0.00188,0.00675,1.80977,0.00016,100,Netflix
11734,2705.9442,1514.0,2974.0,1460.0,0.00634,0.00233,0.01868,1.88839,0.00039,100,Netflix
30714,7159.05274,1514.0,10274.0,1460.0,0.00798,0.00281,0.02378,1.8085,0.00039,100,Netflix
17574,3978.94307,1514.0,7354.0,1460.0,0.00318,0.00255,0.00907,1.51062,0.0002,100,Netflix
24874,5289.30536,1514.0,7354.0,1460.0,0.00912,0.00869,0.02576,1.69041,0.00042,100,Netflix
35094,7605.3777,1143.0,5894.0,1089.0,1.16833,0.00122,0.0276,9.45773,0.00026,100,Netflix
38014,8902.19981,804.0,8814.0,750.0,0.27154,0.007,0.02283,8.45352,0.00037,100,Netflix
30714,6771.17042,1514.0,2974.0,1460.0,0.00437,0.00218,0.01419,1.96672,0.0002,100,Netflix
21954,3967.09734,1514.0,5894.0,1460.0,0.00582,0.00214,0.01854,1.93339,0.00032,100,Netflix
33634,5940.95224,844.5,5894.0,790.5,0.3483,0.00173,0.02462,8.88228,0.00027,100,Netflix
24874,4875.20788,1514.0,4434.0,1460.0,0.00522,0.00366,0.01491,1.56329,0.00032,100,Netflix
20494,3406.15593,1514.0,4434.0,1460.0,0.00566,0.00242,0.01724,1.76746,0.00039,100,Netflix
27794,4706.09435,1514.0,7354.0,1460.0,0.0056,0.00255,0.01681,1.84319,0.00036,100,Netflix
26334,4701.2,1514.0,7354.0,1460.0,0.00245,0.00161,0.0069,1.62768,0.00018,100,Netflix
29254,4788.68872,1514.0,5894.0,1460.0,0.00161,0.00083,0.00451,1.83332,0.00016,100,Netflix
33634,6032.75109,1514.0,7354.0,1460.0,0.00159,0.00072,0.00465,1.55977,0.00027,100,Netflix
30714,5495.57653,1514.0,7354.0,1460.0,0.00183,0.00087,0.00389,1.76148,0.00025,100,Netflix
17574,3997.60158,1514.0,7354.0,1460.0,0.00133,0.00082,0.00318,1.46082,0.00024,100,Netflix
39474,7103.07444,1514.0,7354.0,1460.0,0.00323,0.00239,0.00771,1.80525,0.00026,100,Netflix
19034,5321.9954,1514.0,7354.0,1460.0,0.00148,0.00244,0.00397,1.25182,0.00016,100,Netflix
27794,6055.3753,1514.0,7354.0,1460.0,0.0013,0.00121,0.00298,1.30742,0.00018,100,Netflix
58454,9388.4139,848.5,7354.0,794.5,0.41075,0.00136,0.01308,6.97693,0.0002,100,Netflix
64294,17708.29278,1503.0,21954.0,1449.0,0.00353,0.00135,0.00983,1.75202,0.0003,100,Netflix
52614,14128.57623,2974.0,19034.0,2920.0,0.00199,0.00171,0.00661,1.49384,0.00028,100,Netflix
8791,1200.22671,104.5,126.25,46.5,14.17648,4.91067,34.68859,1.90758,0.04656,100,Netflix
64294,15154.71957,1334.0,20494.0,1280.0,4.69177,0.00095,0.0142,7.88597,0.0003,100,Netflix
64294,12693.56215,1514.0,21954.0,1460.0,0.00629,0.00099,0.00362,3.68616,0.00026,100,Netflix
64294,11942.45024,1328.0,20494.0,1274.0,0.00122,0.0009,0.00379,1.38434,0.00021,100,Netflix
64294,21868.93702,983.5,25239.0,929.5,0.40903,0.00178,0.01544,7.39103,0.00023,100,Netflix
64294,21148.69925,668.5,32174.0,614.5,0.12819,0.00249,0.00707,8.82302,0.0002,100,Netflix
64294,16104.87718,1155.0,27794.0,1101.0,0.00188,0.00117,0.00576,1.6129,0.0002,100,Netflix
64294,19068.95243,1146.0,26334.0,1092.0,0.45874,0.00094,0.0156,6.94624,0.00036,100,Netflix
64294,20428.60482,1183.5,27064.0,1129.5,0.38635,0.00094,0.00928,9.49883,0.00022,100,Netflix
64294,15280.82935,1069.5,21954.0,1015.5,0.46176,0.0013,0.02364,6.74002,0.00021,100,Netflix
58454,14395.43311,1514.0,17939.0,1460.0,0.0016,0.00105,0.00317,1.56513,0.00022,100,Netflix
38014,9140.59849,1514.0,16114.0,1460.0,0.00087,0.00083,0.00267,1.26146,0.00016,100,Netflix
55534,11019.98283,252.0,17574.0,198.0,0.00093,0.00093,0.0027,1.18775,0.0002,100,Netflix
64294,17942.86777,1151.0,23414.0,1097.0,0.41049,0.00113,0.01533,8.27092,0.0003,100,Netflix
64294,15563.23747,1153.5,24874.0,1099.5,1.2872,0.00085,0.01804,8.06322,0.00041,100,Netflix
64294,19524.83363,1151.5,23779.0,1097.5,1.81752,0.00302,0.02341,7.99146,0.00047,100,Netflix
64294,20758.16399,1514.0,15019.0,1460.0,0.67091,0.00209,0.01641,6.81325,0.00031,100,Netflix
64294,17311.50635,4434.0,29254.0,4380.0,0.00532,0.00131,0.00743,2.61258,0.00027,100,Netflix
64294,16835.7821,546.5,13559.0,492.5,0.5218,0.00119,0.01573,6.10092,0.00023,100,Netflix
36554,12122.21375,532.0,23414.0,478.0,0.0685,0.0009,0.00219,8.79568,0.00026,100,Netflix
64294,20037.95776,546.0,29254.0,492.0,0.29049,0.00178,0.00393,7.46031,0.00026,100,Netflix
64294,14950.68042,1514.0,21224.0,1460.0,0.00179,0.00086,0.00257,2.03532,0.00028,100,Netflix
64294,17684.81096,1514.0,20859.0,1460.0,2.02142,0.00163,0.01046,9.79637,0.00039,100,Netflix
64294,15420.26105,944.0,19764.0,890.0,0.41143,0.00159,0.00656,8.0358,0.00024,100,Netflix
64294,20501.64792,679.0,27794.0,625.0,0.1778,0.00257,0.00597,9.03866,0.00022,100,Netflix
64294,17576.43509,585.0,25239.0,531.0,0.17784,0.00182,0.01494,8.70468,0.00024,100,Netflix
64294,22277.23282,882.0,26699.0,828.0,1.32612,0.00128,0.0165,7.61824,0.00028,100,Netflix
64294,17321.0156,1514.0,24874.0,1460.0,0.00258,0.00101,0.00415,1.90414,0.00033,100,Netflix
64294,21816.55456,1149.0,28159.0,1095.0,0.63448,0.00132,0.01704,5.60822,0.00027,100,Netflix
64294,20310.35769,720.0,21224.0,666.0,1.19041,0.00178,0.02074,7.35766,0.00049,100,Netflix
64294,23330.89414,671.5,32904.0,617.5,4.52611,0.00231,0.01915,8.22456,0.00055,100,Netflix
64294,23760.08688,1151.5,44584.0,1097.5,0.46918,0.00123,0.01602,5.725,0.00028,100,Netflix
64294,20089.06395,546.5,36554.0,492.5,0.28077,0.00086,0.00652,8.10945,0.00025,100,Netflix
64294,20098.49492,546.0,28524.0,492.0,0.12252,0.00093,0.01158,6.47948,0.00026,100,Netflix
64294,17165.49072,613.5,19399.0,559.5,0.2262,0.00076,0.00399,6.76292,0.00019,100,Netflix
8814,1578.84042,850.5,1514.0,796.5,0.19892,0.00084,0.00387,9.4892,0.00014,100,Netflix
48234,12682.02905,2803.0,20494.0,2749.0,0.00139,0.00093,0.00359,1.4908,0.00022,100,Netflix
64294,17450.07524,1146.0,25239.0,1092.0,0.19206,0.00153,0.01279,6.92318,0.00027,100,Netflix
64294,17157.2701,891.0,25239.0,837.0,0.28365,0.00159,0.00657,9.28573,0.00022,100,Netflix
64294,21137.63524,971.5,29254.0,917.5,0.35992,0.00059,0.01164,9.47336,0.00026,100,Netflix
64294,18446.7819,1041.5,23779.0,987.5,0.43932,0.00077,0.01624,6.82078,0.00031,100,Netflix
64294,18871.44384,1157.0,23779.0,1103.0,3.17295,0.00139,0.01468,9.19072,0.00049,100,Netflix
58454,15857.95746,2974.0,27794.0,2920.0,0.00487,0.00123,0.00439,2.71701,0.00043,100,Netflix
64294,20150.35198,980.5,26334.0,926.5,0.57122,0.00189,0.01605,5.88501,0.00025,100,Netflix
64294,17851.11563,546.0,26699.0,492.0,1.20161,0.00124,0.0155,6.70536,0.00042,100,Netflix
64294,18776.13899,1400.5,5894.0,1346.5,0.74639,0.00093,0.01777,8.24109,0.00025,100,Netflix
64294,15661.6815,250.0,21954.0,196.0,0.19764,0.0012,0.00846,9.13079,0.00024,100,Netflix
64294,17156.7991,1146.0,26334.0,1092.0,0.40426,0.00141,0.0114,7.90936,0.00032,100,Netflix
64294,20700.51432,1260.0,25969.0,1206.0,4.67725,0.00106,0.0151,7.92406,0.00038,100,Netflix
64294,19558.61533,840.0,24874.0,786.0,0.40773,0.00093,0.00403,6.93144,0.00022,100,Netflix
64294,22462.29404,1154.0,29619.0,1100.0,1.51058,0.00143,0.02496,6.80777,0.00046,100,Netflix
64294,19861.86826,849.0,33634.0,795.0,1.32177,0.00164,0.01962,8.17379,0.00075,100,Netflix
64294,14305.37044,980.5,2974.0,926.5,0.40124,0.00053,0.01628,8.18284,0.00012,100,Netflix
39474,7786.04769,802.0,8814.0,730.0,0.00209,0.00256,0.00488,1.44156,0.0002,100,Netflix
64294,12716.68371,850.5,7354.0,796.5,0.70793,0.00268,0.01392,9.56001,0.00034,100,Netflix
24874,4936.37482,1514.0,4434.0,1460.0,0.00174,0.00112,0.00467,1.52085,0.00019,100,Netflix
20494,4582.46209,1514.0,4434.0,1460.0,0.00255,0.00228,0.00472,1.58254,0.00028,100,Netflix
21954,4769.66722,1514.0,4434.0,1460.0,0.00873,0.00148,0.01102,3.4909,0.00025,100,Netflix
39474,8704.75694,863.0,7354.0,809.0,0.45149,0.00437,0.01573,6.82834,0.00033,100,Netflix
43854,10668.91262,1335.0,16114.0,1281.0,0.01269,0.00265,0.01151,3.63731,0.00038,100,Netflix
58454,15140.44638,2244.0,19034.0,2190.0,0.00312,0.00242,0.00802,1.44238,0.00042,100,Netflix
49694,10888.50734,784.0,17574.0,730.0,0.00164,0.00179,0.00434,1.29607,0.00033,100,Netflix
64294,17267.6408,599.0,17574.0,545.0,0.23382,0.00124,0.01446,6.82845,0.00028,100,Netflix
61374,17516.62643,848.0,26334.0,794.0,0.40169,0.00237,0.00984,7.67862,0.0004,100,Netflix
52614,12740.829,1473.5,19034.0,1419.5,0.00112,0.00181,0.00272,1.16613,0.00015,100,Netflix
21954,5167.42877,851.0,5894.0,797.0,2.4114,0.00346,0.01402,9.74854,0.00048,100,Netflix
64294,18213.20847,845.0,26334.0,791.0,0.49042,0.0014,0.01642,5.87349,0.00031,100,Netflix
42394,9428.29973,1514.0,4434.0,1460.0,0.00473,0.00248,0.01083,1.88245,0.0003,100,Netflix
52614,11860.08327,985.5,20494.0,931.5,0.20606,0.00179,0.01319,8.36801,0.00043,100,Netflix
64294,12611.64626,433.5,17209.0,379.5,0.26852,0.00165,0.00828,9.30705,0.00026,100,Netflix
64294,14726.60973,784.0,19034.0,730.0,0.00267,0.00238,0.00825,1.57951,0.00022,100,Netflix
64294,17237.96068,1005.0,23414.0,951.0,0.53967,0.00235,0.01593,6.3725,0.00033,100,Netflix
64294,14598.72167,1029.5,20494.0,975.5,0.00233,0.00148,0.00601,1.64016,0.00032,100,Netflix
64294,15841.58553,1514.0,21954.0,1460.0,0.00162,0.00116,0.00432,1.41194,0.00028,100,Netflix
64294,17757.78183,565.5,26334.0,511.5,1.49983,0.00135,0.01503,7.63601,0.00042,100,Netflix
64294,20812.26305,546.0,21224.0,492.0,0.48719,0.00182,0.0265,6.00065,0.00047,100,Netflix
64294,15168.23642,849.5,24874.0,795.5,0.2564,0.00078,0.00621,9.47822,0.00029,100,Netflix
33634,10744.26384,83.5,21954.0,29.5,0.00106,0.00083,0.00306,1.35847,0.00022,100,Netflix
64294,19720.64046,363.0,25969.0,309.0,4.74276,0.00101,0.15924,6.97916,0.0002,100,Netflix
64294,15686.8077,546.0,20494.0,492.0,0.24077,0.00087,0.00869,6.9937,0.00032,100,Netflix
64294,17425.14838,546.5,26334.0,492.5,0.4352,0.00075,0.01348,6.84878,0.00036,100,Netflix
64294,22104.77053,671.0,28159.0,617.0,0.3329,0.0016,0.00878,9.35746,0.00029,100,Netflix
64294,21277.2805,675.5,30714.0,621.5,1.66209,0.00174,0.01396,7.46031,0.00046,100,Netflix
58454,15808.56541,546.0,15749.0,492.0,0.41662,0.00289,0.02121,6.77003,0.00034,100,Netflix
64294,18872.81401,1154.0,28159.0,1100.0,0.59538,0.0008,0.00837,9.56635,0.00039,100,Netflix
58454,14726.13279,1145.0,17939.0,1091.0,0.62769,0.00139,0.0155,9.32839,0.00065,100,Netflix
64294,22422.6688,1150.5,32539.0,1096.5,0.84345,0.0016,0.0143,6.10988,0.0003,100,Netflix
46774,11598.67151,845.0,13924.0,791.0,0.49277,0.00123,0.00855,6.88573,0.00023,100,Netflix
58454,14168.40988,1331.5,16114.0,1277.5,0.07401,0.00159,0.01689,7.43326,0.00031,100,Netflix
64294,14275.86312,1514.0,23414.0,1460.0,0.23518,0.00061,0.00559,9.53308,0.00018,100,Netflix
61374,16082.53855,1316.0,22319.0,1262.0,0.00142,0.00109,0.00304,1.4146,0.00018,100,Netflix
64294,16880.92353,1514.0,27794.0,1460.0,0.00239,0.00188,0.00459,1.68573,0.00018,100,Netflix
64294,23332.35824,595.5,26699.0,541.5,0.29722,0.00166,0.03298,5.40525,0.00017,100,Netflix
64294,19512.25162,1514.0,29619.0,1460.0,1.20055,0.0007,0.01057,9.75913,0.0005,100,Netflix
58454,20049.9041,1151.0,29254.0,1097.0,0.34054,0.00158,0.01605,6.11089,0.00046,100,Netflix
64294,21818.73527,546.5,23779.0,492.5,0.31787,0.00144,0.02603,6.50033,0.00028,100,Netflix
64294,21855.34729,849.5,32904.0,795.5,0.4378,0.00179,0.01365,9.34749,0.00041,100,Netflix
64294,23586.55935,1145.0,28159.0,1091.0,0.30838,0.00116,0.0154,5.52336,0.00029,100,Netflix
64294,24759.96862,546.0,32539.0,492.0,0.26002,0.0011,0.02024,6.79942,0.00025,100,Netflix
64294,20705.69047,646.0,35094.0,592.0,0.25357,0.00091,0.00337,9.4684,0.00028,100,Netflix
64294,16199.33284,546.0,19034.0,492.0,3.65426,0.0037,0.05457,6.70992,0.00075,100,Netflix
64294,21746.65728,682.5,21954.0,628.5,0.48485,0.00118,0.0421,5.97982,0.0003,100,Netflix
64294,22143.84295,845.0,32539.0,791.0,0.28838,0.00108,0.01925,5.7984,0.00033,100,Netflix
64294,22095.10112,127.0,32174.0,73.0,0.27818,0.00053,0.00593,9.54285,0.0002,100,Netflix
64294,19557.61475,1152.5,32904.0,1098.5,0.1847,0.00091,0.00325,8.93287,0.00021,100,Netflix
64294,18205.20268,1514.0,20494.0,1460.0,0.8982,0.00181,0.01558,6.92794,0.00043,100,Netflix
64294,22014.10908,973.5,31079.0,919.5,0.21049,0.00101,0.00573,9.27103,0.00022,100,Netflix
64294,23815.36392,1160.5,42394.0,1106.5,0.20513,0.00113,0.00808,9.09458,0.00024,100,Netflix
64294,27733.11415,1157.5,58819.0,1103.5,0.44349,0.00074,0.05367,5.58734,0.00019,100,Netflix
64294,24726.18717,1155.0,41299.0,1101.0,5.07122,0.00247,0.06191,6.35182,0.00069,100,Netflix
64294,20426.89769,1149.0,21224.0,1095.0,0.43783,0.00144,0.01635,7.31729,0.00026,100,Netflix
64294,19652.05367,1158.0,29619.0,1104.0,1.17387,0.00272,0.02416,5.94384,0.00052,100,Netflix
64294,25461.72427,1241.0,47869.0,1187.0,0.70749,0.00073,0.0065,9.62316,0.00029,100,Netflix
64294,20500.49715,1148.5,31079.0,1094.5,0.1773,0.00113,0.02918,6.26137,0.00044,100,Netflix
64294,17955.03199,985.5,25239.0,931.5,0.16471,0.00092,0.00534,6.74099,0.00032,100,Netflix
58454,15587.38709,1334.0,18669.0,1280.0,0.3751,0.00109,0.01248,9.25987,0.00039,100,Netflix
64294,19615.84642,797.5,28159.0,743.5,0.352,0.0025,0.01557,5.47506,0.0003,100,Netflix
64294,17604.00009,2974.0,24874.0,2920.0,0.00202,0.00097,0.00337,1.73261,0.00033,100,Netflix
64294,26340.69585,1160.5,51519.0,1106.5,0.30112,0.00157,0.01891,8.95333,0.00027,100,Netflix
64294,26820.39754,546.0,49694.0,492.0,0.12546,0.0004,0.01643,6.33771,0.00022,100,Netflix
64294,20535.73493,779.0,28524.0,725.0,1.02484,0.00083,0.02211,5.75628,0.00038,100,Netflix
64294,23202.94306,1153.0,31079.0,1099.0,0.79958,0.00203,0.02907,7.08713,0.0005,100,Netflix
64294,22521.27562,979.0,27794.0,925.0,0.37984,0.00092,0.01541,9.22465,0.00038,100,Netflix
64294,21805.72703,1154.5,28524.0,1100.5,0.59797,0.00187,0.04575,6.46734,0.00041,100,Netflix
64294,21911.48501,1049.0,25604.0,995.0,0.53774,0.00212,0.05183,5.85921,0.00037,100,Netflix
64294,24566.56783,546.5,42394.0,492.5,1.08399,0.00122,0.03059,6.32064,0.00035,100,Netflix
45314,11669.42372,1334.0,16114.0,1280.0,0.00776,0.00189,0.00327,2.94884,0.00036,100,Netflix
64294,14213.72594,1514.0,19034.0,1460.0,0.00235,0.00158,0.00416,1.73721,0.00023,100,Netflix
64294,14783.56522,4434.0,19034.0,4380.0,0.00562,0.00133,0.00963,2.46307,0.00036,100,Netflix
58454,14808.09772,1155.0,21954.0,1101.0,0.569,0.00095,0.01468,5.93367,0.00031,100,Netflix
64294,20085.61028,1156.0,23779.0,1102.0,1.14719,0.00199,0.01707,8.46701,0.00038,100,Netflix
49694,14194.27668,1514.0,20494.0,1460.0,0.00173,0.00103,0.00431,1.61117,0.00019,100,Netflix
64294,14730.4521,2974.0,24874.0,2920.0,0.00351,0.00124,0.00959,2.05968,0.00024,100,Netflix
64294,16380.70982,546.5,27794.0,492.5,0.39791,0.00107,0.00776,6.85902,0.00026,100,Netflix
64294,17840.32114,1496.5,28159.0,1442.5,0.00179,0.00103,0.004,1.62931,0.0002,100,Netflix
64294,17761.30384,2244.0,26334.0,2190.0,0.00348,0.00116,0.00375,2.2919,0.00022,100,Netflix
64294,21353.88382,1147.0,25239.0,1093.0,0.56298,0.00136,0.01691,6.03732,0.00025,100,Netflix
64294,13872.42504,1317.0,17574.0,1263.0,0.00229,0.00104,0.00437,1.84531,0.00017,100,Netflix
64294,18045.41074,546.0,23414.0,492.0,0.43739,0.00108,0.01519,6.20725,0.00038,100,Netflix
64294,21188.61935,1152.5,23414.0,1098.5,2.44688,0.00227,0.01999,8.48964,0.00044,100,Netflix
64294,17775.51612,1401.5,24144.0,1347.5,0.17963,0.00164,0.0069,9.06927,0.00024,100,Netflix
64294,15519.87466,168.5,27794.0,114.5,0.00139,0.00118,0.00285,1.3794,0.00027,100,Netflix
64294,23296.38855,546.5,28159.0,492.5,0.43294,0.00085,0.03014,6.26647,0.00019,100,Netflix
64294,21321.70609,848.5,28524.0,794.5,0.24616,0.00103,0.019,7.205,0.00031,100,Netflix
64294,24224.77501,2216.0,38014.0,2162.0,3.56826,0.00137,0.03413,5.89443,0.00033,100,Netflix
59914,17172.71647,787.0,24874.0,733.0,0.52621,0.001,0.01644,5.78136,0.0004,100,Netflix
64294,22436.42434,672.0,32539.0,618.0,4.66373,0.00199,0.04562,7.03811,0.00065,100,Netflix
64294,21594.08642,844.5,29619.0,790.5,2.44663,0.00189,0.03651,7.29282,0.00045,100,Netflix
64294,22922.72632,1151.5,33999.0,1097.5,0.81398,0.00152,0.01828,5.65067,0.00034,100,Netflix
64294,23996.96509,546.0,35094.0,492.0,0.86522,0.00106,0.0253,5.99552,0.00029,100,Netflix
58454,18510.77613,1514.0,19399.0,1460.0,0.00453,0.00081,0.01154,2.95615,0.00019,100,Netflix
64294,19373.95789,1066.0,20129.0,1012.0,0.54284,0.00094,0.0214,5.60307,0.00034,100,Netflix
64294,21688.33423,1147.0,11734.0,1093.0,0.59273,0.00075,0.06574,5.00952,0.00015,100,Netflix
64294,23212.73352,1151.0,23779.0,1097.0,0.87448,0.00234,0.03135,5.50656,0.00038,100,Netflix
64294,21103.75597,756.0,27064.0,702.0,0.23486,0.00253,0.01634,6.25689,0.00022,100,Netflix
64294,23238.68832,1152.0,35094.0,1098.0,0.99552,0.00165,0.01767,6.26289,0.00043,100,Netflix
64294,21128.58497,848.5,26699.0,794.5,0.3923,0.0009,0.01483,7.22588,0.00032,100,Netflix
64294,24371.0104,1150.0,36919.0,1096.0,1.64392,0.00218,0.07704,5.36957,0.00057,100,Netflix
64294,24071.91496,798.0,42394.0,744.0,0.0024,0.00117,0.0056,1.79117,0.00023,100,Netflix
64294,21276.05457,1152.5,35094.0,1098.5,0.32154,0.00091,0.00987,7.01981,0.00021,100,Netflix
64294,17225.15571,972.5,23414.0,918.5,0.0907,0.00098,0.00569,8.76952,0.00025,100,Netflix
64294,20341.27956,648.5,30714.0,594.5,0.31815,0.00091,0.00322,9.59254,0.00028,100,Netflix
64294,20695.18234,1145.5,30714.0,1091.5,0.37533,0.00089,0.01082,7.99459,0.00024,100,Netflix
64294,23417.50979,568.5,35094.0,514.5,0.44918,0.00106,0.01424,6.87439,0.00022,100,Netflix
64294,24232.06187,546.0,40934.0,492.0,2.26753,0.00241,0.01952,9.25079,0.00032,100,Netflix
64294,20956.0285,1152.5,31079.0,1098.5,0.41298,0.00076,0.01547,5.88721,0.00037,100,Netflix
64294,24669.16187,158.0,42394.0,104.0,0.10359,0.00203,0.01597,7.89684,0.00028,100,Netflix
64294,26828.96475,1014.0,46774.0,960.0,4.63337,0.00088,0.5971,6.59719,0.00025,100,Netflix
64294,25575.64435,221.5,46774.0,167.5,1.22276,0.00209,0.01811,6.3265,0.00041,100,Netflix
64294,19860.62975,697.0,25239.0,643.0,2.68529,0.00118,0.16678,5.66522,0.00051,100,Netflix
64294,21867.26218,845.0,31809.0,791.0,0.72026,0.00156,0.10279,4.94241,0.00034,100,Netflix
64294,26152.15746,546.0,42394.0,492.0,0.52312,0.00148,0.07705,5.45135,0.00025,100,Netflix
64294,28365.78778,728.0,58454.0,674.0,0.76321,0.00079,0.09545,5.05846,0.00016,100,Netflix
64294,24358.83633,1221.5,48599.0,1167.5,0.69364,0.00117,0.03239,6.74412,0.00056,100,Netflix
64294,18932.99527,1151.5,25604.0,1097.5,0.91034,0.00086,0.01483,7.52659,0.0003,100,Netflix
64294,18801.28268,546.0,31079.0,492.0,0.14501,0.00079,0.00528,8.96294,0.00036,100,Netflix
64294,19640.87441,546.0,27794.0,492.0,0.17719,0.00109,0.01597,6.0547,0.0002,100,Netflix
64294,17948.76371,849.0,29254.0,795.0,0.27849,0.00081,0.00503,9.44247,0.00024,100,Netflix
64294,20708.1786,546.5,30714.0,492.5,0.19502,0.00089,0.00706,7.15653,0.00026,100,Netflix
64294,17688.61677,550.5,20494.0,496.5,0.20455,0.00083,0.00461,7.63631,0.0003,100,Netflix
55534,15499.54377,454.0,29254.0,400.0,0.00491,0.0008,0.00169,4.32423,0.0002,100,Netflix
64294,26134.6398,908.5,32539.0,854.5,0.21892,0.0008,0.01565,6.57934,0.00018,100,Netflix
64294,24704.17549,1514.0,38379.0,1460.0,3.98195,0.00054,0.01934,9.36772,0.00018,100,Netflix
14654,6124.59153,752.5,9544.0,698.5,0.01972,0.00031,0.00047,8.249,0.00013,100,Spotify
14654,3362.58863,400.0,2974.0,346.0,0.037,0.0004,0.03343,5.65704,5e-05,100,Spotify
29254,5115.48042,400.0,1879.0,346.0,2.74452,0.00312,0.01333,9.74068,0.00011,100,Spotify
5894,1514.04459,245.0,2974.0,173.0,0.00187,0.0007,0.00194,2.42308,6e-05,100,Spotify
5894,1430.21412,802.0,2974.0,730.0,0.00076,0.00072,0.00133,1.69405,5e-05,100,Spotify
4434,1384.57468,802.0,2974.0,730.0,0.00049,0.00066,0.00127,1.25126,4e-05,100,Spotify
5894,1629.30188,802.0,2974.0,730.0,0.00052,0.00074,0.00121,1.20084,5e-05,100,Spotify
5894,1649.49228,90.0,2974.0,0.0,0.00046,0.00069,0.00114,1.10513,8e-05,100,Spotify
5894,1991.13261,1514.0,2974.0,1460.0,0.00038,0.00057,0.0008,0.98454,0.00015,100,Spotify
5894,1726.13181,790.0,2974.0,730.0,0.00043,0.00072,0.00098,1.01755,0.00012,100,Spotify
5894,1728.58604,790.0,2974.0,730.0,0.00037,0.00047,0.00087,1.02582,0.00016,100,Spotify
7354,2015.18617,794.0,2974.0,730.0,0.00043,0.00071,0.00104,1.05863,8e-05,100,Spotify
4434,2062.94958,82.0,4434.0,0.0,0.00043,0.00069,0.00109,1.10215,8e-05,100,Spotify
8814,2246.41954,1514.0,4434.0,1460.0,0.00044,0.00045,0.00086,0.97236,0.00037,100,Spotify
8814,2529.73316,794.0,4434.0,730.0,0.00048,0.00074,0.00112,1.06255,0.0001,100,Spotify
8814,2426.40039,790.0,4434.0,730.0,0.00043,0.00055,0.00103,1.02567,0.00015,100,Spotify
8814,2440.94428,798.0,4434.0,730.0,0.0005,0.00065,0.00092,1.19523,0.00012,100,Spotify
13194,2888.66857,258.5,5894.0,201.5,0.00553,0.00067,0.00111,4.65335,0.00014,100,Spotify
7354,2884.54445,798.0,5894.0,730.0,0.00047,0.00076,0.00106,1.01486,0.00016,100,Spotify
7354,2728.65102,802.0,5894.0,730.0,0.00246,0.00078,0.00119,3.86654,5e-05,100,Spotify
7354,2664.18848,802.0,5894.0,730.0,0.0025,0.00077,0.00144,3.81402,4e-05,100,Spotify
5894,2681.45587,1514.0,5894.0,1460.0,0.00201,0.00076,0.00152,2.87968,9e-05,100,Spotify
7354,2583.63325,802.0,4799.0,730.0,0.00173,0.00075,0.00117,3.09883,7e-05,100,Spotify
5894,2685.36477,802.0,5894.0,730.0,0.0033,0.00069,0.00111,4.07901,7e-05,100,Spotify
11734,3466.81354,794.0,5894.0,730.0,0.00275,0.0006,0.00079,4.43868,9e-05,100,Spotify
10274,2917.63749,1514.0,5894.0,1460.0,0.0027,0.00064,0.00102,4.25819,6e-05,100,Spotify
11734,3547.84376,802.0,7354.0,730.0,0.0039,0.00053,0.00115,4.89478,0.00018,100,Spotify
11734,3793.54216,488.5,7354.0,434.5,0.00882,0.00075,0.00127,4.33558,9e-05,100,Spotify
8814,3366.69918,245.0,6259.0,173.0,0.00042,0.00048,0.00094,1.55608,4e-05,100,Spotify
13194,3779.63943,245.0,7354.0,173.0,0.00038,0.0006,0.00096,1.23704,5e-05,100,Spotify
11734,4431.83133,802.0,8814.0,730.0,0.00053,0.00075,0.00106,1.20932,8e-05,100,Spotify
11734,4965.29664,1514.0,10274.0,1460.0,0.00585,0.0007,0.00101,5.73319,0.00014,100,Spotify
6292,1117.56488,183.5,1288.0,141.5,1.43067,0.02948,0.57085,5.01427,0.00037,100,Spotify
14654,2736.61893,142.0,4434.0,88.0,0.00161,0.00064,0.00397,2.26582,6e-05,100,Spotify
11734,2796.35823,352.0,4434.0,292.0,0.00096,0.00062,0.0012,1.98792,0.0001,100,Spotify
7354,2622.19636,784.0,5894.0,730.0,0.00045,0.0006,0.00095,1.13029,0.00012,100,Spotify
36554,6651.53365,1107.0,3339.0,1053.0,2.31701,0.0007,0.0327,9.57114,0.00014,100,Spotify
4434,2031.72141,802.0,4434.0,730.0,0.00047,0.00061,0.00104,1.03396,0.00023,100,Spotify
4434,1778.94753,802.0,2974.0,730.0,0.00053,0.00086,0.0013,1.19315,5e-05,100,Spotify
11734,5283.77769,400.0,11734.0,346.0,1.58977,0.00072,0.00106,9.84212,6e-05,100,Spotify
14654,5698.36915,508.5,11734.0,436.5,0.00039,0.0006,0.00094,1.15933,8e-05,100,Spotify
14654,6083.56323,802.0,13194.0,730.0,0.0005,0.00066,0.00132,1.27379,5e-05,100,Spotify
14654,6230.77043,802.0,13194.0,730.0,0.00045,0.00059,0.00124,1.24506,5e-05,100,Spotify
14654,5712.07748,802.0,7719.0,730.0,0.0004,0.00048,0.00114,1.42987,4e-05,100,Spotify
14654,6064.23613,1514.0,9909.0,1460.0,0.00243,0.00035,0.00052,4.10918,0.00013,100,Spotify
14654,5687.49696,917.5,4434.0,863.5,0.03108,0.0004,0.00563,7.09873,7e-05,100,Spotify
14654,4465.84683,245.0,1879.0,173.0,0.00031,0.00041,0.00086,1.49658,2e-05,100,Spotify
14654,4555.28054,245.0,4799.0,173.0,0.00026,0.00036,0.00066,1.33892,4e-05,100,Spotify
14654,4486.91799,802.0,1514.0,730.0,0.00039,0.00044,0.00107,1.55171,2e-05,100,Spotify
14654,3249.2809,802.0,2974.0,730.0,0.00038,0.00034,0.00088,1.76196,2e-05,100,Spotify
14654,4569.12326,802.0,4434.0,730.0,0.00031,0.00022,0.00075,1.5929,3e-05,100,Spotify
35094,4326.45665,93.0,4434.0,39.0,2.65006,0.00081,0.01983,7.17197,0.00012,100,Spotify
96,1.60184,81.0,81.0,39.0,1.89019,0.79608,1.7581,1.81404,0.42103,100,Spotify
11734,3645.03631,117.0,5894.0,63.0,6.45826,0.00047,0.01242,6.11496,0.00034,100,Spotify
11734,4172.70919,142.0,8814.0,88.0,0.00201,0.00071,0.00241,2.54322,0.00018,100,Spotify
20494,4765.89546,338.0,8814.0,274.0,0.00044,0.00059,0.00094,1.15555,0.0001,100,Spotify
14654,5024.86609,90.0,4799.0,3.5,7.72037,0.00035,0.03422,5.47243,5e-05,100,Spotify
14654,5977.33673,2250.0,9179.0,2190.0,0.0002,0.0003,0.00041,0.86054,0.00014,100,Spotify
14654,5595.15369,802.0,5894.0,730.0,0.00027,0.00041,0.00061,1.16897,4e-05,100,Spotify
14654,5313.05379,802.0,5894.0,730.0,0.00026,0.0004,0.00062,1.22991,4e-05,100,Spotify
20494,5606.89343,802.0,7354.0,730.0,0.00308,0.00034,0.00073,5.32821,6e-05,100,Spotify
81,0.0,81.0,81.0,39.0,2.11037,0.45136,1.56159,2.07265,0.42011,100,Spotify
14654,4696.67888,89.0,4434.0,35.0,9.36501,0.00064,15.36158,4.14122,0.00011,100,Spotify
87,0.59699,81.0,81.0,39.0,1.98246,1.1277,1.56446,1.86443,0.4205,100,Spotify
87,0.59699,81.0,81.0,39.0,1.39835,0.1529,1.71329,2.30595,0.26652,100,Spotify
14654,3509.55275,479.0,2974.0,407.0,0.00037,0.00017,0.00064,2.06711,3e-05,100,Spotify
13194,2514.58256,721.5,1514.0,667.5,0.01824,5e-05,0.00157,7.95582,1e-05,100,Spotify
14654,2578.22397,90.0,1514.0,0.0,0.00068,1e-05,0.00037,5.67182,1e-05,100,Spotify
13194,2149.11496,223.5,1514.0,151.5,0.00053,3e-05,0.00059,3.58207,1e-05,100,Spotify
14654,3468.64594,110.0,2974.0,38.0,0.0004,3e-05,0.0005,3.44277,1e-05,100,Spotify
14654,5739.28934,66.0,7354.0,3.5,9.89628,0.00037,14.88779,4.13818,0.00012,100,Spotify
19034,5751.82017,802.0,7354.0,730.0,0.00028,0.00042,0.00059,1.24025,4e-05,100,Spotify
14654,3794.76615,1514.0,4434.0,1460.0,0.00028,0.00019,0.00084,1.66723,2e-05,100,Spotify
14654,3637.28745,802.0,2974.0,730.0,0.00029,2e-05,0.00078,1.94461,2e-05,100,Spotify
14654,4541.04562,802.0,5894.0,730.0,0.00162,0.00037,0.00083,4.76318,2e-05,100,Spotify
14654,3820.56663,1514.0,2974.0,1460.0,0.00202,4e-05,0.00093,5.71303,1e-05,100,Spotify
14654,4897.28081,490.5,4434.0,436.5,0.01014,0.00044,0.00077,5.30203,3e-05,100,Spotify
14654,5146.54887,1514.0,7354.0,1460.0,0.00029,0.00044,0.00081,1.3794,3e-05,100,Spotify
14654,3209.96332,1514.0,4434.0,1460.0,0.00065,5e-05,0.00123,2.8274,2e-05,100,Spotify
14654,5012.01033,1514.0,7354.0,1460.0,0.00738,0.00045,0.00097,5.62857,3e-05,100,Spotify
81,0.0,81.0,81.0,39.0,1.25886,0.00389,1.56326,1.74097,0.41866,100,Spotify
96,1.60184,81.0,81.0,39.0,2.29919,0.00539,1.55885,2.14609,0.41909,100,Spotify
87,0.59699,81.0,81.0,39.0,1.61892,1.13611,1.5737,1.67738,0.42023,100,Spotify
14654,5065.52423,90.0,7354.0,1.0,9.73271,0.00048,4.24122,4.33239,0.00014,100,Spotify
14654,5677.47054,802.0,7354.0,730.0,0.00031,0.00047,0.00072,1.19295,3e-05,100,Spotify
14654,5142.38307,802.0,7354.0,730.0,0.00032,0.00043,0.00069,1.36971,4e-05,100,Spotify
14654,5526.30081,802.0,7354.0,730.0,0.0003,0.00039,0.00066,1.31287,3e-05,100,Spotify
14654,5342.20678,1514.0,7354.0,1460.0,0.00244,0.00041,0.00083,4.93953,4e-05,100,Spotify
97,19.39555,77.0,94.75,23.0,12.82382,0.12897,29.91772,1.75866,0.04534,100,Spotify
87,0.59699,81.0,81.0,39.0,2.1124,0.00449,1.56455,2.14608,0.41966,100,Spotify
87,0.59699,81.0,81.0,39.0,1.91294,0.85387,1.75648,1.82375,0.42065,100,Spotify
87,0.59699,81.0,81.0,39.0,2.11295,0.42305,1.5715,2.07067,0.42088,100,Spotify
81,0.0,81.0,81.0,39.0,0.6749,0.06199,1.60771,1.6283,0.35912,100,Spotify
87,0.59699,81.0,81.0,39.0,1.95944,0.32792,1.62405,1.92765,0.42034,100,Spotify
87,0.59699,81.0,81.0,39.0,2.01876,0.00566,1.56033,2.07216,0.42062,100,Spotify
14654,6002.72222,248.5,10274.0,194.5,0.00192,0.00051,0.00582,2.4901,8e-05,100,Spotify
43854,7594.72451,126.0,13194.0,54.0,0.00064,0.00013,0.00051,3.2013,4e-05,100,Spotify
87,0.59699,81.0,81.0,39.0,1.64734,0.63749,1.56172,1.68948,0.42141,100,Spotify
81,0.0,81.0,81.0,39.0,1.91059,0.07099,1.56286,1.97941,0.42078,100,Spotify
97,19.39555,77.0,94.75,23.0,12.82755,0.02201,29.92477,1.76005,0.04425,100,Spotify
87,0.59699,81.0,81.0,39.0,1.78331,0.15284,1.56027,1.85456,0.42068,100,Spotify
82,10.9978,82.0,82.0,28.0,14.96208,0.0166,0.02425,0.98727,29.94941,100,Spotify
96,1.60184,81.0,81.0,39.0,1.7857,0.00365,1.56277,2.37773,0.41928,100,Spotify
81,0.0,81.0,81.0,39.0,1.15333,0.00323,1.56344,1.68488,0.41951,100,Spotify
14654,5704.34339,142.0,8814.0,88.0,0.00254,0.00044,0.00502,2.89339,9e-05,100,Spotify
29254,7056.26871,1514.0,14654.0,1460.0,0.00017,0.0001,0.00042,1.14443,6e-05,100,Spotify
87,0.59699,81.0,81.0,39.0,2.1005,0.09531,1.56952,2.09926,0.42064,100,Spotify
87,0.59699,81.0,81.0,39.0,1.91694,1.00454,1.71386,1.79265,0.42144,100,Spotify
14654,5241.032,203.0,4799.0,149.0,0.00142,0.00035,0.00213,2.58103,6e-05,100,Spotify
14654,6453.28731,1514.0,14654.0,1460.0,0.00084,0.00011,0.0005,3.51056,5e-05,100,Spotify
17574,5832.43462,1514.0,7719.0,1460.0,0.00042,6e-05,0.00046,3.0324,4e-05,100,Spotify
87,0.59699,81.0,81.0,39.0,2.10559,0.32758,1.56281,2.03509,0.42052,100,Spotify
87,0.59699,81.0,81.0,39.0,1.94782,1.12364,1.62449,1.81833,0.42016,100,Spotify
10274,3200.7754,1514.0,4799.0,1460.0,0.00088,0.00061,0.00106,1.79365,0.00015,100,Spotify
87,0.59699,81.0,81.0,39.0,2.11123,0.00441,1.57365,2.1973,0.41959,100,Spotify
80,6.59397,63.0,66.0,1.0,22.43423,44.95675,44.96465,1.0499,0.0486,100,Spotify
81,0.0,81.0,81.0,39.0,0.75948,0.1428,1.70272,1.55731,0.27739,100,Spotify
80,6.83971,63.0,66.0,1.0,22.44403,44.94832,44.95463,1.02888,0.05722,100,Spotify
97,19.39555,77.0,94.75,23.0,12.82669,0.0142,29.92188,1.76012,0.0449,100,Spotify
29254,6909.14395,142.5,11734.0,88.5,0.00443,0.00048,0.00166,4.07879,0.00018,100,Spotify
58454,11835.37513,924.0,14654.0,870.0,0.00024,0.00014,0.00053,1.41663,7e-05,100,Spotify
87,0.59699,81.0,81.0,39.0,2.03333,0.00366,1.56119,2.09118,0.42007,100,Spotify
66,5.37416,65.0,65.0,11.0,29.25965,59.79268,59.96557,1.2379,0.0537,100,Spotify
87,0.59699,81.0,81.0,39.0,1.91437,1.37663,1.59932,1.86387,0.42102,100,Spotify
87,0.59699,81.0,81.0,39.0,2.21273,0.60175,1.56821,2.08144,0.42001,100,Spotify
81,0.0,81.0,81.0,39.0,1.71193,0.57309,1.57289,1.81974,0.42005,100,Spotify
14654,4536.65247,142.0,2974.0,88.0,0.00295,0.00084,0.00335,2.88594,6e-05,100,Spotify
8814,2836.97113,1058.0,4434.0,1004.0,0.00042,0.00075,0.00096,0.9887,8e-05,100,Spotify
14654,4069.05431,2974.0,7354.0,2920.0,0.00048,0.00069,0.0011,1.02629,0.00017,100,Spotify
14654,4237.62764,798.0,7354.0,730.0,0.00047,0.0007,0.00099,1.03243,0.00017,100,Spotify
14654,4087.69184,82.0,7354.0,0.0,0.00045,0.00076,0.0011,1.10623,6e-05,100,Spotify
14654,4636.20125,1514.0,8814.0,1460.0,0.00046,0.00081,0.0011,1.02658,8e-05,100,Spotify
14654,6137.7504,2974.0,12099.0,2920.0,0.00043,0.00068,0.00097,0.95043,0.00017,100,Spotify
14654,6268.73861,1514.0,13194.0,1460.0,0.0008,0.00048,0.00104,1.95113,0.0001,100,Spotify
14654,7185.16385,1514.0,14654.0,1460.0,0.00177,0.00083,0.00102,2.55044,0.00013,100,Spotify
14654,5880.4589,1514.0,8814.0,1460.0,0.00223,0.00043,0.00136,3.81396,3e-05,100,Spotify
87,0.59699,81.0,81.0,39.0,1.99121,0.00407,1.56565,2.04255,0.41902,100,Spotify
87,0.59699,81.0,81.0,39.0,1.78834,0.00438,1.55819,2.39571,0.41794,100,Spotify
14654,5579.28411,90.0,6259.0,3.5,8.92206,0.00094,1.24736,4.58857,9e-05,100,Spotify
14654,6874.89491,2974.0,14654.0,2920.0,0.00037,0.00063,0.0008,0.99611,0.00013,100,Spotify
14654,5940.53171,2244.0,8084.0,2190.0,0.00021,0.00037,0.00043,0.9222,8e-05,100,Spotify
14654,6481.87385,7354.0,14654.0,7300.0,0.00038,0.00038,0.00048,1.41443,7e-05,100,Spotify
14654,6869.41478,1130.0,14654.0,1076.0,0.00868,0.00016,0.00077,5.8359,6e-05,100,Spotify
29254,6883.02269,2244.0,14654.0,2190.0,0.00206,0.00026,0.00045,5.513,5e-05,100,Spotify
81,0.0,81.0,81.0,39.0,1.46588,0.05569,1.61458,2.1415,0.36656,100,Spotify
14654,5838.65286,423.5,10274.0,369.5,6.33149,0.00032,0.00107,6.96098,0.00015,100,Spotify
87,0.59699,81.0,81.0,39.0,2.10706,0.33841,1.56079,2.06842,0.42058,100,Spotify
43854,7169.86187,141.5,13194.0,87.5,0.00365,0.0004,0.00137,3.82557,0.0001,100,Spotify
14654,6460.69217,400.0,14654.0,346.0,8.67096,0.00026,0.01564,4.87489,9e-05,100,Spotify
30714,7584.47165,784.0,14654.0,730.0,0.00018,0.00022,0.00044,1.11202,5e-05,100,Spotify
14654,6984.21819,2974.0,14654.0,2920.0,0.00253,8e-05,0.00043,5.10593,6e-05,100,Spotify
30714,7359.92179,775.5,14654.0,721.5,0.00604,0.00012,0.00048,6.05609,5e-05,100,Spotify
14654,6732.49243,1514.0,14654.0,1460.0,0.00313,0.0001,0.0005,7.44492,2e-05,100,Spotify
97,19.34496,94.0,94.75,40.0,13.00489,14.95836,29.92212,1.71339,0.04498,100,Spotify
82,11.0,71.0,82.0,17.0,15.55343,0.02174,0.02652,1.00613,29.94864,100,Spotify
87,0.59699,81.0,81.0,39.0,1.91897,1.07751,1.74218,1.81023,0.42041,100,Spotify
14654,6262.67649,117.0,12099.0,63.0,6.75166,0.00012,0.00866,5.84015,6e-05,100,Spotify
11734,2942.99398,526.0,1514.0,472.0,6.80703,0.00066,0.04313,5.79165,0.00011,100,Spotify
2974,698.86589,344.0,1358.0,290.0,0.04602,0.00041,0.00481,6.13905,0.0,100,Spotify
4434,787.79737,139.0,354.0,85.0,0.00158,0.00041,0.00205,2.38894,0.00012,100,Spotify
2974,584.11076,344.0,1165.0,290.0,0.01444,0.00046,0.0031,6.25492,0.0001,100,Spotify
5894,1001.60805,329.0,1293.75,275.0,0.00096,0.00036,0.00151,2.54752,0.0,100,Spotify
4434,706.96157,329.0,1185.0,275.0,0.00808,0.00046,0.01254,3.53265,6e-05,100,Spotify
2974,776.23685,353.5,1386.0,299.5,0.00302,0.00041,0.00434,3.24046,0.0,100,Spotify
2974,692.79619,140.0,782.75,86.0,0.00786,0.00057,0.00602,4.15801,0.0001,100,Spotify
2974,632.21959,354.0,1161.5,300.0,0.00412,0.00026,0.0086,2.80502,0.0,100,Spotify
10246,1725.84341,1510.0,2966.0,1456.0,0.00169,0.00048,0.00074,2.64498,0.00037,100,Spotify
29254,6550.83664,746.0,13194.0,692.0,6.76633,9e-05,0.01549,5.83037,5e-05,100,Spotify
29254,8289.54778,2244.0,14654.0,2190.0,0.00175,7e-05,0.00035,5.72094,8e-05,100,Spotify
2974,609.735,329.0,1081.5,275.0,0.10825,0.00052,0.03851,7.26509,0.0001,100,Spotify
14654,4392.00019,354.0,2974.0,300.0,0.45829,7e-05,0.00652,8.9075,4e-05,100,Spotify
36554,7219.75297,1514.0,8814.0,1460.0,0.00481,7e-05,0.00605,4.03425,3e-05,100,Spotify
26334,5700.49713,415.5,5894.0,361.5,0.14703,8e-05,0.0038,7.39012,4e-05,100,Spotify
14654,3082.70118,140.0,894.0,86.0,1.45659,0.00033,0.00912,9.72542,0.00024,100,Spotify
4434,960.23925,348.5,1326.5,294.5,0.00061,0.00033,0.0018,2.18366,0.0,100,Spotify
4434,854.1451,344.0,1277.25,290.0,0.03041,0.00041,0.00406,7.23896,0.0,100,Spotify
2974,654.2191,140.0,907.25,86.0,0.01282,0.00033,0.00338,5.64071,0.00016,100,Spotify
4434,933.54934,353.0,1387.5,299.0,0.00094,0.00024,0.00196,2.34461,0.0,100,Spotify
2974,634.32452,336.0,1116.5,282.0,0.00712,0.00029,0.00263,4.81156,3e-05,100,Spotify
2974,634.57313,343.5,1238.0,289.5,0.00484,0.00057,0.00789,2.78114,9e-05,100,Spotify
2974,718.75118,328.5,1197.0,274.5,0.00284,0.00038,0.00788,2.62815,8e-05,100,Spotify
1514,516.50254,354.0,1023.75,300.0,0.01256,0.00053,0.01716,3.41056,9e-05,100,Spotify
1292,568.28257,140.0,1292.0,98.0,0.9602,0.03857,1.51072,4.17378,8e-05,100,Spotify
29254,6478.06685,1220.5,12099.0,1166.5,1.74949,9e-05,0.00044,9.86747,3e-05,100,Spotify
14654,4756.27022,90.0,1514.0,0.0,0.00019,3e-05,0.00046,2.01559,2e-05,100,Spotify
14654,5921.39751,245.0,9179.0,173.0,0.00012,9e-05,0.00032,1.56626,2e-05,100,Spotify
17574,4669.34957,1514.0,5894.0,1460.0,0.00838,3e-05,0.00054,7.23387,2e-05,100,Spotify
87,0.59699,81.0,81.0,39.0,2.1066,0.01408,1.5615,2.11434,0.42071,100,Spotify
16114,3830.30073,395.5,1514.0,341.5,1.51,0.00091,0.09109,9.25735,9e-05,100,Spotify
16114,4639.41692,400.0,2974.0,346.0,1.68848,0.00021,0.03573,9.38361,4e-05,100,Spotify
11734,2450.04927,463.0,1312.0,409.0,1.60975,0.00066,0.03358,8.50661,9e-05,100,Spotify
2974,666.38747,184.0,729.75,130.0,0.00748,0.00038,0.0076,3.82802,0.0001,100,Spotify
2974,536.65948,329.0,716.25,275.0,0.01095,0.00062,0.01637,2.93128,0.0001,100,Spotify
11734,2265.85782,459.5,1153.0,405.5,0.09932,0.00027,0.02581,6.94317,6e-05,100,Spotify
32174,7313.05443,400.0,6259.0,346.0,1.94345,6e-05,0.00102,9.87185,3e-05,100,Spotify
64294,12735.05674,1092.0,14654.0,1038.0,0.00686,7e-05,0.00072,7.61835,6e-05,100,Spotify
1292,568.96004,128.0,1292.0,86.0,1.05428,0.03634,1.1459,4.40293,0.00043,100,Spotify
11734,1369.60018,139.0,1041.0,85.0,5.01801,0.0006,0.00396,7.33475,0.00011,100,Spotify
2974,693.74771,343.5,1018.5,289.5,0.02088,0.00043,0.00424,6.65704,0.0001,100,Spotify
2974,774.11165,250.0,712.5,196.0,0.00115,0.00029,0.00318,2.04532,0.0001,100,Spotify
20494,4433.60118,400.0,1514.0,346.0,5.38697,0.00036,0.02593,6.06594,7e-05,100,Spotify
43854,9929.13432,495.0,14654.0,441.0,5.0831,9e-05,0.01275,7.26548,5e-05,100,Spotify
58454,11011.3182,1514.0,14654.0,1460.0,0.00548,8e-05,0.00051,6.51633,6e-05,100,Spotify
19034,4726.61248,400.0,1514.0,346.0,0.03516,0.00024,0.01742,5.6739,0.0,100,Spotify
21954,2991.63988,343.0,1132.5,289.0,0.10666,0.0004,0.03633,4.84962,8e-05,100,Spotify
4434,877.1562,328.0,727.25,274.0,0.00163,0.00031,0.00235,2.81375,0.0001,100,Spotify
2974,823.04333,353.5,1265.5,299.5,0.01984,0.00029,0.00848,5.40296,0.0,100,Spotify
4434,801.87672,261.5,941.25,207.5,0.00059,0.00037,0.00118,1.80911,7e-05,100,Spotify
26262,4661.45807,91.0,8790.0,37.0,5.66732,0.00113,0.34555,5.13784,0.00031,100,Spotify
32174,8020.77413,746.0,8814.0,692.0,0.26291,7e-05,0.00045,9.6035,4e-05,100,Spotify
14654,5725.58878,802.0,7354.0,730.0,0.00015,4e-05,0.00045,1.69859,2e-05,100,Spotify
27794,5863.43248,802.0,4434.0,730.0,0.00036,3e-05,0.00038,3.92285,2e-05,100,Spotify
2974,632.67951,328.0,1048.75,274.0,0.15912,0.00033,0.02531,8.00296,0.00011,100,Spotify
2974,697.16132,352.0,1367.5,298.0,0.00477,0.00056,0.00644,3.48385,5e-05,100,Spotify
2974,629.00266,328.0,974.0,274.0,0.00697,0.00023,0.00176,6.05278,0.0001,100,Spotify
14654,5647.15937,664.5,8814.0,610.5,0.22178,7e-05,0.00043,9.43354,3e-05,100,Spotify
58454,9959.08084,1303.0,14654.0,1249.0,0.00024,8e-05,0.00044,1.78881,5e-05,100,Spotify
64294,8796.54879,1514.0,14654.0,1460.0,0.02449,8e-05,0.00142,7.35537,5e-05,100,Spotify
32174,5684.26898,400.0,3339.0,346.0,0.30888,0.00015,0.01542,6.14348,3e-05,100,Spotify
36554,5667.89427,144.5,1514.0,90.5,0.00197,9e-05,0.00237,4.0104,2e-05,100,Spotify
29254,6941.98459,616.5,3339.0,562.5,0.00307,7e-05,0.00062,5.27138,4e-05,100,Spotify
24874,4166.2877,90.0,2974.0,15.5,0.00113,6e-05,0.00053,5.30361,2e-05,100,Spotify
14654,3190.63421,354.0,1353.0,300.0,0.13892,0.00036,0.05188,6.04382,7e-05,100,Spotify
2974,762.25958,318.5,579.0,264.5,0.0018,0.0004,0.00526,2.8219,0.0,100,Spotify
87,0.59699,81.0,81.0,39.0,1.56845,0.9086,1.57365,1.62988,0.42008,100,Spotify
17526,4451.36783,160.0,8790.0,106.0,0.30633,0.00046,0.01782,6.71066,0.00047,100,Spotify
6292,1144.34797,149.5,1213.75,107.5,0.35265,0.01128,0.0698,4.96232,0.00042,100,Spotify
14654,4506.00742,663.5,6259.0,609.5,0.16214,0.00011,0.00224,9.47956,4e-05,100,Spotify
32174,7648.43602,573.0,14654.0,519.0,0.00063,0.0001,0.00043,3.78097,3e-05,100,Spotify
24874,7256.47575,1297.0,14654.0,1243.0,0.00529,8e-05,0.00048,6.21996,5e-05,100,Spotify
13194,2006.3721,141.5,1514.0,87.5,0.16004,0.00016,0.00786,8.32241,3e-05,100,Spotify
11734,2476.08732,252.0,1514.0,198.0,0.00168,0.00019,0.00355,2.785,3e-05,100,Spotify
13194,1999.08493,387.0,1395.25,333.0,0.07956,0.00016,0.06974,4.23129,0.0,100,Spotify
13194,3413.60634,503.0,1514.0,449.0,0.01159,0.0001,0.02272,3.3868,5e-05,100,Spotify
13194,3230.8645,461.0,1514.0,407.0,0.00928,8e-05,0.01181,3.69966,3e-05,100,Spotify
14654,4024.75614,269.0,1514.0,215.0,0.14862,0.00033,0.03013,7.74427,7e-05,100,Spotify
14654,4007.37047,567.5,1514.0,513.5,0.0334,0.00026,0.01674,5.82463,9e-05,100,Spotify
87,0.59699,81.0,81.0,39.0,2.32409,0.08414,1.56142,2.18046,0.42097,100,Spotify
81,0.0,81.0,81.0,39.0,1.0652,0.07936,1.62896,1.98094,0.342,100,Spotify
14654,4544.72042,142.0,3339.0,88.0,0.00231,0.00044,0.0056,2.62623,7e-05,100,Spotify
16114,5290.27253,915.0,3339.0,861.0,0.0023,0.00019,0.00298,3.55002,6e-05,100,Spotify
87,0.59699,81.0,81.0,39.0,1.76044,0.00256,1.56014,2.16737,0.42066,100,Spotify
29254,5741.49822,90.0,1879.0,1.0,11.53698,0.00034,45.00386,3.62346,5e-05,100,Spotify
2974,614.86179,139.0,343.0,85.0,5.06625,0.00053,0.02605,7.26963,0.00026,100,Spotify
2974,674.37087,344.0,1177.0,290.0,0.00687,0.0001,0.00418,4.38516,1e-05,100,Spotify
2974,508.05872,139.0,332.0,85.0,0.00591,0.00029,0.00164,5.3879,6e-05,100,Spotify
7354,1039.21908,344.0,1180.5,290.0,0.00184,0.00012,0.00307,3.16485,1e-05,100,Spotify
5894,881.55801,139.0,354.0,85.0,0.00754,0.0003,0.00609,4.93973,6e-05,100,Spotify
10274,1367.56131,139.0,1201.5,85.0,0.00087,0.00019,0.00215,2.46777,3e-05,100,Spotify
2974,614.83853,329.0,1006.75,275.0,0.00792,0.00033,0.01696,2.75927,6e-05,100,Spotify
2974,656.38064,139.0,353.25,85.0,0.00735,0.0003,0.00634,5.25668,5e-05,100,Spotify
2974,629.53201,82.0,827.5,0.0,0.00096,2e-05,0.00154,3.67386,1e-05,100,Spotify
4434,634.51508,140.0,535.25,86.0,0.00455,0.00041,0.00672,2.94777,9e-05,100,Spotify
2974,638.1082,501.5,1398.25,447.5,0.03423,0.00014,0.00515,7.25401,0.0,100,Spotify
16114,4955.68049,350.0,1514.0,296.0,6.66618,0.00069,0.43521,5.5762,9e-05,100,Spotify
14654,4951.10125,113.0,3339.0,56.5,0.06737,0.00011,0.00282,7.98566,3e-05,100,Spotify
14654,5200.58735,378.0,5164.0,324.0,0.42786,0.00036,0.01623,6.82786,7e-05,100,Spotify
87,0.59699,81.0,81.0,39.0,1.98368,0.21954,1.65275,1.86073,0.42172,100,Spotify
96,1.49248,81.0,81.0,39.0,2.05927,0.01585,1.5589,2.07894,0.42138,100,Spotify
14654,5228.09649,355.0,2974.0,301.0,0.00355,0.00026,0.00397,3.90141,9e-05,100,Spotify
86,0.0,86.0,86.0,44.0,58.71368,26.97079,174.34919,1.54091,3.04281,100,Spotify
87,0.59699,81.0,81.0,39.0,1.91778,0.18741,1.68552,1.80873,0.42098,100,Spotify
87,0.59699,81.0,81.0,39.0,2.09436,0.14895,1.5586,2.03668,0.4214,100,Spotify
87,0.59699,81.0,81.0,39.0,1.5932,0.0034,1.56629,2.10745,0.41963,100,Spotify
81,0.0,81.0,81.0,39.0,1.68255,0.00535,1.5622,2.39374,0.41685,100,Spotify
97,19.51154,94.0,97.0,40.0,13.9889,29.90313,29.91277,1.43971,0.05094,100,Spotify
986,265.41294,908.5,957.0,866.5,0.00704,0.0037,0.01558,1.89516,0.00026,100,whatsapp
1080,244.26345,936.0,970.0,894.0,0.00646,0.00368,0.01401,1.66654,0.00122,100,whatsapp
1026,316.18052,910.0,987.75,868.0,0.00687,0.00482,0.0135,1.73245,0.00054,100,whatsapp
1055,247.61322,906.5,973.0,864.5,0.00652,0.00338,0.01229,1.6217,0.00215,100,whatsapp
1041,291.10384,911.0,940.0,869.0,0.00557,0.00547,0.01314,1.47347,0.00097,100,whatsapp
1028,325.43244,907.0,959.0,865.0,0.00471,0.0032,0.01199,1.35704,0.00144,100,whatsapp
1078,274.64004,915.0,944.0,873.0,0.00543,0.00515,0.01378,1.4933,0.00066,100,whatsapp
1006,268.54093,910.0,947.25,868.0,0.0071,0.00352,0.01551,1.806,0.00173,100,whatsapp
1052,298.87298,912.0,968.0,870.0,0.00517,0.00407,0.00954,1.53891,0.00125,100,whatsapp
1064,312.09539,924.0,953.5,882.0,0.00643,0.00353,0.01493,1.68504,0.00108,100,whatsapp
1087,288.16627,915.0,965.0,873.0,0.00638,0.00307,0.01639,1.83041,0.00103,100,whatsapp
1087,303.41807,924.0,982.0,882.0,0.00488,0.00451,0.01321,1.31043,0.00163,100,whatsapp
1068,360.26415,913.0,957.0,871.0,0.00533,0.00379,0.01405,1.72789,0.00063,100,whatsapp
1028,282.98885,912.5,937.75,870.5,0.00713,0.00489,0.01493,1.74281,0.00038,100,whatsapp
1039,297.29734,916.0,956.0,874.0,0.00613,0.00455,0.01543,1.60303,0.00093,100,whatsapp
1084,307.91304,908.0,925.0,866.0,0.00472,0.004,0.01073,1.36006,0.00173,100,whatsapp
1014,326.3702,903.5,936.0,861.5,0.00491,0.00541,0.01269,1.54425,0.00045,100,whatsapp
1083,345.32755,910.0,943.0,868.0,0.00586,0.00307,0.01283,1.68815,0.00117,100,whatsapp
1065,351.981,908.0,974.0,866.0,0.00394,0.00433,0.0087,1.34569,0.00096,100,whatsapp
1053,323.52995,878.0,926.0,836.0,0.00717,0.00336,0.01002,2.10006,0.00102,100,whatsapp
1081,323.57181,901.0,921.0,859.0,0.00484,0.00414,0.01603,1.58929,0.00024,100,whatsapp
1009,334.32239,904.0,941.5,862.0,0.00567,0.00326,0.01442,1.66142,0.00107,100,whatsapp
1067,350.65107,900.5,938.0,858.5,0.00455,0.00406,0.01232,1.48115,0.00098,100,whatsapp
1027,341.6971,910.5,985.0,868.5,0.00466,0.00306,0.01023,1.38223,0.00173,100,whatsapp
1016,320.43085,887.0,963.0,845.0,0.00541,0.00449,0.01477,1.61626,0.00048,100,whatsapp
1081,336.73927,886.0,992.0,844.0,0.00606,0.00261,0.01218,1.80045,0.00116,100,whatsapp
1026,329.60379,906.0,947.0,864.0,0.00566,0.00307,0.01477,1.64784,0.0012,100,whatsapp
1063,344.82342,924.0,981.0,882.0,0.00517,0.00403,0.01351,1.5589,0.00088,100,whatsapp
1056,322.74784,903.5,978.75,861.5,0.00551,0.00325,0.01317,1.64251,0.00106,100,whatsapp
1025,320.5821,926.5,951.5,884.5,0.00473,0.00467,0.0115,1.36149,0.00107,100,whatsapp
1080,295.91366,950.0,989.0,908.0,0.00573,0.00395,0.01098,1.56192,0.00156,100,whatsapp
1032,332.08969,889.0,1009.0,847.0,0.00472,0.00524,0.01056,1.38359,0.00106,100,whatsapp
1053,335.29389,895.0,949.0,853.0,0.00525,0.0036,0.01311,1.56421,0.00083,100,whatsapp
1007,341.63835,927.0,950.0,885.0,0.00545,0.0045,0.01609,1.47284,0.00119,100,whatsapp
1047,333.96206,912.0,954.0,870.0,0.00469,0.00367,0.01325,1.36495,0.00115,100,whatsapp
1023,303.07693,916.0,965.0,874.0,0.0062,0.00518,0.01209,1.74637,0.00056,100,whatsapp
1025,314.05649,920.0,992.0,878.0,0.0053,0.00518,0.01278,1.56222,0.00023,100,whatsapp
1087,326.31243,897.0,920.0,855.0,0.00452,0.00476,0.01136,1.38108,0.0006,100,whatsapp
1016,323.36501,902.5,951.0,860.5,0.00485,0.00378,0.00983,1.46818,0.00104,100,whatsapp
1067,298.06477,896.0,964.25,854.0,0.00589,0.00373,0.01652,1.49562,0.00181,100,whatsapp
1048,276.92819,912.0,947.0,870.0,0.00554,0.00339,0.01205,1.53283,0.00175,100,whatsapp
1013,301.25582,901.0,937.0,859.0,0.00736,0.00385,0.01588,2.18689,0.00022,100,whatsapp
1058,310.0911,914.0,961.0,872.0,0.0058,0.0046,0.01471,1.68092,0.00022,100,whatsapp
1087,328.95122,917.0,958.0,875.0,0.00767,0.00145,0.02126,2.26477,0.00015,100,whatsapp
1033,345.47563,902.0,966.0,860.0,0.00624,0.00471,0.01422,1.77448,0.00054,100,whatsapp
1017,327.11687,896.0,943.0,854.0,0.006,0.00438,0.01333,1.68681,0.00056,100,whatsapp
1020,313.57369,914.0,935.25,872.0,0.00481,0.00365,0.01358,1.47878,0.001,100,whatsapp
1027,320.41714,905.5,988.0,863.5,0.00637,0.00376,0.01609,1.84812,0.00048,100,whatsapp
1025,297.64031,940.0,975.5,898.0,0.0045,0.00357,0.00983,1.32802,0.00174,100,whatsapp
1072,337.60366,920.0,945.0,878.0,0.00508,0.00283,0.00935,1.48811,0.0021,100,whatsapp
1077,349.07494,901.0,987.0,859.0,0.00485,0.00407,0.01331,1.4526,0.00106,100,whatsapp
1068,308.73808,892.0,914.0,850.0,0.00641,0.00353,0.01918,1.67381,0.00115,100,whatsapp
1005,336.3438,911.0,972.25,869.0,0.00397,0.00441,0.00936,1.37876,0.0008,100,whatsapp
1024,334.73517,898.0,960.0,856.0,0.00542,0.00384,0.01169,1.59282,0.00109,100,whatsapp
1039,316.15468,915.0,975.0,873.0,0.00508,0.00377,0.00961,1.43258,0.00154,100,whatsapp
1079,320.71754,886.0,910.0,844.0,0.00685,0.00421,0.00927,1.90016,0.00116,100,whatsapp
1086,290.35251,911.0,943.0,869.0,0.00634,0.00454,0.01458,1.73585,0.00034,100,whatsapp
1059,321.01024,869.0,929.0,827.0,0.00479,0.00351,0.01143,1.28788,0.00176,100,whatsapp
1064,338.23332,907.5,962.0,865.5,0.00577,0.0036,0.01242,1.67892,0.00099,100,whatsapp
1058,324.13937,897.0,937.0,855.0,0.00554,0.00384,0.0105,1.55559,0.00116,100,whatsapp
1054,316.45066,907.5,937.5,865.5,0.00534,0.00377,0.0152,1.35169,0.00163,100,whatsapp
1029,281.02157,912.0,941.0,870.0,0.00575,0.0044,0.01601,1.54854,0.00116,100,whatsapp
1028,340.09218,896.0,954.75,854.0,0.00515,0.00352,0.01462,1.38967,0.0011,100,whatsapp
1064,330.13163,892.0,939.0,850.0,0.00477,0.00421,0.01195,1.30486,0.00193,100,whatsapp
998,334.05192,910.0,947.0,868.0,0.00581,0.00434,0.01621,1.53967,0.00101,100,whatsapp
1055,336.1459,900.0,959.5,858.0,0.0055,0.00449,0.01287,1.54372,0.00109,100,whatsapp
1053,331.82688,894.0,917.0,852.0,0.00646,0.00331,0.01438,1.68874,0.00126,100,whatsapp
1070,274.96028,918.0,949.5,876.0,0.00821,0.00313,0.02618,2.01553,0.00078,100,whatsapp
1019,249.18477,902.0,938.25,860.0,0.00989,0.00453,0.02913,1.92387,0.00074,100,whatsapp
1065,250.67821,896.5,934.5,854.5,0.00698,0.00468,0.01964,1.67244,0.00038,100,whatsapp
1005,301.90364,911.5,941.0,869.5,0.00668,0.0038,0.01385,1.62247,0.00147,100,whatsapp
1023,290.63112,912.5,946.0,870.5,0.00793,0.00349,0.01725,1.86365,0.00124,100,whatsapp
989,271.07428,905.5,938.0,863.5,0.00813,0.0043,0.02276,1.86383,0.0002,100,whatsapp
1070,295.34992,919.0,963.0,877.0,0.00636,0.00631,0.01524,1.57046,0.00043,100,whatsapp
1078,325.3816,918.0,956.0,876.0,0.00695,0.00495,0.02346,1.7599,0.00033,100,whatsapp
1072,308.83169,929.0,1009.0,887.0,0.00611,0.00601,0.01759,1.48078,0.00109,100,whatsapp
1077,283.81379,912.0,978.0,870.0,0.00786,0.0054,0.02388,1.78831,0.00034,100,whatsapp
1070,292.30763,921.0,999.0,879.0,0.00656,0.00489,0.01442,1.55268,0.00119,100,whatsapp
1023,294.93853,961.0,1006.0,919.0,0.00761,0.00635,0.02052,1.65547,0.00066,100,whatsapp
1049,272.63328,923.5,1009.0,881.5,0.00592,0.00497,0.01495,1.42482,0.00131,100,whatsapp
1074,253.47556,901.5,967.5,859.5,0.00847,0.00502,0.02649,1.81722,0.00078,100,whatsapp
1072,251.20359,912.0,1002.5,870.0,0.00767,0.00446,0.01714,1.89745,0.00057,100,whatsapp
1074,291.78405,896.0,983.0,854.0,0.00743,0.00468,0.0132,1.71684,0.00153,100,whatsapp
1024,277.41357,944.0,985.0,902.0,0.00791,0.00526,0.01887,1.9397,0.00028,100,whatsapp
1086,306.22917,928.5,992.75,886.5,0.0077,0.00468,0.01923,1.64655,0.00128,100,whatsapp
1055,259.7323,914.5,955.0,872.5,0.00731,0.00375,0.01298,1.79174,0.0015,100,whatsapp
1037,251.83525,944.0,992.0,902.0,0.00695,0.00401,0.01285,1.76937,0.00104,100,whatsapp
1071,305.13415,906.5,985.0,864.5,0.00677,0.00416,0.01746,1.46482,0.00176,100,whatsapp
1038,266.11886,950.0,979.0,908.0,0.00786,0.00396,0.0184,1.88724,0.00041,100,whatsapp
1032,292.341,952.0,997.0,910.0,0.00768,0.00366,0.02298,1.77356,0.00088,100,whatsapp
1062,262.5279,932.0,1013.0,890.0,0.00808,0.0048,0.01834,1.85003,0.00029,100,whatsapp
1042,269.38137,924.0,996.75,882.0,0.00731,0.00473,0.02401,1.76348,0.0004,100,whatsapp
1038,249.25636,908.0,995.25,866.0,0.00841,0.00389,0.02181,1.83934,0.00132,100,whatsapp
1071,277.12394,932.0,998.0,890.0,0.00601,0.00414,0.01374,1.51695,0.0012,100,whatsapp
1032,290.82013,918.0,967.0,876.0,0.00647,0.00534,0.01606,1.53508,0.00106,100,whatsapp
1062,272.29109,924.5,963.0,882.5,0.00934,0.00399,0.01476,2.07918,0.00104,100,whatsapp
1083,286.78782,931.0,951.5,889.0,0.00666,0.0047,0.01411,1.68181,0.0012,100,whatsapp
1064,249.03741,926.0,985.0,884.0,0.00874,0.00401,0.01319,2.01918,0.00114,100,whatsapp
1017,266.57037,914.0,944.0,872.0,0.00756,0.00407,0.02061,1.78819,0.00126,100,whatsapp
1047,238.05581,918.0,957.0,876.0,0.00668,0.00554,0.01926,1.5814,0.00098,100,whatsapp
1075,285.89445,942.0,1021.5,900.0,0.00732,0.00602,0.01779,1.58883,0.00109,100,whatsapp
1064,283.81347,902.0,965.0,860.0,0.00917,0.00478,0.02103,2.05289,0.0,100,whatsapp
968,233.29868,916.0,928.0,874.0,0.00908,0.00307,0.02649,2.15571,0.00011,100,whatsapp
948,271.23929,897.5,919.0,855.5,0.00921,0.00234,0.0233,2.32527,0.00019,100,whatsapp
1086,248.89385,940.0,967.0,898.0,0.01161,0.00158,0.04241,2.48056,0.0001,100,whatsapp
1018,213.19111,922.0,964.0,880.0,0.00991,0.00252,0.03457,2.50687,0.00016,100,whatsapp
1051,220.70708,915.0,940.0,873.0,0.01105,0.00357,0.03915,2.32205,0.00014,100,whatsapp
1086,222.79545,914.0,951.25,872.0,0.0114,0.00022,0.02903,2.66832,0.0,100,whatsapp
1060,254.62768,901.5,923.0,859.5,0.00791,0.00475,0.02219,1.91662,0.00012,100,whatsapp
1058,216.98422,902.5,939.0,860.5,0.00953,0.0038,0.02321,2.19527,7e-05,100,whatsapp
1020,223.83851,914.5,966.0,872.5,0.0085,0.00548,0.02038,1.93666,0.0002,100,whatsapp
1086,247.88706,911.0,963.0,869.0,0.00832,0.00513,0.01867,1.9852,0.00023,100,whatsapp
1086,230.36436,920.0,958.75,878.0,0.00882,0.00487,0.02594,1.78477,0.00104,100,whatsapp
1040,236.05761,925.0,950.0,883.0,0.00797,0.0053,0.02077,1.94086,0.00029,100,whatsapp
1007,212.90271,934.0,958.75,892.0,0.00875,0.00556,0.03002,1.85565,0.00025,100,whatsapp
1023,260.00021,912.0,947.25,870.0,0.00779,0.00461,0.01258,1.86671,0.00107,100,whatsapp
1024,261.95895,905.0,915.75,863.0,0.00672,0.00516,0.01305,1.60689,0.00118,100,whatsapp
1027,266.03631,897.0,966.25,855.0,0.00859,0.00339,0.02467,1.97245,0.00094,100,whatsapp
1043,270.51703,918.5,935.25,876.5,0.00674,0.00524,0.01516,1.68505,0.00104,100,whatsapp
1025,255.55995,914.0,952.25,872.0,0.00775,0.00405,0.01319,1.93072,0.00107,100,whatsapp
993,244.82884,924.0,949.5,882.0,0.00755,0.00367,0.01818,1.67797,0.00206,100,whatsapp
1059,231.12646,926.0,972.25,884.0,0.00915,0.00456,0.02012,1.9742,0.00084,100,whatsapp
1071,299.55804,910.0,985.25,868.0,0.00823,0.00449,0.02446,1.96047,0.00023,100,whatsapp
1081,283.70452,919.0,965.25,877.0,0.00761,0.00444,0.02035,1.65758,0.00172,100,whatsapp
1075,239.19383,931.0,970.0,889.0,0.00663,0.00542,0.01796,1.59374,0.00095,100,whatsapp
1037,279.35943,912.0,950.0,870.0,0.00774,0.0059,0.01969,1.49899,0.00147,100,whatsapp
1060,275.37707,929.0,940.75,887.0,0.008,0.00875,0.01911,1.44497,0.00034,100,whatsapp
1060,233.96845,893.0,944.0,851.0,0.00647,0.00562,0.01893,1.59458,0.00073,100,whatsapp
1079,252.21217,927.0,956.0,885.0,0.00771,0.00547,0.01997,1.69535,0.00098,100,whatsapp
1065,274.54571,942.0,964.0,900.0,0.00675,0.00566,0.01857,1.52169,0.00107,100,whatsapp
1053,240.0683,923.0,946.0,881.0,0.00655,0.00519,0.01654,1.45812,0.00111,100,whatsapp
1042,272.50453,917.5,964.0,875.5,0.00803,0.00545,0.01896,1.83975,0.00019,100,whatsapp
1075,266.27378,895.0,912.0,853.0,0.00898,0.00588,0.01726,1.99063,0.00028,100,whatsapp
1019,256.37893,917.0,962.5,875.0,0.00932,0.01447,0.02803,1.49762,0.0,100,whatsapp
1021,309.45052,911.0,953.0,869.0,0.00657,0.00601,0.01545,1.36449,0.00122,100,whatsapp
1074,364.00836,914.0,962.0,872.0,0.00643,0.00414,0.01663,1.95064,0.00019,100,whatsapp
1073,289.58761,930.0,956.0,888.0,0.00593,0.00403,0.01652,1.79039,0.00024,100,whatsapp
1047,286.6513,921.0,1021.0,879.0,0.0062,0.00496,0.0182,1.48307,0.0013,100,whatsapp
1064,315.44255,907.0,960.0,865.0,0.0078,0.00545,0.02039,1.4878,0.0015,100,whatsapp
1060,334.62113,925.5,1015.0,883.5,0.00379,0.00335,0.00868,1.37975,0.00108,100,whatsapp
1056,328.80641,945.5,998.0,903.5,0.00682,0.00509,0.01546,1.55413,0.00129,100,whatsapp
1065,337.29259,850.0,981.75,808.0,0.00439,0.00348,0.00718,1.13957,0.0029,100,whatsapp
1041,379.10397,864.0,994.25,822.0,0.00595,0.00637,0.01492,1.37532,0.00085,100,whatsapp
1075,335.57906,651.0,871.25,609.0,0.00661,0.00699,0.01553,1.31456,0.00115,100,whatsapp
1027,288.43789,738.0,822.0,696.0,0.00658,0.00571,0.01688,1.21312,0.00294,100,whatsapp
1041,336.53002,684.0,897.25,642.0,0.00562,0.00435,0.0115,1.36821,0.00243,100,whatsapp
1038,336.11027,786.0,857.0,744.0,0.00455,0.00426,0.01229,1.5315,0.00054,100,whatsapp
1090,318.05389,754.0,829.25,712.0,0.00699,0.00448,0.01647,1.58535,0.00145,100,whatsapp
1082,264.45347,760.0,786.0,718.0,0.0067,0.00498,0.02027,1.48146,0.0009,100,whatsapp
1013,304.41099,756.0,803.0,714.0,0.00441,0.00306,0.01114,1.24674,0.00216,100,whatsapp
1078,268.22093,799.0,913.25,757.0,0.01243,0.00364,0.01275,2.12938,0.00373,100,whatsapp
1079,304.06546,799.0,891.25,757.0,0.00584,0.0041,0.01148,1.29741,0.0021,100,whatsapp
1079,312.01078,844.0,943.0,802.0,0.00554,0.00481,0.01376,1.25089,0.00212,100,whatsapp
1026,316.99935,832.5,971.0,790.5,0.0063,0.00524,0.01273,1.37619,0.00212,100,whatsapp
1035,301.46764,904.0,920.0,862.0,0.00634,0.00518,0.01267,1.25557,0.00247,100,whatsapp
1032,334.95805,851.0,924.5,809.0,0.00636,0.00549,0.01689,1.36281,0.00106,100,whatsapp
1022,352.16014,936.0,982.5,894.0,0.00531,0.00391,0.0124,1.31298,0.00239,100,whatsapp
1020,299.85931,941.5,969.0,899.5,0.0062,0.00503,0.01418,1.31935,0.00224,100,whatsapp
1025,324.14041,943.5,958.25,901.5,0.00464,0.0039,0.00965,1.14567,0.00242,100,whatsapp
1060,326.37171,937.5,965.5,895.5,0.00597,0.00414,0.01478,1.4365,0.00211,100,whatsapp
1029,270.79095,935.5,972.75,893.5,0.00729,0.00559,0.02108,1.59236,0.00076,100,whatsapp
1067,310.01022,951.0,970.5,909.0,0.00499,0.00402,0.01307,1.17988,0.0023,100,whatsapp
1024,310.29798,837.0,964.0,795.0,0.00647,0.00463,0.01803,1.52049,0.00125,100,whatsapp
1049,288.33661,933.5,984.0,891.5,0.00501,0.00445,0.01266,1.2119,0.00217,100,whatsapp
1029,308.30571,905.0,968.0,863.0,0.00734,0.00422,0.02216,1.57956,0.0018,100,whatsapp
1077,286.44539,912.0,990.0,870.0,0.00613,0.00441,0.01229,1.4551,0.00201,100,whatsapp
1063,298.31664,895.0,976.0,853.0,0.00547,0.00399,0.01318,1.2516,0.0024,100,whatsapp
1047,306.88512,921.0,963.0,879.0,0.00728,0.0037,0.01654,1.49917,0.00236,100,whatsapp
1045,347.40664,927.5,987.0,885.5,0.00431,0.00369,0.00904,1.18028,0.00247,100,whatsapp
1051,318.05005,939.0,963.25,897.0,0.00517,0.00337,0.01344,1.33021,0.00206,100,whatsapp
1018,341.96186,960.5,973.0,918.5,0.00631,0.00415,0.01369,1.41565,0.00212,100,whatsapp
1041,295.0005,924.0,984.0,882.0,0.00716,0.00399,0.02185,1.65434,0.00165,100,whatsapp
1025,314.04062,955.5,992.25,913.5,0.00653,0.00512,0.0149,1.45786,0.00132,100,whatsapp
1021,275.23793,920.0,988.0,878.0,0.00629,0.00436,0.01513,1.40513,0.00182,100,whatsapp
1053,309.72413,952.0,983.0,910.0,0.00636,0.00393,0.01676,1.36755,0.00207,100,whatsapp
1028,299.017,915.0,974.5,873.0,0.00643,0.00289,0.0124,1.59689,0.00209,100,whatsapp
1032,327.25634,958.5,981.0,916.5,0.00574,0.00439,0.01746,1.40737,0.00147,100,whatsapp
1056,331.25278,897.0,967.0,855.0,0.00579,0.00437,0.01458,1.41384,0.00141,100,whatsapp
1032,298.18142,916.0,961.0,874.0,0.00768,0.00586,0.02029,1.75222,0.00019,100,whatsapp
1024,319.74091,954.5,986.0,912.5,0.00687,0.0025,0.01562,1.23359,0.00418,100,whatsapp
1086,294.60024,961.0,999.0,919.0,0.00683,0.00459,0.02264,1.51705,0.00166,100,whatsapp
1050,296.86129,956.5,987.0,914.5,0.0074,0.00551,0.02122,1.49056,0.00128,100,whatsapp
1027,294.97178,920.0,985.0,878.0,0.0059,0.00612,0.01459,1.37577,0.00117,100,whatsapp
1076,336.19032,899.0,984.0,857.0,0.00614,0.00439,0.01532,1.52617,0.00087,100,whatsapp
1032,316.10953,895.0,968.0,853.0,0.0056,0.00559,0.01356,1.34456,0.00136,100,whatsapp
1050,343.14159,927.0,996.0,885.0,0.00557,0.00386,0.01489,1.35777,0.0022,100,whatsapp
1049,269.82338,868.0,971.0,826.0,0.00741,0.00628,0.02113,1.59496,0.0002,100,whatsapp
1060,302.43318,930.0,980.0,888.0,0.0059,0.0044,0.01608,1.34919,0.00209,100,whatsapp
1059,317.12182,955.5,982.5,913.5,0.00624,0.00506,0.01729,1.45527,0.00113,100,whatsapp
1057,294.74906,872.0,987.25,830.0,0.00579,0.00547,0.01486,1.43321,0.00104,100,whatsapp
1038,340.5665,928.0,971.5,886.0,0.00529,0.00645,0.01344,1.19453,0.00151,100,whatsapp
1030,327.73048,954.0,981.0,912.0,0.00625,0.00504,0.01525,1.44416,0.0013,100,whatsapp
1076,324.72045,883.0,982.0,841.0,0.00578,0.00476,0.01616,1.40496,0.00125,100,whatsapp
1037,314.44419,950.0,998.0,908.0,0.00704,0.00596,0.01791,1.54508,0.00049,100,whatsapp
1023,274.71073,950.0,986.0,908.0,0.00999,0.00683,0.02767,1.63311,0.00109,100,whatsapp
1006,274.96914,904.0,965.0,862.0,0.00847,0.00596,0.023,1.46032,0.00214,100,whatsapp
1017,303.90295,941.0,971.75,899.0,0.00832,0.00623,0.01999,1.48475,0.00193,100,whatsapp
1009,355.90336,945.0,977.0,903.0,0.00566,0.00435,0.01342,1.28784,0.00244,100,whatsapp
1065,333.14651,751.5,983.0,709.5,0.00509,0.00601,0.01317,1.68149,6e-05,100,whatsapp
1074,312.79029,910.5,944.0,868.5,0.00653,0.00418,0.02215,1.56759,0.00121,100,whatsapp
1033,298.21662,921.5,969.5,879.5,0.00579,0.00605,0.01448,1.32543,0.0013,100,whatsapp
1074,294.97989,903.0,932.0,861.0,0.00634,0.00496,0.01474,1.53351,0.00142,100,whatsapp
977,281.53174,901.0,929.0,859.0,0.00576,0.00493,0.01452,1.44909,0.00114,100,whatsapp
976,302.78538,905.0,924.0,863.0,0.00513,0.00417,0.01336,1.35622,0.00194,100,whatsapp
1013,294.11022,900.0,927.0,858.0,0.00509,0.00371,0.01061,1.36353,0.00202,100,whatsapp
964,296.6292,884.0,928.0,842.0,0.00552,0.00388,0.01174,1.47497,0.00201,100,whatsapp
993,285.54093,907.0,924.0,865.0,0.00566,0.00311,0.01088,1.44259,0.00217,100,whatsapp
1028,295.61296,883.5,922.25,841.5,0.00506,0.00288,0.00905,1.41172,0.00218,100,whatsapp
964,301.99835,884.0,933.0,842.0,0.00485,0.00424,0.0091,1.32162,0.00196,100,whatsapp
986,296.54479,901.0,922.25,859.0,0.00558,0.00513,0.01591,1.69502,0.0,100,whatsapp
991,304.99665,894.0,919.0,852.0,0.00627,0.00358,0.01562,1.51515,0.00131,100,whatsapp
1000,258.19247,907.0,930.25,865.0,0.00657,0.00507,0.01512,1.50685,0.00121,100,whatsapp
1015,316.45112,875.5,907.0,833.5,0.00623,0.00399,0.01446,1.64005,0.00112,100,whatsapp
1021,272.93225,885.0,946.0,843.0,0.0063,0.00577,0.0148,1.6597,0.0002,100,whatsapp
1007,262.39516,868.0,909.25,826.0,0.00665,0.00586,0.01709,1.59575,0.00023,100,whatsapp
1031,294.16631,875.0,942.0,833.0,0.00522,0.00543,0.01471,1.37161,0.00103,100,whatsapp
1067,283.99162,851.0,899.0,809.0,0.00736,0.00467,0.01819,1.87884,0.0,100,whatsapp
992,260.07745,848.0,916.25,806.0,0.81666,0.00475,0.0126,9.4591,0.00134,100,whatsapp
1022,239.09107,850.0,926.0,808.0,0.00697,0.00499,0.01726,1.57746,0.00105,100,whatsapp
1021,294.79509,860.0,985.0,818.0,0.00579,0.0045,0.01322,1.4204,0.00192,100,whatsapp
1075,294.16411,840.0,944.0,798.0,0.00532,0.00532,0.01523,1.51876,0.00052,100,whatsapp
1021,292.31578,874.0,985.0,832.0,0.0056,0.00487,0.01427,1.40953,0.00104,100,whatsapp
1027,324.26562,953.5,989.0,911.5,0.00734,0.00397,0.02002,1.68323,0.00127,100,whatsapp
1025,335.58199,957.0,999.0,915.0,0.00462,0.00431,0.0112,1.12394,0.00232,100,whatsapp
1023,253.98652,939.0,989.0,897.0,0.00613,0.00457,0.01401,1.34851,0.00223,100,whatsapp
1017,245.90526,937.0,986.0,895.0,0.00735,0.00532,0.01745,1.56179,0.00104,100,whatsapp
1022,264.77618,944.0,997.0,902.0,0.00729,0.004,0.02015,1.69168,0.00141,100,whatsapp
1025,310.61661,891.0,990.0,849.0,0.00762,0.0076,0.01863,1.52207,0.0,100,whatsapp
1024,300.8526,947.5,975.0,905.5,0.00908,0.01081,0.01753,1.62304,0.0,100,whatsapp
1072,380.14013,823.5,961.0,781.5,0.00532,0.00251,0.00997,1.87294,0.00091,100,whatsapp
1072,323.26152,883.0,958.0,841.0,0.00768,0.00943,0.01658,1.39554,0.00078,100,whatsapp
1022,299.04751,926.0,970.0,884.0,0.00744,0.00657,0.02011,1.37146,0.00119,100,whatsapp
1007,358.26818,845.0,956.0,803.0,0.00474,0.00243,0.01189,1.56776,0.00136,100,whatsapp
1036,329.46352,846.5,913.0,804.5,0.0053,0.00474,0.01294,1.24508,0.00192,100,whatsapp
1040,312.94278,863.0,886.25,821.0,0.00351,0.00283,0.0076,0.97432,0.00245,100,whatsapp
1077,310.67576,847.5,907.25,805.5,0.00742,0.0047,0.02047,1.34084,0.00256,100,whatsapp
1080,326.83319,859.5,987.25,817.5,0.00732,0.00438,0.01756,1.34141,0.00302,100,whatsapp
1080,256.96355,744.0,834.0,702.0,0.0057,0.00226,0.0128,1.0257,0.00525,100,whatsapp
1082,285.9825,799.0,853.0,757.0,0.00672,0.00405,0.01312,1.21369,0.00384,100,whatsapp
1086,271.36697,797.0,968.75,755.0,0.00507,0.00384,0.01161,1.22464,0.00252,100,whatsapp
996,228.2582,790.0,847.75,748.0,0.00578,0.00449,0.01315,1.15077,0.00327,100,whatsapp
1060,295.17546,841.0,870.25,799.0,0.0059,0.00383,0.01243,1.19968,0.00314,100,whatsapp
1039,254.56061,788.5,854.0,746.5,0.00707,0.00493,0.01629,1.22256,0.00343,100,whatsapp
1025,252.16805,854.0,896.25,812.0,0.00693,0.00759,0.01687,1.08961,0.00297,100,whatsapp
1021,253.9814,877.0,921.25,835.0,0.00821,0.00742,0.01806,1.34839,0.00225,100,whatsapp
1067,239.75339,863.5,906.25,821.5,0.00795,0.00653,0.01736,1.25233,0.00304,100,whatsapp
1077,293.92692,865.5,957.0,823.5,0.00766,0.0056,0.0216,1.33921,0.00208,100,whatsapp
1026,284.36635,843.5,940.0,801.5,0.00659,0.00861,0.01552,1.27836,0.00104,100,whatsapp
1007,257.86448,759.5,854.5,717.5,0.0046,0.00316,0.00975,1.03262,0.00342,100,whatsapp
1019,301.18272,871.0,948.75,829.0,0.00546,0.00319,0.01174,1.11134,0.00378,100,whatsapp
1026,314.35438,872.5,969.25,830.5,0.00657,0.00522,0.01491,1.47839,0.00104,100,whatsapp
1023,278.09385,813.0,889.5,771.0,0.00671,0.00519,0.01565,1.35017,0.00218,100,whatsapp
1019,223.38301,832.0,899.5,790.0,0.00528,0.00358,0.01177,1.06183,0.00414,100,whatsapp
995,266.04617,887.0,948.0,845.0,0.00512,0.00398,0.01235,1.05185,0.00351,100,whatsapp
1026,258.02674,870.0,925.0,828.0,0.00524,0.00404,0.01167,1.14053,0.00312,100,whatsapp
1027,268.90332,923.0,976.0,881.0,0.00556,0.00456,0.0113,1.28067,0.00223,100,whatsapp
1024,235.80467,953.0,992.0,911.0,0.0057,0.00423,0.01377,1.24271,0.0026,100,whatsapp
1041,290.43672,896.0,968.0,854.0,0.00629,0.00427,0.01438,1.34929,0.00248,100,whatsapp
1033,258.99412,932.0,988.0,890.0,0.00575,0.00566,0.01449,1.24154,0.00145,100,whatsapp
1062,274.47266,902.5,976.5,860.5,0.00669,0.00546,0.01649,1.55128,0.00118,100,whatsapp
1032,290.74091,949.5,984.0,907.5,0.00585,0.00458,0.01487,1.34765,0.00171,100,whatsapp
1027,307.34503,912.0,972.0,870.0,0.00511,0.00447,0.01101,1.14856,0.00258,100,whatsapp
1027,312.96269,935.0,971.25,893.0,0.00439,0.00384,0.00961,1.08734,0.00268,100,whatsapp
1006,305.81935,941.0,964.0,899.0,0.00511,0.00442,0.01104,1.26149,0.00214,100,whatsapp
1060,354.87364,932.0,988.0,890.0,0.00443,0.00381,0.01044,1.11445,0.00236,100,whatsapp
1056,293.55508,953.5,1002.25,911.5,0.00568,0.0058,0.01561,1.25761,0.00164,100,whatsapp
1044,269.1491,950.0,991.0,908.0,0.00588,0.00526,0.01355,1.25313,0.0021,100,whatsapp
1041,279.98743,926.0,966.0,884.0,0.00641,0.00464,0.01373,1.4301,0.00198,100,whatsapp
1027,288.92921,899.0,968.25,857.0,0.00547,0.00488,0.01389,1.3281,0.00131,100,whatsapp
1048,256.96364,862.5,953.0,820.5,0.006,0.00475,0.01401,1.28679,0.00225,100,whatsapp
1030,319.21649,958.0,984.5,916.0,0.00858,0.00462,0.00931,1.99578,0.0022,100,whatsapp
1079,335.51238,944.0,977.0,902.0,0.0048,0.00393,0.01151,1.16201,0.00216,100,whatsapp
1016,317.55066,917.5,971.0,875.5,0.00537,0.00387,0.01257,1.41386,0.00186,100,whatsapp
1016,331.8782,946.5,976.0,904.5,0.00521,0.00444,0.01102,1.19037,0.00211,100,whatsapp
1026,280.7184,917.0,947.0,875.0,0.00541,0.00467,0.01497,1.22493,0.00218,100,whatsapp
1027,312.72924,937.5,987.0,895.5,0.00474,0.00385,0.011,1.10497,0.00262,100,whatsapp
1058,301.6576,929.5,977.0,887.5,0.00651,0.00674,0.01663,1.48729,0.00028,100,whatsapp
1052,320.6284,938.0,992.0,896.0,0.00688,0.00549,0.0182,1.66736,0.00044,100,whatsapp
1064,300.42028,866.5,955.75,824.5,0.006,0.005,0.01496,1.48587,0.00049,100,whatsapp
1063,284.45043,850.0,999.0,808.0,0.00577,0.00672,0.01453,1.26746,0.00165,100,whatsapp
1073,315.99453,945.5,993.75,903.5,0.00542,0.00563,0.01381,1.25279,0.00166,100,whatsapp
1071,277.81366,937.0,982.25,895.0,0.00679,0.00554,0.01271,1.47749,0.00174,100,whatsapp
1065,286.47685,931.0,952.25,889.0,0.00561,0.00584,0.01488,1.40167,0.00107,100,whatsapp
1086,333.31008,956.0,982.25,914.0,0.00657,0.00389,0.01773,1.56833,0.00107,100,whatsapp
999,286.22206,905.5,972.0,863.5,0.00707,0.00485,0.01572,1.5789,0.00127,100,whatsapp
1022,298.33104,927.0,960.0,885.0,0.00533,0.00492,0.01566,1.34264,0.00128,100,whatsapp
1040,295.83204,928.0,980.0,886.0,0.0054,0.00518,0.01308,1.31489,0.0013,100,whatsapp
1035,295.88158,920.0,981.0,878.0,0.00529,0.00492,0.0125,1.38113,0.00142,100,whatsapp
1062,303.6783,827.0,903.0,785.0,0.00613,0.00556,0.01429,1.41332,0.00108,100,whatsapp
1048,339.99941,950.0,990.0,908.0,0.00578,0.00574,0.01385,1.3493,0.00148,100,whatsapp
1056,291.80416,965.5,989.0,923.5,0.00537,0.00618,0.01436,1.1166,0.00213,100,whatsapp
1022,309.1602,905.0,980.0,863.0,0.00517,0.00369,0.01223,1.34935,0.0018,100,whatsapp
1022,322.66113,953.0,986.25,911.0,0.0054,0.00445,0.01024,1.21215,0.00303,100,whatsapp
1069,282.78704,917.5,985.25,875.5,0.00513,0.00423,0.01239,1.15379,0.003,100,whatsapp
1073,281.84452,922.0,988.0,880.0,0.00592,0.00486,0.01374,1.31453,0.00187,100,whatsapp
1025,292.38576,947.5,966.0,905.5,0.00662,0.00451,0.01694,1.50452,0.002,100,whatsapp
1047,301.57584,947.5,999.0,905.5,0.00689,0.00523,0.01623,1.51002,0.0015,100,whatsapp
1025,279.65403,838.0,967.0,796.0,0.00734,0.00521,0.01575,1.79728,0.00018,100,whatsapp
1087,264.92081,951.0,1004.0,909.0,0.0065,0.00614,0.01383,1.35341,0.00188,100,whatsapp
1029,272.41821,919.0,952.0,877.0,0.00713,0.00579,0.01884,1.53557,0.00078,100,whatsapp
1040,334.00762,935.0,1006.0,893.0,0.00689,0.00491,0.01759,1.44482,0.00153,100,whatsapp
1024,277.01582,913.0,976.0,871.0,0.00664,0.00452,0.01566,1.71048,0.00089,100,whatsapp
1085,306.4464,945.0,991.0,903.0,0.00619,0.00629,0.01512,1.40944,0.00086,100,whatsapp
1057,305.36452,959.0,988.0,917.0,0.00498,0.00373,0.01269,1.12311,0.00254,100,whatsapp
1081,329.62999,949.0,992.0,907.0,0.00678,0.00601,0.01583,1.60638,0.00016,100,whatsapp
1021,294.94258,909.0,984.0,867.0,0.00596,0.00602,0.01575,1.44557,0.00076,100,whatsapp
1020,295.50787,854.0,969.25,812.0,0.00544,0.00527,0.01492,1.33511,0.00108,100,whatsapp
1057,260.47947,895.5,979.75,853.5,0.0062,0.00409,0.01445,1.25837,0.00281,100,whatsapp
1064,253.95331,905.5,989.5,863.5,0.00611,0.00526,0.01531,1.2724,0.00213,100,whatsapp
1083,333.69106,932.0,996.5,890.0,0.00638,0.00418,0.0161,1.50005,0.00133,100,whatsapp
1074,312.99147,941.0,978.0,899.0,0.00529,0.00384,0.01327,1.27226,0.0023,100,whatsapp
1022,256.2059,898.0,965.5,856.0,0.00559,0.00372,0.01418,1.23336,0.00278,100,whatsapp
1083,291.70675,971.5,986.0,929.5,0.00555,0.00532,0.01397,1.2347,0.00198,100,whatsapp
1017,303.02728,848.5,952.0,806.5,0.00505,0.0043,0.00983,1.27985,0.00213,100,whatsapp
1062,304.97572,904.0,991.25,862.0,0.00549,0.00495,0.01382,1.26011,0.00208,100,whatsapp
1018,281.01914,932.0,992.0,890.0,0.0054,0.0044,0.01362,1.3222,0.0021,100,whatsapp
1027,277.74626,953.5,990.0,911.5,0.00604,0.00507,0.0177,1.22321,0.00218,100,whatsapp
1018,255.42418,934.0,974.5,892.0,0.00605,0.00426,0.01598,1.28375,0.00234,100,whatsapp
1053,274.31933,940.5,966.0,898.5,0.00576,0.00496,0.01543,1.21414,0.00211,100,whatsapp
1033,244.16185,966.5,990.0,924.5,0.00696,0.00517,0.01409,1.35706,0.00256,100,whatsapp
1014,270.34596,944.5,980.0,902.5,0.00628,0.00518,0.01848,1.41831,0.00145,100,whatsapp
1059,315.41616,946.5,988.0,904.5,0.00578,0.00639,0.01518,1.36246,0.00085,100,whatsapp
1063,337.61225,951.5,991.0,909.5,0.00539,0.0047,0.01292,1.25059,0.00223,100,whatsapp
1045,320.55665,930.0,982.0,888.0,0.00593,0.00413,0.01319,1.41254,0.00209,100,whatsapp
1082,268.48694,953.5,986.5,911.5,0.00617,0.00586,0.01641,1.36593,0.00127,100,whatsapp
1066,325.95019,872.5,963.25,830.5,0.00568,0.00393,0.00975,1.35956,0.00233,100,whatsapp
1042,299.42257,954.0,969.0,912.0,0.00652,0.00426,0.01554,1.44078,0.00211,100,whatsapp
1015,292.5151,940.0,979.0,898.0,0.00713,0.00568,0.01814,1.56466,0.00112,100,whatsapp
1021,292.72701,940.5,985.0,898.5,0.00893,0.00792,0.02202,1.47621,0.00128,100,whatsapp
1022,290.27746,950.0,995.25,908.0,0.00879,0.00701,0.01927,1.4606,0.00111,100,whatsapp
1018,297.61599,953.5,981.75,911.5,0.00749,0.00563,0.01638,1.28027,0.00234,100,whatsapp
1021,383.94183,870.0,949.0,828.0,0.00773,0.00487,0.01846,2.09926,0.00033,100,whatsapp
1015,353.71348,835.0,903.25,793.0,0.0058,0.0032,0.01429,1.69761,0.00095,100,whatsapp
1084,304.52942,857.0,952.0,815.0,0.00661,0.00527,0.01752,1.57482,0.00099,100,whatsapp
1052,342.81465,917.0,982.5,875.0,0.0072,0.00324,0.01629,1.82462,0.00107,100,whatsapp
1081,297.54208,902.0,950.0,860.0,0.33299,0.00503,0.01415,8.80289,0.00184,100,whatsapp
1085,321.61851,929.0,981.25,887.0,0.00744,0.00355,0.01605,1.67494,0.00164,100,whatsapp
1070,316.04003,839.0,955.0,797.0,0.00599,0.00584,0.0136,1.63803,0.00025,100,whatsapp
1053,376.12089,856.5,945.0,814.5,0.00416,0.00275,0.01063,1.21546,0.002,100,whatsapp
1023,314.01029,798.0,932.75,756.0,0.91256,0.00578,0.01764,9.40771,0.00178,100,whatsapp
1069,347.90395,840.5,964.0,798.5,0.00763,0.00842,0.01811,1.3378,0.00171,100,whatsapp
1063,330.62031,868.5,959.25,826.5,0.00916,0.00724,0.02776,1.50722,0.00125,100,whatsapp
1026,304.14077,855.0,914.25,813.0,0.00776,0.00688,0.02017,1.31544,0.00238,100,whatsapp
1066,319.93334,811.5,951.25,769.5,0.00721,0.00664,0.01632,1.38131,0.00151,100,whatsapp
1030,318.91161,784.0,894.25,742.0,0.00629,0.00542,0.01663,1.27544,0.00206,100,whatsapp
1074,310.18686,908.0,985.25,866.0,0.00674,0.00472,0.01532,1.27497,0.00283,100,whatsapp
1066,348.67267,803.0,923.5,761.0,0.52703,0.0058,0.01776,9.02916,0.00216,100,whatsapp
1023,323.40424,830.0,942.0,788.0,0.00619,0.00503,0.01391,1.21821,0.00284,100,whatsapp
1016,327.44331,759.0,913.75,717.0,0.00672,0.00579,0.01819,1.33593,0.00212,100,whatsapp
999,340.59923,738.0,958.0,696.0,0.00693,0.005,0.01594,1.43794,0.00225,100,whatsapp
1071,330.67303,925.0,967.75,883.0,0.00831,0.00558,0.01888,1.3724,0.0022,100,whatsapp
1049,316.75371,879.5,955.25,837.5,0.04607,0.00761,0.02416,4.22466,0.00233,100,whatsapp
1027,387.25276,864.0,961.25,822.0,0.00948,0.00932,0.02582,1.39109,0.00158,100,whatsapp
1024,390.95194,693.5,956.5,651.5,0.00741,0.00294,0.01885,1.98693,0.0,100,whatsapp
1020,294.09421,795.5,897.25,753.5,0.00789,0.00948,0.01726,1.27232,0.00211,100,whatsapp
1022,291.9454,887.0,917.0,845.0,0.00847,0.01013,0.02338,1.46021,0.00038,100,whatsapp
1009,328.15376,870.0,899.5,828.0,0.00767,0.00637,0.02203,1.34788,0.00181,100,whatsapp
1022,303.01861,870.0,914.0,828.0,0.00783,0.00538,0.01693,1.42414,0.0022,100,whatsapp
956,287.90136,875.0,898.0,833.0,0.00835,0.00527,0.02193,1.51231,0.00204,100,whatsapp
993,298.34002,863.5,901.0,821.5,0.00819,0.00492,0.01795,1.45116,0.00216,100,whatsapp
975,317.23387,818.5,913.0,776.5,0.00727,0.00392,0.01512,1.36242,0.00307,100,whatsapp
1016,311.98458,835.0,921.25,793.0,0.00716,0.00346,0.01765,1.25742,0.00354,100,whatsapp
1026,333.75155,833.5,916.0,791.5,0.00714,0.00421,0.0151,1.36969,0.00304,100,whatsapp
961,339.93132,822.5,886.0,780.5,0.00678,0.00419,0.01624,1.26245,0.00297,100,whatsapp
972,300.53771,840.0,896.5,798.0,0.0076,0.00472,0.0179,1.52764,0.00157,100,whatsapp
1029,260.31697,857.0,905.0,815.0,0.00834,0.00517,0.02206,1.42688,0.00221,100,whatsapp
1007,298.8631,817.0,872.5,775.0,0.007,0.00627,0.01625,1.48732,0.00126,100,whatsapp
919,281.7268,832.0,869.25,790.0,0.00759,0.00605,0.02107,1.49325,0.00129,100,whatsapp
995,266.86341,788.5,911.0,746.5,0.00743,0.00562,0.01697,1.52113,0.00105,100,whatsapp
1008,307.57887,791.0,872.0,749.0,0.00709,0.00524,0.01511,1.38429,0.0021,100,whatsapp
930,287.42784,834.0,880.0,792.0,0.00768,0.00514,0.01723,1.60335,0.00106,100,whatsapp
920,253.88937,843.0,862.25,801.0,0.00819,0.00494,0.02433,1.6265,0.00145,100,whatsapp
961,302.26933,838.0,870.0,796.0,0.00734,0.00521,0.01994,1.37269,0.00203,100,whatsapp
998,278.94902,835.0,887.5,793.0,0.0082,0.00607,0.01407,1.43174,0.0021,100,whatsapp
978,291.00173,811.0,871.0,769.0,0.00786,0.00613,0.01806,1.5291,0.00105,100,whatsapp
1023,292.46525,827.5,874.0,785.5,0.00701,0.00654,0.0183,1.42167,0.00113,100,whatsapp
1026,280.3725,793.0,873.75,751.0,0.00752,0.00512,0.01465,1.4866,0.00193,100,whatsapp
1008,275.65754,831.5,872.0,789.5,0.00648,0.00439,0.01258,1.19661,0.00334,100,whatsapp
979,297.15762,818.0,895.25,776.0,0.00729,0.00477,0.01852,1.44197,0.00226,100,whatsapp
1026,307.88386,817.5,879.5,775.5,0.0055,0.00612,0.01173,1.17544,0.0022,100,whatsapp
1002,269.53376,801.5,840.5,759.5,0.00566,0.00452,0.01318,1.21054,0.00254,100,whatsapp
954,284.21507,787.0,850.0,745.0,0.00627,0.00385,0.01527,1.32104,0.00259,100,whatsapp
1013,297.56728,771.5,858.25,729.5,0.00658,0.00556,0.01459,1.33785,0.00201,100,whatsapp
1020,272.98046,790.0,851.0,748.0,0.00633,0.00515,0.01757,1.23234,0.00228,100,whatsapp
1019,283.3663,758.0,817.25,716.0,0.007,0.00422,0.01425,1.30187,0.00318,100,whatsapp
995,286.98754,766.5,814.5,724.5,0.00707,0.00504,0.01751,1.38982,0.00248,100,whatsapp
976,290.12871,746.0,798.5,704.0,0.00871,0.00792,0.02473,1.53941,0.00025,100,whatsapp
1005,320.48386,708.0,803.5,666.0,0.00788,0.00745,0.01847,1.32214,0.00214,100,whatsapp
1007,301.38071,740.0,874.25,698.0,0.00797,0.00984,0.01636,1.26014,0.00193,100,whatsapp
982,303.60183,667.0,824.25,625.0,0.00883,0.00606,0.02132,1.34672,0.00331,100,whatsapp
1021,251.49618,702.0,804.0,660.0,0.01046,0.01009,0.0268,1.29553,0.0035,100,whatsapp
1023,292.57146,701.0,847.0,659.0,0.009,0.01384,0.02626,1.32729,0.00114,100,whatsapp
961,296.52657,711.5,814.75,669.5,0.0077,0.00784,0.02222,1.23709,0.00232,100,whatsapp
979,309.11819,733.0,819.0,691.0,0.0079,0.007,0.02163,1.15475,0.00342,100,whatsapp
987,323.47893,640.5,874.75,598.5,0.00661,0.00601,0.01768,1.14978,0.00312,100,whatsapp
1027,339.60524,614.0,860.0,572.0,0.00741,0.007,0.01753,1.10701,0.00335,100,whatsapp
984,257.73635,259.0,568.0,217.0,0.00722,0.00478,0.01701,1.00465,0.00478,100,whatsapp
1011,293.68671,569.0,786.0,527.0,0.00876,0.00653,0.01903,0.99379,0.00627,100,whatsapp
1020,328.80033,684.5,809.5,642.5,0.00805,0.00648,0.01852,1.01444,0.00537,100,whatsapp
955,301.88877,706.5,811.25,664.5,0.00839,0.00666,0.01647,1.05517,0.006,100,whatsapp
1010,334.58921,575.5,849.75,533.5,0.0072,0.00635,0.01436,1.05986,0.00466,100,whatsapp
1007,333.75811,723.5,863.25,681.5,0.00748,0.00489,0.01489,0.94631,0.00691,100,whatsapp
1027,332.38754,605.0,831.5,563.0,0.00858,0.00538,0.0236,1.24608,0.00314,100,whatsapp
1024,279.50566,568.0,673.0,526.0,0.00685,0.00727,0.01562,1.17642,0.00285,100,whatsapp
1042,297.80956,594.0,827.25,552.0,0.00783,0.00458,0.02066,1.28257,0.00297,100,whatsapp
986,251.38963,582.5,654.0,540.5,0.00747,0.00521,0.01963,1.27021,0.00325,100,whatsapp
1010,261.22819,638.5,704.25,596.5,0.00761,0.0052,0.01869,1.2352,0.00331,100,whatsapp
1002,259.36395,647.0,693.5,605.0,0.00682,0.00352,0.01641,1.15384,0.0039,100,whatsapp
1019,250.14862,648.0,726.0,606.0,0.00736,0.0053,0.01981,1.22085,0.00265,100,whatsapp
1024,274.02774,636.5,710.0,594.5,0.0057,0.00471,0.01348,1.19268,0.00244,100,whatsapp
980,319.16213,732.5,800.5,690.5,0.00684,0.00415,0.01662,1.20577,0.00315,100,whatsapp
1057,291.73043,751.0,828.5,709.0,0.00732,0.0044,0.01615,1.4252,0.00252,100,whatsapp
1024,311.07865,602.5,803.5,560.5,0.0061,0.00425,0.01504,1.53248,0.00114,100,whatsapp
1052,306.56883,739.0,831.0,697.0,0.00835,0.00547,0.01589,1.45914,0.00229,100,whatsapp
1032,312.21539,766.0,873.0,724.0,0.0092,0.00922,0.02321,1.49675,0.00167,100,whatsapp
979,307.93,843.0,892.75,801.0,0.00712,0.00496,0.0193,1.23614,0.00321,100,whatsapp
989,300.62523,792.0,891.25,750.0,0.00646,0.00368,0.01353,1.21892,0.00364,100,whatsapp
1058,279.12147,733.5,873.0,691.5,0.00708,0.00702,0.01486,1.33914,0.00147,100,whatsapp
1059,270.09659,762.5,790.0,720.5,0.00686,0.00608,0.01602,1.42732,0.00136,100,whatsapp
1026,294.10617,771.5,815.0,729.5,0.00533,0.00346,0.01462,1.27229,0.0022,100,whatsapp
1053,259.092,762.0,804.0,720.0,0.006,0.00514,0.0136,1.27819,0.00211,100,whatsapp
933,267.84743,764.0,801.0,722.0,0.00664,0.00524,0.0172,1.3979,0.0021,100,whatsapp
953,281.46906,776.0,793.5,734.0,0.00667,0.00539,0.01696,1.38832,0.0013,100,whatsapp
1027,278.03289,764.0,785.25,722.0,0.00698,0.00561,0.01476,1.39787,0.00212,100,whatsapp
981,305.80249,770.0,905.5,728.0,0.00554,0.00479,0.01252,1.25878,0.00186,100,whatsapp
1023,294.6391,776.0,842.0,734.0,0.00651,0.00513,0.01596,1.28875,0.00202,100,whatsapp
1054,286.99016,741.0,797.0,699.0,0.00576,0.00435,0.01203,1.20112,0.00311,100,whatsapp
1077,341.01267,763.5,932.0,721.5,0.00691,0.00558,0.0135,1.42181,0.00155,100,whatsapp
1000,304.69137,738.0,796.0,696.0,0.00505,0.0039,0.01257,1.2785,0.00164,100,whatsapp
1026,334.42138,455.5,778.0,413.5,0.24859,0.00459,0.01459,8.58321,0.00137,100,whatsapp
1021,329.06788,726.0,815.0,684.0,0.00398,0.00367,0.00893,1.07446,0.00236,100,whatsapp
1028,330.26428,726.0,837.0,684.0,0.00376,0.00314,0.00886,1.1409,0.00213,100,whatsapp
951,319.51887,737.0,836.25,695.0,0.00449,0.00377,0.0084,1.15576,0.00244,100,whatsapp
1020,308.74631,752.0,809.0,710.0,0.00485,0.00337,0.01164,1.24692,0.00219,100,whatsapp
963,274.55486,382.0,727.5,340.0,0.41712,0.00417,0.01212,8.96417,0.00279,100,whatsapp
1019,308.38624,637.5,807.25,595.5,0.00798,0.00312,0.01763,1.91638,0.0,100,whatsapp
986,290.45075,735.5,790.5,693.5,0.00622,0.00631,0.0157,1.31118,0.00108,100,whatsapp
1026,365.31768,753.0,896.25,711.0,0.00683,0.0034,0.01453,1.72824,0.00104,100,whatsapp
1006,303.85633,766.0,836.25,724.0,0.00621,0.00491,0.01251,1.31382,0.00222,100,whatsapp
1085,312.75195,854.0,911.0,812.0,0.0048,0.00411,0.01043,0.89737,0.00375,100,whatsapp
1050,318.49895,837.5,924.0,795.5,0.00661,0.00487,0.01406,1.24886,0.00248,100,whatsapp
1048,347.19609,837.5,919.0,795.5,0.00589,0.00382,0.0119,1.31971,0.00222,100,whatsapp
1087,336.10244,852.0,943.0,810.0,0.00551,0.00433,0.0122,1.06126,0.00324,100,whatsapp
1024,324.41202,801.0,932.0,759.0,0.00596,0.00321,0.0155,1.21633,0.00293,100,whatsapp
1051,332.00651,825.5,895.0,783.5,0.00507,0.00508,0.0117,1.08245,0.00298,100,whatsapp
1008,309.0395,722.5,861.0,680.5,0.00606,0.0054,0.01299,1.19023,0.00269,100,whatsapp
1053,347.82003,807.5,940.5,765.5,0.00543,0.00546,0.01169,1.16129,0.00223,100,whatsapp
1052,340.54628,833.0,958.5,791.0,0.00582,0.00429,0.01214,1.02819,0.0042,100,whatsapp
1006,288.31658,768.0,857.0,726.0,0.00488,0.00422,0.01364,1.2181,0.00211,100,whatsapp
1016,297.18985,742.5,843.25,700.5,0.00609,0.00289,0.01641,1.43802,0.00208,100,whatsapp
1006,316.51171,784.0,911.25,742.0,0.00521,0.00324,0.01103,1.27921,0.00215,100,whatsapp
1017,299.84014,727.5,852.25,685.5,0.0049,0.00379,0.0099,1.09845,0.00309,100,whatsapp
1076,284.80186,734.0,776.0,692.0,0.00462,0.00349,0.01197,1.21336,0.00212,100,whatsapp
1038,302.72704,749.0,813.0,707.0,0.00495,0.00257,0.01109,1.33512,0.00191,100,whatsapp
1039,320.02806,774.5,913.0,732.5,0.00468,0.00287,0.01275,1.14625,0.00259,100,whatsapp
1078,290.79848,716.0,807.0,674.0,0.00513,0.00323,0.01304,1.304,0.00206,100,whatsapp
1055,296.07988,727.0,768.0,685.0,0.00457,0.00261,0.01062,1.17181,0.00232,100,whatsapp
1087,265.17346,718.0,758.0,676.0,0.00462,0.00351,0.01162,1.28727,0.00171,100,whatsapp
1060,270.90861,713.0,749.0,671.0,0.00408,0.0037,0.01004,1.11504,0.00217,100,whatsapp
1050,300.67583,721.0,765.5,679.0,0.00487,0.00313,0.01124,1.35319,0.00175,100,whatsapp
1005,303.43564,703.0,769.0,661.0,0.00415,0.00291,0.01058,1.32255,0.00158,100,whatsapp
1040,308.29004,748.0,789.0,706.0,0.0043,0.00271,0.01092,1.1557,0.00239,100,whatsapp
1082,308.95411,689.0,799.25,647.0,0.00453,0.00412,0.00994,1.08348,0.0028,100,whatsapp
1024,281.47038,714.5,770.0,672.5,0.00346,0.00225,0.00881,1.1748,0.00171,100,whatsapp
1032,333.15053,285.0,864.0,243.0,0.00402,0.00277,0.01034,1.27683,0.00131,100,whatsapp
1050,360.05887,285.0,905.0,243.0,0.00383,0.00344,0.00716,1.12641,0.00213,100,whatsapp
1020,327.27515,755.0,814.0,713.0,0.00482,0.00275,0.01064,1.28611,0.00217,100,whatsapp
1012,309.49863,715.0,824.0,673.0,0.00477,0.00318,0.01209,1.21026,0.00226,100,whatsapp
1062,291.81762,736.0,780.25,694.0,0.00474,0.00442,0.01031,1.20776,0.00181,100,whatsapp
1070,292.8745,750.0,800.0,708.0,0.00484,0.00364,0.01094,1.26862,0.0021,100,whatsapp
1003,305.21368,733.0,809.0,691.0,0.00528,0.0046,0.0138,1.23121,0.0021,100,whatsapp
1024,304.70446,716.5,787.25,674.5,0.00598,0.00427,0.0184,1.36481,0.00178,100,whatsapp
1062,289.18737,724.0,813.0,682.0,0.00571,0.0043,0.01417,1.31375,0.00214,100,whatsapp
1026,307.93776,671.5,770.5,629.5,0.00512,0.00274,0.00868,1.48633,0.00198,100,whatsapp
998,314.34433,732.5,783.5,690.5,0.00443,0.00319,0.00838,1.31947,0.00205,100,whatsapp
1028,295.90828,697.0,758.0,655.0,0.00377,0.00247,0.00741,1.13469,0.00225,100,whatsapp
1024,313.41439,724.0,790.0,682.0,0.00449,0.00252,0.01188,1.28445,0.00176,100,whatsapp
1022,334.50381,713.0,815.0,671.0,0.00576,0.00299,0.01301,1.40185,0.00216,100,whatsapp
1025,278.27923,731.0,775.0,689.0,0.00503,0.0037,0.00967,1.36425,0.00203,100,whatsapp
1082,293.46387,723.0,785.5,681.0,0.0046,0.00326,0.00977,1.20201,0.00233,100,whatsapp
1016,289.74644,714.0,771.5,672.0,0.00442,0.00386,0.0098,1.26274,0.00153,100,whatsapp
997,288.41328,715.0,783.0,673.0,0.00496,0.00317,0.01111,1.25678,0.00214,100,whatsapp
1018,301.20869,727.0,781.25,685.0,0.00446,0.00288,0.01021,1.14509,0.00254,100,whatsapp
1011,325.36304,704.0,796.0,662.0,0.0039,0.00239,0.01042,1.13763,0.00214,100,whatsapp
1061,292.1132,701.0,774.75,659.0,0.00442,0.00316,0.01115,1.28116,0.00138,100,whatsapp
1021,326.24264,718.0,821.25,676.0,0.00633,0.00329,0.01553,1.54461,0.00149,100,whatsapp
1062,333.57847,747.0,904.25,705.0,0.00631,0.00495,0.01586,1.66805,0.00022,100,whatsapp
1073,326.66519,718.5,806.25,676.5,0.00536,0.003,0.01506,1.55167,0.00092,100,whatsapp
1009,319.69977,690.0,751.0,648.0,0.0051,0.00444,0.01481,1.44106,0.00117,100,whatsapp
1025,352.1811,732.5,910.25,690.5,0.0047,0.00431,0.01283,1.28216,0.00151,100,whatsapp
1025,304.47953,741.0,831.0,699.0,0.00626,0.00531,0.01463,1.40418,0.00139,100,whatsapp
1020,327.06316,730.5,872.25,688.5,0.00464,0.00328,0.0124,1.17716,0.0023,100,whatsapp
1010,319.76323,720.0,856.75,678.0,0.00526,0.00481,0.01452,1.42407,0.00117,100,whatsapp
1019,318.73828,718.5,777.5,676.5,0.00549,0.00284,0.0149,1.41039,0.00166,100,whatsapp
1077,314.8934,755.5,836.25,713.5,0.00525,0.00587,0.01429,1.35888,0.00113,100,whatsapp
1066,325.73337,718.0,830.0,676.0,0.00468,0.00433,0.01232,1.2035,0.00194,100,whatsapp
1026,299.33177,739.0,799.0,697.0,0.00606,0.00309,0.01483,1.53603,0.00111,100,whatsapp
1071,334.56293,713.5,910.25,671.5,0.00547,0.00318,0.01481,1.50815,0.00113,100,whatsapp
960,316.06378,276.5,803.5,234.5,0.00452,0.00361,0.01207,1.33371,0.00117,100,whatsapp
1067,339.6167,706.0,807.0,664.0,0.00454,0.00302,0.0136,1.30998,0.00157,100,whatsapp
1019,312.75163,739.0,837.5,697.0,0.00542,0.0034,0.01495,1.30675,0.0019,100,whatsapp
1017,333.40317,722.0,865.0,680.0,0.00545,0.00426,0.0141,1.35675,0.00178,100,whatsapp
1024,329.26894,809.5,929.0,767.5,0.00523,0.00442,0.01322,1.2171,0.00215,100,whatsapp
1027,310.66542,731.0,881.5,689.0,0.03317,0.00531,0.02198,4.29057,0.0011,100,whatsapp
1011,298.73318,753.0,844.75,711.0,0.00576,0.00318,0.01339,1.29775,0.00213,100,whatsapp
1066,329.30543,743.0,938.75,701.0,0.00534,0.00298,0.0102,1.34148,0.00238,100,whatsapp
1021,324.87913,724.0,908.5,682.0,0.00481,0.00436,0.01288,1.29163,0.00118,100,whatsapp
1027,353.0546,631.5,918.0,589.5,0.00471,0.00283,0.01173,1.37577,0.00166,100,whatsapp
1071,316.97811,744.0,895.25,702.0,0.007,0.00484,0.01314,1.48872,0.00184,100,whatsapp
1026,329.21865,759.0,961.25,717.0,0.0057,0.00495,0.01454,1.21515,0.00225,100,whatsapp
1026,325.36621,745.5,913.0,703.5,0.00456,0.00304,0.01029,1.07228,0.00313,100,whatsapp
1013,360.99064,720.0,906.25,678.0,0.00408,0.0032,0.01136,1.15816,0.00223,100,whatsapp
1079,336.68822,806.5,917.0,764.5,0.00583,0.00455,0.0135,1.24477,0.00223,100,whatsapp
1030,323.20648,797.0,950.0,755.0,0.00663,0.00522,0.01291,1.39055,0.00211,100,whatsapp
1055,350.78219,737.0,929.0,695.0,0.00535,0.00535,0.01394,1.15477,0.00212,100,whatsapp
1027,345.01758,759.5,905.5,717.5,0.00502,0.00392,0.01301,1.28323,0.00195,100,whatsapp
1026,335.14759,732.5,888.0,690.5,0.00511,0.00271,0.00917,1.39322,0.00228,100,whatsapp
1011,327.53791,587.5,821.5,545.5,0.0044,0.00359,0.01016,1.1512,0.00205,100,whatsapp
1065,369.18663,724.0,962.75,682.0,0.00436,0.00427,0.01026,1.1689,0.0021,100,whatsapp
1011,311.27326,744.0,889.0,702.0,0.00474,0.00346,0.012,1.25129,0.00186,100,whatsapp
1041,370.0105,628.5,915.25,586.5,0.00465,0.00333,0.01067,1.3512,0.00149,100,whatsapp
1022,362.33246,716.0,900.25,674.0,0.0044,0.00308,0.01166,1.21442,0.0021,100,whatsapp
1066,315.70586,774.0,900.0,732.0,0.00614,0.00431,0.01626,1.31758,0.00206,100,whatsapp
1071,345.69894,782.0,952.5,740.0,0.00781,0.00488,0.01613,1.70391,0.00036,100,whatsapp
1013,340.52207,771.0,921.0,729.0,0.00614,0.00833,0.01535,1.38159,0.00057,100,whatsapp
1081,333.86332,727.5,892.25,685.5,0.00403,0.00291,0.01193,1.24322,0.00179,100,whatsapp
1070,321.94019,730.0,834.75,688.0,0.00517,0.00336,0.01056,1.47692,0.00131,100,whatsapp
1072,313.08737,719.0,843.0,677.0,0.00415,0.00359,0.01016,1.31066,0.00128,100,whatsapp
1024,333.07903,693.5,804.0,651.5,0.00534,0.00344,0.01463,1.30054,0.00201,100,whatsapp
985,299.99235,674.5,813.0,632.5,0.0054,0.00336,0.01363,1.55541,0.00108,100,whatsapp
984,312.66531,732.0,799.75,690.0,0.00549,0.0043,0.01393,1.26667,0.00198,100,whatsapp
1035,318.74477,739.0,855.0,697.0,0.00645,0.00418,0.01422,1.25752,0.00229,100,whatsapp
1007,323.12016,668.0,842.25,626.0,0.00488,0.0041,0.0134,1.2595,0.00172,100,whatsapp
977,338.04417,750.0,878.5,708.0,0.00601,0.00418,0.01561,1.5132,0.00097,100,whatsapp
1028,317.25013,764.0,861.5,722.0,0.00647,0.00425,0.0161,1.4369,0.00182,100,whatsapp
1075,338.72901,825.0,896.75,783.0,0.00707,0.00439,0.01571,1.60516,0.001,100,whatsapp
980,348.44159,738.5,819.0,696.5,0.00551,0.00409,0.01573,1.66073,0.00026,100,whatsapp
1024,338.72524,801.0,898.0,759.0,0.00685,0.00423,0.0156,1.59535,0.00073,100,whatsapp
1015,294.09098,821.0,905.0,779.0,0.00842,0.006,0.02448,1.5815,0.00131,100,whatsapp
1065,339.09149,750.5,904.0,708.5,0.00797,0.00424,0.01734,1.68211,0.0012,100,whatsapp
1015,342.19106,749.0,914.25,707.0,0.00539,0.00411,0.01228,1.3308,0.00173,100,whatsapp
1022,346.36598,746.5,928.0,704.5,0.00536,0.00518,0.01297,1.10867,0.00267,100,whatsapp
998,345.45663,765.5,904.5,723.5,0.00513,0.00381,0.01241,1.29881,0.00216,100,whatsapp
1030,347.36613,616.0,895.25,574.0,0.03121,0.00405,0.01163,4.60084,0.0021,100,whatsapp
1024,346.81251,717.5,899.25,675.5,0.00482,0.00324,0.01305,1.29526,0.00199,100,whatsapp
1072,335.57229,762.5,913.25,720.5,0.00549,0.00476,0.01345,1.13278,0.00238,100,whatsapp
1018,327.85649,781.5,940.0,739.5,0.00567,0.00447,0.01533,1.24019,0.00232,100,whatsapp
1016,339.57899,740.5,879.75,698.5,0.00528,0.00308,0.01455,1.29914,0.00206,100,whatsapp
1058,358.45927,756.0,950.25,714.0,0.00474,0.00353,0.01072,1.01527,0.00332,100,whatsapp
1018,356.49733,738.0,939.0,696.0,0.00532,0.00482,0.0127,1.21916,0.00215,100,whatsapp
1025,354.23678,633.5,930.25,591.5,0.00446,0.00329,0.01137,1.1841,0.00206,100,whatsapp
1039,327.02313,806.5,914.25,764.5,0.00544,0.00441,0.01492,1.19212,0.00239,100,whatsapp
1025,330.95246,741.0,928.25,699.0,0.00474,0.00527,0.01004,1.02485,0.00287,100,whatsapp
1013,349.19357,724.0,908.25,682.0,0.00455,0.00423,0.01236,1.13863,0.00213,100,whatsapp
1021,358.10928,737.0,913.25,695.0,0.00476,0.00448,0.01159,1.24337,0.00193,100,whatsapp
1073,334.54532,730.0,939.0,688.0,0.00508,0.00458,0.01224,1.20441,0.00216,100,whatsapp
1045,331.73816,647.0,837.5,605.0,0.00563,0.00358,0.0152,1.35793,0.00172,100,whatsapp
1065,312.88383,739.0,833.0,697.0,0.00554,0.00461,0.01324,1.22928,0.00252,100,whatsapp
1034,331.39233,726.5,900.0,684.5,0.00821,0.01004,0.01618,1.61556,0.0,100,whatsapp
1064,338.7175,840.0,930.0,798.0,0.00548,0.00237,0.01471,1.60418,0.00113,100,whatsapp
1062,321.14169,717.5,880.25,675.5,0.00596,0.00588,0.01693,1.42439,0.00093,100,whatsapp
1008,327.36725,750.0,896.25,708.0,0.00603,0.00606,0.01564,1.22885,0.00215,100,whatsapp
1083,312.95223,777.0,939.0,735.0,0.00584,0.00491,0.01478,1.34907,0.00191,100,whatsapp
1025,325.18639,816.0,951.0,774.0,0.00666,0.00547,0.01474,1.34851,0.00211,100,whatsapp
1034,320.70695,782.0,928.0,740.0,0.00708,0.00598,0.01796,1.30172,0.00209,100,whatsapp
1006,323.37068,758.5,926.5,716.5,0.00641,0.00561,0.01473,1.27658,0.00208,100,whatsapp
1054,282.40125,764.0,930.0,722.0,0.00655,0.0054,0.01791,1.24393,0.00219,100,whatsapp
1033,336.04157,794.5,960.5,752.5,0.00639,0.00477,0.01773,1.32151,0.00221,100,whatsapp
1017,338.8452,872.0,942.25,830.0,0.00741,0.00665,0.01835,1.42137,0.00134,100,whatsapp
1009,301.82934,882.5,935.75,840.5,0.0069,0.0066,0.01868,1.45951,0.00112,100,whatsapp
1056,333.33423,798.5,952.25,756.5,0.00678,0.00643,0.0155,1.26812,0.0021,100,whatsapp
1089,331.60111,780.5,925.25,738.5,0.00953,0.00484,0.02354,1.782,0.00098,100,whatsapp
1089,345.90814,712.0,937.5,670.0,0.00665,0.00559,0.01954,1.48088,0.00091,100,whatsapp
1071,310.11744,724.0,955.0,682.0,0.00559,0.00556,0.01519,1.36382,0.00114,100,whatsapp
1045,276.60815,732.5,860.75,690.5,0.00593,0.00492,0.01475,1.31808,0.00198,100,whatsapp
1044,315.56399,767.0,904.5,725.0,0.00617,0.00438,0.01664,1.4744,0.00153,100,whatsapp
1026,338.06882,814.5,896.25,772.5,0.00568,0.00464,0.01255,1.47207,0.0013,100,whatsapp
1086,322.41923,851.5,920.0,809.5,0.00589,0.00531,0.01487,1.42807,0.0011,100,whatsapp
1027,270.8273,840.5,890.5,798.5,0.00631,0.00517,0.01519,1.32934,0.00201,100,whatsapp
1014,261.27822,791.5,863.0,749.5,0.00672,0.00473,0.01864,1.41659,0.00174,100,whatsapp
1018,308.50904,789.0,869.0,747.0,0.00699,0.00648,0.01855,1.30558,0.00201,100,whatsapp
1009,292.94017,792.5,881.25,750.5,0.00738,0.00626,0.01882,1.36096,0.00214,100,whatsapp
1072,315.04373,834.5,924.0,792.5,0.00639,0.00499,0.01636,1.19628,0.00278,100,whatsapp
1030,322.24526,866.0,960.0,824.0,0.00767,0.00481,0.02078,1.46189,0.00201,100,whatsapp
1009,301.4052,790.0,922.0,748.0,0.00722,0.00986,0.01733,1.43474,0.00034,100,whatsapp
1021,297.52972,767.0,910.25,725.0,0.0082,0.00545,0.01901,1.35799,0.00305,100,whatsapp
1034,346.11388,752.0,910.25,710.0,0.00674,0.00475,0.02067,1.56091,0.0011,100,whatsapp
1069,331.98611,705.0,880.25,663.0,0.00501,0.00475,0.01279,1.44839,0.00111,100,whatsapp
1070,292.83796,748.0,936.75,706.0,0.00642,0.00522,0.01767,1.22907,0.00215,100,whatsapp
996,297.75386,711.0,854.0,669.0,0.00535,0.00363,0.0121,1.13575,0.00318,100,whatsapp
1052,258.1696,316.5,635.0,274.5,0.00564,0.0045,0.01412,1.18383,0.00303,100,whatsapp
1044,269.1111,287.0,652.0,245.0,0.00618,0.00322,0.01587,1.11409,0.00338,100,whatsapp
1021,331.01622,258.5,772.0,216.5,0.00564,0.00508,0.01352,1.17627,0.00232,100,whatsapp
983,326.84383,273.0,822.25,231.0,0.00901,0.0076,0.01891,1.34344,0.00261,100,whatsapp
1052,323.01898,591.0,841.0,549.0,0.0096,0.00829,0.02411,1.21196,0.00404,100,whatsapp
1063,348.33157,581.5,854.5,539.5,0.0086,0.00671,0.02044,1.13581,0.00443,100,whatsapp
1011,324.97495,595.0,839.5,553.0,0.0081,0.00802,0.01718,1.01141,0.00505,100,whatsapp
1049,300.68703,656.5,859.75,614.5,0.00961,0.00687,0.02445,1.09538,0.00538,100,whatsapp
1025,317.86258,573.5,862.0,531.5,0.00864,0.0067,0.02211,1.09533,0.00505,100,whatsapp
1011,319.35013,598.0,922.25,556.0,0.00983,0.006,0.01784,1.1627,0.00543,100,whatsapp
1011,333.84476,596.0,899.5,554.0,0.01051,0.00882,0.02639,1.10221,0.00564,100,whatsapp
1023,314.60108,576.5,847.25,534.5,0.00978,0.00694,0.02684,1.14919,0.00546,100,whatsapp
1006,327.86873,588.5,912.25,546.5,0.00762,0.00606,0.01267,1.02553,0.00541,100,whatsapp
1045,318.98484,555.5,864.75,513.5,0.00939,0.00482,0.02187,1.07528,0.0066,100,whatsapp
1024,319.90776,527.0,884.25,485.0,0.0101,0.00652,0.02731,1.23834,0.00443,100,whatsapp
1046,329.4125,558.0,865.5,516.0,0.00753,0.00597,0.01788,1.00125,0.00559,100,whatsapp
1020,306.27326,588.0,830.25,546.0,0.00909,0.01269,0.02478,1.23763,0.00262,100,whatsapp
1020,323.4054,637.0,865.0,595.0,0.00874,0.00761,0.0197,1.17124,0.00404,100,whatsapp
1023,323.95794,624.0,870.75,582.0,0.00895,0.00803,0.02019,1.12688,0.00448,100,whatsapp
1069,307.64618,637.5,837.25,595.5,0.00851,0.00558,0.01669,1.14738,0.00524,100,whatsapp
1013,321.44243,744.0,836.25,702.0,0.00815,0.00644,0.01737,1.19047,0.00366,100,whatsapp
1040,280.91787,775.5,849.0,733.5,0.00838,0.00705,0.02185,1.10219,0.00442,100,whatsapp
1035,295.65879,752.0,870.5,710.0,0.01075,0.00914,0.02493,1.32353,0.00324,100,whatsapp
1024,339.38681,661.5,874.75,619.5,0.00775,0.00568,0.01933,1.22589,0.00338,100,whatsapp
1084,326.8946,680.0,924.25,638.0,0.00794,0.00604,0.01632,1.26759,0.00336,100,whatsapp
1019,314.42661,630.5,875.25,588.5,0.00819,0.00883,0.02234,1.30647,0.00131,100,whatsapp
1071,307.17693,648.0,913.5,606.0,0.00876,0.00564,0.02577,1.36461,0.0026,100,whatsapp
1042,285.56845,675.0,910.5,633.0,0.00809,0.005,0.01524,1.33391,0.00318,100,whatsapp
1079,286.27437,700.5,844.25,658.5,0.00769,0.00658,0.01772,1.15726,0.00345,100,whatsapp
1082,280.01095,628.0,802.0,586.0,0.00746,0.00555,0.01859,1.2189,0.00296,100,whatsapp
1044,263.06535,672.5,767.25,630.5,0.0069,0.00505,0.01617,1.26866,0.00318,100,whatsapp
962,297.99045,670.0,828.5,628.0,0.00547,0.00257,0.00985,1.09876,0.00404,100,whatsapp
975,281.2053,686.0,852.75,644.0,0.00605,0.00374,0.01367,1.14519,0.00364,100,whatsapp
1069,299.2791,759.0,847.0,717.0,0.00575,0.00516,0.01371,1.11691,0.00274,100,whatsapp
1063,291.63667,745.5,855.0,703.5,0.00557,0.00599,0.01358,1.16484,0.00205,100,whatsapp
1068,275.42514,755.5,864.0,713.5,0.00478,0.0033,0.01159,1.08039,0.00318,100,whatsapp
1073,305.84324,673.5,859.0,631.5,0.00622,0.00404,0.01625,1.36483,0.00226,100,whatsapp
990,278.16534,772.0,904.0,730.0,0.00691,0.0042,0.01888,1.34193,0.00213,100,whatsapp
1041,336.68145,737.5,913.0,695.5,0.00506,0.0038,0.01236,1.2633,0.00202,100,whatsapp
1014,300.0007,819.0,884.5,777.0,0.00736,0.00612,0.01599,1.33645,0.00247,100,whatsapp
981,311.19237,809.0,904.5,767.0,0.00597,0.00327,0.01274,1.25197,0.00306,100,whatsapp
984,275.39984,792.0,853.5,750.0,0.00812,0.00665,0.01708,1.27031,0.00309,100,whatsapp
1060,308.4822,796.5,961.25,754.5,0.00664,0.00364,0.01083,1.4954,0.00243,100,whatsapp
1020,327.06601,816.0,929.25,774.0,0.00736,0.00328,0.01835,1.37015,0.00253,100,whatsapp
1075,310.43586,790.5,926.25,748.5,0.00728,0.00423,0.02039,1.38527,0.00221,100,whatsapp
1029,338.16815,767.0,925.0,725.0,0.00603,0.00422,0.01481,1.29656,0.00208,100,whatsapp
1037,311.71299,854.5,929.5,812.5,0.00614,0.005,0.01362,1.24004,0.00221,100,whatsapp
1080,311.52349,731.5,888.0,689.5,0.00656,0.00488,0.01594,1.34623,0.00214,100,whatsapp
1006,264.34818,841.0,949.25,799.0,0.00794,0.00538,0.01983,1.47654,0.00181,100,whatsapp
1003,284.85326,749.0,889.5,707.0,0.00739,0.00731,0.01656,1.41558,0.00142,100,whatsapp
1018,239.24604,811.0,916.0,769.0,0.00815,0.00861,0.02115,1.46011,0.00067,100,whatsapp
1028,302.8488,846.0,958.0,804.0,0.00821,0.00654,0.0183,1.49304,0.00138,100,whatsapp
1070,290.27765,790.5,969.25,748.5,0.00778,0.00559,0.02036,1.33338,0.00235,100,whatsapp
1035,308.26585,821.0,942.0,779.0,0.0062,0.00555,0.01298,1.32725,0.00206,100,whatsapp
1000,305.02349,800.0,910.0,758.0,0.00635,0.00364,0.01732,1.47193,0.002,100,whatsapp
1002,314.37753,704.0,879.25,662.0,0.00594,0.0043,0.01512,1.37449,0.0021,100,whatsapp
1048,351.80898,837.5,935.5,795.5,0.00633,0.00375,0.01344,1.32695,0.00251,100,whatsapp
1020,338.24514,788.0,911.75,746.0,0.00574,0.0039,0.01318,1.1537,0.00267,100,whatsapp
1059,258.60401,820.5,907.0,778.5,0.00604,0.00476,0.01465,1.12202,0.00312,100,whatsapp
1015,318.44163,729.0,852.5,687.0,0.00566,0.00381,0.0141,1.20482,0.00307,100,whatsapp
1019,329.5845,801.0,952.0,759.0,0.00683,0.00424,0.01916,1.33022,0.00236,100,whatsapp
1027,322.81455,802.0,934.0,760.0,0.00633,0.00414,0.01438,1.34982,0.0022,100,whatsapp
1020,326.29757,877.5,936.25,835.5,0.00609,0.00344,0.01012,1.28245,0.00313,100,whatsapp
1021,325.7284,808.0,928.0,766.0,0.00666,0.00411,0.01762,1.32137,0.00216,100,whatsapp
1050,350.8973,868.5,941.0,826.5,0.00689,0.00466,0.01684,1.45396,0.00177,100,whatsapp
1026,310.05391,836.5,1012.0,794.5,0.00537,0.00451,0.01317,1.50421,0.0009,100,whatsapp
1022,312.04786,718.0,972.0,676.0,0.00555,0.00406,0.01263,1.26801,0.00233,100,whatsapp
991,282.86956,790.0,827.5,748.0,0.00445,0.00402,0.01137,1.18954,0.00208,100,whatsapp
1063,302.94036,777.5,845.0,735.5,0.00533,0.00345,0.0131,1.47581,0.00158,100,whatsapp
956,247.90606,796.0,835.25,754.0,0.00562,0.00353,0.01314,1.39755,0.00207,100,whatsapp
975,235.55837,785.0,837.5,743.0,0.00517,0.00421,0.01212,1.22256,0.00215,100,whatsapp
1090,289.84087,775.5,892.75,733.5,0.00539,0.00439,0.01544,1.24005,0.00212,100,whatsapp
1079,299.84975,797.0,863.0,755.0,0.00439,0.00361,0.0104,1.14555,0.00218,100,whatsapp
973,274.85884,754.0,796.0,712.0,0.00514,0.00441,0.01175,1.46665,0.00119,100,whatsapp
1066,277.9593,770.0,833.0,728.0,0.00736,0.00349,0.01555,1.8527,0.00054,100,whatsapp
1024,261.45666,801.0,857.5,759.0,0.00592,0.00492,0.01656,1.43335,0.00133,100,whatsapp
1086,289.8125,781.0,882.5,739.0,0.0062,0.00259,0.01501,1.83309,0.00106,100,whatsapp
1059,270.4475,767.0,903.0,725.0,0.00587,0.00379,0.01069,1.71153,0.00108,100,whatsapp
1057,309.53032,783.5,879.0,741.5,0.00738,0.00661,0.0197,1.48401,0.00109,100,whatsapp
1051,322.95314,784.5,898.75,742.5,0.00695,0.00505,0.01886,1.4947,0.00124,100,whatsapp
1071,317.49534,748.0,948.25,706.0,0.00738,0.00613,0.01672,1.45044,0.00137,100,whatsapp
1022,331.47401,861.0,947.0,819.0,0.00847,0.0087,0.01895,1.52275,0.00095,100,whatsapp
1078,297.02578,904.5,966.25,862.5,0.00901,0.00834,0.02307,1.64324,0.00103,100,whatsapp
1041,294.82187,853.5,951.0,811.5,0.00718,0.00637,0.01835,1.3345,0.00213,100,whatsapp
1090,311.77962,728.0,909.25,686.0,0.00796,0.00579,0.01917,1.64959,0.00088,100,whatsapp
1026,330.19311,862.0,959.75,820.0,0.00717,0.0056,0.01826,1.39591,0.00172,100,whatsapp
1076,297.48991,757.0,945.0,715.0,0.00822,0.00951,0.02192,1.62198,0.00026,100,whatsapp
1055,336.22495,726.5,914.0,684.5,0.0061,0.00338,0.01504,1.56948,0.00132,100,whatsapp
1025,325.87901,762.0,944.75,720.0,0.0065,0.00577,0.01432,1.33053,0.00217,100,whatsapp
1004,314.30346,763.0,931.25,721.0,0.00606,0.00432,0.01521,1.30779,0.00204,100,whatsapp
1006,319.13269,776.5,945.25,734.5,0.00548,0.00506,0.01338,1.12055,0.00234,100,whatsapp
1035,312.50865,762.0,909.0,720.0,0.00598,0.00504,0.01229,1.18861,0.00244,100,whatsapp
1081,335.66925,870.0,955.0,828.0,0.00617,0.00515,0.01494,1.14803,0.00257,100,whatsapp
1079,329.21046,858.0,944.0,816.0,0.00646,0.00429,0.01831,1.25787,0.00228,100,whatsapp
1045,305.41837,893.5,977.0,851.5,0.00659,0.00655,0.01764,1.14884,0.00224,100,whatsapp
1021,273.66461,853.5,911.25,811.5,0.00692,0.00691,0.01872,1.23238,0.00237,100,whatsapp
1008,301.22815,815.0,903.0,773.0,0.00653,0.00722,0.01695,1.13416,0.00224,100,whatsapp
1077,343.37008,808.5,912.0,766.5,0.0049,0.00449,0.01081,1.04588,0.0029,100,whatsapp
1014,319.61893,875.0,956.75,833.0,0.006,0.00515,0.01247,1.11401,0.00328,100,whatsapp
1011,334.39537,820.0,963.0,778.0,0.00743,0.00871,0.02002,1.36346,0.00137,100,whatsapp
1053,342.82161,849.5,959.0,807.5,0.00671,0.00556,0.01595,1.50743,0.00108,100,whatsapp
1060,324.14455,832.0,951.25,790.0,0.00634,0.00638,0.01682,1.19006,0.00229,100,whatsapp
1080,341.57872,824.5,948.5,782.5,0.00638,0.00398,0.01795,1.28777,0.0024,100,whatsapp
1009,298.66833,801.5,900.5,759.5,0.00624,0.00532,0.01586,1.23818,0.00213,100,whatsapp
1053,317.32827,770.0,932.0,728.0,0.00681,0.00513,0.01847,1.26253,0.00247,100,whatsapp
1050,319.92808,878.5,963.25,836.5,0.00567,0.00532,0.01223,1.07102,0.00309,100,whatsapp
1062,306.73894,781.5,942.0,739.5,0.00591,0.0042,0.01414,1.11833,0.00325,100,whatsapp
1013,350.65145,810.0,948.0,768.0,0.00534,0.00405,0.0113,1.06172,0.00336,100,whatsapp
1010,299.58293,883.0,953.25,841.0,0.00671,0.00528,0.01656,1.22983,0.00237,100,whatsapp
1058,308.08137,898.5,976.0,856.5,0.00679,0.00801,0.01619,1.16981,0.0025,100,whatsapp
1073,296.99002,830.5,940.0,788.5,0.00639,0.00454,0.01842,1.18641,0.00269,100,whatsapp
1064,313.74424,809.5,899.0,767.5,0.0053,0.00428,0.01253,1.177,0.00261,100,whatsapp
1056,334.42345,786.0,911.5,744.0,0.00598,0.00481,0.01516,1.13815,0.00254,100,whatsapp
1039,318.26269,755.0,876.75,713.0,0.00523,0.00416,0.01138,1.10355,0.00336,100,whatsapp
1046,357.13775,817.5,932.0,775.5,0.00546,0.00397,0.01418,1.19726,0.00235,100,whatsapp
1078,314.11281,876.5,930.25,834.5,0.00562,0.0043,0.01378,1.07516,0.00314,100,whatsapp
1035,322.60209,810.0,946.75,768.0,0.0069,0.00475,0.02072,1.2862,0.0026,100,whatsapp
1073,317.58011,796.0,927.0,754.0,0.0052,0.00522,0.01268,0.99019,0.00319,100,whatsapp
1041,331.39818,876.0,960.0,834.0,0.00531,0.00565,0.01447,1.12663,0.00236,100,whatsapp
991,327.80883,783.0,929.0,741.0,0.00552,0.00433,0.01418,1.3119,0.00213,100,whatsapp
1040,328.57435,731.0,908.25,689.0,0.0062,0.00519,0.017,1.26256,0.0022,100,whatsapp
1015,320.98857,856.5,959.0,814.5,0.0062,0.00615,0.01584,1.15995,0.00253,100,whatsapp
1012,360.22944,841.0,962.25,799.0,0.00629,0.00498,0.01705,1.24324,0.00222,100,whatsapp
1028,341.08498,881.0,961.0,839.0,0.00514,0.00496,0.01329,1.13479,0.00233,100,whatsapp
1026,326.65676,829.0,960.0,787.0,0.00635,0.00505,0.01491,1.1608,0.00333,100,whatsapp
1021,322.49153,853.0,941.0,811.0,0.00606,0.00687,0.01461,1.15279,0.00234,100,whatsapp
1066,313.79941,822.0,937.0,780.0,0.00631,0.00404,0.01786,1.23371,0.00279,100,whatsapp
1066,320.02244,833.5,949.25,791.5,0.00602,0.00448,0.01349,1.2067,0.00288,100,whatsapp
1068,314.77382,811.0,921.0,769.0,0.00702,0.00533,0.02077,1.32033,0.00227,100,whatsapp
1056,342.90927,837.0,967.25,795.0,0.00738,0.00778,0.01628,1.32683,0.00223,100,whatsapp
1015,327.61903,872.0,957.25,830.0,0.00724,0.00607,0.01955,1.2378,0.00276,100,whatsapp
1065,300.50706,861.5,970.0,819.5,0.00551,0.00314,0.01495,1.43198,0.00175,100,whatsapp
1040,337.17912,859.5,950.5,817.5,0.00667,0.00589,0.01566,1.20086,0.00253,100,whatsapp
1018,317.62002,844.5,955.0,802.5,0.00677,0.00455,0.01748,1.30269,0.00234,100,whatsapp
1071,317.71443,822.0,981.0,780.0,0.00568,0.00517,0.01142,1.17393,0.00284,100,whatsapp
1016,325.03152,760.5,881.75,718.5,0.00604,0.00518,0.01421,1.31663,0.0022,100,whatsapp
1033,325.75895,753.0,933.75,711.0,0.00667,0.00508,0.01803,1.28328,0.00215,100,whatsapp
1026,316.6159,832.5,946.0,790.5,0.00682,0.0042,0.02053,1.22869,0.00309,100,whatsapp
1052,348.80003,827.5,898.0,785.5,0.0059,0.00685,0.01425,1.29883,0.00169,100,whatsapp
1032,318.24302,748.0,894.0,706.0,0.00669,0.00619,0.01547,1.4513,0.00056,100,whatsapp
1045,347.5447,798.0,963.0,756.0,0.00718,0.00712,0.0188,1.51858,0.00076,100,whatsapp
1017,341.34465,788.5,931.75,746.5,0.00729,0.0054,0.01752,1.64905,0.00105,100,whatsapp
1065,332.38818,824.5,944.25,782.5,0.00713,0.00819,0.01843,1.39737,0.00111,100,whatsapp
1031,328.81195,772.0,888.0,730.0,0.00608,0.00516,0.01667,1.27999,0.00217,100,whatsapp
1041,303.50004,808.0,919.75,766.0,0.00661,0.00552,0.01775,1.2299,0.00213,100,whatsapp
1017,300.42637,810.0,933.25,768.0,0.00632,0.00529,0.01589,1.11795,0.003,100,whatsapp
1026,313.21275,777.0,889.0,735.0,0.00592,0.00448,0.01423,1.2457,0.00289,100,whatsapp
1011,324.39869,764.5,884.75,722.5,0.00522,0.0056,0.01274,1.15927,0.0018,100,whatsapp
1026,325.27181,804.0,937.75,762.0,0.00533,0.00362,0.0131,1.23069,0.00235,100,whatsapp
1021,354.86476,751.5,929.25,709.5,0.00605,0.00562,0.01506,1.18916,0.00253,100,whatsapp
1024,303.95785,813.5,941.0,771.5,0.00566,0.00604,0.01405,1.10281,0.00292,100,whatsapp
1043,313.98526,788.0,881.0,746.0,0.00584,0.00448,0.01532,1.15346,0.003,100,whatsapp
1032,323.97879,789.0,919.25,747.0,0.00592,0.00575,0.01476,1.261,0.00195,100,whatsapp
1073,340.45408,768.5,904.25,726.5,0.00636,0.00459,0.01534,1.25868,0.00274,100,whatsapp
1022,339.4,845.0,979.0,803.0,0.00574,0.00404,0.01446,1.22195,0.00275,100,whatsapp
1027,333.28561,735.5,936.5,693.5,0.00633,0.0048,0.01669,1.36407,0.00212,100,whatsapp
1018,344.57589,788.5,920.0,746.5,0.00554,0.00482,0.01296,1.23243,0.00229,100,whatsapp
1012,338.09307,797.0,932.5,755.0,0.00558,0.00581,0.01254,1.18899,0.00208,100,whatsapp
1042,344.1579,777.0,954.0,735.0,0.00544,0.00534,0.01385,1.22082,0.00199,100,whatsapp
1068,331.59754,786.0,934.25,744.0,0.00571,0.00414,0.0111,1.19896,0.00287,100,whatsapp
1042,310.57689,761.0,858.25,719.0,0.00627,0.00516,0.01595,1.31984,0.00205,100,whatsapp
1023,327.4169,753.0,929.5,711.0,0.00641,0.0048,0.01459,1.35896,0.00208,100,whatsapp
1042,320.37776,756.5,918.0,714.5,0.0062,0.0049,0.01378,1.31518,0.00188,100,whatsapp
1075,322.3523,862.5,922.0,820.5,0.00648,0.00693,0.01756,1.18518,0.0022,100,whatsapp
1021,343.20712,850.5,966.25,808.5,0.00592,0.00586,0.01468,1.20727,0.00216,100,whatsapp
1050,319.85686,894.0,945.5,852.0,0.00615,0.00424,0.01847,1.36528,0.00197,100,whatsapp
1063,323.85025,759.5,947.5,717.5,0.00695,0.00534,0.01759,1.26491,0.00237,100,whatsapp
1013,348.17118,834.5,952.0,792.5,0.00601,0.00502,0.01529,1.25602,0.00202,100,whatsapp
1054,348.8789,801.0,927.25,759.0,0.0061,0.00436,0.01522,1.31992,0.00204,100,whatsapp
1027,340.71012,818.0,953.25,776.0,0.00701,0.00596,0.01587,1.47482,0.00074,100,whatsapp
1032,345.28171,818.0,943.25,776.0,0.00768,0.00434,0.02425,1.78441,0.00032,100,whatsapp
1005,329.06317,723.0,932.0,681.0,0.00667,0.00634,0.01498,1.38167,0.0011,100,whatsapp
1020,328.5042,762.0,942.0,720.0,0.00638,0.00556,0.01702,1.33767,0.00182,100,whatsapp
1073,334.28811,810.5,940.0,768.5,0.00649,0.00649,0.01886,1.32386,0.0019,100,whatsapp
1044,304.68053,855.0,947.25,813.0,0.00585,0.00475,0.01498,1.20993,0.00264,100,whatsapp
1016,333.48775,790.5,941.5,748.5,0.00651,0.00485,0.01663,1.36089,0.00226,100,whatsapp
1047,328.66391,868.5,941.25,826.5,0.00612,0.0058,0.01403,1.15564,0.00251,100,whatsapp
1022,299.52683,795.0,922.25,753.0,0.00602,0.00495,0.01511,1.19308,0.00233,100,whatsapp
1044,320.4853,782.0,903.0,740.0,0.0046,0.00338,0.01006,1.04216,0.00293,100,whatsapp
1031,331.1202,812.0,948.0,770.0,0.00644,0.00564,0.01689,1.19515,0.00235,100,whatsapp
1081,317.74115,845.0,937.25,803.0,0.00624,0.00621,0.01729,1.08917,0.00318,100,whatsapp
1032,335.11968,879.0,966.25,837.0,0.00658,0.00497,0.01388,1.34991,0.00194,100,whatsapp
1040,338.33672,737.5,878.0,695.5,0.00627,0.00404,0.01312,1.58462,0.00136,100,whatsapp
1072,346.69307,745.0,901.0,703.0,0.00579,0.00421,0.01432,1.27651,0.00194,100,whatsapp
1054,343.2267,787.5,944.25,745.5,0.00711,0.00518,0.01857,1.54278,0.00125,100,whatsapp
1079,344.22897,773.0,918.5,731.0,0.00675,0.00505,0.01687,1.49387,0.00094,100,whatsapp
1025,327.38527,783.0,924.25,741.0,0.0083,0.00767,0.02127,1.59925,0.0,100,whatsapp
1069,372.10981,841.0,973.25,799.0,0.00514,0.00456,0.01143,1.32759,0.00175,100,whatsapp
1030,322.71383,781.5,923.0,739.5,0.00639,0.00408,0.01698,1.23261,0.00282,100,whatsapp
1041,321.20803,823.0,922.0,781.0,0.00568,0.00361,0.01337,1.10804,0.00338,100,whatsapp
1079,308.35152,808.0,938.5,766.0,0.00713,0.00495,0.01778,1.38714,0.00205,100,whatsapp
1032,319.87622,781.5,908.25,739.5,0.00525,0.00386,0.01282,1.21096,0.00212,100,whatsapp
1030,346.55558,727.5,948.0,685.5,0.00538,0.00467,0.01488,1.13719,0.00249,100,whatsapp
1029,336.131,826.5,938.0,784.5,0.00595,0.00426,0.01502,1.35124,0.00184,100,whatsapp
1019,304.59567,747.0,855.5,705.0,0.00561,0.00341,0.01447,1.13765,0.00293,100,whatsapp
1008,305.83373,813.0,932.25,771.0,0.00583,0.00487,0.01442,1.17045,0.00271,100,whatsapp
1002,347.46254,783.0,918.0,741.0,0.00564,0.00427,0.01516,1.161,0.00273,100,whatsapp
1032,328.56474,825.0,931.0,783.0,0.00522,0.00421,0.01305,1.04808,0.00285,100,whatsapp
1018,342.87948,864.5,954.25,822.5,0.00552,0.0043,0.01136,1.16208,0.00268,100,whatsapp
1022,316.48989,844.0,923.0,802.0,0.0067,0.00741,0.01431,1.26122,0.00179,100,whatsapp
1070,313.42048,774.5,917.25,732.5,0.00571,0.00293,0.01255,1.33848,0.00234,100,whatsapp
1027,335.33945,840.5,940.5,798.5,0.00563,0.00585,0.01489,1.10598,0.00236,100,whatsapp
1034,316.05657,834.5,935.25,792.5,0.00558,0.00382,0.01398,1.2253,0.00234,100,whatsapp
1027,324.98551,819.5,938.0,777.5,0.00625,0.00446,0.01667,1.28138,0.0022,100,whatsapp
1039,291.71137,819.0,875.75,777.0,0.0054,0.00488,0.01297,1.13892,0.00286,100,whatsapp
1073,292.88175,789.0,868.0,747.0,0.00539,0.00415,0.01436,1.09903,0.00311,100,whatsapp
973,294.24021,737.5,836.75,695.5,0.00648,0.00459,0.01459,1.44244,0.00221,100,whatsapp
1027,329.53501,790.0,839.0,748.0,0.00546,0.00427,0.01518,1.24892,0.00213,100,whatsapp
1019,329.68972,775.5,866.25,733.5,0.00487,0.00378,0.0122,1.11655,0.00247,100,whatsapp
1034,339.61717,739.5,937.0,697.5,0.00617,0.00427,0.01764,1.32934,0.0021,100,whatsapp
996,334.95574,804.5,917.5,762.5,0.00549,0.00464,0.01427,1.1668,0.00253,100,whatsapp
1001,324.23456,809.5,928.25,767.5,0.00526,0.00488,0.01346,1.10674,0.00222,100,whatsapp
1073,318.29541,750.0,940.25,708.0,0.00586,0.00523,0.01511,1.15746,0.0026,100,whatsapp
1032,318.00024,861.0,963.0,819.0,0.00547,0.0051,0.01438,1.08781,0.00263,100,whatsapp
1054,333.25407,765.0,908.25,723.0,0.0066,0.00535,0.01534,1.30813,0.00208,100,whatsapp
1061,340.4723,834.5,926.75,792.5,0.00538,0.00412,0.0134,1.02528,0.00334,100,whatsapp
1041,322.79109,795.5,939.25,753.5,0.00506,0.004,0.01172,1.08118,0.00308,100,whatsapp
1057,344.9461,807.5,943.0,765.5,0.00503,0.00465,0.01228,1.19005,0.00203,100,whatsapp
1056,344.89174,818.5,911.0,776.5,0.00552,0.00424,0.01263,1.1825,0.00258,100,whatsapp
1019,328.22161,806.0,916.0,764.0,0.00526,0.00526,0.01399,1.1051,0.0024,100,whatsapp
1074,330.10731,781.5,873.0,739.5,0.00678,0.00565,0.01676,1.36039,0.00202,100,whatsapp
1020,327.15611,845.5,938.25,803.5,0.00718,0.00424,0.01643,1.37783,0.00235,100,whatsapp
1076,319.30717,850.5,938.25,808.5,0.00674,0.00503,0.01874,1.59745,0.00058,100,whatsapp
1010,300.87256,766.5,894.0,724.5,0.00596,0.00516,0.01491,1.41752,0.00118,100,whatsapp
959,286.13935,818.0,867.0,776.0,0.00647,0.00404,0.01656,1.70071,0.00031,100,whatsapp
1020,328.69698,811.0,894.0,769.0,0.00661,0.00336,0.01521,1.84693,0.00059,100,whatsapp
959,273.41995,798.0,830.0,756.0,0.00698,0.00382,0.01537,1.81314,0.00058,100,whatsapp
1014,267.84885,773.0,810.5,731.0,0.00648,0.00535,0.01473,1.44545,0.00126,100,whatsapp
966,296.7047,772.0,812.25,730.0,0.0056,0.0028,0.01375,1.78454,0.00112,100,whatsapp
977,266.04632,764.0,791.0,722.0,0.00611,0.00286,0.01556,1.6584,0.0005,100,whatsapp
1083,238.48429,779.5,869.0,737.5,0.00672,0.00506,0.01439,1.46371,0.00141,100,whatsapp
1067,231.68355,778.0,814.25,736.0,0.00564,0.00415,0.01497,1.45725,0.0012,100,whatsapp
1036,222.11731,788.0,841.5,746.0,0.00866,0.00325,0.02627,1.96629,0.00017,100,whatsapp
1086,247.7755,798.0,849.0,756.0,0.00597,0.00333,0.01497,1.63586,0.00105,100,whatsapp
1079,227.85544,780.0,835.0,738.0,0.00689,0.00571,0.01541,1.53105,0.00112,100,whatsapp
1075,242.78168,768.0,854.0,726.0,0.00678,0.00397,0.01774,1.60803,0.00033,100,whatsapp
1047,229.68988,758.5,803.0,716.5,0.01672,0.00613,0.01503,2.97404,0.00097,100,whatsapp
1042,263.91805,790.0,829.0,748.0,0.00538,0.00447,0.01401,1.28748,0.00179,100,whatsapp
1054,269.52417,741.0,781.5,699.0,0.00493,0.00392,0.01144,1.54731,0.00105,100,whatsapp
1079,272.20562,744.0,776.5,702.0,0.00451,0.00308,0.01062,1.32936,0.00176,100,whatsapp
1069,272.58617,738.0,791.25,696.0,0.0043,0.00357,0.01002,1.27639,0.00142,100,whatsapp
1072,252.33764,744.5,820.25,702.5,0.00532,0.00438,0.01543,1.47319,0.00109,100,whatsapp
1057,261.652,738.0,762.25,696.0,0.00409,0.00365,0.009,1.13896,0.00218,100,whatsapp
926,263.50302,745.5,780.5,703.5,0.0052,0.00311,0.01262,1.43575,0.00149,100,whatsapp
1028,283.21195,751.5,847.75,709.5,0.00568,0.00466,0.01358,1.42616,0.00159,100,whatsapp
995,252.55215,778.0,831.5,736.0,0.0056,0.00403,0.01222,1.35099,0.00199,100,whatsapp
1073,310.88429,813.0,918.25,771.0,0.00514,0.00409,0.0145,1.27301,0.00205,100,whatsapp
1085,324.42028,801.5,886.0,759.5,0.00523,0.00333,0.01352,1.28871,0.00218,100,whatsapp
1072,283.03693,821.0,946.25,779.0,0.00646,0.00309,0.01634,1.48173,0.00224,100,whatsapp
1076,310.76318,791.5,940.0,749.5,0.00474,0.00484,0.01056,1.14721,0.0022,100,whatsapp
1084,302.78262,832.0,920.0,790.0,0.00499,0.00415,0.01074,1.21376,0.00219,100,whatsapp
1018,289.47081,766.0,838.25,724.0,0.00448,0.00398,0.0088,1.21636,0.002,100,whatsapp
1028,304.4323,760.5,928.75,718.5,0.00528,0.00272,0.01355,1.32907,0.00185,100,whatsapp
1035,330.19662,766.5,917.75,724.5,0.00417,0.00369,0.0096,1.2108,0.00201,100,whatsapp
1058,307.63814,835.0,898.0,793.0,0.00539,0.00385,0.0114,1.28235,0.00235,100,whatsapp
1028,295.71992,814.0,876.0,772.0,0.0063,0.00447,0.01191,1.55464,0.00142,100,whatsapp
1020,292.39584,808.5,907.0,766.5,0.00642,0.00455,0.01394,1.42885,0.00211,100,whatsapp
996,278.65547,816.0,913.0,774.0,0.0053,0.00408,0.01387,1.27729,0.0022,100,whatsapp
1050,299.26351,767.0,901.5,725.0,0.0062,0.00476,0.01225,1.5709,0.00108,100,whatsapp
1022,289.28448,863.0,934.25,821.0,0.00752,0.00446,0.02221,1.53195,0.00151,100,whatsapp
1056,331.8436,846.5,940.75,804.5,0.0066,0.00374,0.02037,1.37009,0.00278,100,whatsapp
1026,327.07604,810.0,931.0,768.0,0.00646,0.00439,0.01353,1.47485,0.00203,100,whatsapp
1066,317.92551,801.0,936.25,759.0,0.00693,0.00528,0.0166,1.60384,0.00105,100,whatsapp
1010,314.30832,775.5,852.0,733.5,0.00775,0.00667,0.01535,1.52831,0.00102,100,whatsapp
1055,327.45115,747.5,905.0,705.5,0.00821,0.00668,0.02283,1.61048,0.00083,100,whatsapp
994,332.58445,696.0,916.0,654.0,0.00793,0.00618,0.01869,1.54479,0.00104,100,whatsapp
1030,313.02621,835.0,945.5,793.0,0.00685,0.00521,0.01511,1.54385,0.00102,100,whatsapp
1077,326.09169,863.5,915.75,821.5,0.00821,0.00527,0.01981,1.68568,0.00076,100,whatsapp
1082,328.01964,850.5,952.0,808.5,0.00725,0.00607,0.0151,1.50348,0.00125,100,whatsapp
1032,314.32709,742.0,908.0,700.0,0.00893,0.00431,0.02528,1.97173,0.00028,100,whatsapp
1052,330.56629,743.0,935.0,701.0,0.00736,0.00508,0.01618,1.81478,0.00029,100,whatsapp
1046,294.40738,837.0,940.0,795.0,0.00727,0.00474,0.01577,1.7614,0.00026,100,whatsapp
1020,277.92814,817.0,866.5,775.0,0.00742,0.00293,0.01692,2.19229,0.00022,100,whatsapp
1006,262.46106,861.5,908.5,819.5,0.00784,0.00488,0.01567,2.08557,0.00034,100,whatsapp
1017,269.57635,858.0,904.25,816.0,0.00739,0.004,0.01562,1.96267,0.00029,100,whatsapp
997,303.77953,864.5,900.75,822.5,0.00618,0.00528,0.01526,1.63619,0.00057,100,whatsapp
1025,337.25753,872.0,959.25,830.0,0.00659,0.0051,0.01741,1.5025,0.00129,100,whatsapp
1032,351.16702,941.0,995.0,899.0,0.00629,0.00425,0.01569,1.41196,0.00188,100,whatsapp
1049,294.16825,926.5,955.0,884.5,0.00624,0.00406,0.01746,1.32395,0.00233,100,whatsapp
1088,325.42278,968.0,1015.0,926.0,0.10645,0.0039,0.01423,7.46241,0.00136,100,whatsapp
1058,289.90516,882.0,945.0,840.0,0.00591,0.00539,0.01419,1.40822,0.00133,100,whatsapp
1045,273.54829,902.0,944.5,860.0,0.00544,0.0044,0.01446,1.44924,0.00148,100,whatsapp
1072,279.95447,923.5,955.5,881.5,0.00446,0.0054,0.01094,1.2449,0.00108,100,whatsapp
1091,317.47916,898.0,974.0,856.0,0.00575,0.00419,0.01249,1.46344,0.00187,100,whatsapp
1083,338.50882,902.0,987.25,860.0,0.00462,0.00271,0.00925,1.3896,0.00181,100,whatsapp
1052,329.43882,937.0,980.0,895.0,0.00472,0.00348,0.01056,1.37301,0.00177,100,whatsapp
990,307.39229,897.5,943.0,855.5,0.00517,0.00428,0.01374,1.4903,0.00109,100,whatsapp
1011,307.64493,904.5,959.5,862.5,0.00476,0.00352,0.01358,1.29406,0.00179,100,whatsapp
1011,302.43819,909.0,951.0,867.0,0.00579,0.00427,0.01067,1.63101,0.00102,100,whatsapp
1033,275.41694,930.0,1001.25,888.0,0.00629,0.00406,0.0153,1.47246,0.00205,100,whatsapp
1059,303.9523,857.5,969.0,815.5,0.0064,0.00373,0.01487,1.59108,0.00137,100,whatsapp
1003,237.98744,865.0,900.5,823.0,0.00456,0.00462,0.00985,1.20443,0.00165,100,whatsapp
1067,256.3238,885.5,934.5,843.5,0.00574,0.00414,0.01088,1.36968,0.00214,100,whatsapp
1089,296.99392,849.0,965.75,807.0,0.00624,0.00282,0.01622,1.80317,0.00053,100,whatsapp
1006,324.70476,819.0,879.0,777.0,0.00585,0.00424,0.01422,1.24367,0.00247,100,whatsapp
1022,299.88927,744.5,921.0,702.5,0.00727,0.0059,0.02016,1.22885,0.00235,100,whatsapp
1028,281.21292,838.0,931.25,796.0,0.01026,0.00762,0.0308,1.56736,0.00156,100,whatsapp
1074,311.50522,841.5,928.0,799.5,0.00648,0.00398,0.01414,1.50998,0.00197,100,whatsapp
1082,344.23124,828.5,958.25,786.5,0.00636,0.00565,0.01394,1.24743,0.00189,100,whatsapp
1025,309.27816,758.0,910.0,716.0,0.00764,0.00537,0.01845,1.44822,0.00181,100,whatsapp
1021,319.29376,852.0,950.0,810.0,0.00765,0.0045,0.02271,1.51669,0.00182,100,whatsapp
1030,299.81818,838.0,894.25,796.0,0.00816,0.00494,0.02397,1.47139,0.00211,100,whatsapp
997,277.40041,793.5,883.5,751.5,0.00644,0.00562,0.01522,1.36569,0.0019,100,whatsapp
1083,319.55379,889.5,934.25,847.5,0.0075,0.00745,0.02026,1.35702,0.00147,100,whatsapp
1050,303.53136,878.0,951.25,836.0,0.0075,0.00564,0.01828,1.44311,0.00229,100,whatsapp
1023,270.45393,872.5,953.25,830.5,0.00813,0.00637,0.02229,1.33511,0.00215,100,whatsapp
1011,247.8057,842.5,936.0,800.5,0.00704,0.00593,0.01685,1.28206,0.00225,100,whatsapp
1027,282.19309,834.0,956.25,792.0,0.00764,0.00543,0.01897,1.29703,0.00231,100,whatsapp
1056,306.43238,767.5,911.75,725.5,0.00642,0.00603,0.01675,1.26306,0.00179,100,whatsapp
1019,303.31127,757.0,923.75,715.0,0.00738,0.00492,0.01748,1.39439,0.00191,100,whatsapp
1024,313.50373,718.0,937.25,676.0,0.00658,0.0057,0.01539,1.27772,0.00225,100,whatsapp
1083,262.39972,808.0,937.25,766.0,0.00652,0.00637,0.01766,1.19088,0.0022,100,whatsapp
1063,277.69949,828.0,958.0,786.0,0.00759,0.00495,0.01763,1.34326,0.00247,100,whatsapp
1037,273.45262,804.0,946.0,762.0,0.00679,0.00753,0.0178,1.19905,0.00224,100,whatsapp
1017,304.63739,768.5,905.25,726.5,0.00626,0.00414,0.01335,1.35862,0.00212,100,whatsapp
1029,271.37371,818.5,955.25,776.5,0.00664,0.00482,0.01397,1.19652,0.00276,100,whatsapp
1030,280.81268,828.5,932.25,786.5,0.00811,0.00474,0.02423,1.51239,0.00187,100,whatsapp
1053,293.66959,780.0,907.0,738.0,0.00605,0.00501,0.01546,1.1966,0.00262,100,whatsapp
1068,337.73307,727.5,924.5,685.5,0.00501,0.00467,0.01203,1.13414,0.00262,100,whatsapp
1080,331.48103,768.5,897.75,726.5,0.00571,0.00495,0.01312,1.33013,0.00217,100,whatsapp
1057,306.06978,794.0,919.0,752.0,0.00629,0.00446,0.0144,1.2191,0.00297,100,whatsapp
1049,296.64351,864.0,943.25,822.0,0.00622,0.00353,0.01665,1.21752,0.00301,100,whatsapp
1020,312.38609,801.5,935.25,759.5,0.00623,0.00413,0.01621,1.25974,0.00276,100,whatsapp
1013,324.61023,886.5,943.0,844.5,0.00676,0.00495,0.01887,1.32814,0.00218,100,whatsapp
1023,303.83452,798.5,932.75,756.5,0.00654,0.00473,0.01853,1.3877,0.00193,100,whatsapp
1033,318.01366,855.5,950.25,813.5,0.00561,0.00389,0.01328,1.14089,0.003,100,whatsapp
1021,320.68622,839.0,937.0,797.0,0.0063,0.00611,0.01381,1.28167,0.00222,100,whatsapp
1016,319.55687,867.0,945.0,825.0,0.00667,0.00531,0.0162,1.30914,0.0021,100,whatsapp
1015,327.68766,862.0,954.0,820.0,0.0066,0.00537,0.01677,1.32366,0.00199,100,whatsapp
1034,323.23513,751.0,914.5,709.0,0.00571,0.00502,0.01284,1.26844,0.00217,100,whatsapp
1027,332.20421,882.0,960.25,840.0,0.00665,0.00655,0.01718,1.28354,0.0021,100,whatsapp
1041,313.80637,763.0,935.25,721.0,0.00611,0.00642,0.0163,1.18843,0.00248,100,whatsapp
1027,325.07734,782.0,901.25,740.0,0.00639,0.00547,0.01986,1.36585,0.00142,100,whatsapp
1020,329.23909,800.5,932.25,758.5,0.00648,0.0056,0.01701,1.36075,0.00177,100,whatsapp
1074,329.73882,786.0,938.0,744.0,0.00641,0.00404,0.01862,1.36674,0.00218,100,whatsapp
1047,336.98378,863.0,970.5,821.0,0.00685,0.00638,0.0163,1.339,0.00182,100,whatsapp
1021,340.12962,902.0,973.0,860.0,0.00659,0.00458,0.0186,1.28511,0.00227,100,whatsapp
1019,350.7292,892.0,948.0,850.0,0.00691,0.00542,0.01496,1.32526,0.00217,100,whatsapp
1066,317.3842,846.0,939.5,804.0,0.00686,0.00427,0.01492,1.44066,0.00188,100,whatsapp
1079,339.40812,752.0,913.5,710.0,0.00662,0.00616,0.0158,1.37232,0.00136,100,whatsapp
1057,348.16563,715.0,922.5,673.0,0.00623,0.00663,0.01502,1.2279,0.00223,100,whatsapp
1013,335.96631,787.5,862.5,745.5,0.00557,0.00607,0.01388,1.18478,0.00212,100,whatsapp
1017,352.6418,738.5,959.0,696.5,0.00645,0.00529,0.01538,1.25502,0.00228,100,whatsapp
1014,325.09351,785.5,932.25,743.5,0.00556,0.00542,0.01358,1.13431,0.00237,100,whatsapp
1044,350.7309,767.0,932.0,725.0,0.00619,0.00406,0.01499,1.2654,0.00226,100,whatsapp
1010,342.25549,762.0,942.0,720.0,0.00551,0.00377,0.01291,1.06548,0.00339,100,whatsapp
1066,333.29102,828.0,955.25,786.0,0.00612,0.00425,0.01458,1.176,0.00321,100,whatsapp
1080,333.8282,826.0,961.25,784.0,0.00565,0.00603,0.01579,1.17691,0.00218,100,whatsapp
1016,330.59568,756.0,949.0,714.0,0.00463,0.00371,0.01133,1.03096,0.0032,100,whatsapp
1050,340.09543,800.0,894.0,758.0,0.00576,0.00432,0.01348,1.26645,0.00225,100,whatsapp
978,325.17585,765.0,893.75,723.0,0.00536,0.0048,0.01073,1.15061,0.00286,100,whatsapp
1034,345.57012,829.0,960.0,787.0,0.00598,0.00635,0.01302,1.2534,0.00204,100,whatsapp
1040,322.56962,762.0,927.25,720.0,0.00603,0.00423,0.01567,1.26604,0.00236,100,whatsapp
1023,336.4254,833.5,954.25,791.5,0.00664,0.00459,0.01841,1.28144,0.00274,100,whatsapp
1019,336.46769,814.5,932.0,772.5,0.00601,0.00529,0.01579,1.25339,0.00224,100,whatsapp
1042,316.37773,851.0,947.25,809.0,0.00613,0.00516,0.01461,1.23134,0.00239,100,whatsapp
1058,323.43605,809.5,938.75,767.5,0.00609,0.00585,0.01393,1.24809,0.00231,100,whatsapp
1043,278.74068,833.0,937.5,791.0,0.00769,0.00657,0.01933,1.24483,0.00316,100,whatsapp
1063,304.70168,851.5,938.5,809.5,0.00712,0.00557,0.01504,1.54004,0.00111,100,whatsapp
1021,352.73008,811.5,962.0,769.5,0.00652,0.00418,0.01614,1.29903,0.00248,100,whatsapp
1084,299.95482,829.0,944.25,787.0,0.0067,0.00545,0.01617,1.25435,0.00241,100,whatsapp
1038,339.49019,856.5,932.5,814.5,0.00629,0.00564,0.01456,1.18193,0.00246,100,whatsapp
1027,323.9737,801.5,896.75,759.5,0.00706,0.00572,0.01594,1.18085,0.00315,100,whatsapp
978,322.36215,723.5,844.25,681.5,0.00458,0.00467,0.01092,1.34601,0.00141,100,whatsapp
1009,338.84047,761.0,939.0,719.0,0.00617,0.0054,0.01447,1.28652,0.00211,100,whatsapp
1011,296.65654,802.5,879.0,760.5,0.00741,0.00615,0.02236,1.40854,0.00181,100,whatsapp
1026,289.44276,786.0,908.0,744.0,0.0058,0.00437,0.01509,1.16337,0.00239,100,whatsapp
1061,319.08352,803.5,888.0,761.5,0.00728,0.00471,0.01652,1.67784,0.00121,100,whatsapp
1057,335.85167,739.5,898.25,697.5,0.00485,0.0056,0.01133,1.1118,0.00226,100,whatsapp
1050,351.31219,765.5,930.25,723.5,0.00534,0.00439,0.01243,1.22882,0.00212,100,whatsapp
1044,355.34221,753.0,907.5,711.0,0.00523,0.00425,0.01325,1.25835,0.00205,100,whatsapp
1055,321.11602,831.5,941.25,789.5,0.00654,0.00511,0.01464,1.29147,0.00226,100,whatsapp
1019,319.76862,771.0,935.0,729.0,0.00596,0.00505,0.01583,1.26989,0.00206,100,whatsapp
1003,308.86885,842.5,944.0,800.5,0.0077,0.00581,0.02253,1.32125,0.00253,100,whatsapp
1038,307.33428,715.0,905.25,673.0,0.00785,0.00461,0.02219,1.35339,0.00226,100,whatsapp
1071,360.0541,696.0,933.5,654.0,0.00725,0.00403,0.01319,1.66794,0.00171,100,whatsapp
1071,315.69728,845.0,888.75,803.0,0.00521,0.00418,0.01386,1.24912,0.00211,100,whatsapp
1011,317.15076,830.5,936.25,788.5,0.00694,0.00569,0.01694,1.37787,0.00196,100,whatsapp
1086,310.03161,810.5,856.25,768.5,0.0077,0.00854,0.01947,1.1482,0.00301,100,whatsapp
1009,277.95234,802.0,851.25,760.0,0.0085,0.00476,0.02188,1.29287,0.00322,100,whatsapp
1005,287.85936,868.0,937.0,826.0,0.00789,0.00768,0.02013,1.19111,0.00297,100,whatsapp
1059,314.76419,815.0,916.0,773.0,0.00776,0.00571,0.02026,1.41373,0.00177,100,whatsapp
1072,334.7081,775.0,925.0,733.0,0.00615,0.00584,0.01459,1.13778,0.00234,100,whatsapp
1077,307.46721,763.0,862.0,721.0,0.00671,0.00472,0.01776,1.35886,0.00191,100,whatsapp
1038,287.96827,809.0,931.25,767.0,0.00682,0.00481,0.01564,1.31875,0.00225,100,whatsapp
1081,290.76512,785.0,928.0,743.0,0.00738,0.00548,0.01802,1.40276,0.00199,100,whatsapp
1080,283.8146,781.5,865.0,739.5,0.00601,0.00691,0.01366,1.184,0.00238,100,whatsapp
1062,285.80572,791.0,860.25,749.0,0.00698,0.00537,0.01878,1.52536,0.00117,100,whatsapp
1054,257.29656,811.0,863.25,769.0,0.00708,0.00541,0.01748,1.41708,0.00158,100,whatsapp
1021,251.8155,870.0,933.0,828.0,0.00742,0.00493,0.02105,1.57342,0.0012,100,whatsapp
1019,257.04905,794.0,877.0,752.0,0.00805,0.00516,0.01653,1.65462,0.001,100,whatsapp
1014,263.73894,831.0,902.0,789.0,0.00766,0.00556,0.02092,1.67298,0.00092,100,whatsapp
996,259.08833,803.0,909.0,761.0,0.00853,0.00398,0.02264,1.76411,0.00078,100,whatsapp
1021,314.72631,883.0,957.5,841.0,0.00724,0.00511,0.01626,1.61301,0.00104,100,whatsapp
1040,305.64424,803.0,902.0,761.0,0.00627,0.00464,0.01841,1.43067,0.00128,100,whatsapp
1028,268.16897,807.5,903.5,765.5,0.00633,0.00425,0.01696,1.44561,0.0021,100,whatsapp
1024,288.87111,773.0,892.0,731.0,0.00656,0.00512,0.01877,1.49733,0.00117,100,whatsapp
1048,253.37012,791.0,901.0,749.0,0.0064,0.00549,0.01647,1.3725,0.002,100,whatsapp
1054,281.41964,887.0,957.5,845.0,0.00639,0.00551,0.0178,1.26964,0.00206,100,whatsapp
1052,256.97054,814.5,892.0,772.5,0.00649,0.00614,0.01699,1.28311,0.00216,100,whatsapp
1012,303.71614,765.0,908.0,723.0,0.00639,0.00326,0.01593,1.6283,0.00105,100,whatsapp
1066,294.59873,797.5,896.0,755.5,0.00581,0.00449,0.01635,1.40583,0.00181,100,whatsapp
1066,264.91225,783.0,946.25,741.0,0.00712,0.0062,0.02019,1.41351,0.00194,100,whatsapp
1010,292.82543,795.5,917.0,753.5,0.00762,0.00368,0.02026,1.74997,0.00125,100,whatsapp
997,265.0602,778.5,887.5,736.5,0.00628,0.00439,0.01775,1.46022,0.00128,100,whatsapp
1018,295.26539,799.0,909.5,757.0,0.0066,0.0039,0.01409,1.59835,0.00112,100,whatsapp
1074,309.31739,781.0,939.0,739.0,0.00614,0.00346,0.01478,1.33819,0.00222,100,whatsapp
1022,281.69151,811.0,919.0,769.0,0.00653,0.00414,0.01735,1.56381,0.00148,100,whatsapp
1080,326.97465,829.0,952.0,787.0,0.00725,0.00457,0.02202,1.60014,0.00127,100,whatsapp
1020,299.15828,784.0,960.25,742.0,0.00705,0.00472,0.02016,1.57242,0.00141,100,whatsapp
1020,303.23011,808.5,947.25,766.5,0.00698,0.00378,0.01777,1.56061,0.00194,100,whatsapp
1003,279.20861,778.0,909.5,736.0,0.00563,0.00456,0.01277,1.35078,0.00186,100,whatsapp
1022,306.72189,812.0,941.25,770.0,0.00702,0.005,0.01611,1.49171,0.00137,100,whatsapp
1079,281.12454,777.0,899.75,735.0,0.00625,0.00479,0.01732,1.33481,0.00185,100,whatsapp
1017,285.03815,781.0,944.25,739.0,0.00582,0.00293,0.01585,1.42172,0.00207,100,whatsapp
1014,289.00654,893.0,955.5,851.0,0.00787,0.00449,0.016,1.69497,0.00148,100,whatsapp
991,275.53959,841.5,914.0,799.5,0.0066,0.00277,0.01821,1.49497,0.00218,100,whatsapp
1077,262.01338,833.0,926.5,791.0,0.00746,0.00482,0.02248,1.66988,0.00106,100,whatsapp
1043,223.00533,819.0,876.25,777.0,0.00659,0.00444,0.01843,1.44988,0.00177,100,whatsapp
994,287.93088,813.5,882.0,771.5,0.00671,0.00482,0.0176,1.53504,0.0013,100,whatsapp
1017,260.87522,782.0,875.5,740.0,0.00622,0.00455,0.01594,1.44036,0.00161,100,whatsapp
1043,296.50422,856.0,933.0,814.0,0.00597,0.00402,0.016,1.31663,0.00218,100,whatsapp
1058,298.35189,854.0,925.5,812.0,0.00665,0.0057,0.01718,1.42122,0.00117,100,whatsapp
987,253.60312,811.0,879.0,769.0,0.00802,0.0056,0.02104,1.76276,8e-05,100,whatsapp
1016,251.86226,794.0,873.0,752.0,0.0079,0.01335,0.01789,1.32587,0.00114,100,whatsapp
1013,315.59249,864.5,941.25,822.5,0.00746,0.00516,0.01632,1.775,0.00021,100,whatsapp
1083,295.71954,840.0,942.0,798.0,0.00659,0.006,0.01857,1.58496,0.00025,100,whatsapp
1012,293.52575,806.0,930.0,764.0,0.00929,0.00911,0.02109,1.62724,7e-05,100,whatsapp
1078,324.49565,827.0,927.0,785.0,0.00712,0.00526,0.01595,1.53125,0.00108,100,whatsapp
988,314.52315,810.0,903.25,768.0,0.0057,0.00427,0.01571,1.53285,0.00053,100,whatsapp
1031,320.41544,873.5,958.25,831.5,0.00756,0.00438,0.01924,1.63096,0.00119,100,whatsapp
982,219.24208,804.0,911.0,762.0,0.00711,0.00551,0.01856,1.67244,0.00023,100,whatsapp
1005,284.1309,788.5,928.0,746.5,0.00644,0.0054,0.01525,1.53526,0.0007,100,whatsapp
1054,354.4441,868.0,942.25,826.0,0.00509,0.00473,0.01308,1.39598,0.0011,100,whatsapp
1040,306.7229,802.0,914.75,760.0,0.00743,0.00895,0.0187,1.41686,0.00044,100,whatsapp
1073,333.79846,918.0,970.5,876.0,0.00525,0.00366,0.01339,1.69133,0.00028,100,whatsapp
1082,316.21916,781.0,920.0,739.0,0.00656,0.00619,0.01559,1.5409,0.00024,100,whatsapp
1060,319.09954,770.0,950.5,728.0,0.00547,0.00352,0.01174,1.55666,0.00132,100,whatsapp
1063,296.98902,807.0,933.0,765.0,0.00672,0.00594,0.01791,1.65784,0.00018,100,whatsapp
1056,322.05477,809.0,891.0,767.0,0.00518,0.00492,0.01444,1.42315,0.00106,100,whatsapp
1038,306.90019,785.0,874.25,743.0,0.09366,0.00398,0.01892,7.15868,0.00108,100,whatsapp
1063,297.01925,882.0,964.0,840.0,0.00625,0.00599,0.01561,1.30085,0.0021,100,whatsapp
1062,293.79937,795.5,920.0,753.5,0.00465,0.00498,0.00893,1.13387,0.00197,100,whatsapp
1036,253.03062,807.5,853.0,765.5,0.00531,0.00422,0.01384,1.27352,0.00212,100,whatsapp
1084,294.8797,859.0,916.0,817.0,0.00588,0.00415,0.01235,1.35982,0.00214,100,whatsapp
1045,272.14158,806.0,911.0,764.0,0.00797,0.00456,0.01217,1.91784,0.00153,100,whatsapp
1082,272.50511,809.5,864.75,767.5,0.00583,0.00453,0.01858,1.38403,0.00204,100,whatsapp
1063,247.33212,822.0,873.5,780.0,0.00467,0.00434,0.01145,1.09501,0.00258,100,whatsapp
1054,239.91565,812.0,869.75,770.0,0.0063,0.00468,0.01622,1.3922,0.00175,100,whatsapp
1024,247.40582,807.0,921.0,765.0,0.00616,0.00488,0.01512,1.41634,0.00141,100,whatsapp
1079,288.74237,915.0,961.75,873.0,0.00615,0.00519,0.01694,1.26839,0.00225,100,whatsapp
1060,273.94217,869.5,925.0,827.5,0.00539,0.00517,0.01624,1.24397,0.00192,100,whatsapp
1082,276.98851,796.0,847.0,754.0,0.00544,0.00423,0.01073,1.31024,0.00199,100,whatsapp
1080,298.58876,788.0,916.5,746.0,0.00478,0.00394,0.01088,1.23269,0.00212,100,whatsapp
1073,282.68079,783.0,835.0,741.0,0.00454,0.00465,0.00945,1.09686,0.00215,100,whatsapp
1070,309.85489,825.0,878.5,783.0,0.00629,0.00448,0.01105,1.50906,0.00169,100,whatsapp
1076,295.39387,819.0,871.0,777.0,0.00646,0.0069,0.01526,1.39829,0.00095,100,whatsapp
1079,303.51464,879.0,985.5,837.0,0.0061,0.00408,0.01583,1.8593,9e-05,100,whatsapp
1077,285.04665,789.5,874.25,747.5,0.0082,0.00457,0.01654,1.81473,0.00089,100,whatsapp
1079,323.15779,783.0,982.75,741.0,0.00508,0.00287,0.01451,1.58853,0.00089,100,whatsapp
1066,305.21785,899.0,943.0,857.0,0.00607,0.00614,0.0159,1.50191,0.00023,100,whatsapp
1043,304.59029,813.0,935.0,771.0,0.00741,0.00579,0.01625,1.58887,0.00064,100,whatsapp
1048,297.90587,809.5,898.5,767.5,0.00744,0.00458,0.01667,1.72633,0.00073,100,whatsapp
1065,259.421,827.0,867.0,785.0,0.00754,0.00454,0.01822,1.6178,0.0008,100,whatsapp
1068,263.47202,820.5,860.0,778.5,0.00546,0.00518,0.01392,1.35847,0.00132,100,whatsapp
1032,265.04579,809.0,844.0,767.0,0.00638,0.005,0.01654,1.56176,0.00112,100,whatsapp
1052,268.71005,826.0,902.0,784.0,0.00689,0.00353,0.01513,1.6811,0.00154,100,whatsapp
1072,274.74207,797.0,830.5,755.0,0.00588,0.0042,0.01388,1.27751,0.00224,100,whatsapp
1055,276.79701,799.5,840.0,757.5,0.00627,0.00391,0.01384,1.66712,0.0011,100,whatsapp
1027,290.57887,807.0,913.75,765.0,0.00725,0.00187,0.01311,1.90116,0.00134,100,whatsapp
1058,277.5535,853.0,931.25,811.0,0.1513,0.00406,0.01675,7.5671,0.00244,100,whatsapp
1061,281.33118,827.0,877.5,785.0,0.00565,0.00517,0.01608,1.30872,0.00134,100,whatsapp
1083,292.72771,802.0,879.0,760.0,0.00432,0.00344,0.01068,1.1501,0.00223,100,whatsapp
1086,285.8351,822.0,878.0,780.0,0.00516,0.0039,0.01409,1.32115,0.00179,100,whatsapp
1086,265.47151,794.0,853.5,752.0,0.00528,0.00534,0.01299,1.25957,0.00136,100,whatsapp
1055,271.37927,806.5,865.25,764.5,0.00524,0.00422,0.01431,1.24165,0.00209,100,whatsapp
1071,314.28202,836.0,891.0,794.0,0.00479,0.00461,0.01131,1.23815,0.00192,100,whatsapp
1067,284.05914,812.0,850.0,770.0,0.0062,0.00457,0.01456,1.51863,0.00138,100,whatsapp
1076,241.47201,814.5,897.0,772.5,0.0063,0.00444,0.01271,1.40339,0.0021,100,whatsapp
1002,257.81265,799.0,839.0,757.0,0.00559,0.00387,0.01502,1.37501,0.00195,100,whatsapp
1051,286.82475,802.0,840.0,760.0,0.00561,0.00493,0.01409,1.37378,0.0013,100,whatsapp
1044,282.24083,801.0,842.0,759.0,0.00466,0.00414,0.01282,1.3077,0.0016,100,whatsapp
1031,266.43297,825.0,871.25,783.0,0.00452,0.00484,0.0104,1.14039,0.0023,100,whatsapp
1081,264.6962,830.0,892.0,788.0,0.0056,0.00428,0.01367,1.2418,0.00213,100,whatsapp
1077,254.01877,814.0,835.75,772.0,0.00554,0.00418,0.01116,1.22412,0.00279,100,whatsapp
1045,281.67679,832.0,865.0,790.0,0.00473,0.00446,0.01191,1.17833,0.00215,100,whatsapp
1067,254.13427,816.0,878.0,774.0,0.00539,0.00475,0.01436,1.21102,0.00236,100,whatsapp
1023,231.18982,836.0,866.0,794.0,0.00657,0.00408,0.01469,1.39889,0.00225,100,whatsapp
1076,276.16794,821.0,875.0,779.0,0.00539,0.00404,0.01234,1.43489,0.00162,100,whatsapp
1064,275.14542,822.0,861.25,780.0,0.00565,0.00522,0.01431,1.40047,0.00106,100,whatsapp
1013,271.65121,811.0,847.25,769.0,0.00642,0.00428,0.01605,1.57381,0.00106,100,whatsapp
1054,271.51956,809.0,860.0,767.0,0.00596,0.00499,0.01444,1.48595,0.0011,100,whatsapp
1018,269.06332,817.5,877.0,775.5,0.00677,0.00433,0.01878,1.15609,0.00319,100,whatsapp
1082,271.6217,814.0,881.0,772.0,0.00583,0.00497,0.01366,1.38479,0.00155,100,whatsapp
1066,239.19098,831.5,897.25,789.5,0.00535,0.00398,0.01415,1.25561,0.00229,100,whatsapp
1087,231.66702,821.5,904.0,779.5,0.00754,0.00538,0.02024,1.33238,0.0025,100,whatsapp
1064,249.75784,825.5,878.75,783.5,0.00675,0.00478,0.01576,1.46862,0.00153,100,whatsapp
1072,263.66839,809.5,858.0,767.5,0.00706,0.0048,0.02227,1.57956,0.00118,100,whatsapp
1050,274.61781,821.0,886.0,779.0,0.00611,0.00489,0.0149,1.512,0.00128,100,whatsapp
1036,316.63142,845.0,931.0,803.0,0.00701,0.00302,0.01724,1.70973,0.00095,100,whatsapp
1045,296.49277,831.5,894.75,789.5,0.00653,0.00457,0.01573,1.6485,0.00069,100,whatsapp
1072,311.3123,810.0,878.75,768.0,0.00668,0.00274,0.01492,1.6628,0.0011,100,whatsapp
1076,282.44338,793.0,894.75,751.0,0.00684,0.00632,0.01499,1.54067,0.00107,100,whatsapp
1062,280.94662,815.5,882.75,773.5,0.00588,0.00502,0.01482,1.42691,0.00098,100,whatsapp
1083,295.04058,846.0,954.0,804.0,0.007,0.0036,0.01675,1.67411,0.00076,100,whatsapp
1077,301.89924,827.0,980.0,785.0,0.00756,0.00458,0.01561,1.45684,0.00207,100,whatsapp
1022,265.23246,852.0,885.0,810.0,0.14779,0.00385,0.01944,8.01323,0.0003,100,whatsapp
1083,274.21397,830.5,983.0,788.5,0.00573,0.00481,0.01292,1.25881,0.00214,100,whatsapp
1084,246.31684,830.0,922.5,788.0,0.00632,0.00611,0.01712,1.37521,0.00112,100,whatsapp
1083,268.08104,840.5,946.25,798.5,0.00572,0.00493,0.01543,1.25636,0.00212,100,whatsapp
1071,284.05266,849.0,993.25,807.0,0.00664,0.00513,0.01867,1.38734,0.00212,100,whatsapp
1012,244.70876,875.0,919.0,833.0,0.00785,0.00488,0.01686,1.81587,0.00125,100,whatsapp
1061,282.397,849.5,909.0,807.5,0.00944,0.0046,0.0215,2.14025,0.0008,100,whatsapp
1087,276.11459,837.0,902.25,795.0,0.00573,0.00478,0.01306,1.35881,0.0016,100,whatsapp
1027,256.3209,830.0,882.0,788.0,0.00719,0.00445,0.0205,1.52059,0.00198,100,whatsapp
1077,255.90586,845.5,871.5,803.5,0.00667,0.00406,0.02244,1.49205,0.00164,100,whatsapp
1074,287.12005,824.0,992.25,782.0,0.00486,0.00446,0.0099,1.20594,0.00206,100,whatsapp
1073,326.60422,828.0,964.25,786.0,0.00613,0.00366,0.01062,1.48119,0.00214,100,whatsapp
1075,301.0191,831.5,887.25,789.5,0.00668,0.00513,0.0153,1.51322,0.00115,100,whatsapp
1067,285.75906,803.0,871.0,761.0,0.00529,0.00393,0.0118,1.35258,0.00193,100,whatsapp
1065,300.4896,804.0,845.0,762.0,0.00531,0.00316,0.01561,1.3515,0.00173,100,whatsapp
1031,272.98345,873.0,956.75,831.0,0.00598,0.00436,0.01643,1.40047,0.00178,100,whatsapp
1000,240.73356,820.0,837.0,778.0,0.007,0.00391,0.01553,1.55853,0.0018,100,whatsapp
1031,267.69258,808.0,862.0,766.0,0.00596,0.00431,0.01533,1.56081,0.00093,100,whatsapp
1068,302.15468,797.0,858.25,755.0,0.00682,0.00439,0.01594,1.72942,0.00054,100,whatsapp
1082,287.4433,824.0,895.0,782.0,0.00669,0.0031,0.01619,1.8171,0.00027,100,whatsapp
1079,307.00614,811.0,922.25,769.0,0.00641,0.0054,0.0179,1.58545,0.00089,100,whatsapp
1017,294.09996,797.0,841.0,755.0,0.00775,0.00463,0.0226,1.43364,0.00207,100,whatsapp
1017,289.07829,787.0,866.0,745.0,0.00714,0.00672,0.01518,1.43943,0.00099,100,whatsapp
949,342.72474,491.0,847.25,449.0,0.00643,0.00224,0.01601,2.14901,0.00015,100,whatsapp
1073,329.49754,816.0,914.25,774.0,0.00677,0.00529,0.01662,1.51711,0.00106,100,whatsapp
1026,332.25257,928.0,955.5,886.0,0.00714,0.00607,0.02057,1.45141,0.00116,100,whatsapp
1026,330.89499,900.0,941.0,858.0,0.00672,0.00705,0.01547,1.49243,0.00048,100,whatsapp
1016,326.86005,911.0,958.0,869.0,0.00685,0.00655,0.01748,1.40734,0.001,100,whatsapp
1018,364.78665,873.0,947.0,831.0,0.00582,0.00401,0.01415,1.38019,0.00203,100,whatsapp
1026,307.77603,802.5,918.0,760.5,0.00684,0.00432,0.0146,1.57696,0.00135,100,whatsapp
1027,283.79127,839.5,913.0,797.5,0.00649,0.0048,0.01647,1.38443,0.00186,100,whatsapp
1049,286.56482,766.0,865.0,724.0,0.24231,0.00398,0.01636,8.53024,0.00084,100,whatsapp
1087,296.67671,828.5,884.5,786.5,0.00425,0.00417,0.01035,1.02658,0.00247,100,whatsapp
1087,303.44603,806.5,891.0,764.5,0.00487,0.00361,0.01457,1.19208,0.00269,100,whatsapp
1080,311.92006,839.0,876.75,797.0,0.00387,0.00422,0.00758,0.98418,0.00308,100,whatsapp
1065,280.69291,820.5,838.5,778.5,0.00556,0.0042,0.0115,1.41753,0.00196,100,whatsapp
1073,267.44477,819.5,860.0,777.5,0.00473,0.0045,0.01017,1.14231,0.00235,100,whatsapp
1081,293.87511,857.5,971.25,815.5,0.00545,0.00409,0.01265,1.19455,0.00254,100,whatsapp
1021,262.42473,819.0,851.0,777.0,0.00544,0.00429,0.01219,1.27632,0.00214,100,whatsapp
1053,278.12269,831.0,889.75,789.0,0.00424,0.00358,0.01017,0.99913,0.00317,100,whatsapp
1080,243.49318,830.5,876.0,788.5,0.00467,0.00455,0.01184,1.04219,0.00283,100,whatsapp
1077,299.71126,832.0,919.75,790.0,0.00474,0.00442,0.01201,1.08861,0.00245,100,whatsapp
1079,305.45272,847.0,894.0,805.0,0.0046,0.00378,0.01167,1.12509,0.0025,100,whatsapp
1064,295.91678,847.0,901.5,805.0,0.00476,0.00436,0.01106,1.14449,0.00218,100,whatsapp
1071,305.53116,840.0,871.25,798.0,0.00516,0.00464,0.01269,1.26482,0.00207,100,whatsapp
1009,282.3253,856.0,886.25,814.0,0.00467,0.00345,0.0116,1.21767,0.00222,100,whatsapp
1019,272.89285,849.0,928.0,807.0,0.00544,0.00445,0.01112,1.2184,0.00224,100,whatsapp
1085,285.58486,841.0,892.0,799.0,0.00672,0.00518,0.016,1.47278,0.00146,100,whatsapp
1067,292.35582,811.0,872.0,769.0,0.00692,0.00356,0.01597,1.89186,9e-05,100,whatsapp
1086,316.99272,840.0,921.75,798.0,0.0059,0.00436,0.01413,1.38939,0.00195,100,whatsapp
1085,290.02933,824.0,851.0,782.0,0.00522,0.00362,0.01032,1.40674,0.00208,100,whatsapp
1033,292.74734,800.0,876.0,758.0,0.00576,0.00424,0.01361,1.38131,0.00213,100,whatsapp
1053,293.8719,854.0,896.5,812.0,0.00573,0.00418,0.0158,1.36314,0.00208,100,whatsapp
1030,270.34871,827.0,866.0,785.0,0.00659,0.00376,0.01489,1.656,0.00154,100,whatsapp
1082,296.14614,807.5,865.0,765.5,0.0052,0.00507,0.01323,1.25981,0.00159,100,whatsapp
1084,256.64697,801.5,875.0,759.5,0.00586,0.00515,0.01444,1.2533,0.00218,100,whatsapp
1077,316.12882,866.0,978.0,824.0,0.00582,0.00417,0.01547,1.49328,0.00118,100,whatsapp
1019,302.77305,868.0,932.0,826.0,0.00637,0.00485,0.01793,1.48803,0.00146,100,whatsapp
1078,264.79335,831.0,885.5,789.0,0.00671,0.00664,0.01584,1.55916,0.00018,100,whatsapp
1078,249.3841,846.0,870.75,804.0,0.00734,0.00621,0.01555,1.60089,0.00039,100,whatsapp
1050,276.07354,813.0,866.75,771.0,0.00702,0.00618,0.0161,1.64095,0.00021,100,whatsapp
1086,263.87531,819.0,865.0,777.0,0.0054,0.0062,0.01445,1.34885,0.0011,100,whatsapp
1073,293.75052,821.0,900.0,779.0,0.00577,0.00434,0.0151,1.50819,0.00109,100,whatsapp
1058,305.70954,813.0,859.0,771.0,0.00631,0.00357,0.01816,1.60587,0.00102,100,whatsapp
1026,278.07207,805.0,857.0,763.0,0.10025,0.00377,0.0134,7.16652,0.00214,100,whatsapp
1071,301.2495,792.5,866.0,750.5,0.00554,0.00323,0.01559,1.37712,0.00194,100,whatsapp
996,287.36128,807.0,860.25,765.0,0.00444,0.00469,0.00939,1.19102,0.00177,100,whatsapp
1037,283.83517,803.5,863.0,761.5,0.00461,0.00417,0.0103,1.2287,0.00212,100,whatsapp
1077,315.13638,796.0,905.0,754.0,0.00565,0.00398,0.01494,1.4436,0.00179,100,whatsapp
1085,282.83505,792.0,853.25,750.0,0.00487,0.00401,0.01292,1.16775,0.0023,100,whatsapp
1063,282.01119,817.0,844.0,775.0,0.00478,0.0052,0.01244,1.17295,0.00208,100,whatsapp
1076,329.58793,818.0,920.25,776.0,0.0054,0.00409,0.01558,1.29921,0.00212,100,whatsapp
1070,297.17892,819.5,883.25,777.5,0.00504,0.00383,0.01029,1.32351,0.00226,100,whatsapp
1083,299.51089,815.0,842.75,773.0,0.00528,0.00418,0.01329,1.39035,0.00127,100,whatsapp
1072,262.40323,813.0,875.5,771.0,0.00567,0.00427,0.01172,1.42607,0.0018,100,whatsapp
1027,293.06885,830.5,870.5,788.5,0.00473,0.00354,0.01095,1.18932,0.00246,100,whatsapp
991,296.98813,817.0,879.75,775.0,0.00469,0.00326,0.00909,1.22745,0.0022,100,whatsapp
1081,294.45643,812.0,885.75,770.0,0.00531,0.00467,0.01184,1.29189,0.00203,100,whatsapp
1083,289.66446,821.5,848.75,779.5,0.00556,0.00396,0.01485,1.33662,0.00222,100,whatsapp
1060,243.23057,813.5,844.0,771.5,0.00497,0.00464,0.01149,1.19702,0.00217,100,whatsapp
1082,318.76676,813.0,876.0,771.0,0.00461,0.00484,0.01078,1.23188,0.00189,100,whatsapp
1080,285.31751,831.0,857.0,789.0,0.00595,0.00478,0.01577,1.4115,0.0016,100,whatsapp
1068,298.51039,804.0,839.0,762.0,0.00477,0.00425,0.0118,1.31508,0.00182,100,whatsapp
1074,270.4991,832.5,879.25,790.5,0.00535,0.00325,0.01151,1.33021,0.00214,100,whatsapp
1058,257.59287,890.0,986.25,848.0,0.00893,0.00671,0.01929,1.78441,0.00014,100,whatsapp
1073,264.91973,867.0,963.5,825.0,0.00636,0.00485,0.015,1.38394,0.00213,100,whatsapp
1078,269.32342,830.0,856.0,788.0,0.00709,0.00362,0.01412,1.63326,0.00206,100,whatsapp
1039,281.99069,849.5,860.25,807.5,0.00524,0.00379,0.01326,1.36715,0.00175,100,whatsapp
1073,278.76816,836.5,883.0,794.5,0.00886,0.00427,0.01294,2.17411,0.00111,100,whatsapp
1076,296.31218,821.0,864.0,779.0,0.00541,0.0043,0.01524,1.35337,0.00169,100,whatsapp
1054,317.19781,849.0,892.75,807.0,0.00576,0.00485,0.00987,1.45524,0.00165,100,whatsapp
1026,279.05866,819.5,864.25,777.5,0.00648,0.0049,0.015,1.49471,0.00146,100,whatsapp
1073,256.42242,814.0,896.0,772.0,0.0054,0.0049,0.01298,1.29604,0.0017,100,whatsapp
1076,294.00674,805.5,958.25,763.5,0.00665,0.00536,0.01729,1.64483,0.00101,100,whatsapp
1081,328.08826,818.0,941.0,776.0,0.00613,0.00565,0.01479,1.40139,0.00118,100,whatsapp
1078,297.57866,794.5,869.75,752.5,0.00548,0.00454,0.015,1.48116,0.00095,100,whatsapp
1082,262.60781,839.5,863.0,797.5,0.00698,0.005,0.01777,1.59069,0.00018,100,whatsapp
1017,263.03492,834.5,869.25,792.5,0.0067,0.00442,0.01689,1.66739,0.00041,100,whatsapp
1022,311.60062,828.0,860.25,786.0,0.00722,0.00504,0.01426,1.81696,0.00064,100,whatsapp
1052,268.94368,840.0,858.0,798.0,0.09877,0.00374,0.01545,7.10827,0.0017,100,whatsapp
1083,286.54366,815.5,892.75,773.5,0.00501,0.00397,0.01149,1.25457,0.00217,100,whatsapp
1079,298.97285,873.0,977.25,831.0,0.00542,0.00501,0.01262,1.19517,0.00217,100,whatsapp
1068,238.33997,841.0,889.0,799.0,0.00483,0.00481,0.01145,1.08758,0.00233,100,whatsapp
1064,306.56057,868.0,959.0,826.0,0.00562,0.00512,0.01437,1.24307,0.00217,100,whatsapp
1073,263.31113,796.5,846.75,754.5,0.00508,0.0038,0.01252,1.21903,0.00222,100,whatsapp
1081,309.4295,794.0,868.25,752.0,0.00475,0.00401,0.01157,1.23218,0.00221,100,whatsapp
1077,303.68419,790.0,914.0,748.0,0.00511,0.00509,0.01353,1.20454,0.00163,100,whatsapp
1081,265.29939,847.0,890.0,805.0,0.00491,0.00514,0.01288,1.16606,0.00186,100,whatsapp
1080,283.58296,852.0,895.25,810.0,0.00511,0.00531,0.01039,1.11457,0.00241,100,whatsapp
1076,276.93239,791.5,851.0,749.5,0.00558,0.00526,0.01445,1.38606,0.00112,100,whatsapp
1083,335.89742,838.5,918.5,796.5,0.00527,0.00407,0.01298,1.27788,0.00212,100,whatsapp
1071,318.93986,842.0,933.25,800.0,0.00589,0.00523,0.01445,1.38724,0.00149,100,whatsapp
992,289.29417,809.5,884.5,767.5,0.00955,0.00797,0.02403,1.88321,0.0,100,whatsapp
1065,249.67313,861.5,934.0,819.5,0.0073,0.00338,0.0166,2.00557,0.00016,100,whatsapp
1006,289.54801,802.0,857.0,760.0,0.00627,0.00592,0.01605,1.46514,0.00062,100,whatsapp
985,275.34765,796.0,892.0,754.0,0.00493,0.00472,0.01046,1.55733,0.0005,100,whatsapp
1024,288.41832,825.5,887.0,783.5,0.00544,0.00415,0.0105,1.2858,0.00227,100,whatsapp
965,318.78017,875.5,915.0,833.5,0.00546,0.00522,0.01424,1.16215,0.00221,100,whatsapp
1021,289.23052,868.0,913.0,826.0,0.00682,0.00458,0.01533,1.38093,0.00194,100,whatsapp
1027,294.46823,868.0,923.0,826.0,0.00622,0.00644,0.01572,1.23886,0.00204,100,whatsapp
1025,313.18101,840.5,932.0,798.5,0.00448,0.00376,0.01184,1.0768,0.00259,100,whatsapp
1027,319.79294,806.0,888.25,764.0,0.00496,0.0044,0.01328,1.20933,0.00186,100,whatsapp
1061,293.95744,783.5,920.0,741.5,0.00549,0.00473,0.01334,1.17016,0.00268,100,whatsapp
1024,274.0867,755.5,905.5,713.5,0.00651,0.00706,0.01451,1.39329,0.00132,100,whatsapp
1009,301.1534,790.0,876.0,748.0,0.00464,0.00416,0.0121,1.29819,0.00176,100,whatsapp
1021,309.34911,836.5,919.75,794.5,0.00417,0.00363,0.00952,1.01776,0.00292,100,whatsapp
1077,310.14597,796.0,888.0,754.0,0.00562,0.0032,0.01534,1.3504,0.00219,100,whatsapp
1068,302.2017,827.0,946.25,785.0,0.00431,0.00423,0.01004,1.03777,0.00233,100,whatsapp
1061,298.15526,827.5,869.25,785.5,0.00461,0.00334,0.0091,1.16191,0.00292,100,whatsapp
1077,305.59703,814.0,898.0,772.0,0.00433,0.00398,0.00992,1.06453,0.00236,100,whatsapp
1069,362.1047,910.0,979.0,868.0,0.0041,0.00301,0.00785,1.21974,0.00213,100,whatsapp
1051,298.27187,811.5,942.0,769.5,0.00471,0.00281,0.00679,1.11345,0.00364,100,whatsapp
1087,296.48405,848.5,965.25,806.5,0.00742,0.00372,0.01713,1.77786,0.00014,100,whatsapp
1021,322.54522,819.5,949.0,777.5,0.00649,0.00524,0.01431,1.46211,0.00132,100,whatsapp
1066,350.45009,928.5,980.25,886.5,0.00592,0.00422,0.01402,1.40306,0.00208,100,whatsapp
1065,336.23981,838.5,966.0,796.5,0.00522,0.00393,0.01288,1.08043,0.00317,100,whatsapp
1068,364.13928,782.5,971.5,740.5,0.00543,0.0034,0.01265,1.14196,0.00349,100,whatsapp
1075,323.10519,849.0,974.0,807.0,0.00635,0.00357,0.01445,1.27103,0.00298,100,whatsapp
1054,308.70974,890.0,954.5,848.0,0.00791,0.00337,0.01616,1.42743,0.00319,100,whatsapp
1057,354.67671,873.5,954.0,831.5,0.00622,0.00384,0.01423,1.33987,0.0024,100,whatsapp
1047,331.21599,861.0,954.75,819.0,0.0062,0.00417,0.01472,1.1714,0.00324,100,whatsapp
1045,317.9285,870.0,933.0,828.0,0.00507,0.00425,0.01034,1.02413,0.00352,100,whatsapp
1045,294.31013,924.0,985.0,882.0,0.00651,0.00474,0.01651,1.32308,0.00216,100,whatsapp
1043,321.094,894.0,972.0,852.0,0.00582,0.00522,0.01439,1.24779,0.00195,100,whatsapp
1062,316.13102,931.0,1009.75,889.0,0.00573,0.00335,0.0123,1.23875,0.00302,100,whatsapp
1076,319.20796,906.0,1005.0,864.0,0.00723,0.0051,0.01842,1.53483,0.00138,100,whatsapp
1070,303.83641,908.0,973.0,866.0,0.00557,0.00385,0.01413,1.1527,0.00317,100,whatsapp
1062,291.06883,879.5,993.0,837.5,0.00494,0.00386,0.01242,1.21951,0.00244,100,whatsapp
1069,300.52096,923.0,996.0,881.0,0.00645,0.00393,0.01676,1.18603,0.00346,100,whatsapp
1060,321.6195,874.0,1021.0,832.0,0.00572,0.00471,0.01562,1.27731,0.00223,100,whatsapp
1055,322.06152,885.0,937.0,843.0,0.00573,0.00406,0.01477,1.33314,0.00203,100,whatsapp
1068,269.46819,898.0,1021.0,856.0,0.00656,0.00365,0.01521,1.37377,0.00274,100,whatsapp
1084,286.29215,941.0,974.0,899.0,0.00641,0.00419,0.01094,1.27808,0.00316,100,whatsapp
1079,281.35071,922.5,1006.0,880.5,0.00742,0.00348,0.00905,1.58467,0.00315,100,whatsapp
1072,273.00271,911.5,977.0,869.5,0.00933,0.00487,0.02428,1.53424,0.00214,100,whatsapp
1045,299.68578,929.5,986.0,887.5,0.00693,0.00416,0.01507,2.02145,0.00042,100,whatsapp
1084,272.4858,976.0,990.0,934.0,0.00496,0.00458,0.00993,1.23062,0.00196,100,whatsapp
1069,290.52237,902.0,936.0,860.0,0.00742,0.00614,0.01852,1.48071,0.00121,100,whatsapp
1072,283.49678,873.0,970.25,831.0,0.00636,0.00439,0.01241,1.42315,0.00194,100,whatsapp
1084,314.35583,909.0,975.5,867.0,0.00706,0.00441,0.01886,1.52087,0.0019,100,whatsapp
1080,336.70079,904.0,987.0,862.0,0.00671,0.00423,0.01714,1.63078,0.00112,100,whatsapp
1086,284.91912,944.0,1006.0,902.0,0.00661,0.0048,0.01619,1.37588,0.00211,100,whatsapp
1047,317.86169,899.0,925.0,857.0,0.00747,0.00365,0.01538,1.83519,0.00115,100,whatsapp
1072,301.92014,900.0,969.75,858.0,0.00715,0.00621,0.01597,1.51574,0.00106,100,whatsapp
1078,305.18077,900.0,972.0,858.0,0.00776,0.00509,0.01482,1.71301,0.00115,100,whatsapp
1083,279.91718,902.5,966.0,860.5,0.00706,0.00509,0.01608,1.63748,0.00109,100,whatsapp
1068,287.55486,936.0,983.0,894.0,0.008,0.00714,0.0191,1.56906,0.00071,100,whatsapp
1002,304.38435,913.0,968.5,871.0,0.0065,0.00559,0.01904,1.6064,0.0002,100,whatsapp
1003,282.88419,901.5,949.0,859.5,0.00555,0.00444,0.01482,1.33294,0.00196,100,whatsapp
1051,314.09906,901.0,958.0,859.0,0.00498,0.00335,0.01127,1.23617,0.00296,100,whatsapp
1059,284.42762,878.0,955.0,836.0,0.00668,0.00397,0.0158,1.45368,0.00235,100,whatsapp
971,260.61412,893.0,936.0,851.0,0.00642,0.00585,0.01424,1.41136,0.00136,100,whatsapp
1081,267.98455,882.0,937.0,840.0,0.00635,0.00479,0.018,1.40681,0.00174,100,whatsapp
1002,278.44468,897.0,946.0,855.0,0.00525,0.00442,0.01221,1.27183,0.00194,100,whatsapp
1009,276.80897,921.5,963.25,879.5,0.00595,0.00444,0.01762,1.40664,0.00186,100,whatsapp
991,291.04492,918.0,956.0,876.0,0.00606,0.00451,0.01597,1.32442,0.00223,100,whatsapp
1011,314.79301,893.0,948.0,851.0,0.00516,0.00433,0.01411,1.22214,0.00217,100,whatsapp
1078,282.71984,902.0,942.0,860.0,0.00668,0.00469,0.01593,1.53009,0.00169,100,whatsapp
1087,279.25881,919.0,969.5,877.0,0.0059,0.0038,0.01447,1.34274,0.00245,100,whatsapp
1014,289.2691,897.5,950.0,855.5,0.00628,0.00416,0.01597,1.5424,0.00157,100,whatsapp
1085,328.49544,906.0,1015.0,864.0,0.00592,0.00562,0.01491,1.34439,0.00131,100,whatsapp
1076,329.93679,875.0,940.0,833.0,0.00619,0.00437,0.01596,1.34467,0.0021,100,whatsapp
1062,267.1298,929.0,966.25,887.0,0.00607,0.00431,0.01579,1.34639,0.0021,100,whatsapp
1067,293.28991,933.0,983.25,891.0,0.00505,0.00404,0.00993,1.23165,0.00248,100,whatsapp
1077,250.07903,917.5,991.5,875.5,0.00677,0.00539,0.01607,1.42666,0.00187,100,whatsapp
1087,261.48473,931.0,969.0,889.0,0.00662,0.00475,0.01767,1.38228,0.0021,100,whatsapp
1043,280.28361,925.0,964.0,883.0,0.00709,0.0042,0.01542,1.53171,0.00209,100,whatsapp
1040,293.49306,893.5,960.0,851.5,0.00551,0.00438,0.01331,1.31337,0.00208,100,whatsapp
1058,251.83594,893.5,958.0,851.5,0.0092,0.00534,0.02809,1.67463,0.00134,100,whatsapp
1070,316.06959,927.0,995.75,885.0,0.00597,0.00312,0.00763,2.35731,0.00022,100,whatsapp
1004,277.04074,889.0,969.0,847.0,0.00836,0.00478,0.016,1.69269,0.00172,100,whatsapp
1039,287.88268,949.5,1011.0,907.5,0.00622,0.00539,0.01557,1.429,0.00131,100,whatsapp
1084,251.43281,899.0,990.0,857.0,0.00612,0.00438,0.01705,1.41563,0.00209,100,whatsapp
1059,249.14479,921.0,977.0,879.0,0.00975,0.00363,0.02614,1.97185,0.0021,100,whatsapp
1045,264.85049,950.0,980.25,908.0,0.00698,0.00488,0.01709,1.49318,0.00166,100,whatsapp
1021,251.40809,917.0,980.25,875.0,0.0063,0.00423,0.01753,1.41503,0.00215,100,whatsapp
1057,269.04792,894.0,964.0,852.0,0.00709,0.00458,0.01586,1.47882,0.00202,100,whatsapp
1084,291.37591,906.0,1000.0,864.0,0.00691,0.00538,0.0198,1.7175,0.0002,100,whatsapp
1080,285.12801,923.0,982.5,881.0,0.00747,0.00621,0.0169,1.84258,0.0001,100,whatsapp
1057,332.89674,892.0,998.0,850.0,0.00847,0.00364,0.02555,1.94543,0.00017,100,whatsapp
1079,297.23861,919.0,970.0,877.0,0.01407,0.00546,0.01696,2.54082,0.00025,100,whatsapp
1018,322.7535,929.0,985.0,887.0,0.00716,0.00355,0.01566,1.88109,0.00109,100,whatsapp
1062,280.59319,929.0,971.0,887.0,0.00916,0.00211,0.02861,2.23339,9e-05,100,whatsapp
1059,303.39596,881.0,941.0,839.0,0.00841,0.00322,0.01757,2.24276,0.00013,100,whatsapp
1055,368.00485,933.0,1002.25,891.0,0.00764,0.00505,0.02142,1.81071,0.00043,100,whatsapp
1035,300.2851,916.0,993.25,874.0,0.00835,0.00358,0.02482,1.99075,0.0001,100,whatsapp
1066,325.27182,905.0,987.75,863.0,0.00616,0.00491,0.01957,1.64588,0.00023,100,whatsapp
1028,308.70756,916.0,955.0,874.0,0.00788,0.00543,0.02088,1.99531,0.00015,100,whatsapp
1084,296.99535,941.0,966.0,899.0,0.00865,0.00251,0.02402,2.11897,0.00014,100,whatsapp
1072,304.27199,956.0,1013.0,914.0,0.01195,0.00131,0.04012,2.49328,6e-05,100,whatsapp
1061,275.4513,910.5,955.0,868.5,0.0108,0.00133,0.03602,2.64364,0.00011,100,whatsapp
1055,341.96589,926.0,978.0,884.0,0.00982,0.00232,0.02127,2.36205,0.00012,100,whatsapp
1002,272.639,921.0,951.0,879.0,0.00961,0.00412,0.02986,2.34159,0.00021,100,whatsapp
1069,263.82947,926.0,991.25,884.0,0.00792,0.00544,0.02025,1.84884,0.00072,100,whatsapp
1060,292.91763,930.0,1015.0,888.0,0.00634,0.00518,0.01588,1.44009,0.0014,100,whatsapp
1036,302.92043,906.0,968.0,864.0,0.00593,0.00339,0.01748,1.46902,0.00182,100,whatsapp
1053,318.44279,911.5,982.0,869.5,0.0053,0.00427,0.01157,1.28063,0.00205,100,whatsapp
1055,303.96464,939.5,1007.0,897.5,0.00555,0.00416,0.01108,1.38859,0.00211,100,whatsapp
1027,322.52209,923.5,1001.0,881.5,0.0057,0.00423,0.01415,1.4946,0.00127,100,whatsapp
1059,303.60426,913.0,965.0,871.0,0.00592,0.00418,0.01194,1.42796,0.00195,100,whatsapp
1047,298.62611,910.5,930.5,868.5,0.00632,0.00387,0.01514,1.45556,0.00204,100,whatsapp
1040,301.1192,938.0,964.0,896.0,0.00624,0.00405,0.01436,1.56276,0.00147,100,whatsapp
1052,249.79929,915.0,1010.0,873.0,0.00621,0.00478,0.01701,1.42667,0.00173,100,whatsapp
1021,299.29511,873.0,969.0,831.0,0.01002,0.00678,0.02141,1.72077,0.00105,100,whatsapp
1021,276.35439,872.0,930.0,830.0,0.0076,0.00494,0.02074,1.66237,0.00127,100,whatsapp
1084,285.75417,902.0,969.0,860.0,0.00652,0.00508,0.0177,1.6226,0.00101,100,whatsapp
1074,284.93234,883.5,965.0,841.5,0.00695,0.00513,0.01813,1.63706,0.00108,100,whatsapp
1082,281.49772,932.0,972.0,890.0,0.00796,0.00644,0.02386,1.75593,0.00022,100,whatsapp
1077,283.64487,962.0,1026.0,920.0,0.00707,0.00507,0.01571,1.76246,0.0008,100,whatsapp
1079,302.41893,923.0,1010.0,881.0,0.00651,0.00426,0.01712,1.58481,0.00133,100,whatsapp
1014,278.68174,945.5,969.0,903.5,0.00794,0.0042,0.01811,1.91292,0.00105,100,whatsapp
1071,316.80297,905.0,993.0,863.0,0.00712,0.00399,0.0206,1.77085,0.00113,100,whatsapp
1083,316.70674,889.0,980.0,847.0,0.00776,0.00336,0.01234,1.83058,0.00208,100,whatsapp
1043,286.87209,926.0,992.0,884.0,0.00793,0.00367,0.01617,1.97095,0.00017,100,whatsapp
1071,316.04761,929.5,964.5,887.5,0.00753,0.0047,0.01797,1.78072,0.00023,100,whatsapp
1051,274.14841,921.0,954.0,879.0,0.00648,0.00397,0.01731,1.69812,0.00064,100,whatsapp
1031,291.786,936.0,976.0,894.0,0.00767,0.00526,0.01616,1.77146,0.00025,100,whatsapp
1079,328.17772,951.0,1017.5,909.0,0.00599,0.00475,0.01334,1.56746,0.00132,100,whatsapp
1085,245.4593,911.0,987.5,869.0,0.00758,0.00603,0.01692,1.59611,0.00109,100,whatsapp
1084,299.49958,941.0,1014.0,899.0,0.00705,0.00533,0.01708,1.6292,0.00107,100,whatsapp
1080,300.16857,910.5,981.0,868.5,0.00652,0.00516,0.01537,1.61393,0.00111,100,whatsapp
1080,299.38408,957.0,1019.25,915.0,0.00741,0.00551,0.02297,1.63689,0.00107,100,whatsapp
1085,280.40894,927.0,1016.0,885.0,0.00673,0.00391,0.01786,1.64237,0.00118,100,whatsapp
1001,306.84437,899.0,966.0,857.0,0.00635,0.00394,0.01664,1.54386,0.00168,100,whatsapp
1083,316.45945,955.0,988.75,913.0,0.00596,0.00458,0.01638,1.37424,0.00174,100,whatsapp
1076,279.98384,896.0,995.0,854.0,0.00583,0.00492,0.01447,1.37959,0.00133,100,whatsapp
1022,274.81299,916.0,972.0,874.0,0.00605,0.005,0.01623,1.48728,0.00157,100,whatsapp
1018,299.44441,962.0,995.25,920.0,0.00683,0.00313,0.01647,1.71347,0.00114,100,whatsapp
1053,289.57355,923.0,1000.0,881.0,0.00668,0.00495,0.01959,1.50569,0.00153,100,whatsapp
1024,313.9956,930.0,1004.75,888.0,0.00574,0.00459,0.01272,1.43129,0.00166,100,whatsapp
1037,335.24772,948.0,979.0,906.0,0.00498,0.00509,0.01256,1.31996,0.00118,100,whatsapp
1047,306.56057,907.5,982.0,865.5,0.00547,0.00519,0.0147,1.45407,0.00114,100,whatsapp
1038,301.79674,909.0,958.75,867.0,0.0058,0.00492,0.01353,1.43012,0.00139,100,whatsapp
1065,285.38168,913.0,956.0,871.0,0.00567,0.00484,0.01548,1.40224,0.00122,100,whatsapp
1063,319.4964,886.0,957.5,844.0,0.00549,0.00407,0.01376,1.45413,0.0017,100,whatsapp
1021,319.2989,886.0,967.25,844.0,0.00641,0.00433,0.01691,1.67012,0.00102,100,whatsapp
1076,295.16292,958.0,999.25,916.0,0.0063,0.00574,0.01681,1.5055,0.00092,100,whatsapp
1046,285.1863,921.0,1005.25,879.0,0.00576,0.00474,0.01348,1.52611,0.00104,100,whatsapp
1084,295.39119,908.0,978.0,866.0,0.00651,0.00533,0.01224,1.44144,0.00164,100,whatsapp
1067,293.78082,947.5,986.0,905.5,0.00986,0.00339,0.01715,2.44483,0.00011,100,whatsapp
1062,321.43123,959.0,980.0,917.0,0.00762,0.00442,0.01924,1.79578,0.00105,100,whatsapp
995,294.148,925.0,949.0,883.0,0.00926,0.00458,0.01675,2.16276,8e-05,100,whatsapp
1027,329.03858,923.0,992.0,881.0,0.00576,0.00542,0.01558,1.5578,0.00026,100,whatsapp
1039,337.44082,892.0,986.0,850.0,0.00832,0.00322,0.01779,1.94857,0.00015,100,whatsapp
1035,311.05484,879.0,980.0,837.0,0.00715,0.00433,0.01819,1.80933,0.00014,100,whatsapp
1052,334.9117,931.0,966.0,889.0,0.00736,0.00357,0.0187,1.88699,0.00017,100,whatsapp
1053,268.805,902.0,967.75,860.0,0.00831,0.0032,0.01683,2.07532,0.00019,100,whatsapp
1082,293.88371,961.0,997.0,919.0,0.00842,0.00526,0.02471,1.91035,0.0002,100,whatsapp
1071,256.87511,908.0,966.0,866.0,0.01104,0.00319,0.01618,2.65696,0.00025,100,whatsapp
1074,327.69291,874.0,952.0,832.0,0.00832,0.00417,0.02497,1.93594,0.00022,100,whatsapp
1035,327.33403,952.0,974.5,910.0,0.00795,0.00356,0.01727,2.05223,0.00021,100,whatsapp
1075,294.79954,915.0,927.0,873.0,0.0072,0.0062,0.01744,1.78476,0.00016,100,whatsapp
1017,291.26563,935.0,999.0,893.0,0.0061,0.00472,0.01692,1.54149,0.00083,100,whatsapp
1061,311.41957,929.0,988.5,887.0,0.00665,0.0047,0.01656,1.67261,0.00101,100,whatsapp
1086,320.43444,889.0,1005.0,847.0,0.00642,0.00405,0.01603,1.55445,0.00164,100,whatsapp
1085,286.16458,934.0,989.0,892.0,0.00608,0.00413,0.01769,1.45516,0.00211,100,whatsapp
1029,339.92914,884.0,989.5,842.0,0.00573,0.00422,0.01623,1.58036,0.00091,100,whatsapp
1062,335.97909,879.5,953.0,837.5,0.00625,0.00367,0.01139,1.74711,0.00132,100,whatsapp
1045,327.59157,897.0,985.25,855.0,0.00616,0.00594,0.01528,1.48144,0.001,100,whatsapp
1079,322.38637,887.5,923.0,845.5,0.00627,0.00356,0.01504,1.67314,0.00107,100,whatsapp
1077,304.80463,925.0,999.0,883.0,0.00718,0.00462,0.01937,1.77766,0.00105,100,whatsapp
1012,334.65291,960.5,986.25,918.5,0.00593,0.00521,0.01751,1.45355,0.00108,100,whatsapp
1075,329.12862,945.0,1022.0,903.0,0.00651,0.00335,0.01684,1.55595,0.00195,100,whatsapp
1075,308.13794,901.5,985.5,859.5,0.00551,0.00595,0.0143,1.3871,0.00058,100,whatsapp
1074,325.45735,954.0,1000.5,912.0,0.00541,0.00474,0.01303,1.37973,0.0015,100,whatsapp
1079,329.91543,937.0,970.5,895.0,0.0062,0.00284,0.01838,1.56594,0.00207,100,whatsapp
1065,298.73561,907.5,948.0,865.5,0.00611,0.00458,0.01754,1.54829,0.00105,100,whatsapp
1082,322.02107,922.5,973.0,880.5,0.00557,0.00457,0.01395,1.3073,0.00204,100,whatsapp
1087,286.42085,894.0,1018.0,852.0,0.00755,0.00462,0.01957,1.85715,0.00069,100,whatsapp
1080,308.32604,912.0,1011.0,870.0,0.00607,0.00526,0.01727,1.41257,0.00129,100,whatsapp
1045,292.24436,932.0,989.25,890.0,0.00674,0.00439,0.01848,1.65015,0.00136,100,whatsapp
1070,302.66369,883.5,970.0,841.5,0.00698,0.00411,0.01799,1.59485,0.00144,100,whatsapp
1075,334.65667,875.5,927.0,833.5,0.00715,0.00465,0.02229,1.52687,0.00121,100,whatsapp
1075,258.35638,908.0,998.0,866.0,0.00506,0.00475,0.00991,1.2535,0.00218,100,whatsapp
1083,299.06549,919.0,997.75,877.0,0.00691,0.00533,0.01695,1.53117,0.00105,100,whatsapp
1086,308.11654,891.0,997.0,849.0,0.00674,0.00533,0.01792,1.47458,0.00117,100,whatsapp
1062,306.58672,809.0,933.0,767.0,0.00945,0.00881,0.0255,1.38445,0.00232,100,whatsapp
1062,321.65869,923.0,989.0,881.0,0.00758,0.00255,0.01988,2.00307,0.00084,100,whatsapp
1084,315.67126,935.0,974.25,893.0,0.00864,0.00314,0.01988,1.82431,0.0017,100,whatsapp
1083,303.19563,932.0,1003.0,890.0,0.00919,0.00326,0.02905,1.88376,0.00142,100,whatsapp
1049,316.48567,910.5,1003.0,868.5,0.00943,0.00493,0.02221,1.62794,0.00219,100,whatsapp
1058,319.09493,889.0,968.25,847.0,0.00827,0.00357,0.01992,2.04531,0.0007,100,whatsapp
1067,311.13283,918.0,979.0,876.0,0.0064,0.00417,0.01646,1.74259,0.0003,100,whatsapp
1087,318.97897,867.5,986.0,825.5,0.00684,0.00478,0.01443,1.63041,0.00068,100,whatsapp
1085,342.57196,896.0,975.0,854.0,0.00862,0.00384,0.02667,1.6605,0.00141,100,whatsapp
1072,322.00255,861.5,925.0,819.5,0.00853,0.00277,0.02414,2.03503,0.00056,100,whatsapp
1084,291.10592,909.5,987.0,867.5,0.00872,0.00411,0.02056,2.14668,0.00025,100,whatsapp
1087,317.90833,890.0,966.0,848.0,0.01013,0.00455,0.02604,2.16175,0.00016,100,whatsapp
1071,339.45373,941.0,986.0,899.0,0.00974,0.00412,0.02522,2.13096,0.00039,100,whatsapp
1081,315.53018,895.5,1012.0,853.5,0.00879,0.00586,0.02373,1.68192,0.00109,100,whatsapp
1047,333.39563,893.0,987.25,851.0,0.00752,0.00313,0.02042,1.78276,0.00103,100,whatsapp
1069,313.97025,998.0,1009.0,956.0,0.00741,0.00524,0.01992,1.60875,0.0012,100,whatsapp
1028,328.59262,884.0,992.0,842.0,0.00763,0.00521,0.02279,1.68509,0.00115,100,whatsapp
1059,306.21415,921.5,1003.5,879.5,0.00879,0.00475,0.03061,1.8081,0.00078,100,whatsapp
1039,297.22697,893.5,954.75,851.5,0.00795,0.00413,0.01848,1.63958,0.00198,100,whatsapp
1084,299.7967,901.0,967.0,859.0,0.00696,0.00401,0.01849,1.58284,0.00134,100,whatsapp
1073,296.46054,925.0,1018.0,883.0,0.00764,0.00435,0.01583,1.79777,0.00099,100,whatsapp
1077,320.2552,942.0,985.0,900.0,0.00765,0.00578,0.01974,1.51344,0.00124,100,whatsapp
1082,304.06759,895.5,941.75,853.5,0.0078,0.007,0.02249,1.62656,0.00045,100,whatsapp
1072,297.99232,914.0,987.25,872.0,0.0072,0.00488,0.02011,1.5439,0.00114,100,whatsapp
1071,276.87522,893.0,993.5,851.0,0.00608,0.00397,0.01704,1.4537,0.00136,100,whatsapp
1071,306.82827,914.0,1012.0,872.0,0.00811,0.00509,0.01763,1.71138,0.00107,100,whatsapp
1056,330.74,908.0,950.25,866.0,0.0074,0.00507,0.02496,1.58021,0.00127,100,whatsapp
1065,299.59107,883.5,961.0,841.5,0.00991,0.00493,0.02968,1.9069,0.0008,100,whatsapp
1065,301.61009,945.0,1019.0,903.0,0.00633,0.00523,0.01568,1.52837,0.00111,100,whatsapp
1065,302.2792,889.0,929.0,847.0,0.00934,0.00252,0.02775,2.02073,0.00137,100,whatsapp
1057,291.33444,956.0,995.0,914.0,0.00889,0.00472,0.02676,1.74029,0.00172,100,whatsapp
1062,312.81496,920.0,961.0,878.0,0.00717,0.00569,0.0185,1.43425,0.00209,100,whatsapp
1028,281.55293,885.0,971.75,843.0,0.01026,0.00783,0.027,1.5521,0.00133,100,whatsapp
1085,286.13848,943.0,1006.25,901.0,0.00523,0.00215,0.00833,2.06851,0.00022,100,whatsapp
1084,336.84131,921.0,969.25,879.0,0.00824,0.00352,0.01955,1.78569,0.00104,100,whatsapp
1041,316.05762,913.0,944.0,871.0,0.00844,0.00506,0.02388,1.75453,0.00118,100,whatsapp
1072,331.47929,907.0,988.0,865.0,0.0079,0.00546,0.01986,1.69123,0.0011,100,whatsapp
1062,287.81839,926.0,1013.5,884.0,0.00774,0.00457,0.01741,1.92134,0.00064,100,whatsapp
1077,289.67899,888.0,975.0,846.0,0.00791,0.00495,0.01976,1.83824,0.00077,100,whatsapp
1020,325.05852,897.0,991.75,855.0,0.00972,0.00486,0.02808,1.84716,0.00108,100,whatsapp
1038,297.3086,870.5,977.0,828.5,0.00841,0.00211,0.02512,1.9538,0.00132,100,whatsapp
1057,246.76723,922.0,1011.0,880.0,0.00928,0.00444,0.02415,1.96492,0.00101,100,whatsapp
1084,252.19305,920.0,1013.0,878.0,0.00754,0.00368,0.02091,1.86081,0.00102,100,whatsapp
1084,286.98892,907.0,950.0,865.0,0.00879,0.00402,0.02382,1.93924,0.00094,100,whatsapp
1047,296.26332,961.0,987.25,919.0,0.00762,0.00483,0.01837,1.59744,0.0014,100,whatsapp
1084,316.44381,919.0,986.0,877.0,0.00649,0.00537,0.01516,1.38828,0.00134,100,whatsapp
1065,307.11273,944.0,999.0,902.0,0.0079,0.00271,0.02548,1.951,0.00103,100,whatsapp
999,305.34908,874.0,965.25,832.0,0.0072,0.00233,0.01375,2.03627,0.00114,100,whatsapp
1029,327.74861,920.0,1001.25,878.0,0.00832,0.00635,0.02439,1.70416,0.00032,100,whatsapp
1078,318.3762,918.0,968.25,876.0,0.00701,0.00497,0.01707,1.46428,0.00154,100,whatsapp
1062,327.62999,898.0,1012.75,856.0,0.00761,0.00505,0.01576,1.72943,0.00122,100,whatsapp
1085,265.3356,904.0,971.0,862.0,0.00803,0.00285,0.01916,1.87963,0.00191,100,whatsapp
1076,266.17256,912.0,985.0,870.0,0.00751,0.00536,0.0177,1.62737,0.00128,100,whatsapp
1024,282.10493,856.0,975.5,814.0,0.00758,0.00441,0.01906,1.46467,0.00214,100,whatsapp
1086,291.40629,907.0,979.5,865.0,0.00813,0.00522,0.02111,1.65717,0.0011,100,whatsapp
1086,291.0425,972.0,995.0,930.0,0.00801,0.00443,0.01703,1.75734,0.00149,100,whatsapp
1071,292.78487,931.0,992.0,889.0,0.00725,0.00461,0.01781,1.7249,0.0009,100,whatsapp
1065,302.84785,934.0,1017.0,892.0,0.00864,0.0059,0.0272,1.59587,0.0011,100,whatsapp
1050,303.44798,923.0,973.75,881.0,0.0072,0.00611,0.01572,1.51428,0.0013,100,whatsapp
1083,324.43394,867.0,1014.0,825.0,0.00786,0.00476,0.02146,1.74394,0.00084,100,whatsapp
1056,309.07002,903.0,979.0,861.0,0.00668,0.0043,0.01758,1.64198,0.00146,100,whatsapp
1057,292.04992,858.5,968.0,816.5,0.00781,0.00421,0.02115,1.68974,0.00124,100,whatsapp
1083,316.10873,889.0,943.0,847.0,0.00766,0.00534,0.01834,1.61901,0.00106,100,whatsapp
1079,288.11569,889.0,977.5,847.0,0.00912,0.00325,0.02889,1.87729,0.00104,100,whatsapp
1084,257.18151,936.0,1014.0,894.0,0.00766,0.00347,0.02,1.83235,0.001,100,whatsapp
1044,311.00374,916.0,992.25,874.0,0.00998,0.00779,0.02948,1.52196,0.00104,100,whatsapp
1076,289.80437,920.0,976.0,878.0,0.00603,0.00265,0.00851,2.23136,0.00022,100,whatsapp
1074,314.49777,939.5,1022.25,897.5,0.00736,0.00366,0.02134,1.76979,0.001,100,whatsapp
1076,256.88887,938.0,970.0,896.0,0.00842,0.00569,0.0253,1.60432,0.00107,100,whatsapp
1042,262.19987,894.0,983.0,852.0,0.00838,0.0043,0.01716,1.83934,0.00106,100,whatsapp
1067,226.09529,894.5,964.25,852.5,0.01069,0.0034,0.03083,2.1173,0.00098,100,whatsapp
1086,283.65295,933.0,999.5,891.0,0.00928,0.0047,0.02696,1.81805,0.00119,100,whatsapp
1045,320.7647,898.5,981.0,856.5,0.00729,0.00492,0.02157,1.54722,0.00133,100,whatsapp
1056,283.37609,934.0,1001.0,892.0,0.00916,0.00436,0.03182,1.95342,0.00103,100,whatsapp
1058,252.66938,927.0,1018.0,885.0,0.00962,0.00254,0.02904,2.02268,0.00116,100,whatsapp
1030,308.12221,901.0,930.0,859.0,0.00758,0.00685,0.02029,1.53448,0.00093,100,whatsapp
1079,263.93653,907.0,953.0,865.0,0.00793,0.00502,0.02064,1.70555,0.0011,100,whatsapp
1081,279.36794,916.0,1023.0,874.0,0.00801,0.00508,0.01595,1.95565,0.00031,100,whatsapp
1073,311.2981,910.0,989.0,868.0,0.00799,0.00309,0.02081,1.82689,0.00148,100,whatsapp
1030,273.13706,914.0,980.0,872.0,0.00747,0.00479,0.01737,1.53772,0.00111,100,whatsapp
1082,298.64199,939.0,980.0,897.0,0.00864,0.00498,0.02592,1.68852,0.00109,100,whatsapp
1077,286.47769,896.0,973.0,854.0,0.0072,0.00497,0.01958,1.64082,0.00084,100,whatsapp
1086,306.42234,949.0,994.0,907.0,0.00788,0.00549,0.01964,1.85089,0.00052,100,whatsapp
1060,299.77755,873.5,1004.0,831.5,0.00722,0.00516,0.01545,1.70876,0.00094,100,whatsapp
1070,309.9011,919.0,958.0,877.0,0.00716,0.00306,0.0208,1.53639,0.00208,100,whatsapp
1074,302.0215,862.0,928.0,820.0,0.00847,0.00358,0.02335,1.85604,0.00092,100,whatsapp
1066,306.03844,948.0,1003.5,906.0,0.00754,0.00353,0.02182,1.68928,0.00151,100,whatsapp
1085,245.83923,948.0,1036.0,906.0,0.00932,0.00508,0.02239,1.79484,0.00106,100,whatsapp
1084,286.91523,901.0,975.0,859.0,0.00767,0.0044,0.02075,1.5837,0.00139,100,whatsapp
1060,255.27602,913.0,970.75,871.0,0.00834,0.00491,0.02493,1.7946,0.00112,100,whatsapp
1070,265.96845,886.5,962.0,844.5,0.00642,0.00472,0.01559,1.56149,0.00105,100,whatsapp
1086,284.21355,916.0,948.0,874.0,0.00735,0.00283,0.01832,1.86637,0.00113,100,whatsapp
1082,309.87007,894.0,968.0,852.0,0.0075,0.00559,0.01912,1.57532,0.00133,100,whatsapp
1061,319.2405,931.0,973.0,889.0,0.00796,0.00559,0.02185,1.69954,0.00082,100,whatsapp
1061,289.65929,915.0,993.5,873.0,0.00793,0.00496,0.0221,1.5062,0.00212,100,whatsapp
1063,293.96668,935.0,969.0,893.0,0.00803,0.00362,0.0219,1.94534,0.00092,100,whatsapp
1072,302.59896,922.0,961.0,880.0,0.00758,0.00449,0.02244,1.66455,0.00104,100,whatsapp
1044,335.89979,861.0,967.0,819.0,0.00624,0.00558,0.01693,1.51717,0.00098,100,whatsapp
1047,292.93011,955.0,977.0,913.0,0.01057,0.00676,0.03023,1.83602,0.00033,100,whatsapp
1076,299.80138,839.0,1032.0,797.0,0.00847,0.00335,0.02051,1.91933,0.00109,100,whatsapp
1060,313.07241,933.0,984.5,891.0,0.00796,0.00489,0.0134,1.88571,0.00104,100,whatsapp
1025,316.09771,951.5,1005.0,909.5,0.00761,0.00407,0.01236,1.8964,0.00104,100,whatsapp
1064,320.9939,946.5,1010.5,904.5,0.00946,0.00488,0.02092,1.93244,0.00109,100,whatsapp
1055,317.44202,935.0,1005.25,893.0,0.00825,0.00388,0.02467,1.72169,0.00144,100,whatsapp
1046,282.83868,936.5,1011.0,894.5,0.0087,0.00373,0.02128,1.95428,0.00067,100,whatsapp
1084,254.1252,914.0,984.0,872.0,0.00972,0.00441,0.02571,1.96508,0.00113,100,whatsapp
1058,302.37403,837.0,986.0,795.0,0.00896,0.00258,0.02483,2.00543,0.00109,100,whatsapp
1042,302.30521,913.0,945.0,871.0,0.00786,0.00504,0.01796,1.60201,0.00118,100,whatsapp
1034,276.62991,947.0,973.0,905.0,0.01023,0.00397,0.02458,2.22741,0.00017,100,whatsapp
1077,279.50175,929.0,1005.25,887.0,0.00762,0.00415,0.02094,1.6753,0.00137,100,whatsapp
1075,303.15138,896.5,996.0,854.5,0.00684,0.00317,0.01283,1.79921,0.00136,100,whatsapp
1083,320.85696,922.5,1010.0,880.5,0.00773,0.00394,0.02087,1.80513,0.00119,100,whatsapp
1017,285.84051,888.0,965.75,846.0,0.00618,0.0044,0.01494,1.52824,0.00129,100,whatsapp
1069,286.97087,944.5,1009.0,902.5,0.00764,0.00402,0.01824,1.81254,0.00121,100,whatsapp
1084,286.11856,947.0,1010.25,905.0,0.00699,0.00449,0.02103,1.71765,0.00103,100,whatsapp
1059,266.08075,921.0,988.25,879.0,0.00763,0.00515,0.01749,1.69509,0.00116,100,whatsapp
1036,276.09583,904.0,984.5,862.0,0.00556,0.00547,0.01521,1.35688,0.00126,100,whatsapp
1077,273.82793,906.5,929.0,864.5,0.00909,0.00392,0.01925,2.16017,0.00036,100,whatsapp
1074,258.71795,931.5,992.0,889.5,0.00807,0.00454,0.01745,2.02491,0.00069,100,whatsapp
1071,305.37414,952.0,992.75,910.0,0.00632,0.00393,0.01989,1.61897,0.00077,100,whatsapp
1070,297.13283,918.0,982.25,876.0,0.00804,0.00335,0.01638,1.73705,0.00203,100,whatsapp
1067,298.39598,913.5,978.25,871.5,0.00715,0.00397,0.01724,1.82273,0.00088,100,whatsapp
1075,280.17343,897.0,963.0,855.0,0.00697,0.00513,0.01998,1.66553,0.00088,100,whatsapp
1072,318.26107,924.0,993.75,882.0,0.00656,0.0058,0.01509,1.64013,0.00065,100,whatsapp
1050,264.33783,888.0,964.0,846.0,0.00676,0.00479,0.01654,1.66492,0.00123,100,whatsapp
1050,275.06391,924.0,991.0,882.0,0.00705,0.00351,0.01959,1.51324,0.00208,100,whatsapp
1020,292.47234,911.0,951.0,869.0,0.00703,0.00449,0.01265,1.72735,0.00098,100,whatsapp
1026,279.44642,928.5,952.25,886.5,0.00682,0.00445,0.01523,1.67989,0.00117,100,whatsapp
1061,257.44461,924.0,968.0,882.0,0.00712,0.00435,0.015,1.78893,0.00072,100,whatsapp
1034,268.75253,932.0,978.0,890.0,0.0063,0.00452,0.01784,1.40207,0.00208,100,whatsapp
1069,289.64179,900.0,987.0,858.0,0.0079,0.00307,0.01669,1.92584,0.00117,100,whatsapp
1051,293.27826,901.0,924.0,859.0,0.00657,0.00401,0.01917,1.72153,0.00124,100,whatsapp
1083,288.9142,930.0,963.0,888.0,0.00671,0.00421,0.0186,1.68598,0.00018,100,whatsapp
1083,271.80423,931.5,969.0,889.5,0.00704,0.00548,0.01615,1.68301,0.00094,100,whatsapp
1081,329.21332,992.0,1027.0,950.0,0.00644,0.00447,0.01574,1.94964,0.00016,100,whatsapp
1079,303.13083,839.0,961.0,797.0,0.01096,0.01369,0.03129,1.68702,0.0,100,whatsapp
1070,285.9335,930.0,995.0,888.0,0.00529,0.00137,0.0135,2.24159,8e-05,100,whatsapp
1049,288.77094,893.0,944.0,851.0,0.00737,0.005,0.014,1.91638,0.00027,100,whatsapp
1075,303.56681,944.0,979.0,902.0,0.00632,0.00517,0.0169,1.57527,0.001,100,whatsapp
1044,292.74707,967.5,1011.0,925.5,0.00728,0.00401,0.01395,1.79285,0.00119,100,whatsapp
1067,321.63061,927.0,988.0,885.0,0.00739,0.00299,0.02008,1.70291,0.00134,100,whatsapp
1070,294.16212,920.0,999.0,878.0,0.00684,0.00352,0.01652,1.61459,0.00141,100,whatsapp
1059,261.50554,918.0,953.0,876.0,0.00829,0.00456,0.02348,1.85651,0.0007,100,whatsapp
1043,293.76908,934.0,982.5,892.0,0.00759,0.00336,0.02331,1.84146,0.00136,100,whatsapp
1064,285.88843,913.0,976.0,871.0,0.00667,0.00454,0.0169,1.64004,0.0013,100,whatsapp
1050,272.92615,943.0,983.25,901.0,0.0079,0.00242,0.02244,1.9615,0.00118,100,whatsapp
1041,317.91817,932.0,1000.0,890.0,0.00805,0.00399,0.02043,1.79788,0.00109,100,whatsapp
